Country Name,Country Code,Series Name,Series Code,1960 [YR1960],1961 [YR1961],1962 [YR1962],1963 [YR1963],1964 [YR1964],1965 [YR1965],1966 [YR1966],1967 [YR1967],1968 [YR1968],1969 [YR1969],1970 [YR1970],1971 [YR1971],1972 [YR1972],1973 [YR1973],1974 [YR1974],1975 [YR1975],1976 [YR1976],1977 [YR1977],1978 [YR1978],1979 [YR1979],1980 [YR1980],1981 [YR1981],1982 [YR1982],1983 [YR1983],1984 [YR1984],1985 [YR1985],1986 [YR1986],1987 [YR1987],1988 [YR1988],1989 [YR1989],1990 [YR1990],1991 [YR1991],1992 [YR1992],1993 [YR1993],1994 [YR1994],1995 [YR1995],1996 [YR1996],1997 [YR1997],1998 [YR1998],1999 [YR1999],2000 [YR2000],2001 [YR2001],2002 [YR2002],2003 [YR2003],2004 [YR2004],2005 [YR2005],2006 [YR2006],2007 [YR2007],2008 [YR2008],2009 [YR2009],2010 [YR2010],2011 [YR2011],2012 [YR2012],2013 [YR2013],2014 [YR2014],2015 [YR2015],2016 [YR2016],2017 [YR2017],2018 [YR2018],2019 [YR2019],2020 [YR2020],2021 [YR2021],2022 [YR2022],2023 [YR2023]
Afghanistan,AFG,"Death rate, crude (per 1,000 people)",SP.DYN.CDRT.IN,31.921,31.349,30.845,30.359,29.867,29.389,28.872,28.396,27.895,27.398,26.875,26.364,25.845,25.297,24.773,24.241,23.718,23.179,23.875,24.797,24.209,23.611,25.622,25.107,30.03,29.661,23.705,23.285,19.945,19.047,18.449,17.946,17.222,14.838,14.689,14.092,13.627,13.334,13.565,12.463,12.096,11.713,11.28,10.698,10.277,9.941,9.679,9.359,8.832,8.535,8.254,7.931,7.711,7.478,7.395,7.331,7.077,7.027,6.981,6.791,7.113,7.344,6.906,..
Afghanistan,AFG,Number of deaths ages 10-14 years,SH.DTH.1014,..,..,..,..,..,..,..,..,..,..,..,..,..,..,..,..,..,..,..,..,..,..,..,..,..,..,..,..,..,..,2254,1991,1873,2061,2119,2124,2072,2041,2742,2067,2116,2058,2102,2327,2500,2659,2904,3155,3361,3523,3564,3502,3383,3224,3072,3002,3013,3112,3278,3512,3816,4169,4505,..
Afghanistan,AFG,Number of deaths ages 15-19 years,SH.DTH.1519,..,..,..,..,..,..,..,..,..,..,..,..,..,..,..,..,..,..,..,..,..,..,..,..,..,..,..,..,..,..,4588,4166,4028,4489,4672,4671,4477,4263,4061,3868,3726,3422,3309,3472,3528,3555,3744,4001,4254,4858,5570,6409,7478,8577,9672,10640,11246,11627,11876,11929,12038,12087,12039,..
Afghanistan,AFG,Number of deaths ages 20-24 years,SH.DTH.2024,..,..,..,..,..,..,..,..,..,..,..,..,..,..,..,..,..,..,..,..,..,..,..,..,..,..,..,..,..,..,6712,6103,5892,6563,6841,6844,6560,6230,5912,5615,5360,4824,4562,4661,4601,4506,4685,4901,4850,5474,6125,6867,8063,9215,10377,11566,12291,12872,13378,13717,14144,14559,14685,..
Afghanistan,AFG,Number of deaths ages 5-9 years,SH.DTH.0509,..,..,..,..,..,..,..,..,..,..,..,..,..,..,..,..,..,..,..,..,..,..,..,..,..,..,..,..,..,..,3546,3155,3012,3356,3506,3563,3499,3461,4516,3499,3568,3449,3491,3819,4037,4219,4520,4834,5068,5218,5191,5029,4799,4499,4209,4065,4026,4112,4356,4743,5218,5768,6272,..
Afghanistan,AFG,Number of under-five deaths,SH.DTH.MORT,..,..,..,..,..,..,..,153128,154451,155695,156856,158046,159037,160031,161051,161983,162364,162520,162269,161539,158624,150797,135866,122541,115306,111488,108492,104536,101013,98809,97869,95353,93206,98691,108057,114976,119447,122300,124029,124843,124874,121904,117915,118000,118750,116210,113847,112170,106703,101659,99252,96199,94537,93805,92584,91818,90442,88444,87019,85625,84225,83288,81903,..
Albania,ALB,"Death rate, crude (per 1,000 people)",SP.DYN.CDRT.IN,16.681,15.735,14.871,13.918,12.993,12.146,11.396,10.738,10.131,9.552,9.013,8.558,8.121,7.742,7.417,7.137,6.937,6.711,6.595,6.445,6.05,5.973,5.899,5.838,5.808,5.794,5.73,5.627,5.578,5.554,5.526,5.515,5.466,5.48,5.52,5.549,5.571,5.923,5.664,5.732,5.798,5.872,5.953,6.057,6.181,6.306,6.477,6.318,6.57,6.81,7.029,7.238,7.573,7.819,7.868,7.947,8.035,8.15,8.308,8.48,10.785,11.325,11.194,..
Albania,ALB,Number of deaths ages 10-14 years,SH.DTH.1014,..,..,..,..,..,..,..,..,..,..,..,..,..,..,..,..,..,..,..,..,..,..,..,..,..,..,..,..,..,..,172,163,155,148,141,136,131,149,125,122,118,115,111,107,102,97,91,86,80,75,69,64,59,55,50,47,43,40,38,36,34,32,31,..
Albania,ALB,Number of deaths ages 15-19 years,SH.DTH.1519,..,..,..,..,..,..,..,..,..,..,..,..,..,..,..,..,..,..,..,..,..,..,..,..,..,..,..,..,..,..,213,222,228,229,229,229,232,277,230,221,209,193,179,168,161,157,155,154,153,151,149,144,137,126,115,103,92,82,75,69,64,59,55,..
Albania,ALB,Number of deaths ages 20-24 years,SH.DTH.2024,..,..,..,..,..,..,..,..,..,..,..,..,..,..,..,..,..,..,..,..,..,..,..,..,..,..,..,..,..,..,297,316,330,337,337,335,332,404,310,290,266,243,222,207,195,188,183,178,174,172,168,162,156,147,137,127,117,108,100,94,88,84,79,..
Albania,ALB,Number of deaths ages 5-9 years,SH.DTH.0509,..,..,..,..,..,..,..,..,..,..,..,..,..,..,..,..,..,..,..,..,..,..,..,..,..,..,..,..,..,..,268,252,235,220,204,190,178,211,156,147,137,128,120,111,101,92,83,75,68,62,56,51,46,42,39,36,34,33,31,30,28,27,25,..
Albania,ALB,Number of under-five deaths,SH.DTH.MORT,..,..,..,..,..,..,..,..,..,..,..,..,..,..,..,..,..,..,..,..,..,..,..,5154,4830,4519,4226,3965,3736,3514,3310,3116,2931,2756,2607,2469,2303,2106,1905,1724,1554,1386,1226,1088,966,846,736,642,569,512,465,425,395,371,350,330,314,301,291,284,281,279,275,..
Algeria,DZA,"Death rate, crude (per 1,000 people)",SP.DYN.CDRT.IN,23.785,23.723,25.046,22.615,22.917,23.106,23.215,22.953,22.684,22.381,21.882,21.276,20.542,19.79,18.903,18.065,17.495,16.631,15.661,14.615,13.583,12.285,10.959,9.727,8.556,7.579,6.818,6.447,5.972,5.884,5.731,5.629,5.617,5.629,5.758,5.69,5.188,5.201,5.288,5.131,5.037,4.987,4.932,5.016,4.95,4.943,4.947,4.945,4.91,4.735,4.754,4.713,4.767,4.673,4.555,4.437,4.472,4.542,4.482,4.392,5.398,4.546,4.329,..
Algeria,DZA,Number of deaths ages 10-14 years,SH.DTH.1014,..,..,..,..,..,..,..,..,..,..,..,..,..,..,..,..,..,..,..,..,..,..,..,..,..,..,..,..,..,..,2434,2438,2454,2468,2476,2469,2441,2383,2300,2215,2117,2012,1905,2013,1705,1618,1533,1450,1362,1280,1212,1164,1132,1121,1127,1134,1143,1151,1158,1159,1152,1144,1138,..
Algeria,DZA,Number of deaths ages 15-19 years,SH.DTH.1519,..,..,..,..,..,..,..,..,..,..,..,..,..,..,..,..,..,..,..,..,..,..,..,..,..,..,..,..,..,..,2935,2964,2987,3008,3028,3043,3059,3112,3112,3035,2939,2822,2683,2537,2403,2293,2201,2140,2088,2032,1961,1887,1821,1754,1683,1620,1570,1535,1520,1517,1510,1509,1522,..
Algeria,DZA,Number of deaths ages 20-24 years,SH.DTH.2024,..,..,..,..,..,..,..,..,..,..,..,..,..,..,..,..,..,..,..,..,..,..,..,..,..,..,..,..,..,..,2902,3027,3154,3276,3381,3457,3487,3488,3489,3449,3401,3337,3260,3172,3084,3004,2919,2851,2783,2711,2636,2572,2537,2518,2489,2435,2353,2248,2118,1975,1842,1740,1672,..
Algeria,DZA,Number of deaths ages 5-9 years,SH.DTH.0509,..,..,..,..,..,..,..,..,..,..,..,..,..,..,..,..,..,..,..,..,..,..,..,..,..,..,..,..,..,..,4157,4065,3944,3799,3639,3462,3285,3101,2911,2738,2561,2377,2191,2225,1833,1693,1583,1496,1441,1416,1410,1418,1443,1477,1506,1523,1526,1513,1482,1436,1379,1322,1266,..
Algeria,DZA,Number of under-five deaths,SH.DTH.MORT,128063,130602,133174,135752,138429,140833,142774,144603,146275,147414,147931,147724,146592,144739,142375,139448,136787,134355,130545,125145,118617,109617,97715,84768,72596,62444,54329,48522,44719,42290,40577,39562,39225,38646,37502,35309,32436,29862,27678,26096,25058,24152,23368,22933,22792,22720,22704,22831,23088,23344,23554,23777,24180,24465,24654,24896,24923,24698,24192,23465,22578,21570,20489,..
American Samoa,ASM,"Death rate, crude (per 1,000 people)",SP.DYN.CDRT.IN,..,..,..,..,..,..,..,..,..,..,..,..,..,..,..,..,..,..,..,..,..,..,..,..,..,..,..,..,..,..,..,..,..,..,..,..,..,..,..,..,..,..,..,..,..,..,4,..,..,..,..,..,..,..,4.2,..,..,5.1,..,..,5.6,..,7.8,..
American Samoa,ASM,Number of deaths ages 10-14 years,SH.DTH.1014,..,..,..,..,..,..,..,..,..,..,..,..,..,..,..,..,..,..,..,..,..,..,..,..,..,..,..,..,..,..,..,..,..,..,..,..,..,..,..,..,..,..,..,..,..,..,..,..,..,..,..,..,..,..,..,..,..,..,..,..,..,..,..,..
American Samoa,ASM,Number of deaths ages 15-19 years,SH.DTH.1519,..,..,..,..,..,..,..,..,..,..,..,..,..,..,..,..,..,..,..,..,..,..,..,..,..,..,..,..,..,..,..,..,..,..,..,..,..,..,..,..,..,..,..,..,..,..,..,..,..,..,..,..,..,..,..,..,..,..,..,..,..,..,..,..
American Samoa,ASM,Number of deaths ages 20-24 years,SH.DTH.2024,..,..,..,..,..,..,..,..,..,..,..,..,..,..,..,..,..,..,..,..,..,..,..,..,..,..,..,..,..,..,..,..,..,..,..,..,..,..,..,..,..,..,..,..,..,..,..,..,..,..,..,..,..,..,..,..,..,..,..,..,..,..,..,..
American Samoa,ASM,Number of deaths ages 5-9 years,SH.DTH.0509,..,..,..,..,..,..,..,..,..,..,..,..,..,..,..,..,..,..,..,..,..,..,..,..,..,..,..,..,..,..,..,..,..,..,..,..,..,..,..,..,..,..,..,..,..,..,..,..,..,..,..,..,..,..,..,..,..,..,..,..,..,..,..,..
American Samoa,ASM,Number of under-five deaths,SH.DTH.MORT,..,..,..,..,..,..,..,..,..,..,..,..,..,..,..,..,..,..,..,..,..,..,..,..,..,..,..,..,..,..,..,..,..,..,..,..,..,..,..,..,..,..,..,..,..,..,..,..,..,..,..,..,..,..,..,..,..,..,..,..,..,..,..,..
Andorra,AND,"Death rate, crude (per 1,000 people)",SP.DYN.CDRT.IN,..,..,..,..,..,..,..,..,..,..,..,..,..,..,..,..,..,..,..,..,..,..,..,..,..,..,..,..,..,..,..,..,..,..,..,..,..,..,..,..,..,..,..,..,3.8,3.6,3.3,2.8,2.8,3.2,2.8,..,3.9,..,..,..,4.3,..,4.4,3.9,..,..,4.6,..
Andorra,AND,Number of deaths ages 10-14 years,SH.DTH.1014,..,..,..,..,..,..,..,..,..,..,..,..,..,..,..,..,..,..,..,..,..,..,..,..,..,..,..,..,..,..,1,1,1,1,0,0,0,0,0,0,0,0,0,0,0,0,0,0,0,0,0,0,0,0,0,0,0,0,0,0,0,0,0,..
Andorra,AND,Number of deaths ages 15-19 years,SH.DTH.1519,..,..,..,..,..,..,..,..,..,..,..,..,..,..,..,..,..,..,..,..,..,..,..,..,..,..,..,..,..,..,3,3,3,3,3,3,3,2,1,1,1,1,1,1,1,1,1,1,1,1,1,1,1,1,1,1,1,1,1,1,1,1,1,..
Andorra,AND,Number of deaths ages 20-24 years,SH.DTH.2024,..,..,..,..,..,..,..,..,..,..,..,..,..,..,..,..,..,..,..,..,..,..,..,..,..,..,..,..,..,..,4,4,4,4,4,4,4,4,4,3,3,3,3,3,3,3,3,3,3,3,3,1,1,1,1,1,1,1,1,1,1,1,1,..
Andorra,AND,Number of deaths ages 5-9 years,SH.DTH.0509,..,..,..,..,..,..,..,..,..,..,..,..,..,..,..,..,..,..,..,..,..,..,..,..,..,..,..,..,..,..,0,0,0,0,0,0,0,0,0,0,0,0,0,0,0,0,0,0,0,0,0,0,0,0,0,0,0,0,0,0,0,0,0,..
Andorra,AND,Number of under-five deaths,SH.DTH.MORT,..,..,..,..,..,..,..,..,..,..,..,..,..,..,..,..,..,..,..,..,..,..,..,..,..,..,..,..,..,..,8,8,8,7,7,7,7,6,6,6,6,5,5,5,5,5,5,5,4,4,4,4,3,3,3,2,2,2,2,2,2,2,2,..
Angola,AGO,"Death rate, crude (per 1,000 people)",SP.DYN.CDRT.IN,26.659,27.483,27.211,26.913,26.582,26.205,25.92,25.58,25.192,24.824,24.407,23.906,23.436,23.004,22.61,22.884,22.842,22.571,22.227,21.936,21.71,21.462,21.247,21.979,21.788,21.576,21.429,22.934,22.387,22.161,21.993,20.475,21.634,21.41,20.352,18.826,18.635,18.367,19.106,18.701,18.287,17.789,17.275,15.804,15.151,14.497,13.943,13.133,12.478,11.788,11.177,10.63,10.031,9.607,9.181,8.826,8.555,8.242,7.99,7.811,7.821,8.009,7.863,..
Angola,AGO,Number of deaths ages 10-14 years,SH.DTH.1014,..,..,..,..,..,..,..,..,..,..,..,..,..,..,..,..,..,..,..,..,..,..,..,..,..,..,..,..,..,..,5255,4645,5704,5018,5214,5418,5605,5777,5922,6041,6130,6188,6203,6184,6130,6050,5944,5830,5709,5586,5481,5375,5293,5245,5228,5238,5274,5315,5363,5414,5466,5521,5570,..
Angola,AGO,Number of deaths ages 15-19 years,SH.DTH.1519,..,..,..,..,..,..,..,..,..,..,..,..,..,..,..,..,..,..,..,..,..,..,..,..,..,..,..,..,..,..,6420,6631,6861,7106,7355,7625,7885,8138,8375,8597,8805,8985,9118,9209,9241,9221,9144,9037,8899,8741,8596,8434,8297,8195,8132,8111,8140,8202,8299,8418,8563,8717,8884,..
Angola,AGO,Number of deaths ages 20-24 years,SH.DTH.2024,..,..,..,..,..,..,..,..,..,..,..,..,..,..,..,..,..,..,..,..,..,..,..,..,..,..,..,..,..,..,7597,7753,7897,8060,8239,8473,8728,8996,9252,9486,9705,9909,10083,10245,10375,10482,10539,10570,10567,10525,10472,10387,10302,10232,10183,10156,10160,10191,10239,10297,10390,10488,10644,..
Angola,AGO,Number of deaths ages 5-9 years,SH.DTH.0509,..,..,..,..,..,..,..,..,..,..,..,..,..,..,..,..,..,..,..,..,..,..,..,..,..,..,..,..,..,..,13627,12160,14809,13088,13517,13919,14236,14475,14624,14696,14706,14645,14487,14267,13970,13630,13244,12863,12485,12107,11776,11411,11084,10815,10604,10439,10325,10213,10120,10027,9942,9866,9784,..
Angola,AGO,Number of under-five deaths,SH.DTH.MORT,..,..,..,..,..,..,..,..,..,..,..,..,..,..,..,..,..,..,..,..,..,..,..,..,..,109556,113325,117098,120780,124585,128148,131558,134780,137810,140664,143545,145847,147574,148620,149230,149564,149434,148411,146671,144162,141136,137263,132983,128413,123640,119131,114121,109614,105778,102500,99702,97454,95379,93616,92002,90665,89529,88279,..
Antigua and Barbuda,ATG,"Death rate, crude (per 1,000 people)",SP.DYN.CDRT.IN,9.553,9.154,8.788,8.4,7.994,7.539,7.108,6.705,6.365,6.025,5.844,5.701,5.725,5.774,5.8,5.908,5.959,6.091,6.129,6.254,6.358,6.459,6.584,6.77,6.92,7.052,7.196,7.327,7.461,7.608,7.666,7.753,7.745,7.666,7.533,7.416,7.257,7.104,6.96,6.734,6.587,6.305,6.072,6.142,6.075,6.015,6.077,5.914,5.813,5.727,5.7,5.624,5.585,5.565,5.544,5.649,5.662,5.746,5.787,5.865,5.961,6.365,6.094,..
Antigua and Barbuda,ATG,Number of deaths ages 10-14 years,SH.DTH.1014,..,..,..,..,..,..,..,..,..,..,..,..,..,..,..,..,..,..,..,..,..,..,..,..,..,..,..,..,..,..,2,2,2,2,2,2,2,2,2,2,2,2,2,2,2,2,2,2,2,2,2,2,2,2,2,2,2,2,2,2,2,2,2,..
Antigua and Barbuda,ATG,Number of deaths ages 15-19 years,SH.DTH.1519,..,..,..,..,..,..,..,..,..,..,..,..,..,..,..,..,..,..,..,..,..,..,..,..,..,..,..,..,..,..,9,8,7,7,7,7,6,6,6,6,6,6,6,6,6,6,6,6,6,4,4,4,4,4,4,4,4,3,3,3,3,3,3,..
Antigua and Barbuda,ATG,Number of deaths ages 20-24 years,SH.DTH.2024,..,..,..,..,..,..,..,..,..,..,..,..,..,..,..,..,..,..,..,..,..,..,..,..,..,..,..,..,..,..,8,8,8,7,7,7,7,7,7,7,7,6,6,6,6,6,6,6,6,6,6,6,6,6,6,5,5,5,5,5,4,4,4,..
Antigua and Barbuda,ATG,Number of deaths ages 5-9 years,SH.DTH.0509,..,..,..,..,..,..,..,..,..,..,..,..,..,..,..,..,..,..,..,..,..,..,..,..,..,..,..,..,..,..,2,2,2,2,2,2,2,2,2,2,2,2,2,2,2,2,2,2,2,2,2,2,2,2,2,2,2,2,2,1,1,1,1,..
Antigua and Barbuda,ATG,Number of under-five deaths,SH.DTH.MORT,156,148,139,129,118,106,94,83,72,63,56,50,45,41,37,33,31,30,28,26,24,22,20,19,18,18,18,17,17,18,18,18,18,18,19,20,21,22,21,20,21,21,19,18,18,17,16,16,17,17,16,15,14,13,12,12,12,11,11,11,11,11,11,..
Argentina,ARG,"Death rate, crude (per 1,000 people)",SP.DYN.CDRT.IN,8.844,8.724,8.924,8.917,9.093,9.062,9.001,9.076,9.296,9.478,9.151,9.364,9.277,9.183,9.154,8.983,9.026,8.76,8.681,8.646,8.722,8.582,8.695,8.601,8.746,8.547,8.34,8.157,7.96,7.841,7.743,7.536,7.595,7.631,7.403,7.535,7.541,7.778,7.651,7.615,7.6,7.549,7.518,7.864,7.48,7.423,7.369,7.748,7.467,7.41,7.661,7.51,7.394,7.494,7.447,7.543,7.947,7.692,7.68,7.6,8.509,8.955,8.589,..
Argentina,ARG,Number of deaths ages 10-14 years,SH.DTH.1014,..,..,..,..,..,..,..,..,..,..,..,..,..,..,..,..,..,..,..,..,..,..,..,..,..,..,..,..,..,..,1148,1145,1134,1113,1088,1065,1050,1041,1035,1029,1024,1017,1014,1021,1037,1055,1068,1071,1057,1030,996,959,923,892,866,842,822,798,769,740,717,700,687,..
Argentina,ARG,Number of deaths ages 15-19 years,SH.DTH.1519,..,..,..,..,..,..,..,..,..,..,..,..,..,..,..,..,..,..,..,..,..,..,..,..,..,..,..,..,..,..,2085,2128,2188,2257,2325,2390,2445,2495,2539,2572,2580,2554,2503,2434,2377,2366,2415,2501,2593,2685,2766,2825,2845,2811,2735,2643,2545,2440,2325,2208,2110,2041,1988,..
Argentina,ARG,Number of deaths ages 20-24 years,SH.DTH.2024,..,..,..,..,..,..,..,..,..,..,..,..,..,..,..,..,..,..,..,..,..,..,..,..,..,..,..,..,..,..,2497,2554,2636,2742,2861,2980,3089,3193,3288,3361,3390,3359,3278,3161,3051,2994,3007,3070,3152,3243,3342,3445,3525,3561,3561,3535,3489,3418,3318,3212,3122,3055,3009,..
Argentina,ARG,Number of deaths ages 5-9 years,SH.DTH.0509,..,..,..,..,..,..,..,..,..,..,..,..,..,..,..,..,..,..,..,..,..,..,..,..,..,..,..,..,..,..,1088,1067,1046,1021,997,978,966,959,953,945,932,913,895,882,877,876,875,870,855,828,797,765,735,708,687,668,649,628,604,577,554,535,516,..
Argentina,ARG,Number of under-five deaths,SH.DTH.MORT,..,..,..,..,..,..,..,..,..,..,..,..,..,..,40082,39640,38536,36750,34382,31734,29168,26891,24890,23158,21762,20785,20222,20006,20053,20201,20350,20275,19880,19307,18617,17743,16732,15755,14952,14376,13899,13433,13029,12614,12210,11908,11623,11317,11019,10773,10534,10211,9837,9473,9124,8794,8417,7965,7428,6945,6550,6193,5956,..
Armenia,ARM,"Death rate, crude (per 1,000 people)",SP.DYN.CDRT.IN,12.201,11.715,11.213,10.831,10.365,9.853,9.489,9.144,8.943,8.663,8.491,8.292,8.123,8.115,8.046,8.036,7.993,7.976,7.864,7.738,7.803,7.735,7.717,7.705,7.684,7.592,7.566,7.743,14.853,7.556,7.524,7.664,7.67,7.803,7.869,7.969,7.837,7.994,7.808,8.261,8.27,8.344,8.593,8.573,8.919,8.914,9.063,9.117,9.387,9.356,9.384,9.559,9.761,9.813,9.704,9.607,9.634,9.664,9.75,9.662,12.792,13.007,11.881,..
Armenia,ARM,Number of deaths ages 10-14 years,SH.DTH.1014,..,..,..,..,..,..,..,..,..,..,..,..,..,..,..,..,..,..,..,..,..,..,..,..,..,..,..,..,..,..,96,91,86,77,73,69,66,65,63,61,59,58,58,57,55,52,49,46,43,41,40,38,37,35,35,35,34,34,34,34,35,36,37,..
Armenia,ARM,Number of deaths ages 15-19 years,SH.DTH.1519,..,..,..,..,..,..,..,..,..,..,..,..,..,..,..,..,..,..,..,..,..,..,..,..,..,..,..,..,..,..,143,147,200,258,267,224,185,161,146,130,116,107,106,110,115,122,128,131,133,134,130,117,100,88,93,105,111,101,85,75,74,92,151,..
Armenia,ARM,Number of deaths ages 20-24 years,SH.DTH.2024,..,..,..,..,..,..,..,..,..,..,..,..,..,..,..,..,..,..,..,..,..,..,..,..,..,..,..,..,..,..,246,256,336,401,371,274,202,163,140,121,107,100,101,108,120,133,144,151,157,165,171,169,154,146,151,164,161,137,107,88,79,90,146,..
Armenia,ARM,Number of deaths ages 5-9 years,SH.DTH.0509,..,..,..,..,..,..,..,..,..,..,..,..,..,..,..,..,..,..,..,..,..,..,..,..,..,..,..,..,..,..,132,124,118,106,96,88,83,78,73,66,60,54,49,45,42,40,39,38,37,37,37,37,37,37,37,38,38,39,40,40,40,41,40,..
Armenia,ARM,Number of under-five deaths,SH.DTH.MORT,..,..,..,..,..,..,..,..,..,..,..,..,..,..,..,..,..,..,..,..,..,5520,5445,5393,5332,5182,4956,4706,8470,4198,4088,3920,3584,3122,2655,2302,2028,1810,1612,1440,1286,1157,1070,1016,978,941,857,798,789,790,768,723,713,698,678,636,580,533,485,447,409,374,344,..
Aruba,ABW,"Death rate, crude (per 1,000 people)",SP.DYN.CDRT.IN,6.594,6.456,6.394,6.275,6.25,6.216,6.047,5.967,5.957,5.916,5.88,5.861,5.754,5.677,5.657,5.699,5.741,5.838,5.934,6,6.06,5.935,6.118,6.253,6.366,6.498,6.69,6.78,6.902,7.129,7.1,6.869,6.418,6.411,6.388,6.366,6.338,6.359,6.339,6.313,6.335,6.348,6.42,6.549,6.808,6.839,6.887,6.958,7.179,7.094,6.745,6.945,7.187,7.403,7.729,7.968,8.336,8.414,8.597,8.778,9.69,11.235,11.084,..
Aruba,ABW,Number of deaths ages 10-14 years,SH.DTH.1014,..,..,..,..,..,..,..,..,..,..,..,..,..,..,..,..,..,..,..,..,..,..,..,..,..,..,..,..,..,..,..,..,..,..,..,..,..,..,..,..,..,..,..,..,..,..,..,..,..,..,..,..,..,..,..,..,..,..,..,..,..,..,..,..
Aruba,ABW,Number of deaths ages 15-19 years,SH.DTH.1519,..,..,..,..,..,..,..,..,..,..,..,..,..,..,..,..,..,..,..,..,..,..,..,..,..,..,..,..,..,..,..,..,..,..,..,..,..,..,..,..,..,..,..,..,..,..,..,..,..,..,..,..,..,..,..,..,..,..,..,..,..,..,..,..
Aruba,ABW,Number of deaths ages 20-24 years,SH.DTH.2024,..,..,..,..,..,..,..,..,..,..,..,..,..,..,..,..,..,..,..,..,..,..,..,..,..,..,..,..,..,..,..,..,..,..,..,..,..,..,..,..,..,..,..,..,..,..,..,..,..,..,..,..,..,..,..,..,..,..,..,..,..,..,..,..
Aruba,ABW,Number of deaths ages 5-9 years,SH.DTH.0509,..,..,..,..,..,..,..,..,..,..,..,..,..,..,..,..,..,..,..,..,..,..,..,..,..,..,..,..,..,..,..,..,..,..,..,..,..,..,..,..,..,..,..,..,..,..,..,..,..,..,..,..,..,..,..,..,..,..,..,..,..,..,..,..
Aruba,ABW,Number of under-five deaths,SH.DTH.MORT,..,..,..,..,..,..,..,..,..,..,..,..,..,..,..,..,..,..,..,..,..,..,..,..,..,..,..,..,..,..,..,..,..,..,..,..,..,..,..,..,..,..,..,..,..,..,..,..,..,..,..,..,..,..,..,..,..,..,..,..,..,..,..,..
Australia,AUS,"Death rate, crude (per 1,000 people)",SP.DYN.CDRT.IN,8.6,8.5,8.7,8.7,9,8.8,8.9,8.7,9.1,8.7,9,8.6,8.3,8.3,8.4,7.8,8,7.6,7.5,7.3,7.3,7.3,7.5,7.3,7.1,6.6,7.3,7.5,7.2,7.3,7,6.9,7.1,6.9,7.1,6.9,7,7,6.8,6.8,6.7,6.6,6.8,6.6,6.5,6.4,6.4,6.7,6.7,6.5,6.5,6.6,6.6,6.4,6.6,6.6,6.6,6.5,6.3,6.7,6.3,6.7,7.3,..
Australia,AUS,Number of deaths ages 10-14 years,SH.DTH.1014,..,..,..,..,..,..,..,..,..,..,..,..,..,..,..,..,..,..,..,..,..,..,..,..,..,..,..,..,..,..,243,236,231,227,222,217,211,204,198,192,187,182,177,173,168,163,158,154,151,148,145,142,140,138,136,134,134,135,137,139,140,140,140,..
Australia,AUS,Number of deaths ages 15-19 years,SH.DTH.1519,..,..,..,..,..,..,..,..,..,..,..,..,..,..,..,..,..,..,..,..,..,..,..,..,..,..,..,..,..,..,903,828,763,720,703,709,728,747,748,726,687,644,605,574,553,540,531,520,511,501,490,475,461,449,440,435,437,443,451,459,460,458,454,..
Australia,AUS,Number of deaths ages 20-24 years,SH.DTH.2024,..,..,..,..,..,..,..,..,..,..,..,..,..,..,..,..,..,..,..,..,..,..,..,..,..,..,..,..,..,..,1220,1179,1146,1121,1113,1118,1123,1120,1090,1031,953,885,836,804,787,776,767,751,740,738,734,717,698,684,676,676,684,704,726,746,747,729,702,..
Australia,AUS,Number of deaths ages 5-9 years,SH.DTH.0509,..,..,..,..,..,..,..,..,..,..,..,..,..,..,..,..,..,..,..,..,..,..,..,..,..,..,..,..,..,..,231,224,217,210,203,197,191,186,180,175,168,163,156,149,143,139,134,131,128,126,125,124,124,124,125,126,125,124,123,122,120,118,116,..
Australia,AUS,Number of under-five deaths,SH.DTH.MORT,5543,5572,5524,5378,5207,5010,4906,4925,5048,5205,5319,5501,5487,5094,4631,4193,3797,3496,3255,3056,2920,2871,2856,2826,2747,2703,2665,2568,2478,2391,2327,2225,2109,2005,1894,1803,1727,1665,1614,1571,1538,1504,1483,1473,1461,1468,1474,1491,1502,1466,1412,1355,1305,1258,1203,1173,1171,1174,1190,1180,1142,1128,1128,..
Austria,AUT,"Death rate, crude (per 1,000 people)",SP.DYN.CDRT.IN,12.7,12.1,12.7,12.8,12.3,13,12.5,12.9,12.9,13.3,13.2,13,12.6,12.2,12.4,12.7,12.6,12.2,12.5,12.2,12.2,12.2,12.1,12.3,11.7,11.8,11.5,11.2,11,10.9,10.8,10.8,10.6,10.4,10.2,10.2,10.2,10,9.8,9.8,9.6,9.3,9.4,9.5,9.1,9.1,9,9,9,9.3,9.2,9.1,9.4,9.4,9.2,9.6,9.2,9.5,9.5,9.4,10.3,10.3,10.3,..
Austria,AUT,Number of deaths ages 10-14 years,SH.DTH.1014,..,..,..,..,..,..,..,..,..,..,..,..,..,..,..,..,..,..,..,..,..,..,..,..,..,..,..,..,..,..,81,80,79,79,78,75,72,69,67,65,64,62,61,60,59,57,56,53,51,49,46,44,42,41,41,40,39,39,39,37,37,37,37,..
Austria,AUT,Number of deaths ages 15-19 years,SH.DTH.1519,..,..,..,..,..,..,..,..,..,..,..,..,..,..,..,..,..,..,..,..,..,..,..,..,..,..,..,..,..,..,365,353,342,333,319,304,291,283,276,269,265,259,253,249,245,240,233,226,217,206,192,177,162,149,138,130,126,122,120,120,122,125,129,..
Austria,AUT,Number of deaths ages 20-24 years,SH.DTH.2024,..,..,..,..,..,..,..,..,..,..,..,..,..,..,..,..,..,..,..,..,..,..,..,..,..,..,..,..,..,..,556,549,540,522,488,448,410,374,346,328,318,316,319,324,326,322,314,299,285,273,258,243,230,219,208,201,198,191,187,184,183,182,183,..
Austria,AUT,Number of deaths ages 5-9 years,SH.DTH.0509,..,..,..,..,..,..,..,..,..,..,..,..,..,..,..,..,..,..,..,..,..,..,..,..,..,..,..,..,..,..,85,80,77,74,72,69,67,65,63,60,58,55,52,49,47,44,42,40,38,37,35,35,34,33,32,31,31,31,30,30,29,29,29,..
Austria,AUT,Number of under-five deaths,SH.DTH.MORT,5305,5121,4958,4761,4555,4300,4069,3902,3774,3633,3418,3201,2999,2734,2473,2219,1934,1704,1560,1471,1432,1412,1374,1290,1196,1118,1041,971,917,876,844,823,796,749,686,621,570,525,484,453,434,418,408,400,390,381,369,357,348,341,333,326,315,307,302,303,307,309,304,296,288,279,271,..
Azerbaijan,AZE,"Death rate, crude (per 1,000 people)",SP.DYN.CDRT.IN,14.929,14.498,14.026,13.497,12.983,12.376,12.02,11.499,10.988,10.648,10.247,9.939,9.604,9.413,9.291,9.238,9.139,9.335,9.558,9.789,9.77,6.9,6.7,6.6,6.8,6.8,6.7,6.7,6.8,6.4,6.1,6.3,7.1,7.2,7.3,6.7,6.2,6,5.9,5.8,5.8,5.6,5.7,6,6,6.2,6.2,6.3,6,5.9,5.9,5.9,5.9,5.8,5.8,5.7,5.8,5.8,5.8,5.6,7.5,7.6,6,..
Azerbaijan,AZE,Number of deaths ages 10-14 years,SH.DTH.1014,..,..,..,..,..,..,..,..,..,..,..,..,..,..,..,..,..,..,..,..,..,..,..,..,..,..,..,..,..,..,322,345,408,398,420,432,436,436,430,422,417,409,398,383,363,339,312,285,261,239,221,207,198,193,194,198,206,218,230,242,272,261,269,..
Azerbaijan,AZE,Number of deaths ages 15-19 years,SH.DTH.1519,..,..,..,..,..,..,..,..,..,..,..,..,..,..,..,..,..,..,..,..,..,..,..,..,..,..,..,..,..,..,442,627,1123,1704,1517,939,633,587,617,590,523,474,469,487,508,523,527,520,542,499,486,468,474,423,408,394,369,337,325,357,735,455,430,..
Azerbaijan,AZE,Number of deaths ages 20-24 years,SH.DTH.2024,..,..,..,..,..,..,..,..,..,..,..,..,..,..,..,..,..,..,..,..,..,..,..,..,..,..,..,..,..,..,653,880,1526,2291,2030,1268,865,807,843,794,681,601,585,604,628,652,665,668,768,673,676,675,762,654,647,632,589,527,494,525,1584,627,578,..
Azerbaijan,AZE,Number of deaths ages 5-9 years,SH.DTH.0509,..,..,..,..,..,..,..,..,..,..,..,..,..,..,..,..,..,..,..,..,..,..,..,..,..,..,..,..,..,..,580,622,752,696,712,704,682,649,614,578,540,499,458,417,377,341,309,283,262,248,241,239,243,250,258,267,275,282,288,290,327,283,270,..
Azerbaijan,AZE,Number of under-five deaths,SH.DTH.MORT,..,..,..,..,..,..,..,..,..,..,..,..,..,..,..,..,..,..,..,..,..,..,..,..,..,..,..,20927,21035,20773,20287,19931,19557,18891,18037,17001,15772,14423,13078,11834,10711,9678,8826,8233,7860,7580,7364,7232,7115,6955,6711,6449,6178,5832,5435,4970,4419,3756,3238,3035,2774,2468,2286,..
"Bahamas, The",BHS,"Death rate, crude (per 1,000 people)",SP.DYN.CDRT.IN,8.353,8.098,7.855,7.602,7.358,7.235,7.117,7.007,6.859,6.741,6.637,6.53,6.427,6.401,6.206,6.131,5.951,6.006,6.196,6.349,6.362,6.354,6.14,5.916,5.903,5.996,6.036,6.225,6.14,6.027,5.855,6.135,5.799,5.861,5.814,5.91,5.985,5.908,5.81,5.74,5.706,5.757,5.785,5.791,5.835,5.818,5.853,6.024,6.128,6.257,6.269,6.454,6.491,6.49,6.483,6.724,6.717,6.84,6.935,7.943,8.076,8.986,7.298,..
"Bahamas, The",BHS,Number of deaths ages 10-14 years,SH.DTH.1014,..,..,..,..,..,..,..,..,..,..,..,..,..,..,..,..,..,..,..,..,..,..,..,..,..,..,..,..,..,..,8,8,9,10,10,10,10,10,11,11,11,11,11,12,12,12,11,11,11,10,10,10,10,10,10,10,10,9,8,32,8,8,7,..
"Bahamas, The",BHS,Number of deaths ages 15-19 years,SH.DTH.1519,..,..,..,..,..,..,..,..,..,..,..,..,..,..,..,..,..,..,..,..,..,..,..,..,..,..,..,..,..,..,22,24,25,26,27,28,28,29,29,28,28,27,26,25,26,27,27,29,31,33,34,36,36,37,35,33,32,30,27,40,23,21,20,..
"Bahamas, The",BHS,Number of deaths ages 20-24 years,SH.DTH.2024,..,..,..,..,..,..,..,..,..,..,..,..,..,..,..,..,..,..,..,..,..,..,..,..,..,..,..,..,..,..,47,48,50,51,53,53,53,52,51,48,47,45,44,44,45,47,48,50,53,56,58,63,67,71,72,71,69,65,60,67,50,47,44,..
"Bahamas, The",BHS,Number of deaths ages 5-9 years,SH.DTH.0509,..,..,..,..,..,..,..,..,..,..,..,..,..,..,..,..,..,..,..,..,..,..,..,..,..,..,..,..,..,..,15,15,15,15,16,16,17,17,17,17,17,16,15,14,14,12,12,12,11,11,10,10,9,9,9,8,7,7,7,43,5,5,5,..
"Bahamas, The",BHS,Number of under-five deaths,SH.DTH.MORT,..,..,..,..,..,..,..,..,..,..,..,..,..,168,166,161,158,158,157,156,155,155,157,158,159,161,160,158,154,151,149,148,150,149,137,127,120,113,109,102,97,97,96,95,94,97,94,89,92,94,89,82,79,74,72,72,68,65,63,111,62,61,60,..
Bahrain,BHR,"Death rate, crude (per 1,000 people)",SP.DYN.CDRT.IN,16.084,14.72,13.44,12.185,11.083,10.032,9.251,8.528,7.87,7.324,6.904,6.45,6.035,5.601,5.247,4.944,4.644,4.412,4.222,4.012,3.842,3.686,3.588,3.532,3.435,3.415,3.369,3.331,3.298,3.24,3.206,3.156,3.103,2.989,2.956,2.896,2.766,2.75,2.76,2.703,2.595,2.516,2.509,2.483,2.429,2.308,2.235,2.108,2.002,1.925,1.883,1.927,1.935,1.933,2.028,2.109,2.071,2.039,1.992,2,2.239,2.479,2.476,..
Bahrain,BHR,Number of deaths ages 10-14 years,SH.DTH.1014,..,..,..,..,..,..,..,..,..,..,..,..,..,..,..,..,..,..,..,..,..,..,..,..,..,..,..,..,..,..,16,16,17,18,19,19,19,19,19,19,18,18,18,18,18,18,18,17,16,16,16,16,16,15,16,17,17,17,18,18,18,18,18,..
Bahrain,BHR,Number of deaths ages 15-19 years,SH.DTH.1519,..,..,..,..,..,..,..,..,..,..,..,..,..,..,..,..,..,..,..,..,..,..,..,..,..,..,..,..,..,..,23,23,26,28,31,32,33,35,35,35,34,34,33,31,34,37,39,39,37,36,35,35,33,32,31,32,32,31,29,29,29,26,26,..
Bahrain,BHR,Number of deaths ages 20-24 years,SH.DTH.2024,..,..,..,..,..,..,..,..,..,..,..,..,..,..,..,..,..,..,..,..,..,..,..,..,..,..,..,..,..,..,31,30,31,32,34,36,38,41,43,45,46,46,45,44,48,57,64,69,71,70,66,61,59,58,57,57,58,57,56,51,48,38,35,..
Bahrain,BHR,Number of deaths ages 5-9 years,SH.DTH.0509,..,..,..,..,..,..,..,..,..,..,..,..,..,..,..,..,..,..,..,..,..,..,..,..,..,..,..,..,..,..,24,25,26,27,27,26,26,26,26,26,25,25,24,23,22,22,20,20,20,20,20,19,19,18,19,19,19,19,19,19,19,18,17,..
Bahrain,BHR,Number of under-five deaths,SH.DTH.MORT,..,1313,1240,1164,1091,1017,939,859,781,706,639,577,527,487,455,428,406,387,370,354,339,326,317,311,307,307,309,311,313,318,321,317,310,297,276,251,229,210,197,188,181,175,172,174,177,179,178,173,169,165,163,161,157,155,156,158,157,153,148,142,134,124,114,..
Bangladesh,BGD,"Death rate, crude (per 1,000 people)",SP.DYN.CDRT.IN,21.222,20.509,19.732,19.673,18.815,19.318,18.052,17.826,17.649,17.58,22.303,41.023,17.093,16.986,17.429,16.628,16.431,16.144,16.058,15.894,15.61,15.351,15.032,14.571,14.077,13.705,13.217,12.77,12.542,12.372,11.725,12.565,10.574,10.343,9.962,9.496,9.478,8.563,7.511,6.662,6.855,6.75,6.597,6.549,6.44,6.425,6.494,6.793,6.701,6.612,6.106,6.112,5.868,5.975,5.891,5.776,5.632,5.442,5.241,5.28,5.816,5.68,5.296,..
Bangladesh,BGD,Number of deaths ages 10-14 years,SH.DTH.1014,..,..,..,..,..,..,..,..,..,..,..,..,..,..,..,..,..,..,..,..,..,..,..,..,..,..,..,..,..,..,22109,35593,21767,21837,21883,21775,21129,19558,17067,14529,12652,11697,11543,11931,12662,13403,13900,14011,13615,12833,11945,11140,10394,9736,9191,8803,8553,8328,8010,7610,7180,6764,6370,..
Bangladesh,BGD,Number of deaths ages 15-19 years,SH.DTH.1519,..,..,..,..,..,..,..,..,..,..,..,..,..,..,..,..,..,..,..,..,..,..,..,..,..,..,..,..,..,..,22468,30055,23744,24647,25455,25598,24681,22609,19566,16499,14577,14147,14600,15408,16303,17128,17653,17646,17099,16208,15400,14949,15146,16279,17991,19709,20956,21160,20007,17746,14959,12292,10142,..
Bangladesh,BGD,Number of deaths ages 20-24 years,SH.DTH.2024,..,..,..,..,..,..,..,..,..,..,..,..,..,..,..,..,..,..,..,..,..,..,..,..,..,..,..,..,..,..,26179,31078,26039,25317,24149,23135,22548,22571,23238,24000,24066,23216,21843,20376,18988,17807,16861,16225,16172,16405,16940,17384,17412,16715,15454,14007,12809,12380,12968,14345,16120,17958,19290,..
Bangladesh,BGD,Number of deaths ages 5-9 years,SH.DTH.0509,..,..,..,..,..,..,..,..,..,..,..,..,..,..,..,..,..,..,..,..,..,..,..,..,..,..,..,..,..,..,52239,79730,47813,46059,44468,42631,40072,36022,30623,25468,21767,19850,19333,19847,20909,22010,22684,22540,21436,19710,17796,15995,14376,12980,11807,10932,10313,9792,9247,8701,8177,7719,7307,..
Bangladesh,BGD,Number of under-five deaths,SH.DTH.MORT,611872,617342,622513,626555,630037,634341,640510,650119,663223,678566,837715,1189965,706755,723091,734906,743768,751403,755475,754931,752477,748701,742812,735593,720850,701661,681364,656675,629420,600553,573052,545499,514166,482947,454890,431898,409079,385686,368054,351612,333269,315980,299745,283726,267689,251602,234612,217665,202321,187628,173161,159665,147617,137712,130109,123383,116776,111156,105621,100835,97239,93430,89743,86271,..
Barbados,BRB,"Death rate, crude (per 1,000 people)",SP.DYN.CDRT.IN,9.474,9.194,8.927,8.672,8.505,8.423,8.255,8.308,8.398,8.293,8.59,8.521,8.543,8.548,8.535,8.482,8.499,8.404,8.366,8.265,8.178,8.343,8.554,8.539,8.696,9.042,9.109,9.236,9.447,9.467,9.701,9.762,9.822,9.638,9.729,9.863,9.735,9.781,9.705,9.509,9.47,9.338,9.296,9.329,9.258,9.218,9.082,8.985,9.026,8.937,9.037,8.952,8.879,8.851,8.797,8.772,8.792,8.85,8.927,8.91,8.973,9.007,9.114,..
Barbados,BRB,Number of deaths ages 10-14 years,SH.DTH.1014,..,..,..,..,..,..,..,..,..,..,..,..,..,..,..,..,..,..,..,..,..,..,..,..,..,..,..,..,..,..,6,6,6,6,6,6,6,6,6,6,6,6,6,6,6,5,5,5,5,5,5,5,5,5,5,5,5,5,5,5,5,5,4,..
Barbados,BRB,Number of deaths ages 15-19 years,SH.DTH.1519,..,..,..,..,..,..,..,..,..,..,..,..,..,..,..,..,..,..,..,..,..,..,..,..,..,..,..,..,..,..,21,19,18,16,15,15,13,13,13,13,13,13,14,14,13,13,13,13,13,13,12,12,10,10,10,10,10,10,9,9,8,8,7,..
Barbados,BRB,Number of deaths ages 20-24 years,SH.DTH.2024,..,..,..,..,..,..,..,..,..,..,..,..,..,..,..,..,..,..,..,..,..,..,..,..,..,..,..,..,..,..,26,25,24,23,23,22,21,20,20,20,19,19,19,20,21,21,21,20,19,18,18,16,16,16,15,14,14,14,13,13,13,14,14,..
Barbados,BRB,Number of deaths ages 5-9 years,SH.DTH.0509,..,..,..,..,..,..,..,..,..,..,..,..,..,..,..,..,..,..,..,..,..,..,..,..,..,..,..,..,..,..,5,5,5,5,5,5,5,5,5,5,4,4,3,3,3,3,3,3,3,3,3,2,2,2,2,2,2,2,2,2,2,2,2,..
Barbados,BRB,Number of under-five deaths,SH.DTH.MORT,605,558,511,464,422,382,348,317,289,264,242,223,207,193,181,169,158,147,139,132,125,119,113,108,103,98,93,88,83,79,74,70,66,63,60,58,56,55,55,54,55,55,56,56,56,56,55,53,52,50,49,47,46,44,43,41,40,39,38,36,35,34,33,..
Belarus,BLR,"Death rate, crude (per 1,000 people)",SP.DYN.CDRT.IN,7.751,7.574,7.811,7.738,7.241,7.356,7.379,7.396,7.626,7.626,7.927,7.914,8.128,8.156,8.361,8.746,8.8,8.9,9.1,9.5,9.9,9.6,9.6,9.9,10.5,10.6,9.7,9.9,10.1,10.2,10.8,11.2,11.4,12.6,12.7,13.1,13.1,13.5,13.6,14.2,13.5,14.1,14.8,14.5,14.3,14.5,14.2,13.7,13.8,14.1,14.5,14.3,13.4,13.2,12.8,12.6,12.6,12.6,12.7,12.8,16.553,16.544,15.49,..
Belarus,BLR,Number of deaths ages 10-14 years,SH.DTH.1014,..,..,..,..,..,..,..,..,..,..,..,..,..,..,..,..,..,..,..,..,..,..,..,..,..,..,..,..,..,..,289,289,288,285,281,276,271,266,256,246,232,215,196,178,160,144,130,118,109,103,97,93,89,84,79,74,69,67,65,63,62,61,59,..
Belarus,BLR,Number of deaths ages 15-19 years,SH.DTH.1519,..,..,..,..,..,..,..,..,..,..,..,..,..,..,..,..,..,..,..,..,..,..,..,..,..,..,..,..,..,..,624,657,675,685,688,687,688,692,702,712,711,696,666,631,599,564,521,474,431,392,356,317,280,246,219,199,184,174,164,157,152,148,145,..
Belarus,BLR,Number of deaths ages 20-24 years,SH.DTH.2024,..,..,..,..,..,..,..,..,..,..,..,..,..,..,..,..,..,..,..,..,..,..,..,..,..,..,..,..,..,..,1006,1062,1101,1124,1140,1152,1171,1202,1250,1299,1327,1312,1270,1229,1195,1159,1121,1072,1016,962,895,807,706,603,505,421,353,299,261,234,219,210,206,..
Belarus,BLR,Number of deaths ages 5-9 years,SH.DTH.0509,..,..,..,..,..,..,..,..,..,..,..,..,..,..,..,..,..,..,..,..,..,..,..,..,..,..,..,..,..,..,349,348,343,330,314,295,273,250,228,205,185,166,148,134,124,117,111,108,104,100,96,91,88,85,82,79,76,73,70,67,64,61,57,..
Belarus,BLR,Number of under-five deaths,SH.DTH.MORT,..,..,..,6418,5543,4821,4307,3947,3687,3491,3398,3375,3336,3276,3266,3270,3269,3290,3301,3287,3255,3206,3161,3136,3089,2991,2934,2830,2683,2548,2379,2233,2142,2048,1925,1794,1661,1526,1422,1345,1253,1151,1046,959,891,828,771,728,691,660,621,578,557,542,519,493,462,410,352,310,278,252,230,..
Belgium,BEL,"Death rate, crude (per 1,000 people)",SP.DYN.CDRT.IN,12.4,11.6,12.2,12.6,11.7,12.2,12.1,12,12.7,12.5,12.3,12.4,12.1,12.1,11.9,12.2,12.1,11.5,11.7,11.4,11.5,11.4,11.4,11.6,11.2,11.3,11.3,10.7,10.6,10.8,10.4,10.4,10.4,10.6,10.3,10.3,10.3,10.2,10.3,10.3,10.2,10.1,10.2,10.3,9.7,9.9,9.6,9.5,9.8,9.6,9.7,9.4,9.8,9.8,9.3,9.8,9.5,9.6,9.7,9.5,11,9.7,10,..
Belgium,BEL,Number of deaths ages 10-14 years,SH.DTH.1014,..,..,..,..,..,..,..,..,..,..,..,..,..,..,..,..,..,..,..,..,..,..,..,..,..,..,..,..,..,..,126,123,120,115,111,106,103,98,95,93,92,90,88,86,83,80,77,74,70,68,66,65,63,61,59,59,57,57,57,57,56,55,54,..
Belgium,BEL,Number of deaths ages 15-19 years,SH.DTH.1519,..,..,..,..,..,..,..,..,..,..,..,..,..,..,..,..,..,..,..,..,..,..,..,..,..,..,..,..,..,..,402,385,369,356,347,339,332,326,321,317,308,294,277,261,246,236,232,228,222,214,204,193,183,173,164,158,153,146,142,137,135,134,133,..
Belgium,BEL,Number of deaths ages 20-24 years,SH.DTH.2024,..,..,..,..,..,..,..,..,..,..,..,..,..,..,..,..,..,..,..,..,..,..,..,..,..,..,..,..,..,..,659,645,630,613,591,563,533,511,499,495,492,481,460,434,406,384,368,358,351,343,336,328,318,307,295,281,268,255,244,236,231,226,223,..
Belgium,BEL,Number of deaths ages 5-9 years,SH.DTH.0509,..,..,..,..,..,..,..,..,..,..,..,..,..,..,..,..,..,..,..,..,..,..,..,..,..,..,..,..,..,..,123,117,111,107,104,102,99,97,93,89,85,80,77,73,70,67,65,62,61,59,58,57,56,55,55,55,54,53,51,49,47,46,44,..
Belgium,BEL,Number of under-five deaths,SH.DTH.MORT,5255,5054,4867,4692,4583,4380,4122,3886,3662,3497,3378,3235,3024,2760,2504,2282,2124,2013,1917,1840,1769,1697,1612,1517,1434,1366,1325,1295,1265,1237,1212,1188,1141,1062,970,889,829,778,731,695,674,654,627,605,596,592,589,585,581,574,566,556,541,528,516,504,495,486,475,462,448,439,431,..
Belize,BLZ,"Death rate, crude (per 1,000 people)",SP.DYN.CDRT.IN,12.329,15.079,11.823,11.478,11.168,10.801,10.543,10.186,9.757,9.375,8.92,8.575,8.462,8.385,8.222,7.861,7.731,7.629,7.48,7.259,7.092,6.926,6.937,6.796,6.531,6.177,6.04,5.821,5.594,5.59,5.555,5.673,5.718,5.599,5.362,5.448,5.42,5.631,5.863,5.781,5.858,5.936,5.755,5.678,5.552,5.51,5.245,5.067,4.935,4.752,4.66,4.591,4.457,4.388,4.584,4.7,4.695,4.712,4.74,4.727,5.244,6.353,6.253,..
Belize,BLZ,Number of deaths ages 10-14 years,SH.DTH.1014,..,..,..,..,..,..,..,..,..,..,..,..,..,..,..,..,..,..,..,..,..,..,..,..,..,..,..,..,..,..,11,11,11,12,12,12,13,13,13,14,15,15,15,15,15,15,15,15,15,15,15,15,15,15,13,13,13,12,11,10,10,10,9,..
Belize,BLZ,Number of deaths ages 15-19 years,SH.DTH.1519,..,..,..,..,..,..,..,..,..,..,..,..,..,..,..,..,..,..,..,..,..,..,..,..,..,..,..,..,..,..,11,13,14,17,20,23,25,27,29,31,32,33,34,35,36,36,37,38,39,39,40,41,41,41,41,41,41,41,41,39,38,36,35,..
Belize,BLZ,Number of deaths ages 20-24 years,SH.DTH.2024,..,..,..,..,..,..,..,..,..,..,..,..,..,..,..,..,..,..,..,..,..,..,..,..,..,..,..,..,..,..,20,22,25,28,32,36,40,44,47,50,51,52,53,54,55,56,58,58,59,59,60,62,64,64,65,66,66,66,65,65,64,62,61,..
Belize,BLZ,Number of deaths ages 5-9 years,SH.DTH.0509,..,..,..,..,..,..,..,..,..,..,..,..,..,..,..,..,..,..,..,..,..,..,..,..,..,..,..,..,..,..,13,14,14,14,14,14,15,15,15,15,15,15,15,15,16,16,16,16,15,15,14,14,13,12,12,11,10,9,9,9,8,7,7,..
Belize,BLZ,Number of under-five deaths,SH.DTH.MORT,..,..,..,..,..,..,..,..,..,..,..,..,425,418,412,405,399,395,391,385,378,371,364,355,340,324,308,293,279,268,257,243,228,215,203,194,187,183,181,178,174,171,167,162,157,154,150,146,143,140,136,133,131,129,126,121,116,111,107,99,88,83,79,..
Benin,BEN,"Death rate, crude (per 1,000 people)",SP.DYN.CDRT.IN,28.468,28.142,27.765,27.345,26.896,26.432,25.915,25.435,24.908,24.51,24.108,23.668,23.096,22.631,22.128,21.569,20.869,20.28,19.63,19.298,18.929,18.61,18.219,17.79,17.44,16.963,16.451,16.01,15.543,15.2,14.75,14.461,14.088,13.748,13.473,13.192,12.927,12.596,12.36,12.103,11.964,11.825,11.77,11.649,11.546,11.337,11.128,10.961,10.798,10.7,10.461,10.372,10.224,10.085,9.996,9.857,9.761,9.592,9.428,9.248,9.364,9.434,9.323,..
Benin,BEN,Number of deaths ages 10-14 years,SH.DTH.1014,..,..,..,..,..,..,..,..,..,..,..,..,..,..,..,..,..,..,..,..,..,..,..,..,..,..,..,..,..,..,1585,1606,1628,1649,1679,1691,1707,1723,1740,1759,1778,1798,1817,1836,1865,1895,1917,1931,1945,1948,1947,1953,1959,1971,1986,2006,2026,2042,2053,2064,2066,2067,2068,..
Benin,BEN,Number of deaths ages 15-19 years,SH.DTH.1519,..,..,..,..,..,..,..,..,..,..,..,..,..,..,..,..,..,..,..,..,..,..,..,..,..,..,..,..,..,..,1474,1455,1445,1442,1483,1462,1459,1468,1484,1500,1519,1533,1549,1567,1588,1612,1650,1686,1744,1824,1923,2028,2149,2277,2407,2529,2661,2776,2858,2924,2970,3000,3029,..
Benin,BEN,Number of deaths ages 20-24 years,SH.DTH.2024,..,..,..,..,..,..,..,..,..,..,..,..,..,..,..,..,..,..,..,..,..,..,..,..,..,..,..,..,..,..,1320,1326,1336,1345,1439,1407,1394,1402,1415,1435,1462,1497,1537,1579,1624,1668,1724,1761,1814,1874,1933,1993,2060,2130,2205,2281,2348,2403,2454,2497,2536,2565,2610,..
Benin,BEN,Number of deaths ages 5-9 years,SH.DTH.0509,..,..,..,..,..,..,..,..,..,..,..,..,..,..,..,..,..,..,..,..,..,..,..,..,..,..,..,..,..,..,4522,4502,4483,4467,4470,4443,4424,4418,4413,4433,4461,4469,4475,4475,4453,4426,4416,4413,4421,4431,4443,4459,4470,4466,4455,4443,4420,4400,4383,4380,4376,4381,4386,..
Benin,BEN,Number of under-five deaths,SH.DTH.MORT,33067,33480,33878,34149,34412,34621,34749,34820,34889,34953,35021,35123,35221,35244,35226,35234,35240,35266,35299,35468,35879,36340,36732,37025,37318,37577,37771,37947,38099,38135,38154,38226,38227,38252,38968,39258,38855,38713,38647,38489,38269,38115,38090,38236,38402,38499,38721,38884,38822,38820,38872,38948,39079,39256,39516,39721,39900,40006,39907,39592,39106,38577,37943,..
Bermuda,BMU,"Death rate, crude (per 1,000 people)",SP.DYN.CDRT.IN,9.9,..,7.4,..,..,..,7.2,..,..,..,7.6,8.2,7.3,6.8,6.3,7.1,6.8,6.6,6,6.6,7.3,..,..,..,7.1,..,..,..,..,7.7,7.3,7.7,7.9,8.2,8.1,7.9,6.9,..,..,..,8,7.2,6.7,7.2,6.8,7.1,7.1,7,6.8,7.2,7.4,6.8,6.8,7.6,7.8,7.7,7.7,7.5,8.3,8.4,8.8,11.3,9.1,..
Bermuda,BMU,Number of deaths ages 10-14 years,SH.DTH.1014,..,..,..,..,..,..,..,..,..,..,..,..,..,..,..,..,..,..,..,..,..,..,..,..,..,..,..,..,..,..,..,..,..,..,..,..,..,..,..,..,..,..,..,..,..,..,..,..,..,..,..,..,..,..,..,..,..,..,..,..,..,..,..,..
Bermuda,BMU,Number of deaths ages 15-19 years,SH.DTH.1519,..,..,..,..,..,..,..,..,..,..,..,..,..,..,..,..,..,..,..,..,..,..,..,..,..,..,..,..,..,..,..,..,..,..,..,..,..,..,..,..,..,..,..,..,..,..,..,..,..,..,..,..,..,..,..,..,..,..,..,..,..,..,..,..
Bermuda,BMU,Number of deaths ages 20-24 years,SH.DTH.2024,..,..,..,..,..,..,..,..,..,..,..,..,..,..,..,..,..,..,..,..,..,..,..,..,..,..,..,..,..,..,..,..,..,..,..,..,..,..,..,..,..,..,..,..,..,..,..,..,..,..,..,..,..,..,..,..,..,..,..,..,..,..,..,..
Bermuda,BMU,Number of deaths ages 5-9 years,SH.DTH.0509,..,..,..,..,..,..,..,..,..,..,..,..,..,..,..,..,..,..,..,..,..,..,..,..,..,..,..,..,..,..,..,..,..,..,..,..,..,..,..,..,..,..,..,..,..,..,..,..,..,..,..,..,..,..,..,..,..,..,..,..,..,..,..,..
Bermuda,BMU,Number of under-five deaths,SH.DTH.MORT,..,..,..,..,..,..,..,..,..,..,..,..,..,..,..,..,..,..,..,..,..,..,..,..,..,..,..,..,..,..,..,..,..,..,..,..,..,..,..,..,..,..,..,..,..,..,..,..,..,..,..,..,..,..,..,..,..,..,..,..,..,..,..,..
Bhutan,BTN,"Death rate, crude (per 1,000 people)",SP.DYN.CDRT.IN,29.82,29.361,28.86,28.33,27.775,27.187,26.556,25.896,25.235,24.406,23.621,22.873,22.114,21.347,20.637,19.946,19.252,18.587,17.959,17.338,16.732,16.13,15.535,14.976,14.444,13.951,13.431,12.921,12.426,11.97,11.543,11.145,10.699,10.312,10.024,9.555,9.189,8.858,8.529,8.221,8.368,7.827,7.669,7.542,7.498,7.473,7.353,7.166,7.009,6.922,6.808,6.737,6.689,6.683,6.705,6.759,6.837,6.94,6.766,6.626,6.545,6.477,6.356,..
Bhutan,BTN,Number of deaths ages 10-14 years,SH.DTH.1014,..,..,..,..,..,..,..,..,..,..,..,..,..,..,..,..,..,..,..,..,..,..,..,..,..,..,..,..,..,..,30,32,34,33,35,37,40,42,44,48,60,55,59,62,65,68,70,70,72,72,72,73,73,74,74,74,74,72,68,66,63,61,59,..
Bhutan,BTN,Number of deaths ages 15-19 years,SH.DTH.1519,..,..,..,..,..,..,..,..,..,..,..,..,..,..,..,..,..,..,..,..,..,..,..,..,..,..,..,..,..,..,186,180,172,148,140,133,130,126,123,120,121,123,123,124,125,125,124,121,120,116,112,108,103,99,94,90,87,84,82,80,77,75,72,..
Bhutan,BTN,Number of deaths ages 20-24 years,SH.DTH.2024,..,..,..,..,..,..,..,..,..,..,..,..,..,..,..,..,..,..,..,..,..,..,..,..,..,..,..,..,..,..,134,131,125,109,103,99,97,96,94,94,96,98,102,105,109,113,115,115,116,118,119,120,122,121,121,119,116,112,108,104,101,100,98,..
Bhutan,BTN,Number of deaths ages 5-9 years,SH.DTH.0509,..,..,..,..,..,..,..,..,..,..,..,..,..,..,..,..,..,..,..,..,..,..,..,..,..,..,..,..,..,..,222,220,215,190,184,179,176,172,166,162,176,151,143,135,125,116,106,97,88,82,74,67,60,55,49,45,43,40,38,36,34,31,30,..
Bhutan,BTN,Number of under-five deaths,SH.DTH.MORT,..,..,..,..,..,..,..,..,..,..,..,..,..,3493,3484,3472,3458,3440,3418,3383,3337,3284,3222,3153,3081,3006,2932,2853,2769,2685,2596,2499,2384,2180,1966,1812,1666,1528,1402,1293,1194,1102,1017,936,875,824,764,710,659,607,558,515,479,449,423,397,367,334,302,274,254,241,230,..
Bolivia,BOL,"Death rate, crude (per 1,000 people)",SP.DYN.CDRT.IN,22.968,22.637,22.241,21.911,21.577,21.207,20.793,20.461,20.09,19.689,19.313,18.894,18.497,18.084,17.684,17.344,16.978,16.604,16.245,15.865,15.472,15.129,14.791,14.508,14.112,13.784,13.461,13.107,12.699,12.319,11.925,11.518,11.191,10.736,10.689,10.625,10.525,10.329,10.156,9.992,9.826,9.636,9.287,9.038,8.787,8.554,8.345,8.204,7.995,7.788,7.66,7.496,7.433,7.306,7.262,7.216,7.104,7.107,7.124,7.127,9.3,9.945,9.062,..
Bolivia,BOL,Number of deaths ages 10-14 years,SH.DTH.1014,..,..,..,..,..,..,..,..,..,..,..,..,..,..,..,..,..,..,..,..,..,..,..,..,..,..,..,..,..,..,742,733,722,712,701,691,682,678,674,672,671,669,667,662,653,643,631,616,604,589,576,564,552,541,529,519,509,503,494,485,478,468,458,..
Bolivia,BOL,Number of deaths ages 15-19 years,SH.DTH.1519,..,..,..,..,..,..,..,..,..,..,..,..,..,..,..,..,..,..,..,..,..,..,..,..,..,..,..,..,..,..,1676,1650,1633,1620,1595,1578,1561,1550,1535,1519,1502,1483,1472,1456,1440,1424,1404,1378,1355,1334,1308,1283,1253,1225,1201,1176,1152,1126,1105,1076,1054,1036,1013,..
Bolivia,BOL,Number of deaths ages 20-24 years,SH.DTH.2024,..,..,..,..,..,..,..,..,..,..,..,..,..,..,..,..,..,..,..,..,..,..,..,..,..,..,..,..,..,..,1583,1543,1507,1478,1444,1414,1389,1367,1346,1324,1300,1278,1256,1230,1206,1183,1166,1150,1144,1149,1158,1170,1180,1187,1191,1191,1193,1188,1185,1182,1181,1176,1168,..
Bolivia,BOL,Number of deaths ages 5-9 years,SH.DTH.0509,..,..,..,..,..,..,..,..,..,..,..,..,..,..,..,..,..,..,..,..,..,..,..,..,..,..,..,..,..,..,1436,1383,1339,1297,1257,1218,1182,1147,1113,1078,1044,1010,979,945,912,881,847,815,783,749,718,689,668,650,631,615,597,579,562,542,525,509,493,..
Bolivia,BOL,Number of under-five deaths,SH.DTH.MORT,..,..,..,..,..,44571,44251,43882,43531,43133,42713,42265,41748,41173,40585,39933,39303,38723,38156,37588,37046,36537,35989,35390,34768,34123,33436,32720,31951,31107,30225,29294,28280,27193,26021,24829,23682,22496,21332,20282,19188,18065,17019,16080,15198,14369,13671,12992,12280,11611,10981,10392,9833,9295,8807,8362,7978,7624,7308,7019,6753,6512,6288,..
Bosnia and Herzegovina,BIH,"Death rate, crude (per 1,000 people)",SP.DYN.CDRT.IN,9.535,9.105,8.758,8.369,8.037,7.759,7.49,7.35,7.261,7.204,7.082,6.991,6.892,6.778,6.618,6.518,6.569,6.54,6.669,6.739,6.817,6.926,7.018,7.076,7.286,7.61,7.473,7.363,7.463,7.596,7.378,7.769,19.114,19.58,10.635,9.709,8.425,8.314,8.33,7.683,8.358,8.187,8.859,8.187,8.258,9.242,8.901,9.383,9.103,9.29,9.499,9.851,9.888,11.055,12.276,12.011,11.613,11.842,12.056,12.266,14.094,15.712,15.865,..
Bosnia and Herzegovina,BIH,Number of deaths ages 10-14 years,SH.DTH.1014,..,..,..,..,..,..,..,..,..,..,..,..,..,..,..,..,..,..,..,..,..,..,..,..,..,..,..,..,..,..,88,83,568,574,77,136,65,62,59,56,53,50,47,44,41,38,35,34,34,33,32,31,29,27,26,25,24,24,24,23,23,23,23,..
Bosnia and Herzegovina,BIH,Number of deaths ages 15-19 years,SH.DTH.1519,..,..,..,..,..,..,..,..,..,..,..,..,..,..,..,..,..,..,..,..,..,..,..,..,..,..,..,..,..,..,198,209,2368,2254,715,334,143,140,131,123,116,111,108,105,103,100,99,95,88,82,75,72,72,73,73,71,67,63,59,55,51,48,47,..
Bosnia and Herzegovina,BIH,Number of deaths ages 20-24 years,SH.DTH.2024,..,..,..,..,..,..,..,..,..,..,..,..,..,..,..,..,..,..,..,..,..,..,..,..,..,..,..,..,..,..,308,315,5854,5006,1625,502,169,178,175,166,161,156,154,154,154,151,150,146,139,133,126,120,114,108,105,103,103,102,102,98,92,84,76,..
Bosnia and Herzegovina,BIH,Number of deaths ages 5-9 years,SH.DTH.0509,..,..,..,..,..,..,..,..,..,..,..,..,..,..,..,..,..,..,..,..,..,..,..,..,..,..,..,..,..,..,103,97,1111,1095,73,194,60,55,50,45,42,38,35,34,33,32,30,29,26,24,24,22,21,21,21,19,19,19,18,18,17,16,16,..
Bosnia and Herzegovina,BIH,Number of under-five deaths,SH.DTH.MORT,..,..,..,..,..,..,..,..,..,..,..,..,..,..,..,..,..,..,..,..,..,..,..,..,..,..,..,..,..,1377,1242,1136,3935,3680,687,902,531,544,533,474,417,381,356,337,319,301,283,276,273,265,252,233,222,216,206,201,200,199,197,192,183,175,166,..
Botswana,BWA,"Death rate, crude (per 1,000 people)",SP.DYN.CDRT.IN,16.77,16.301,15.839,15.418,15.031,14.635,14.343,14.032,13.715,13.375,13.033,12.656,12.209,11.739,11.291,10.857,10.431,9.997,9.6,9.231,8.881,8.534,8.208,7.904,7.65,7.468,7.366,7.345,7.6,7.652,7.986,8.423,8.933,9.282,10.025,10.596,10.988,11.508,12.081,12.633,13.128,13.424,13.533,13.409,13.073,12.568,11.883,10.935,10.253,9.719,8.93,8.738,8.671,8.157,7.927,7.435,6.783,6.308,6.922,6.974,6.95,9.461,6.897,..
Botswana,BWA,Number of deaths ages 10-14 years,SH.DTH.1014,..,..,..,..,..,..,..,..,..,..,..,..,..,..,..,..,..,..,..,..,..,..,..,..,..,..,..,..,..,..,245,247,248,246,245,242,239,235,230,224,219,213,207,201,195,190,213,178,172,167,163,162,161,160,159,159,160,160,160,160,160,159,157,..
Botswana,BWA,Number of deaths ages 15-19 years,SH.DTH.1519,..,..,..,..,..,..,..,..,..,..,..,..,..,..,..,..,..,..,..,..,..,..,..,..,..,..,..,..,..,..,375,384,390,395,400,403,404,404,401,397,390,384,374,362,350,337,323,310,300,290,281,272,263,253,245,239,234,231,228,225,221,219,220,..
Botswana,BWA,Number of deaths ages 20-24 years,SH.DTH.2024,..,..,..,..,..,..,..,..,..,..,..,..,..,..,..,..,..,..,..,..,..,..,..,..,..,..,..,..,..,..,657,681,705,725,749,773,798,825,848,862,868,868,856,837,810,779,742,701,657,611,564,519,474,433,395,361,331,306,289,280,273,271,271,..
Botswana,BWA,Number of deaths ages 5-9 years,SH.DTH.0509,..,..,..,..,..,..,..,..,..,..,..,..,..,..,..,..,..,..,..,..,..,..,..,..,..,..,..,..,..,..,533,525,513,502,486,470,454,436,421,406,391,375,359,341,325,312,342,295,287,280,274,270,266,263,261,258,255,251,245,239,233,227,223,..
Botswana,BWA,Number of under-five deaths,SH.DTH.MORT,..,3840,3776,3736,3722,3698,3652,3580,3502,3413,3315,3218,3149,3119,3112,3100,3077,3039,2987,2930,2868,2800,2723,2626,2529,2441,2356,2270,2199,2187,2249,2388,2590,2844,3111,3365,3329,3486,3598,3679,3751,3747,3719,3746,3755,3603,3473,3484,3525,3443,3358,3397,3169,3032,3005,2919,2869,2700,2677,2627,2542,2440,2350,..
Brazil,BRA,"Death rate, crude (per 1,000 people)",SP.DYN.CDRT.IN,14.025,13.662,13.301,12.952,12.621,12.279,11.968,11.66,11.341,11.062,10.82,10.595,10.367,10.157,9.954,9.744,9.568,9.392,9.203,8.989,8.779,8.558,8.346,8.153,7.97,7.796,7.615,7.447,7.31,7.165,7.158,7.068,6.951,6.855,6.74,6.685,6.564,6.488,6.429,6.386,6.399,6.303,6.329,6.313,6.258,6.106,6.123,6.119,6.106,6.155,6.199,6.283,6.34,6.31,6.272,6.433,6.538,6.493,6.516,6.572,7.42,8.326,8.139,..
Brazil,BRA,Number of deaths ages 10-14 years,SH.DTH.1014,..,..,..,..,..,..,..,..,..,..,..,..,..,..,..,..,..,..,..,..,..,..,..,..,..,..,..,..,..,..,7781,7737,7724,7724,7711,7666,7571,7434,7270,7105,6953,6815,6688,6579,6491,6417,6349,6276,6179,6043,5865,5663,5449,5224,5016,4836,4674,4525,4394,4276,4173,4101,4058,..
Brazil,BRA,Number of deaths ages 15-19 years,SH.DTH.1519,..,..,..,..,..,..,..,..,..,..,..,..,..,..,..,..,..,..,..,..,..,..,..,..,..,..,..,..,..,..,17418,17260,17401,17828,18474,19244,19891,20288,20527,20727,20918,21058,21123,21055,20818,20501,20236,20084,19995,19919,19937,20189,20714,21332,21817,21934,21493,20496,19182,17896,16755,15748,14856,..
Brazil,BRA,Number of deaths ages 20-24 years,SH.DTH.2024,..,..,..,..,..,..,..,..,..,..,..,..,..,..,..,..,..,..,..,..,..,..,..,..,..,..,..,..,..,..,24577,24361,24445,24850,25461,26147,26760,27206,27580,28024,28531,29036,29459,29692,29657,29458,29263,29183,29068,28760,28354,28019,27831,27780,27865,27944,27838,27502,27067,26657,26268,25895,25491,..
Brazil,BRA,Number of deaths ages 5-9 years,SH.DTH.0509,..,..,..,..,..,..,..,..,..,..,..,..,..,..,..,..,..,..,..,..,..,..,..,..,..,..,..,..,..,..,7589,7373,7178,6997,6817,6630,6431,6218,6013,5840,5701,5591,5503,5429,5348,5246,5119,4964,4769,4553,4338,4129,3930,3753,3593,3448,3318,3204,3101,3015,2949,2894,2854,..
Brazil,BRA,Number of under-five deaths,SH.DTH.MORT,519510,516918,513552,508777,502497,493888,484443,473997,462719,453316,445510,437715,430002,423350,415590,408125,401946,395206,387071,377807,367241,355571,342839,329823,316311,302768,289175,276120,263021,249907,236612,223327,209577,196664,184743,173472,162440,151703,141726,131630,121556,112077,102811,93719,86275,80278,74346,68676,63764,59852,56794,54228,51836,49715,48493,47791,49387,44817,44455,43247,41286,39730,38575,..
British Virgin Islands,VGB,"Death rate, crude (per 1,000 people)",SP.DYN.CDRT.IN,12.523,11.778,10.717,9.61,8.979,8.633,8.524,8.552,8.431,7.96,7.034,6.484,6.369,6.177,6.199,6.438,6.525,6.714,7.199,7.582,7.829,7.46,6.682,6.185,5.629,5.09,4.935,4.997,4.927,4.854,4.952,5.406,5.169,4.928,5.01,4.792,4.666,4.779,4.558,4.778,4.953,4.971,4.925,4.957,4.964,4.88,4.946,5.018,5.175,5.269,5.377,5.391,5.443,5.481,5.553,5.62,5.718,6.143,5.988,6.156,6.38,7.613,6.515,..
British Virgin Islands,VGB,Number of deaths ages 10-14 years,SH.DTH.1014,..,..,..,..,..,..,..,..,..,..,..,..,..,..,..,..,..,..,..,..,..,..,..,..,..,..,..,..,..,..,0,0,0,0,0,0,0,0,0,0,0,0,0,0,0,0,0,0,0,0,0,0,0,0,0,0,0,0,0,0,0,0,0,..
British Virgin Islands,VGB,Number of deaths ages 15-19 years,SH.DTH.1519,..,..,..,..,..,..,..,..,..,..,..,..,..,..,..,..,..,..,..,..,..,..,..,..,..,..,..,..,..,..,1,1,1,1,1,1,1,1,1,1,1,1,1,1,1,1,1,1,1,1,1,1,1,1,1,1,1,1,1,1,1,1,1,..
British Virgin Islands,VGB,Number of deaths ages 20-24 years,SH.DTH.2024,..,..,..,..,..,..,..,..,..,..,..,..,..,..,..,..,..,..,..,..,..,..,..,..,..,..,..,..,..,..,3,3,2,2,2,1,1,1,1,1,1,1,2,2,3,3,3,3,3,2,2,2,2,2,2,3,3,3,3,3,3,3,3,..
British Virgin Islands,VGB,Number of deaths ages 5-9 years,SH.DTH.0509,..,..,..,..,..,..,..,..,..,..,..,..,..,..,..,..,..,..,..,..,..,..,..,..,..,..,..,..,..,..,0,0,0,0,0,0,0,0,0,0,0,0,0,0,0,0,0,0,0,0,0,0,0,0,0,0,0,0,0,0,0,0,0,..
British Virgin Islands,VGB,Number of under-five deaths,SH.DTH.MORT,24,22,20,18,17,15,14,13,12,12,11,10,10,10,10,10,10,10,10,10,9,9,8,8,7,7,6,6,6,5,5,5,5,5,5,5,5,5,5,4,5,4,4,4,4,4,4,4,4,4,4,4,4,4,4,4,4,3,3,3,3,3,3,..
Brunei Darussalam,BRN,"Death rate, crude (per 1,000 people)",SP.DYN.CDRT.IN,11.655,10.73,10.449,9.268,8.7,8.278,7.827,7.517,7.257,7.001,6.75,6.487,6.18,5.868,5.595,5.339,5.13,4.952,4.809,4.687,4.573,4.492,4.405,4.319,4.235,4.168,4.089,4.041,3.981,3.926,3.87,3.817,3.756,3.677,3.603,3.532,3.466,3.415,3.375,3.346,3.331,3.326,3.339,3.36,3.396,3.438,3.491,3.551,3.615,3.684,3.751,3.813,3.926,4.043,4.162,4.29,4.42,4.556,4.7,4.834,4.975,5.211,5.431,..
Brunei Darussalam,BRN,Number of deaths ages 10-14 years,SH.DTH.1014,..,..,..,..,..,..,..,..,..,..,..,..,..,..,..,..,..,..,..,..,..,..,..,..,..,..,..,..,..,..,9,9,10,10,11,11,11,11,11,11,11,11,10,10,9,9,9,8,8,8,8,8,8,8,8,8,7,7,6,6,6,6,6,..
Brunei Darussalam,BRN,Number of deaths ages 15-19 years,SH.DTH.1519,..,..,..,..,..,..,..,..,..,..,..,..,..,..,..,..,..,..,..,..,..,..,..,..,..,..,..,..,..,..,27,26,25,24,24,24,24,24,23,23,23,22,21,19,19,18,17,15,15,14,13,13,12,11,11,11,11,11,11,11,11,11,11,..
Brunei Darussalam,BRN,Number of deaths ages 20-24 years,SH.DTH.2024,..,..,..,..,..,..,..,..,..,..,..,..,..,..,..,..,..,..,..,..,..,..,..,..,..,..,..,..,..,..,33,32,31,30,29,28,26,25,25,25,24,24,24,25,25,25,25,25,25,24,24,23,22,22,21,20,20,20,20,20,20,21,22,..
Brunei Darussalam,BRN,Number of deaths ages 5-9 years,SH.DTH.0509,..,..,..,..,..,..,..,..,..,..,..,..,..,..,..,..,..,..,..,..,..,..,..,..,..,..,..,..,..,..,13,13,13,13,13,13,13,12,12,11,11,10,10,10,10,10,10,9,9,8,8,8,8,7,7,7,7,7,7,7,7,7,7,..
Brunei Darussalam,BRN,Number of under-five deaths,SH.DTH.MORT,..,..,..,..,..,..,..,..,230,227,223,220,214,205,195,183,171,158,146,135,125,116,109,103,99,96,94,93,93,94,96,97,97,95,91,87,82,77,72,69,66,64,62,61,60,59,59,60,61,62,64,66,68,69,70,70,69,67,66,64,63,61,60,..
Bulgaria,BGR,"Death rate, crude (per 1,000 people)",SP.DYN.CDRT.IN,8.1,7.9,8.7,8.2,7.9,8.2,8.3,9,8.6,9.5,9.1,9.7,9.8,9.5,9.8,10.3,10.1,10.7,10.5,10.7,11.1,10.7,11.2,11.4,11.3,12,11.6,12,12,12,12.5,12.8,12.6,12.9,13.2,13.6,14,14.7,14.3,13.6,14.1,14,14.4,14.4,14.3,14.8,14.9,15,14.8,14.5,14.9,14.7,15,14.4,15.1,15.3,15.1,15.5,15.4,15.5,18,21.7,18.4,..
Bulgaria,BGR,Number of deaths ages 10-14 years,SH.DTH.1014,..,..,..,..,..,..,..,..,..,..,..,..,..,..,..,..,..,..,..,..,..,..,..,..,..,..,..,..,..,..,246,238,230,221,215,208,201,194,187,179,170,158,147,136,125,115,105,96,89,82,79,76,73,71,68,65,63,62,61,60,60,59,57,..
Bulgaria,BGR,Number of deaths ages 15-19 years,SH.DTH.1519,..,..,..,..,..,..,..,..,..,..,..,..,..,..,..,..,..,..,..,..,..,..,..,..,..,..,..,..,..,..,446,451,460,464,456,439,416,391,367,342,321,305,291,281,275,270,263,253,239,221,200,182,166,152,144,141,140,140,142,143,144,145,148,..
Bulgaria,BGR,Number of deaths ages 20-24 years,SH.DTH.2024,..,..,..,..,..,..,..,..,..,..,..,..,..,..,..,..,..,..,..,..,..,..,..,..,..,..,..,..,..,..,560,573,584,589,587,582,574,565,548,524,498,471,447,427,414,405,401,396,389,376,361,340,316,291,268,244,225,210,198,193,196,199,204,..
Bulgaria,BGR,Number of deaths ages 5-9 years,SH.DTH.0509,..,..,..,..,..,..,..,..,..,..,..,..,..,..,..,..,..,..,..,..,..,..,..,..,..,..,..,..,..,..,243,236,230,224,217,209,198,183,167,150,135,122,110,101,95,92,89,87,85,82,79,75,73,71,69,67,64,61,57,54,51,47,46,..
Bulgaria,BGR,Number of under-five deaths,SH.DTH.MORT,7676,6869,6102,5554,5219,4954,4773,4708,4882,4955,4687,4391,4174,4140,4263,4235,4091,3928,3699,3472,3226,2984,2821,2687,2541,2383,2259,2155,2087,2069,2045,1968,1858,1764,1660,1537,1448,1351,1260,1255,1245,1173,1100,1050,1008,967,933,913,901,898,863,792,722,657,604,560,517,482,450,422,397,374,354,..
Burkina Faso,BFA,"Death rate, crude (per 1,000 people)",SP.DYN.CDRT.IN,27.102,26.912,26.658,26.505,26.382,26.098,25.999,25.755,25.632,25.403,25.107,24.851,24.457,24.063,23.435,22.706,22.004,21.364,20.736,20.183,19.757,19.513,18.982,18.607,18.201,17.943,17.809,17.668,17.496,17.346,17.079,16.985,16.918,16.967,16.823,16.651,16.461,16.498,16.029,15.719,15.314,15.071,14.837,14.435,13.976,13.499,13.065,12.633,12.022,11.609,11.253,10.838,10.507,10.309,9.96,9.634,9.313,9.113,8.809,8.75,8.813,8.958,8.662,..
Burkina Faso,BFA,Number of deaths ages 10-14 years,SH.DTH.1014,..,..,..,..,..,..,..,..,..,..,..,..,..,..,..,..,..,..,..,..,..,..,..,..,..,..,..,..,..,..,2169,2241,2321,2391,2462,2537,2610,2677,2732,2776,2802,2821,2828,2833,2837,2835,2835,2835,2834,2848,2856,2862,2878,2899,2927,2949,2994,3026,3061,3095,3119,3151,3166,..
Burkina Faso,BFA,Number of deaths ages 15-19 years,SH.DTH.1519,..,..,..,..,..,..,..,..,..,..,..,..,..,..,..,..,..,..,..,..,..,..,..,..,..,..,..,..,..,..,3269,3331,3397,3467,3534,3595,3633,3645,3635,3620,3594,3568,3542,3508,3467,3421,3364,3300,3231,3169,3112,3069,3038,3021,3014,3015,3020,3037,3052,3070,3088,3112,3457,..
Burkina Faso,BFA,Number of deaths ages 20-24 years,SH.DTH.2024,..,..,..,..,..,..,..,..,..,..,..,..,..,..,..,..,..,..,..,..,..,..,..,..,..,..,..,..,..,..,3168,3179,3183,3197,3214,3240,3268,3294,3328,3384,3426,3464,3497,3525,3545,3561,3570,3556,3526,3473,3407,3346,3297,3259,3227,3211,3205,3201,3199,3202,3205,3221,3961,..
Burkina Faso,BFA,Number of deaths ages 5-9 years,SH.DTH.0509,..,..,..,..,..,..,..,..,..,..,..,..,..,..,..,..,..,..,..,..,..,..,..,..,..,..,..,..,..,..,8099,8242,8387,8521,8626,8697,8758,8783,8794,8778,8752,8704,8657,8571,8486,8393,8294,8181,8089,8017,7969,7954,7954,7943,7952,7949,7926,7849,7789,7685,7599,7477,7320,..
Burkina Faso,BFA,Number of under-five deaths,SH.DTH.MORT,72375,72899,73520,74232,75063,75909,76839,77843,78828,79716,80434,80905,80943,80584,79836,78746,77576,76571,76136,76016,76133,76437,76812,77251,77761,78358,78752,79065,79467,80114,81206,82604,84141,85631,87034,88197,89037,89593,89982,90343,90690,90750,90437,89993,89167,87997,86765,85326,83726,82150,80630,79269,77935,76537,75095,73458,71500,69425,67453,65817,64112,62547,61166,..
Burundi,BDI,"Death rate, crude (per 1,000 people)",SP.DYN.CDRT.IN,21.657,21.409,21.2,20.97,20.737,22.226,21.133,21.296,21.318,21.713,21.636,21.692,39.912,26.085,21.549,21.573,21.478,21.197,20.999,20.408,19.821,19.091,18.467,17.82,17.373,17.172,17.269,17.569,20.561,18.639,19.067,19.393,19.519,24.9,18.937,18.823,18.599,17.626,16.646,15.965,15.907,15.316,14.501,13.984,13.369,12.841,12.366,11.871,11.316,10.92,10.538,10.094,9.625,9.178,8.798,8.553,8.18,7.772,7.648,7.352,7.562,7.474,7.311,..
Burundi,BDI,Number of deaths ages 10-14 years,SH.DTH.1014,..,..,..,..,..,..,..,..,..,..,..,..,..,..,..,..,..,..,..,..,..,..,..,..,..,..,..,..,..,..,2730,3021,3323,7784,3746,4000,4093,4123,4144,4131,4045,3907,3701,3446,3118,2788,2540,2310,2117,2023,1987,1958,1980,2049,2144,2262,2372,2493,2597,2699,2793,2869,2920,..
Burundi,BDI,Number of deaths ages 15-19 years,SH.DTH.1519,..,..,..,..,..,..,..,..,..,..,..,..,..,..,..,..,..,..,..,..,..,..,..,..,..,..,..,..,..,..,3390,3617,3856,7429,3951,4597,4670,4570,4475,4356,4122,3816,3535,3270,3024,2772,2530,2316,2148,2004,1925,1880,1845,1821,1842,1881,1858,1880,1943,2027,2101,2186,2252,..
Burundi,BDI,Number of deaths ages 20-24 years,SH.DTH.2024,..,..,..,..,..,..,..,..,..,..,..,..,..,..,..,..,..,..,..,..,..,..,..,..,..,..,..,..,..,..,4269,4455,4650,8514,3784,4854,4708,4251,4023,3937,3729,3523,3391,3235,3088,2923,2712,2496,2318,2204,2180,2106,2040,2006,1936,1862,1743,1673,1631,1684,1735,1763,1812,..
Burundi,BDI,Number of deaths ages 5-9 years,SH.DTH.0509,..,..,..,..,..,..,..,..,..,..,..,..,..,..,..,..,..,..,..,..,..,..,..,..,..,..,..,..,..,..,7204,7714,8125,13116,8487,8734,8755,8678,8591,8271,7813,7403,6847,6164,5618,5129,4630,4265,4041,3916,3884,3921,4004,4116,4257,4412,4514,4586,4621,4606,4548,4453,4324,..
Burundi,BDI,Number of under-five deaths,SH.DTH.MORT,..,..,..,..,..,..,..,..,..,38538,39649,40633,53692,41266,41444,42423,43202,43514,43743,43947,43540,43636,43313,42198,41239,40533,40106,40018,40596,41379,42246,43152,43943,51058,42102,41534,43508,42000,40219,39816,39743,39157,38969,38996,38948,38858,38450,37735,36967,36255,35802,34924,33513,32152,30867,29587,27959,26281,25001,24066,23313,22593,21914,..
Cabo Verde,CPV,"Death rate, crude (per 1,000 people)",SP.DYN.CDRT.IN,18.469,17.847,17.338,16.815,16.357,15.917,15.446,15.114,14.744,14.332,13.913,13.595,13.34,12.983,12.541,11.983,11.576,11.086,10.71,10.424,10.24,10.186,10.185,10.194,10.207,9.919,9.597,9.229,8.868,8.642,8.315,8.137,7.977,7.887,7.807,8.178,7.347,6.97,6.624,6.321,5.844,5.446,5.291,5.19,5.175,5.151,5.601,5.636,6.15,6.205,6.409,5.938,5.808,5.472,5.401,5.695,5.198,4.868,5.275,5.162,5.692,6.028,5.659,..
Cabo Verde,CPV,Number of deaths ages 10-14 years,SH.DTH.1014,..,..,..,..,..,..,..,..,..,..,..,..,..,..,..,..,..,..,..,..,..,..,..,..,..,..,..,..,..,..,23,24,24,25,26,43,26,26,26,26,26,26,25,24,24,23,23,21,20,19,18,16,16,15,13,13,13,12,12,11,11,10,10,..
Cabo Verde,CPV,Number of deaths ages 15-19 years,SH.DTH.1519,..,..,..,..,..,..,..,..,..,..,..,..,..,..,..,..,..,..,..,..,..,..,..,..,..,..,..,..,..,..,25,27,29,31,33,50,37,39,39,39,39,39,38,38,38,39,39,38,38,38,36,36,34,32,31,31,29,28,26,25,24,24,22,..
Cabo Verde,CPV,Number of deaths ages 20-24 years,SH.DTH.2024,..,..,..,..,..,..,..,..,..,..,..,..,..,..,..,..,..,..,..,..,..,..,..,..,..,..,..,..,..,..,39,39,41,42,43,60,46,46,48,48,49,49,49,48,49,49,49,50,50,50,49,51,51,51,51,52,51,50,49,47,47,45,44,..
Cabo Verde,CPV,Number of deaths ages 5-9 years,SH.DTH.0509,..,..,..,..,..,..,..,..,..,..,..,..,..,..,..,..,..,..,..,..,..,..,..,..,..,..,..,..,..,..,34,34,34,34,34,59,32,32,31,30,29,28,27,25,24,22,21,19,17,17,15,14,14,12,12,11,10,10,10,9,9,9,8,..
Cabo Verde,CPV,Number of under-five deaths,SH.DTH.MORT,1648,1651,1648,1646,1641,1629,1615,1595,1571,1542,1512,1479,1438,1381,1320,1262,1206,1155,1112,1080,1061,1056,1057,1055,1047,1029,997,954,907,860,821,796,785,780,768,743,701,644,579,516,460,415,382,359,346,339,335,330,323,312,293,276,255,230,212,196,182,170,156,143,135,128,122,..
Cambodia,KHM,"Death rate, crude (per 1,000 people)",SP.DYN.CDRT.IN,20.951,20.439,19.883,19.292,18.862,18.545,18.096,17.936,17.71,17.368,22.577,22.319,21.743,21.816,21.628,85.733,86.575,31.701,22.627,19.061,16.53,16.694,16.469,16.131,15.731,15.257,14.902,13.742,13.168,12.727,12.246,11.986,11.75,11.528,11.38,11.064,10.847,10.467,10.151,9.749,9.273,8.667,8.149,7.641,7.273,7.042,6.809,6.63,6.418,6.127,6.121,5.947,5.863,5.817,5.756,5.81,5.779,5.775,5.874,5.947,6.228,6.838,6.785,..
Cambodia,KHM,Number of deaths ages 10-14 years,SH.DTH.1014,..,..,..,..,..,..,..,..,..,..,..,..,..,..,..,..,..,..,..,..,..,..,..,..,..,..,..,..,..,..,1275,1402,1568,1740,1857,1891,1874,1842,1799,1712,1624,1543,1460,1374,1295,1208,1115,1012,919,841,776,723,685,652,621,598,579,563,549,537,525,515,503,..
Cambodia,KHM,Number of deaths ages 15-19 years,SH.DTH.1519,..,..,..,..,..,..,..,..,..,..,..,..,..,..,..,..,..,..,..,..,..,..,..,..,..,..,..,..,..,..,2971,2686,2364,2140,2042,2071,2180,2316,2439,2517,2435,2308,2183,2063,1956,1871,1811,1768,1731,1691,1644,1585,1512,1453,1417,1400,1404,1439,1479,1507,1526,1548,1563,..
Cambodia,KHM,Number of deaths ages 20-24 years,SH.DTH.2024,..,..,..,..,..,..,..,..,..,..,..,..,..,..,..,..,..,..,..,..,..,..,..,..,..,..,..,..,..,..,3470,3459,3426,3503,3412,3100,2726,2321,1961,1849,1832,1905,2018,2138,2212,2222,2199,2179,2152,2095,2016,1939,1866,1795,1729,1667,1586,1494,1408,1342,1285,1267,1273,..
Cambodia,KHM,Number of deaths ages 5-9 years,SH.DTH.0509,..,..,..,..,..,..,..,..,..,..,..,..,..,..,..,..,..,..,..,..,..,..,..,..,..,..,..,..,..,..,6863,6803,6696,6550,6339,6073,5799,5497,5175,4644,4282,3881,3456,3074,2751,2473,2242,2067,1904,1738,1597,1469,1359,1267,1194,1133,1083,1040,1002,965,930,897,868,..
Cambodia,KHM,Number of under-five deaths,SH.DTH.MORT,..,..,..,..,..,..,..,..,..,..,..,..,..,..,..,..,..,..,..,..,..,..,..,40796,41797,42479,42875,43525,44254,44599,44987,45757,46366,47255,48049,47804,46504,44675,42138,39274,35966,32115,28598,25605,23199,21319,19807,18564,17347,16046,14834,13718,12812,12090,11449,10862,10297,9773,9245,8779,8351,7946,7582,..
Cameroon,CMR,"Death rate, crude (per 1,000 people)",SP.DYN.CDRT.IN,28.64,28.151,22.284,22.049,21.794,21.384,20.973,20.413,19.802,19.165,18.599,18.112,17.642,17.331,17.144,17.03,16.926,16.859,16.677,16.472,16.157,15.807,15.412,14.935,14.528,14.038,13.867,13.408,13.204,13.11,13.09,13.153,13.199,13.356,13.561,13.64,13.756,13.713,13.723,13.614,13.426,13.237,13.036,12.758,12.565,12.408,12.104,11.886,11.583,11.3,10.992,10.641,10.235,9.833,9.548,9.179,8.886,8.594,8.379,8.16,8.419,8.582,8.225,..
Cameroon,CMR,Number of deaths ages 10-14 years,SH.DTH.1014,..,..,..,..,..,..,..,..,..,..,..,..,..,..,..,..,..,..,..,..,..,..,..,..,..,..,..,..,..,..,2814,2922,3036,3150,3258,3360,3461,3561,3663,3764,3857,3939,4018,4082,4147,4197,4244,4287,4327,4384,4448,4518,4601,4697,4796,4909,5004,5104,5189,5263,5309,5343,5353,..
Cameroon,CMR,Number of deaths ages 15-19 years,SH.DTH.1519,..,..,..,..,..,..,..,..,..,..,..,..,..,..,..,..,..,..,..,..,..,..,..,..,..,..,..,..,..,..,3168,3257,3361,3480,3617,3766,3938,4118,4302,4468,4615,4749,4871,4990,5099,5196,5282,5348,5412,5481,5552,5622,5707,5799,5922,6091,6261,6424,6559,6690,6751,6835,6890,..
Cameroon,CMR,Number of deaths ages 20-24 years,SH.DTH.2024,..,..,..,..,..,..,..,..,..,..,..,..,..,..,..,..,..,..,..,..,..,..,..,..,..,..,..,..,..,..,3460,3645,3834,4026,4236,4443,4658,4884,5115,5347,5577,5808,6044,6269,6471,6657,6822,6964,7108,7247,7385,7513,7625,7729,7839,8013,8140,8221,8266,8365,8473,8612,8772,..
Cameroon,CMR,Number of deaths ages 5-9 years,SH.DTH.0509,..,..,..,..,..,..,..,..,..,..,..,..,..,..,..,..,..,..,..,..,..,..,..,..,..,..,..,..,..,..,7794,7992,8173,8357,8536,8712,8862,8988,9096,9177,9243,9282,9300,9317,9355,9411,9478,9557,9658,9748,9828,9915,9998,10062,10097,10144,10177,10173,10149,10075,10011,9938,9896,..
Cameroon,CMR,Number of under-five deaths,SH.DTH.MORT,59419,59742,60250,60959,61533,61777,61655,61134,60275,59349,58549,58071,57941,58292,59061,60214,61691,63136,64350,65221,65757,66099,66151,65219,63871,62992,62619,62661,63144,64229,66032,68449,71200,74043,76843,79222,81085,82543,83890,85108,85743,85752,85819,86125,86407,86673,86603,86517,86133,85738,84349,82729,80656,78282,76267,74537,73617,72603,71307,70191,68905,67185,65687,..
Canada,CAN,"Death rate, crude (per 1,000 people)",SP.DYN.CDRT.IN,7.8,7.7,7.7,7.8,7.5,7.6,7.5,7.4,7.4,7.3,7.3,7.3,7.4,7.4,7.4,7.3,7.2,7.1,7.1,7,7.1,7,7.1,7,7,7,7.2,7.2,7.3,7.3,7.3,7,6.9,7.1,7.1,7.2,7.2,7.2,7.2,7.2,7.1,7.1,7.1,7.1,7.1,7.1,7,7.2,7.2,7.1,7.1,7.1,7.1,7.2,7.3,7.4,7.4,7.6,7.7,7.6,8.1,8.2,8.6,..
Canada,CAN,Number of deaths ages 10-14 years,SH.DTH.1014,..,..,..,..,..,..,..,..,..,..,..,..,..,..,..,..,..,..,..,..,..,..,..,..,..,..,..,..,..,..,409,402,395,389,381,372,363,352,341,330,321,314,307,302,294,285,276,265,255,245,235,226,220,215,214,212,213,214,216,218,218,217,215,..
Canada,CAN,Number of deaths ages 15-19 years,SH.DTH.1519,..,..,..,..,..,..,..,..,..,..,..,..,..,..,..,..,..,..,..,..,..,..,..,..,..,..,..,..,..,..,1314,1251,1192,1149,1122,1105,1092,1081,1069,1056,1038,1017,998,985,979,975,964,944,917,884,849,815,778,740,712,701,708,722,728,730,742,758,788,..
Canada,CAN,Number of deaths ages 20-24 years,SH.DTH.2024,..,..,..,..,..,..,..,..,..,..,..,..,..,..,..,..,..,..,..,..,..,..,..,..,..,..,..,..,..,..,1752,1643,1548,1472,1410,1364,1331,1311,1297,1288,1283,1279,1281,1294,1311,1318,1309,1291,1267,1248,1238,1233,1230,1227,1227,1240,1274,1325,1372,1418,1478,1546,1604,..
Canada,CAN,Number of deaths ages 5-9 years,SH.DTH.0509,..,..,..,..,..,..,..,..,..,..,..,..,..,..,..,..,..,..,..,..,..,..,..,..,..,..,..,..,..,..,380,369,355,343,332,322,312,302,291,278,264,250,236,223,211,200,190,182,176,169,165,162,161,162,162,162,162,161,159,156,153,149,145,..
Canada,CAN,Number of under-five deaths,SH.DTH.MORT,15238,14729,14137,13499,12757,11682,10457,9489,8808,8357,8005,7600,7106,6631,6265,5990,5739,5479,5191,4931,4710,4462,4241,4063,3914,3774,3645,3526,3441,3427,3423,3284,3091,2939,2798,2665,2519,2363,2237,2155,2073,2029,2020,2020,2024,2025,2048,2101,2145,2152,2131,2105,2094,2073,2048,2012,1968,1952,1929,1884,1864,1863,1848,..
Cayman Islands,CYM,"Death rate, crude (per 1,000 people)",SP.DYN.CDRT.IN,..,..,..,..,..,..,..,..,..,..,..,..,..,..,..,..,..,..,..,..,..,..,..,..,..,5.6,6,4.6,4.6,4.5,4.1,4.1,4,4,4,3.4,3.6,3.4,3.1,3.3,3.4,3.2,2.8,3.5,4.6,3.8,3.4,3,3,3.1,3,3.2,3.3,3.2,2.9,2.9,3.1,3.4,3.3,3.7,3.3,4,4.5,..
Cayman Islands,CYM,Number of deaths ages 10-14 years,SH.DTH.1014,..,..,..,..,..,..,..,..,..,..,..,..,..,..,..,..,..,..,..,..,..,..,..,..,..,..,..,..,..,..,..,..,..,..,..,..,..,..,..,..,..,..,..,..,..,..,..,..,..,..,..,..,..,..,..,..,..,..,..,..,..,..,..,..
Cayman Islands,CYM,Number of deaths ages 15-19 years,SH.DTH.1519,..,..,..,..,..,..,..,..,..,..,..,..,..,..,..,..,..,..,..,..,..,..,..,..,..,..,..,..,..,..,..,..,..,..,..,..,..,..,..,..,..,..,..,..,..,..,..,..,..,..,..,..,..,..,..,..,..,..,..,..,..,..,..,..
Cayman Islands,CYM,Number of deaths ages 20-24 years,SH.DTH.2024,..,..,..,..,..,..,..,..,..,..,..,..,..,..,..,..,..,..,..,..,..,..,..,..,..,..,..,..,..,..,..,..,..,..,..,..,..,..,..,..,..,..,..,..,..,..,..,..,..,..,..,..,..,..,..,..,..,..,..,..,..,..,..,..
Cayman Islands,CYM,Number of deaths ages 5-9 years,SH.DTH.0509,..,..,..,..,..,..,..,..,..,..,..,..,..,..,..,..,..,..,..,..,..,..,..,..,..,..,..,..,..,..,..,..,..,..,..,..,..,..,..,..,..,..,..,..,..,..,..,..,..,..,..,..,..,..,..,..,..,..,..,..,..,..,..,..
Cayman Islands,CYM,Number of under-five deaths,SH.DTH.MORT,..,..,..,..,..,..,..,..,..,..,..,..,..,..,..,..,..,..,..,..,..,..,..,..,..,..,..,..,..,..,..,..,..,..,..,..,..,..,..,..,..,..,..,..,..,..,..,..,..,..,..,..,..,..,..,..,..,..,..,..,..,..,..,..
Central African Republic,CAF,"Death rate, crude (per 1,000 people)",SP.DYN.CDRT.IN,25.41,24.9,24.396,23.898,23.394,22.893,22.4,21.893,21.39,20.852,20.302,19.767,19.238,18.743,18.271,17.833,17.461,17.212,17.003,16.825,16.68,16.535,16.448,16.349,16.273,16.19,16.126,16.09,16.07,16.071,16.088,16.132,16.206,16.273,16.4,16.577,16.795,16.99,17.068,17.159,17.325,17.245,17.168,16.889,16.658,16.367,16.08,15.696,15.313,14.907,14.534,14.092,13.622,13.392,13.517,12.15,11.711,11.544,11.23,10.873,11.041,11.393,11.003,..
Central African Republic,CAF,Number of deaths ages 10-14 years,SH.DTH.1014,..,..,..,..,..,..,..,..,..,..,..,..,..,..,..,..,..,..,..,..,..,..,..,..,..,..,..,..,..,..,750,773,801,832,865,899,927,962,998,1033,1071,1110,1136,1177,1218,1263,1308,1348,1388,1425,1461,1491,1515,1533,1548,1558,1573,1590,1613,1627,1640,1650,1656,..
Central African Republic,CAF,Number of deaths ages 15-19 years,SH.DTH.1519,..,..,..,..,..,..,..,..,..,..,..,..,..,..,..,..,..,..,..,..,..,..,..,..,..,..,..,..,..,..,1010,1031,1059,1097,1144,1197,1249,1307,1364,1420,1475,1535,1567,1617,1643,1658,1666,1659,1646,1641,1624,1615,1596,1565,1540,1506,1503,1652,1508,1501,1489,1645,1473,..
Central African Republic,CAF,Number of deaths ages 20-24 years,SH.DTH.2024,..,..,..,..,..,..,..,..,..,..,..,..,..,..,..,..,..,..,..,..,..,..,..,..,..,..,..,..,..,..,1402,1439,1479,1516,1553,1587,1610,1654,1707,1779,1866,1964,2032,2126,2188,2243,2296,2318,2363,2394,2417,2437,2423,2365,2321,2230,2269,2674,2393,2449,2516,2931,2610,..
Central African Republic,CAF,Number of deaths ages 5-9 years,SH.DTH.0509,..,..,..,..,..,..,..,..,..,..,..,..,..,..,..,..,..,..,..,..,..,..,..,..,..,..,..,..,..,..,1535,1557,1585,1620,1651,1684,1710,1741,1771,1807,1846,1892,1927,1982,2036,2093,2146,2191,2233,2273,2306,2332,2358,2370,2378,2380,2387,2396,2396,2375,2328,2285,2232,..
Central African Republic,CAF,Number of under-five deaths,SH.DTH.MORT,..,..,..,..,..,19182,19249,19335,19408,19461,19421,19379,19305,19186,19047,18922,18873,18902,18975,19121,19302,19501,19724,19950,20205,20483,20785,21097,21392,21691,22056,22490,22873,23255,23683,24167,24593,24891,25162,25436,25680,25805,25774,25775,25742,25637,25476,25315,25186,25047,24974,24902,24709,24393,23866,23026,22384,22408,22399,22267,22212,22262,22219,..
Chad,TCD,"Death rate, crude (per 1,000 people)",SP.DYN.CDRT.IN,26.335,26.049,25.817,25.551,25.271,25.412,25.278,24.97,24.596,24.308,24.061,24.447,23.59,23.458,23.463,23.374,23.139,22.922,22.66,22.356,22.103,21.89,21.378,21.06,20.987,20.723,20.423,21.846,20.154,20.086,20.737,20.029,19.852,19.718,19.537,19.195,18.909,18.692,18.548,18.305,18.088,17.695,17.441,17.118,16.982,16.827,16.707,16.301,16.007,15.765,15.421,15.056,14.634,14.373,14.022,13.693,13.291,13.043,12.671,12.369,12.486,12.504,12.157,..
Chad,TCD,Number of deaths ages 10-14 years,SH.DTH.1014,..,..,..,..,..,..,..,..,..,..,..,..,..,..,..,..,..,..,..,..,..,..,..,..,..,..,..,..,..,..,1964,1968,1977,2005,2052,2107,2177,2261,2344,2420,2508,2608,2715,2824,2924,3007,3101,3203,3288,3396,3503,3604,3695,3783,3883,3995,4115,4246,4377,4493,4578,4656,4714,..
Chad,TCD,Number of deaths ages 15-19 years,SH.DTH.1519,..,..,..,..,..,..,..,..,..,..,..,..,..,..,..,..,..,..,..,..,..,..,..,..,..,..,..,..,..,..,3523,2996,3114,3157,3130,3186,3277,3270,3311,3391,3467,3537,3641,3747,3867,4002,4117,4247,4386,4527,4634,4775,4915,5042,5171,5284,5330,5363,5395,5429,5466,5549,5602,..
Chad,TCD,Number of deaths ages 20-24 years,SH.DTH.2024,..,..,..,..,..,..,..,..,..,..,..,..,..,..,..,..,..,..,..,..,..,..,..,..,..,..,..,..,..,..,3214,1817,2011,2144,2166,2291,2520,2620,2705,2782,2869,2925,2973,3065,3261,3453,3581,3741,3864,4004,4151,4310,4490,4668,4864,5012,5113,5272,5399,5558,5677,5821,5952,..
Chad,TCD,Number of deaths ages 5-9 years,SH.DTH.0509,..,..,..,..,..,..,..,..,..,..,..,..,..,..,..,..,..,..,..,..,..,..,..,..,..,..,..,..,..,..,6328,6324,6405,6455,6450,6508,6615,6704,6799,6848,6852,6890,6925,6932,6963,7012,7021,6999,6964,6948,6955,6967,6988,7001,7000,6975,6932,6885,6846,6806,6765,6698,6625,..
Chad,TCD,Number of under-five deaths,SH.DTH.MORT,..,..,..,..,..,..,..,..,..,..,..,..,..,..,..,..,..,48554,49003,49347,49854,49305,48661,50405,52599,53022,53369,54995,56839,58297,59843,61153,63120,65418,66240,66801,68871,70727,71734,72722,73720,74540,74963,75384,76427,77915,78954,79713,80291,80609,80921,81013,81083,80977,80942,80732,79988,78985,77966,77368,76731,75991,75306,..
Channel Islands,CHI,"Death rate, crude (per 1,000 people)",SP.DYN.CDRT.IN,12.3550638360229,13.3363574506691,11.8978082511839,12.9614802953474,11.6025212155358,11.8869304723422,11.7382617382617,11.1981606063187,12.6024581532681,12.4703880417737,12.6939001512359,12.4179368379693,12.2417874631125,12.0596151528542,12.0172768276939,12.4136621490114,11.9006391083966,11.8187168922896,11.6709878042094,12.2643723113023,11.821790223778,11.6488989183721,11.032758806919,11.6365247820539,10.2380556017979,10.9404271262645,10.770874132099,10.0686901896319,9.85010706638116,9.84715718102681,9.90746865242779,10.448088049337,9.25984606826232,10.5488049138737,9.55315654261368,9.77840753652874,9.65024003135103,9.50198190165031,9.01456893024804,9.02555745074614,8.93287269624104,8.88088521267563,9.20043216210156,8.72988587106734,8.39251561476013,8.30442482571984,8.11922229167352,7.89035731767009,7.87829745913578,8.21982905324266,8.23918487507408,7.92046585011944,8.30911417782009,8.26063556829418,8.06652083126181,8.47771132622233,8.6122122391141,8.81275913204007,8.71701971194375,8.54731125671448,8.47393243061603,8.44900771934701,8.21466115958846,..
Channel Islands,CHI,Number of deaths ages 10-14 years,SH.DTH.1014,..,..,..,..,..,..,..,..,..,..,..,..,..,..,..,..,..,..,..,..,..,..,..,..,..,..,..,..,..,..,..,..,..,..,..,..,..,..,..,..,..,..,..,..,..,..,..,..,..,..,..,..,..,..,..,..,..,..,..,..,..,..,..,..
Channel Islands,CHI,Number of deaths ages 15-19 years,SH.DTH.1519,..,..,..,..,..,..,..,..,..,..,..,..,..,..,..,..,..,..,..,..,..,..,..,..,..,..,..,..,..,..,..,..,..,..,..,..,..,..,..,..,..,..,..,..,..,..,..,..,..,..,..,..,..,..,..,..,..,..,..,..,..,..,..,..
Channel Islands,CHI,Number of deaths ages 20-24 years,SH.DTH.2024,..,..,..,..,..,..,..,..,..,..,..,..,..,..,..,..,..,..,..,..,..,..,..,..,..,..,..,..,..,..,..,..,..,..,..,..,..,..,..,..,..,..,..,..,..,..,..,..,..,..,..,..,..,..,..,..,..,..,..,..,..,..,..,..
Channel Islands,CHI,Number of deaths ages 5-9 years,SH.DTH.0509,..,..,..,..,..,..,..,..,..,..,..,..,..,..,..,..,..,..,..,..,..,..,..,..,..,..,..,..,..,..,..,..,..,..,..,..,..,..,..,..,..,..,..,..,..,..,..,..,..,..,..,..,..,..,..,..,..,..,..,..,..,..,..,..
Channel Islands,CHI,Number of under-five deaths,SH.DTH.MORT,..,..,..,..,..,..,..,..,..,..,..,..,..,..,..,..,..,..,..,..,..,..,..,..,..,..,..,..,..,..,..,..,..,..,..,..,..,..,..,..,..,..,..,..,..,..,..,..,..,..,..,..,..,..,..,..,..,..,..,..,..,..,..,..
Chile,CHL,"Death rate, crude (per 1,000 people)",SP.DYN.CDRT.IN,10.992,10.748,10.577,10.982,10.094,9.755,9.647,9.128,8.718,8.679,8.365,8.298,8.524,7.764,7.374,6.806,7.158,6.497,6.323,6.422,6.212,5.823,5.77,6.044,5.943,5.732,5.54,5.327,5.459,5.538,5.625,5.313,5.201,5.316,5.217,5.352,5.337,5.138,5.258,5.246,4.959,5.157,5.035,5.247,5.293,5.301,5.352,5.754,5.557,5.612,5.962,5.805,6.074,6.037,6.12,6.121,6.107,6.139,6.327,6.346,7.221,7.426,7.199,..
Chile,CHL,Number of deaths ages 10-14 years,SH.DTH.1014,..,..,..,..,..,..,..,..,..,..,..,..,..,..,..,..,..,..,..,..,..,..,..,..,..,..,..,..,..,..,400,388,376,366,358,351,344,339,333,327,322,316,310,302,293,283,272,262,252,242,232,224,217,211,205,199,193,189,186,186,185,185,182,..
Chile,CHL,Number of deaths ages 15-19 years,SH.DTH.1519,..,..,..,..,..,..,..,..,..,..,..,..,..,..,..,..,..,..,..,..,..,..,..,..,..,..,..,..,..,..,826,811,798,788,781,775,763,739,710,689,679,677,676,674,672,672,679,696,712,715,693,660,626,599,577,564,554,549,547,549,554,551,545,..
Chile,CHL,Number of deaths ages 20-24 years,SH.DTH.2024,..,..,..,..,..,..,..,..,..,..,..,..,..,..,..,..,..,..,..,..,..,..,..,..,..,..,..,..,..,..,1260,1244,1229,1218,1208,1199,1180,1142,1096,1058,1036,1019,1003,985,967,954,955,976,1006,1022,1011,986,959,934,918,913,910,913,927,945,964,965,961,..
Chile,CHL,Number of deaths ages 5-9 years,SH.DTH.0509,..,..,..,..,..,..,..,..,..,..,..,..,..,..,..,..,..,..,..,..,..,..,..,..,..,..,..,..,..,..,405,392,381,371,362,354,345,333,321,307,293,277,263,248,235,221,210,199,191,183,176,170,165,162,160,159,156,155,152,148,145,140,135,..
Chile,CHL,Number of under-five deaths,SH.DTH.MORT,42801,41967,40724,38945,36328,33013,29688,26851,24717,23309,22527,22049,21586,20814,19409,17411,15193,13048,11205,9794,8776,7960,7221,6617,6263,6158,6172,6179,6103,5909,5591,5199,4750,4323,3977,3680,3449,3283,3133,2948,2721,2523,2385,2270,2168,2098,2066,2075,2105,2122,2106,2068,2022,1979,1942,1891,1817,1724,1651,1599,1548,1495,1441,..
China,CHN,"Death rate, crude (per 1,000 people)",SP.DYN.CDRT.IN,25.43,14.24,10.02,10.04,11.5,9.5,8.83,8.43,8.21,8.03,7.6,7.32,7.61,7.04,7.34,7.32,7.25,6.87,6.25,6.21,6.34,6.36,6.6,6.9,6.82,6.78,6.86,6.72,6.64,6.54,6.67,6.7,6.64,6.64,6.49,6.57,6.56,6.51,6.5,6.46,6.45,6.43,6.41,6.4,6.42,6.51,6.81,6.93,7.06,7.08,7.11,7.14,7.13,7.13,7.12,7.07,7.04,7.06,7.08,7.09,7.07,7.18,7.37,..
China,CHN,Number of deaths ages 10-14 years,SH.DTH.1014,..,..,..,..,..,..,..,..,..,..,..,..,..,..,..,..,..,..,..,..,..,..,..,..,..,..,..,..,..,..,50770,49186,48786,48476,47457,46614,46018,45504,45217,45060,44717,43108,39947,36531,33179,29638,26786,24885,27437,21884,20751,19793,18904,18232,17710,17192,16790,16575,16486,16487,16419,16233,16093,..
China,CHN,Number of deaths ages 15-19 years,SH.DTH.1519,..,..,..,..,..,..,..,..,..,..,..,..,..,..,..,..,..,..,..,..,..,..,..,..,..,..,..,..,..,..,123583,112963,102599,92790,84782,79469,76154,74752,73361,70938,68783,67072,65560,64189,63054,61671,58578,53447,48141,43036,37814,33641,30979,28828,27069,25749,24682,23764,22876,22071,21332,20867,20540,..
China,CHN,Number of deaths ages 20-24 years,SH.DTH.2024,..,..,..,..,..,..,..,..,..,..,..,..,..,..,..,..,..,..,..,..,..,..,..,..,..,..,..,..,..,..,94223,94867,95348,94130,90750,86080,80474,75043,69765,65643,63553,63107,64185,65314,65603,65886,66492,67190,68093,69203,70155,69124,65520,61407,57357,52556,48721,46471,44442,42459,41049,40311,39392,..
China,CHN,Number of deaths ages 5-9 years,SH.DTH.0509,..,..,..,..,..,..,..,..,..,..,..,..,..,..,..,..,..,..,..,..,..,..,..,..,..,..,..,..,..,..,96569,93153,90013,87283,84980,82409,77576,70196,62659,55551,48387,42530,38393,34872,31826,29370,27296,25470,28405,22627,21402,20334,19606,19107,18712,18355,17935,17631,17299,16816,16388,15843,15351,..
China,CHN,Number of under-five deaths,SH.DTH.MORT,..,..,..,..,..,..,..,..,..,..,..,..,..,..,2449260,2131853,1857518,1632462,1455675,1371726,1329623,1304227,1321793,1274403,1225844,1262721,1326545,1403809,1422138,1426569,1467149,1360378,1185934,1089839,1006963,927395,851770,783627,721193,664601,626362,576749,517403,469994,430447,395997,365272,340247,319908,301391,280609,258908,247157,231243,212530,193940,178886,169367,148303,126421,107782,89417,77495,..
Colombia,COL,"Death rate, crude (per 1,000 people)",SP.DYN.CDRT.IN,11.873,11.477,11.096,10.701,10.356,10.025,9.711,9.428,9.139,8.853,8.579,8.263,7.956,7.685,7.404,7.127,6.894,6.676,6.484,6.343,6.173,6.066,5.96,5.897,5.832,6.532,5.788,5.829,5.83,5.826,5.834,5.818,5.78,5.71,5.653,5.58,5.536,5.476,5.442,5.432,5.351,5.35,5.26,5.179,5.134,5.072,5.016,4.993,4.947,4.912,4.924,4.945,4.982,5.041,5.106,5.168,5.213,5.249,5.311,5.411,6.606,7.735,7.409,..
Colombia,COL,Number of deaths ages 10-14 years,SH.DTH.1014,..,..,..,..,..,..,..,..,..,..,..,..,..,..,..,..,..,..,..,..,..,..,..,..,..,..,..,..,..,..,1870,1831,1790,1750,1708,1671,1643,1625,1617,1611,1604,1593,1573,1550,1523,1496,1465,1432,1396,1359,1321,1285,1251,1217,1188,1160,1136,1115,1101,1091,1086,1088,1093,..
Colombia,COL,Number of deaths ages 15-19 years,SH.DTH.1519,..,..,..,..,..,..,..,..,..,..,..,..,..,..,..,..,..,..,..,..,..,..,..,..,..,..,..,..,..,..,6522,6414,6331,6270,6210,6166,6154,6203,6331,6544,6720,6660,6278,5730,5175,4734,4490,4455,4525,4598,4619,4567,4436,4270,4112,3969,3851,3759,3712,3681,3654,3634,3631,..
Colombia,COL,Number of deaths ages 20-24 years,SH.DTH.2024,..,..,..,..,..,..,..,..,..,..,..,..,..,..,..,..,..,..,..,..,..,..,..,..,..,..,..,..,..,..,11096,10506,9926,9398,8933,8579,8379,8381,8594,9019,9491,9729,9555,9050,8352,7672,7187,6960,6873,6812,6728,6592,6393,6185,6010,5876,5788,5772,5875,6040,6219,6394,6584,..
Colombia,COL,Number of deaths ages 5-9 years,SH.DTH.0509,..,..,..,..,..,..,..,..,..,..,..,..,..,..,..,..,..,..,..,..,..,..,..,..,..,..,..,..,..,..,1729,1677,1623,1575,1530,1492,1464,1445,1433,1419,1401,1376,1342,1303,1265,1226,1189,1151,1112,1072,1031,991,952,914,880,852,828,812,801,796,796,799,804,..
Colombia,COL,Number of under-five deaths,SH.DTH.MORT,93351,92511,91486,90260,88922,87195,85051,82616,79832,76734,73494,70283,67068,63980,61104,58427,55917,53521,51231,49053,46852,44669,42589,40563,38662,41264,35520,34268,33184,32252,31427,30610,29753,28819,27822,26781,25722,24653,23643,22706,21827,20978,20143,19318,18500,17687,16879,16101,15363,14661,14020,13442,12910,12410,11945,11502,11059,10656,10283,9995,9704,9358,8982,..
Comoros,COM,"Death rate, crude (per 1,000 people)",SP.DYN.CDRT.IN,25.08,24.68,24.278,23.942,23.607,23.169,22.743,22.208,21.581,21.003,20.45,19.922,19.419,19.036,18.655,19.267,18.013,17.699,17.325,16.988,16.642,16.28,15.865,15.607,15.137,14.736,14.32,14.016,13.562,13.265,12.806,12.498,12.134,11.734,11.41,11.159,10.927,10.819,10.767,10.513,10.51,10.292,10.317,10.174,10.009,9.997,9.899,9.819,9.677,9.553,9.457,9.313,9.175,8.999,8.865,8.685,8.516,8.326,8.235,8.203,8.274,8.718,8.528,..
Comoros,COM,Number of deaths ages 10-14 years,SH.DTH.1014,..,..,..,..,..,..,..,..,..,..,..,..,..,..,..,..,..,..,..,..,..,..,..,..,..,..,..,..,..,..,51,50,50,50,50,51,51,50,50,50,50,49,49,48,49,47,47,46,45,44,42,42,40,38,37,35,34,32,32,31,31,31,30,..
Comoros,COM,Number of deaths ages 15-19 years,SH.DTH.1519,..,..,..,..,..,..,..,..,..,..,..,..,..,..,..,..,..,..,..,..,..,..,..,..,..,..,..,..,..,..,112,111,110,109,106,106,104,103,103,102,99,97,94,93,92,89,87,84,82,80,78,76,75,74,73,71,70,67,65,61,59,58,56,..
Comoros,COM,Number of deaths ages 20-24 years,SH.DTH.2024,..,..,..,..,..,..,..,..,..,..,..,..,..,..,..,..,..,..,..,..,..,..,..,..,..,..,..,..,..,..,84,85,85,84,84,84,84,84,84,83,82,80,79,77,78,77,77,76,75,74,73,72,70,69,69,67,67,66,65,64,63,62,62,..
Comoros,COM,Number of deaths ages 5-9 years,SH.DTH.0509,..,..,..,..,..,..,..,..,..,..,..,..,..,..,..,..,..,..,..,..,..,..,..,..,..,..,..,..,..,..,159,159,159,158,157,155,154,152,150,146,144,143,142,142,138,134,130,125,119,113,107,103,99,97,93,91,89,86,84,82,80,78,76,..
Comoros,COM,Number of under-five deaths,SH.DTH.MORT,..,..,..,..,..,..,..,..,..,..,..,..,..,..,..,2456,2462,2468,2473,2479,2480,2478,2468,2447,2419,2390,2357,2324,2292,2258,2221,2182,2137,2086,2032,1986,1951,1921,1891,1866,1834,1801,1772,1739,1711,1692,1668,1641,1615,1594,1575,1553,1525,1491,1457,1420,1380,1341,1303,1267,1230,1193,1157,..
"Congo, Dem. Rep.",COD,"Death rate, crude (per 1,000 people)",SP.DYN.CDRT.IN,23.167,23.642,23.547,23.328,23.756,23.213,22.149,21.937,21.616,21.373,21.094,20.777,20.532,20.354,20.068,19.962,19.769,19.629,19.722,19.206,19.005,18.814,18.648,18.455,18.274,18.164,17.994,17.727,17.429,17.142,16.833,16.591,16.391,16.177,15.967,15.689,16.403,15.676,15.876,15.636,14.637,14.384,14.186,13.854,13.465,13.136,12.777,12.529,12.275,11.98,11.653,11.301,11.166,10.857,10.551,10.396,10.077,9.865,9.573,9.38,9.537,9.7,9.352,..
"Congo, Dem. Rep.",COD,Number of deaths ages 10-14 years,SH.DTH.1014,..,..,..,..,..,..,..,..,..,..,..,..,..,..,..,..,..,..,..,..,..,..,..,..,..,..,..,..,..,..,8540,8822,9122,9444,9781,10152,10510,10865,11230,11621,12001,12391,12796,13203,13604,14132,14726,15246,15734,16223,16599,16944,17349,17843,18418,18942,19447,20019,20413,20847,21305,21672,22051,..
"Congo, Dem. Rep.",COD,Number of deaths ages 15-19 years,SH.DTH.1519,..,..,..,..,..,..,..,..,..,..,..,..,..,..,..,..,..,..,..,..,..,..,..,..,..,..,..,..,..,..,14455,14738,14962,15154,15527,16321,18438,16637,17007,17692,18413,19138,19871,20587,21230,21930,22734,23651,24655,25778,27113,28616,30041,31173,31982,32373,32560,32601,32816,32963,33340,33711,34085,..
"Congo, Dem. Rep.",COD,Number of deaths ages 20-24 years,SH.DTH.2024,..,..,..,..,..,..,..,..,..,..,..,..,..,..,..,..,..,..,..,..,..,..,..,..,..,..,..,..,..,..,17016,17463,17806,17963,18350,19696,23238,18798,18395,18568,18842,19211,19681,20199,20645,21247,21900,22631,23421,24132,24806,25467,26204,26883,27660,28574,29646,30514,31186,31699,32098,32533,33117,..
"Congo, Dem. Rep.",COD,Number of deaths ages 5-9 years,SH.DTH.0509,..,..,..,..,..,..,..,..,..,..,..,..,..,..,..,..,..,..,..,..,..,..,..,..,..,..,..,..,..,..,28113,28429,28778,29104,29392,29778,29910,29974,30021,30154,30460,30891,31184,31294,31335,31228,31016,30940,30956,30990,31040,31068,31177,31301,31497,31693,31906,32118,32282,32357,32353,32293,32300,..
"Congo, Dem. Rep.",COD,Number of under-five deaths,SH.DTH.MORT,..,..,..,..,..,..,..,..,..,..,..,..,..,..,234278,235540,236425,237241,238200,241085,245389,248953,252114,255991,260538,266009,271774,277310,282492,287187,291425,296584,302220,306894,313110,326224,337110,337751,335054,334185,333928,332168,330479,329093,326929,324577,323474,322521,321211,320575,320103,319930,319788,317766,315930,315065,313750,313252,311840,310049,306761,304496,302078,..
"Congo, Rep.",COG,"Death rate, crude (per 1,000 people)",SP.DYN.CDRT.IN,17.613,17.09,16.528,16.103,15.714,15.377,15.004,14.776,14.376,14.061,13.77,13.502,13.283,13.031,12.769,12.556,12.341,12.151,11.923,11.697,11.456,11.245,11.056,10.854,10.643,10.59,10.531,10.545,10.698,10.895,11.146,11.459,11.741,12.006,12.225,12.287,12.387,16.201,13.847,12.746,12.204,11.84,11.463,10.973,10.416,9.831,9.439,9.059,8.689,8.377,8.123,7.942,7.753,7.532,7.358,7.196,7.02,6.924,6.797,7.388,6.923,7.063,7.275,..
"Congo, Rep.",COG,Number of deaths ages 10-14 years,SH.DTH.1014,..,..,..,..,..,..,..,..,..,..,..,..,..,..,..,..,..,..,..,..,..,..,..,..,..,..,..,..,..,..,455,455,452,448,450,452,455,458,461,461,459,457,452,448,445,441,438,434,431,427,423,420,417,415,416,419,422,427,433,679,450,457,462,..
"Congo, Rep.",COG,Number of deaths ages 15-19 years,SH.DTH.1519,..,..,..,..,..,..,..,..,..,..,..,..,..,..,..,..,..,..,..,..,..,..,..,..,..,..,..,..,..,..,1360,1326,1295,1264,1233,1195,1154,1107,1050,1008,971,953,914,872,842,810,779,749,718,682,658,624,594,564,542,527,518,517,516,731,524,527,534,..
"Congo, Rep.",COG,Number of deaths ages 20-24 years,SH.DTH.2024,..,..,..,..,..,..,..,..,..,..,..,..,..,..,..,..,..,..,..,..,..,..,..,..,..,..,..,..,..,..,1490,1469,1457,1445,1443,1437,1440,1425,1384,1366,1334,1364,1319,1265,1252,1246,1245,1239,1229,1196,1202,1166,1128,1080,1046,1023,1013,1011,1016,1249,1040,1055,1077,..
"Congo, Rep.",COG,Number of deaths ages 5-9 years,SH.DTH.0509,..,..,..,..,..,..,..,..,..,..,..,..,..,..,..,..,..,..,..,..,..,..,..,..,..,..,..,..,..,..,1609,1562,1519,1479,1434,1384,1337,1291,1245,1199,1154,1113,1069,1019,973,926,881,841,803,766,735,702,674,654,642,636,632,626,619,998,589,569,549,..
"Congo, Rep.",COG,Number of under-five deaths,SH.DTH.MORT,8449,8305,8188,8099,8044,7999,7958,7920,7908,7923,7940,7984,8036,8097,8117,8158,8164,8122,8060,7995,7918,7842,7766,7682,7605,7564,7567,7628,7731,7906,8148,8479,8900,9388,9937,10538,11184,11822,12304,12592,12667,12701,12587,12140,11647,11171,10731,10364,10119,9985,10003,10034,9958,9798,9533,9247,8919,8617,8359,9200,7851,7644,7418,..
Costa Rica,CRI,"Death rate, crude (per 1,000 people)",SP.DYN.CDRT.IN,10.232,9.926,9.716,9.36,9.019,8.626,8.192,7.829,7.477,7.15,6.943,6.529,6.335,5.874,5.706,5.402,5.134,4.849,4.587,4.577,4.462,4.219,4.005,3.927,3.975,4.014,3.935,3.902,3.83,3.826,3.758,3.823,3.865,3.894,3.961,4.057,4.019,3.985,4.114,4.088,3.995,4.089,3.999,4.055,4.047,4.078,4.176,4.304,4.421,4.433,4.552,4.379,4.541,4.62,5.059,5.034,4.986,5.18,5.276,5.468,5.627,7.192,7.113,..
Costa Rica,CRI,Number of deaths ages 10-14 years,SH.DTH.1014,..,..,..,..,..,..,..,..,..,..,..,..,..,..,..,..,..,..,..,..,..,..,..,..,..,..,..,..,..,..,99,101,103,105,107,109,110,111,112,112,111,109,108,105,104,102,99,97,96,93,91,89,86,84,82,79,77,75,75,74,73,72,72,..
Costa Rica,CRI,Number of deaths ages 15-19 years,SH.DTH.1519,..,..,..,..,..,..,..,..,..,..,..,..,..,..,..,..,..,..,..,..,..,..,..,..,..,..,..,..,..,..,155,162,170,180,191,203,215,226,234,237,238,239,241,241,239,237,242,253,262,257,241,224,212,207,212,223,232,234,228,218,208,204,208,..
Costa Rica,CRI,Number of deaths ages 20-24 years,SH.DTH.2024,..,..,..,..,..,..,..,..,..,..,..,..,..,..,..,..,..,..,..,..,..,..,..,..,..,..,..,..,..,..,213,218,223,231,242,252,264,276,286,293,296,300,304,310,314,319,334,361,383,384,367,347,333,333,347,371,392,401,399,390,380,379,388,..
Costa Rica,CRI,Number of deaths ages 5-9 years,SH.DTH.0509,..,..,..,..,..,..,..,..,..,..,..,..,..,..,..,..,..,..,..,..,..,..,..,..,..,..,..,..,..,..,108,108,108,107,106,104,103,100,98,95,92,89,87,84,81,78,76,73,71,68,66,63,61,60,59,57,57,55,53,51,50,48,46,..
Costa Rica,CRI,Number of under-five deaths,SH.DTH.MORT,5613,5613,5715,5813,5823,5734,5568,5346,5056,4784,4527,4212,3855,3483,3129,2792,2475,2190,1962,1814,1729,1698,1716,1756,1790,1798,1763,1683,1589,1501,1425,1361,1307,1269,1242,1219,1192,1162,1123,1078,1034,983,927,881,852,833,821,818,819,809,784,756,729,700,672,648,624,604,584,555,520,493,475,..
Cote d'Ivoire,CIV,"Death rate, crude (per 1,000 people)",SP.DYN.CDRT.IN,26.907,26.332,25.73,25.213,24.619,24.079,23.484,22.925,22.364,21.788,21.167,20.568,19.929,19.256,18.518,17.851,17.134,16.626,16.168,15.7,15.3,14.925,14.663,14.359,14.228,13.957,13.753,13.579,13.547,13.698,13.882,14.03,14.107,14.173,14.21,14.249,14.254,14.255,14.379,14.365,14.291,14.148,13.933,13.795,13.465,13.117,12.753,12.364,11.952,11.529,11.187,10.927,10.517,10.144,9.847,9.543,9.374,9.17,8.961,8.728,8.817,9.001,8.843,..
Cote d'Ivoire,CIV,Number of deaths ages 10-14 years,SH.DTH.1014,..,..,..,..,..,..,..,..,..,..,..,..,..,..,..,..,..,..,..,..,..,..,..,..,..,..,..,..,..,..,3303,3420,3504,3562,3598,3616,3613,3605,3618,3673,3753,3863,3990,4081,4143,4190,4243,4298,4373,4453,4527,4585,4673,4743,4800,4848,4894,4930,4958,4992,5018,5044,5052,..
Cote d'Ivoire,CIV,Number of deaths ages 15-19 years,SH.DTH.1519,..,..,..,..,..,..,..,..,..,..,..,..,..,..,..,..,..,..,..,..,..,..,..,..,..,..,..,..,..,..,3098,3303,3530,3771,4009,4246,4462,4636,4762,4821,4801,4755,4699,4678,4718,4782,4861,4929,4965,4950,4903,4843,4772,4740,4731,4761,4777,4763,4728,4675,4604,4546,4495,..
Cote d'Ivoire,CIV,Number of deaths ages 20-24 years,SH.DTH.2024,..,..,..,..,..,..,..,..,..,..,..,..,..,..,..,..,..,..,..,..,..,..,..,..,..,..,..,..,..,..,4014,4295,4588,4906,5227,5546,5871,6190,6497,6690,6771,6770,6682,6592,6476,6329,6154,5964,5827,5741,5686,5637,5520,5394,5237,5141,5059,4999,4947,4908,4881,4872,4882,..
Cote d'Ivoire,CIV,Number of deaths ages 5-9 years,SH.DTH.0509,..,..,..,..,..,..,..,..,..,..,..,..,..,..,..,..,..,..,..,..,..,..,..,..,..,..,..,..,..,..,6992,6937,6877,6856,6896,6988,7117,7276,7415,7515,7630,7742,7883,7977,8084,8195,8287,8345,8359,8336,8286,8217,8225,8207,8158,8111,8030,7942,7829,7708,7587,7461,7354,..
Cote d'Ivoire,CIV,Number of under-five deaths,SH.DTH.MORT,..,60527,61148,61848,62565,63230,63841,64420,64981,65435,65835,66154,66448,66663,66811,66818,66759,67210,67756,68370,69307,70153,70874,71587,72237,72738,73275,73904,74912,77549,80620,83238,85930,88425,90556,92840,95064,97061,99032,100450,101079,100880,99909,98574,96756,94442,92227,89783,87200,84506,82380,80615,78723,76420,74058,72266,71235,70456,69064,67245,66119,65106,64040,..
Croatia,HRV,"Death rate, crude (per 1,000 people)",SP.DYN.CDRT.IN,10,9.1,10,9.1,10.1,9.3,8.8,9.5,10,10.7,10,10.1,10.8,10.2,10,10.1,9.9,9.9,10.6,10.5,10.9,11.2,11,11.8,11.6,11.1,11,11.2,11.1,11,10.9,11.7,11.3,11.1,10.6,10.9,11.1,11.5,11.5,11.5,11.2,11.2,11.4,11.8,11.2,11.656,11.341,11.798,11.8,11.8,11.8,11.9,12.1,11.8,12,12.9,12.3,13,12.9,12.7,14.1,16.2,14.8,..
Croatia,HRV,Number of deaths ages 10-14 years,SH.DTH.1014,..,..,..,..,..,..,..,..,..,..,..,..,..,..,..,..,..,..,..,..,..,..,..,..,..,..,..,..,..,..,94,105,86,81,76,76,65,59,54,49,45,42,39,36,34,33,31,30,30,28,27,26,24,24,22,22,22,22,22,22,22,22,22,..
Croatia,HRV,Number of deaths ages 15-19 years,SH.DTH.1519,..,..,..,..,..,..,..,..,..,..,..,..,..,..,..,..,..,..,..,..,..,..,..,..,..,..,..,..,..,..,237,367,287,283,266,241,215,196,183,175,167,160,154,148,140,133,127,120,110,102,94,86,81,78,75,73,71,71,71,72,76,79,81,..
Croatia,HRV,Number of deaths ages 20-24 years,SH.DTH.2024,..,..,..,..,..,..,..,..,..,..,..,..,..,..,..,..,..,..,..,..,..,..,..,..,..,..,..,..,..,..,437,746,493,467,428,381,323,284,260,245,237,230,226,221,215,209,202,193,182,168,154,141,129,118,110,105,102,100,99,98,95,92,87,..
Croatia,HRV,Number of deaths ages 5-9 years,SH.DTH.0509,..,..,..,..,..,..,..,..,..,..,..,..,..,..,..,..,..,..,..,..,..,..,..,..,..,..,..,..,..,..,97,118,85,79,73,77,62,57,52,47,45,43,41,39,38,36,33,31,30,28,28,26,26,26,27,28,28,28,28,28,28,26,26,..
Croatia,HRV,Number of under-five deaths,SH.DTH.MORT,..,..,..,..,..,..,..,..,..,..,..,..,..,..,..,..,..,..,..,..,..,..,..,..,..,..,1089,993,904,815,742,749,595,543,526,524,526,522,477,422,391,366,342,319,303,294,282,268,262,257,247,231,221,212,202,193,186,181,178,176,170,165,159,..
Cuba,CUB,"Death rate, crude (per 1,000 people)",SP.DYN.CDRT.IN,8.629,8.545,8.381,8.482,8.068,7.877,7.693,7.513,7.335,7.146,6.936,6.703,6.533,6.349,6.183,6.054,5.983,5.974,6.02,6.136,6.262,6.437,6.392,6.379,6.393,6.43,6.484,6.557,6.638,6.732,6.841,6.962,7.085,7.195,7.264,7.32,7.314,7.281,7.238,7.22,7.244,7.318,7.436,7.567,7.695,7.806,7.907,8.001,8.096,8.191,8.297,8.421,8.571,8.672,8.833,9.063,9.348,9.622,9.815,9.861,10.23,14.652,9.852,..
Cuba,CUB,Number of deaths ages 10-14 years,SH.DTH.1014,..,..,..,..,..,..,..,..,..,..,..,..,..,..,..,..,..,..,..,..,..,..,..,..,..,..,..,..,..,..,323,295,277,271,268,269,272,273,269,264,255,244,229,212,196,181,168,160,156,154,154,153,151,149,145,141,135,130,127,127,130,135,142,..
Cuba,CUB,Number of deaths ages 15-19 years,SH.DTH.1519,..,..,..,..,..,..,..,..,..,..,..,..,..,..,..,..,..,..,..,..,..,..,..,..,..,..,..,..,..,..,1009,951,877,793,710,631,561,508,474,452,438,428,415,402,392,382,371,358,341,323,305,292,284,280,278,279,278,278,277,277,277,276,279,..
Cuba,CUB,Number of deaths ages 20-24 years,SH.DTH.2024,..,..,..,..,..,..,..,..,..,..,..,..,..,..,..,..,..,..,..,..,..,..,..,..,..,..,..,..,..,..,1405,1396,1373,1333,1270,1176,1063,937,813,705,616,546,500,475,465,462,463,461,458,459,462,460,454,441,421,401,387,381,383,392,405,423,440,..
Cuba,CUB,Number of deaths ages 5-9 years,SH.DTH.0509,..,..,..,..,..,..,..,..,..,..,..,..,..,..,..,..,..,..,..,..,..,..,..,..,..,..,..,..,..,..,274,278,283,284,284,282,275,262,245,226,206,187,173,161,154,148,143,138,134,129,123,118,112,109,108,109,111,114,116,118,118,119,119,..
Cuba,CUB,Number of under-five deaths,SH.DTH.MORT,..,..,..,11638,11896,11878,11724,11468,11132,10717,10232,9668,9047,8331,7504,6595,5695,4869,4104,3545,3174,2898,2897,2968,2908,2826,2755,2707,2679,2606,2485,2296,2071,1880,1718,1594,1477,1418,1382,1317,1236,1150,1094,1037,956,874,801,754,757,778,780,782,775,761,756,759,758,753,774,790,791,797,814,..
Curacao,CUW,"Death rate, crude (per 1,000 people)",SP.DYN.CDRT.IN,8.087,7.93,7.763,7.606,7.494,7.368,7.222,7.08,6.994,6.857,6.707,6.623,6.487,6.366,6.299,6.34,6.28,6.332,6.309,6.292,6.337,6.391,6.446,6.506,6.597,6.586,6.645,6.658,6.729,6.865,6.864,6.932,7.021,7.111,7.204,7.349,7.473,7.617,7.747,7.914,8.084,8.256,8.352,8.379,8.448,8.49,8,7.9,8.6,7.9,8.4,8.5,8.2,8.1,8.8,8.8,9.3,8.9,8.8,8.8,9.3,11.1,9.3,..
Curacao,CUW,Number of deaths ages 10-14 years,SH.DTH.1014,..,..,..,..,..,..,..,..,..,..,..,..,..,..,..,..,..,..,..,..,..,..,..,..,..,..,..,..,..,..,..,..,..,..,..,..,..,..,..,..,..,..,..,..,..,..,..,..,..,..,..,..,..,..,..,..,..,..,..,..,..,..,..,..
Curacao,CUW,Number of deaths ages 15-19 years,SH.DTH.1519,..,..,..,..,..,..,..,..,..,..,..,..,..,..,..,..,..,..,..,..,..,..,..,..,..,..,..,..,..,..,..,..,..,..,..,..,..,..,..,..,..,..,..,..,..,..,..,..,..,..,..,..,..,..,..,..,..,..,..,..,..,..,..,..
Curacao,CUW,Number of deaths ages 20-24 years,SH.DTH.2024,..,..,..,..,..,..,..,..,..,..,..,..,..,..,..,..,..,..,..,..,..,..,..,..,..,..,..,..,..,..,..,..,..,..,..,..,..,..,..,..,..,..,..,..,..,..,..,..,..,..,..,..,..,..,..,..,..,..,..,..,..,..,..,..
Curacao,CUW,Number of deaths ages 5-9 years,SH.DTH.0509,..,..,..,..,..,..,..,..,..,..,..,..,..,..,..,..,..,..,..,..,..,..,..,..,..,..,..,..,..,..,..,..,..,..,..,..,..,..,..,..,..,..,..,..,..,..,..,..,..,..,..,..,..,..,..,..,..,..,..,..,..,..,..,..
Curacao,CUW,Number of under-five deaths,SH.DTH.MORT,..,..,..,..,..,..,..,..,..,..,..,..,..,..,..,..,..,..,..,..,..,..,..,..,..,..,..,..,..,..,..,..,..,..,..,..,..,..,..,..,..,..,..,..,..,..,..,..,..,..,..,..,..,..,..,..,..,..,..,..,..,..,..,..
Cyprus,CYP,"Death rate, crude (per 1,000 people)",SP.DYN.CDRT.IN,10.025,9.814,9.425,10.932,10.72,8.864,8.807,8.796,8.87,9.054,9.113,9.24,9.341,9.515,17.101,9.44,9.182,9.114,8.906,8.948,9.03,9.15,9.275,9.121,9.218,8.969,9.069,8.797,8.866,8.714,8.835,8.881,8.715,8.508,8.425,8.078,7.805,7.624,7.463,7.509,7.458,7.316,7.113,6.952,6.916,6.889,6.796,6.598,6.599,6.443,6.412,6.354,6.439,6.399,6.317,6.358,6.462,6.453,6.612,6.769,6.93,7.257,6.971,..
Cyprus,CYP,Number of deaths ages 10-14 years,SH.DTH.1014,..,..,..,..,..,..,..,..,..,..,..,..,..,..,..,..,..,..,..,..,..,..,..,..,..,..,..,..,..,..,8,8,8,10,10,10,11,11,11,12,13,13,13,13,13,13,13,13,11,11,10,10,10,9,8,8,8,8,8,8,8,8,8,..
Cyprus,CYP,Number of deaths ages 15-19 years,SH.DTH.1519,..,..,..,..,..,..,..,..,..,..,..,..,..,..,..,..,..,..,..,..,..,..,..,..,..,..,..,..,..,..,36,37,38,40,44,47,51,53,55,56,55,54,51,50,47,45,42,38,35,31,28,25,22,21,18,17,17,15,14,13,13,11,11,..
Cyprus,CYP,Number of deaths ages 20-24 years,SH.DTH.2024,..,..,..,..,..,..,..,..,..,..,..,..,..,..,..,..,..,..,..,..,..,..,..,..,..,..,..,..,..,..,49,52,55,57,58,59,60,62,65,69,72,74,73,71,67,64,61,58,55,53,51,48,46,42,40,38,35,33,31,30,28,26,25,..
Cyprus,CYP,Number of deaths ages 5-9 years,SH.DTH.0509,..,..,..,..,..,..,..,..,..,..,..,..,..,..,..,..,..,..,..,..,..,..,..,..,..,..,..,..,..,..,15,15,14,14,15,15,15,15,15,15,15,15,15,15,14,14,12,12,12,10,10,9,9,9,9,9,8,8,8,7,7,7,7,..
Cyprus,CYP,Number of under-five deaths,SH.DTH.MORT,..,..,..,..,..,..,..,..,..,..,..,..,..,..,..,..,376,348,307,286,278,256,244,238,220,198,182,173,170,169,167,165,163,155,140,127,115,105,94,85,78,72,66,62,60,57,54,51,49,47,45,42,41,40,39,39,40,41,41,43,44,45,45,..
Czechia,CZE,"Death rate, crude (per 1,000 people)",SP.DYN.CDRT.IN,9.8,9.9,10.8,10.4,10.5,10.7,10.8,11.1,11.7,12.2,12.5,12.5,12.1,12.5,12.7,12.4,12.4,12.4,12.4,12.4,13.2,12.7,12.7,13,12.8,12.7,12.8,12.3,12.1,12.3,12.5,12.1,11.7,11.4,11.4,11.4,10.9,10.9,10.6,10.7,10.6,10.5,10.6,10.9,10.5,10.6,10.2,10.2,10.1,10.3,10.2,10.2,10.3,10.4,10,10.5,10.2,10.5,10.6,10.5,12.1,13.3,11.3,..
Czechia,CZE,Number of deaths ages 10-14 years,SH.DTH.1014,..,..,..,..,..,..,..,..,..,..,..,..,..,..,..,..,..,..,..,..,..,..,..,..,..,..,..,..,..,..,197,186,176,165,155,146,139,132,127,121,116,111,107,101,95,87,79,71,64,59,55,53,51,49,48,47,47,49,49,51,52,53,53,..
Czechia,CZE,Number of deaths ages 15-19 years,SH.DTH.1519,..,..,..,..,..,..,..,..,..,..,..,..,..,..,..,..,..,..,..,..,..,..,..,..,..,..,..,..,..,..,496,525,542,542,523,490,451,416,385,359,340,326,315,304,293,281,270,258,245,232,215,196,178,163,151,144,140,138,137,137,138,140,146,..
Czechia,CZE,Number of deaths ages 20-24 years,SH.DTH.2024,..,..,..,..,..,..,..,..,..,..,..,..,..,..,..,..,..,..,..,..,..,..,..,..,..,..,..,..,..,..,539,557,578,604,629,646,653,652,642,623,597,563,530,495,463,437,419,403,390,378,366,354,342,328,311,292,272,254,239,228,221,219,221,..
Czechia,CZE,Number of deaths ages 5-9 years,SH.DTH.0509,..,..,..,..,..,..,..,..,..,..,..,..,..,..,..,..,..,..,..,..,..,..,..,..,..,..,..,..,..,..,177,168,160,154,148,141,134,126,118,109,99,88,78,69,63,58,55,53,50,49,49,48,48,49,50,50,50,50,48,48,47,47,48,..
Czechia,CZE,Number of under-five deaths,SH.DTH.MORT,3245,3163,3170,3337,3562,3601,3520,3444,3394,3412,3488,3573,3691,3902,4118,4111,3919,3678,3423,3136,2759,2410,2204,2070,1983,1927,1853,1762,1687,1618,1567,1509,1387,1249,1079,888,743,648,581,526,493,471,455,445,437,435,429,426,425,412,393,369,350,342,342,348,353,355,350,336,316,294,274,..
Denmark,DNK,"Death rate, crude (per 1,000 people)",SP.DYN.CDRT.IN,9.5,9.4,9.8,9.8,9.9,10.1,10.3,9.9,9.7,9.8,9.8,9.8,10.1,10.1,10.2,10.1,10.6,9.9,10.4,10.7,10.9,11,10.8,11.2,11.2,11.4,11.3,11.3,11.5,11.6,11.9,11.6,11.8,12.1,11.7,12.1,11.6,11.3,11,11.1,10.9,10.9,10.9,10.7,10.3,10.1,10.2,10.2,9.9,9.9,9.8,9.4,9.4,9.3,9.1,9.2,9.2,9.2,9.5,9.3,9.4,9.8,10.1,..
Denmark,DNK,Number of deaths ages 10-14 years,SH.DTH.1014,..,..,..,..,..,..,..,..,..,..,..,..,..,..,..,..,..,..,..,..,..,..,..,..,..,..,..,..,..,..,59,56,53,50,48,45,45,43,43,43,42,42,42,41,39,38,36,35,33,31,30,28,27,26,26,24,24,24,24,24,23,23,22,..
Denmark,DNK,Number of deaths ages 15-19 years,SH.DTH.1519,..,..,..,..,..,..,..,..,..,..,..,..,..,..,..,..,..,..,..,..,..,..,..,..,..,..,..,..,..,..,166,161,154,148,144,138,132,128,123,119,117,114,112,111,110,108,106,104,100,96,90,84,79,73,70,67,65,64,64,63,63,63,63,..
Denmark,DNK,Number of deaths ages 20-24 years,SH.DTH.2024,..,..,..,..,..,..,..,..,..,..,..,..,..,..,..,..,..,..,..,..,..,..,..,..,..,..,..,..,..,..,247,232,223,218,215,214,210,203,196,188,181,170,162,154,146,139,135,132,128,125,121,116,113,111,110,110,110,111,112,111,112,112,112,..
Denmark,DNK,Number of deaths ages 5-9 years,SH.DTH.0509,..,..,..,..,..,..,..,..,..,..,..,..,..,..,..,..,..,..,..,..,..,..,..,..,..,..,..,..,..,..,50,48,47,47,47,47,46,46,46,44,43,41,40,37,35,32,30,29,27,25,24,24,22,22,22,20,20,20,19,18,18,17,17,..
Denmark,DNK,Number of under-five deaths,SH.DTH.MORT,1853,1843,1819,1821,1803,1757,1720,1603,1425,1290,1208,1163,1110,1021,936,880,805,720,671,632,589,547,518,502,498,510,524,534,544,551,547,530,513,491,469,452,429,409,393,381,375,365,350,337,326,313,301,290,279,269,260,250,240,234,231,233,237,238,233,228,224,223,223,..
Djibouti,DJI,"Death rate, crude (per 1,000 people)",SP.DYN.CDRT.IN,20.192,20.006,19.78,19.577,19.418,19.143,18.887,18.582,18.207,17.815,17.433,17.494,16.688,16.267,15.963,15.701,15.526,15.144,14.788,14.446,14.123,13.877,13.518,13.225,12.881,12.632,12.368,12.178,11.944,11.855,11.711,11.816,12.113,11.483,11.613,11.141,11.152,11.208,11.041,10.899,10.831,10.676,10.52,10.328,10.258,9.988,9.796,9.643,9.487,9.361,9.11,9.07,8.924,8.807,8.672,8.598,8.568,8.37,8.347,8.421,8.821,9.147,8.962,..
Djibouti,DJI,Number of deaths ages 10-14 years,SH.DTH.1014,..,..,..,..,..,..,..,..,..,..,..,..,..,..,..,..,..,..,..,..,..,..,..,..,..,..,..,..,..,..,132,146,152,139,142,141,141,143,145,147,147,148,148,148,147,146,144,143,141,139,138,138,138,139,139,136,134,130,126,121,117,114,110,..
Djibouti,DJI,Number of deaths ages 15-19 years,SH.DTH.1519,..,..,..,..,..,..,..,..,..,..,..,..,..,..,..,..,..,..,..,..,..,..,..,..,..,..,..,..,..,..,210,231,244,224,231,229,231,235,241,246,248,249,251,252,249,247,247,247,247,248,247,244,242,240,238,238,238,239,240,240,237,233,227,..
Djibouti,DJI,Number of deaths ages 20-24 years,SH.DTH.2024,..,..,..,..,..,..,..,..,..,..,..,..,..,..,..,..,..,..,..,..,..,..,..,..,..,..,..,..,..,..,245,272,289,267,277,277,282,290,306,318,326,330,336,337,331,323,318,319,319,322,322,324,325,326,326,326,323,320,317,316,315,316,318,..
Djibouti,DJI,Number of deaths ages 5-9 years,SH.DTH.0509,..,..,..,..,..,..,..,..,..,..,..,..,..,..,..,..,..,..,..,..,..,..,..,..,..,..,..,..,..,..,263,287,298,271,277,273,273,273,275,274,273,269,265,261,257,254,251,250,248,245,240,233,227,217,209,201,194,186,180,174,168,163,158,..
Djibouti,DJI,Number of under-five deaths,SH.DTH.MORT,..,..,..,..,..,..,..,..,..,..,..,..,..,..,..,..,..,..,..,..,..,1971,2011,2026,2030,2032,2051,2089,2143,2208,2305,2459,2596,2547,2476,2453,2390,2337,2320,2340,2357,2365,2368,2351,2294,2211,2121,2036,1955,1881,1813,1751,1695,1645,1597,1549,1505,1458,1420,1382,1343,1304,1263,..
Dominica,DMA,"Death rate, crude (per 1,000 people)",SP.DYN.CDRT.IN,14.029,12.858,11.68,13.344,9.898,9.76,10.552,9.558,9.894,10.423,9.454,9.834,8.366,7.912,7.566,7.346,7.461,7.62,6.974,6.821,6.689,6.329,6.547,6.613,7.488,8.097,8.212,8.613,8.55,9.781,9.915,10.32,10.008,9.655,9.548,9.281,9.394,9.255,9.406,10.1,9.141,9.951,9.61,10.193,9.728,9.837,9.544,10.477,9.845,10.906,11.573,12.998,12.186,12.569,12.401,10.93,10.714,11.455,8.417,8.369,8.177,8.986,8.921,..
Dominica,DMA,Number of deaths ages 10-14 years,SH.DTH.1014,..,..,..,..,..,..,..,..,..,..,..,..,..,..,..,..,..,..,..,..,..,..,..,..,..,..,..,..,..,..,3,3,3,3,3,3,3,3,3,3,3,3,3,3,3,3,3,3,2,2,2,2,2,2,2,2,2,6,2,2,2,2,2,..
Dominica,DMA,Number of deaths ages 15-19 years,SH.DTH.1519,..,..,..,..,..,..,..,..,..,..,..,..,..,..,..,..,..,..,..,..,..,..,..,..,..,..,..,..,..,..,4,4,4,4,4,4,4,4,4,4,4,4,4,4,4,4,3,3,3,4,4,4,3,3,3,3,3,3,3,3,3,3,3,..
Dominica,DMA,Number of deaths ages 20-24 years,SH.DTH.2024,..,..,..,..,..,..,..,..,..,..,..,..,..,..,..,..,..,..,..,..,..,..,..,..,..,..,..,..,..,..,6,6,6,6,6,5,5,4,4,4,4,4,4,4,4,5,5,5,5,5,5,5,6,7,7,7,7,7,7,8,8,8,8,..
Dominica,DMA,Number of deaths ages 5-9 years,SH.DTH.0509,..,..,..,..,..,..,..,..,..,..,..,..,..,..,..,..,..,..,..,..,..,..,..,..,..,..,..,..,..,..,3,3,3,3,2,2,2,2,2,2,2,2,2,2,2,2,2,2,2,2,2,1,1,1,1,1,1,8,1,0,0,0,0,..
Dominica,DMA,Number of under-five deaths,SH.DTH.MORT,..,..,..,..,..,175,166,154,135,126,118,105,93,83,73,64,57,51,46,42,39,37,36,36,35,33,32,31,31,30,29,29,29,29,28,26,24,23,22,22,22,22,22,21,21,21,22,23,23,23,23,23,23,24,24,25,26,26,27,28,29,30,31,..
Dominican Republic,DOM,"Death rate, crude (per 1,000 people)",SP.DYN.CDRT.IN,16.894,16.33,15.766,15.321,14.657,15.138,13.619,13.066,12.513,11.985,11.492,11.105,10.808,10.518,10.208,9.898,9.616,9.356,9.117,9.167,8.712,8.389,8.084,7.808,7.524,7.227,6.941,6.678,6.452,6.258,6.078,5.92,5.79,5.694,5.624,5.695,5.784,5.878,6.025,6.092,6.169,6.201,6.202,6.091,6.089,5.933,5.873,5.859,5.831,5.831,5.821,5.84,5.802,5.803,5.827,5.883,5.964,6.032,6.06,6.006,6.46,6.678,6.068,..
Dominican Republic,DOM,Number of deaths ages 10-14 years,SH.DTH.1014,..,..,..,..,..,..,..,..,..,..,..,..,..,..,..,..,..,..,..,..,..,..,..,..,..,..,..,..,..,..,476,468,459,453,447,441,436,431,427,425,423,422,420,419,416,412,408,402,395,388,381,376,371,366,361,354,345,336,330,324,320,317,312,..
Dominican Republic,DOM,Number of deaths ages 15-19 years,SH.DTH.1519,..,..,..,..,..,..,..,..,..,..,..,..,..,..,..,..,..,..,..,..,..,..,..,..,..,..,..,..,..,..,998,1033,1072,1109,1147,1185,1221,1248,1278,1301,1318,1330,1339,1343,1348,1349,1342,1330,1304,1262,1213,1156,1096,1039,992,952,919,889,859,833,804,778,751,..
Dominican Republic,DOM,Number of deaths ages 20-24 years,SH.DTH.2024,..,..,..,..,..,..,..,..,..,..,..,..,..,..,..,..,..,..,..,..,..,..,..,..,..,..,..,..,..,..,1000,1046,1093,1146,1200,1253,1306,1357,1405,1452,1496,1535,1571,1609,1646,1678,1702,1721,1731,1731,1733,1728,1723,1717,1710,1694,1679,1656,1628,1599,1574,1558,1539,..
Dominican Republic,DOM,Number of deaths ages 5-9 years,SH.DTH.0509,..,..,..,..,..,..,..,..,..,..,..,..,..,..,..,..,..,..,..,..,..,..,..,..,..,..,..,..,..,..,778,752,728,707,689,670,654,638,623,607,589,570,550,531,513,496,482,468,456,444,432,418,403,391,381,372,367,359,350,341,330,320,308,..
Dominican Republic,DOM,Number of under-five deaths,SH.DTH.MORT,24465,24762,24934,24974,24884,24702,24508,24220,23765,23299,22872,22389,21849,21260,20578,19833,19178,18555,17942,17387,16861,16339,15845,15452,15073,14621,14181,13804,13475,13197,12851,12429,11970,11499,11008,10486,9968,9457,8972,8619,8403,8186,7970,7800,7648,7504,7349,7255,7291,7394,7467,7498,7502,7506,7503,7505,7488,7457,7399,7266,7055,6836,6621,..
Ecuador,ECU,"Death rate, crude (per 1,000 people)",SP.DYN.CDRT.IN,15.371,14.977,14.596,14.217,13.869,13.553,13.267,12.994,12.726,12.522,12.138,11.765,11.358,10.927,10.475,10.029,9.621,9.23,8.892,8.595,8.328,8.078,7.839,7.614,7.291,6.979,6.655,6.345,6.073,5.851,5.678,5.627,5.498,5.468,5.375,5.33,5.275,5.222,5.157,5.074,5.007,4.935,4.875,4.821,4.788,4.78,4.794,4.817,4.847,4.856,4.852,4.826,4.793,4.762,4.752,4.773,4.86,4.872,4.911,4.913,7.534,6.719,4.85,..
Ecuador,ECU,Number of deaths ages 10-14 years,SH.DTH.1014,..,..,..,..,..,..,..,..,..,..,..,..,..,..,..,..,..,..,..,..,..,..,..,..,..,..,..,..,..,..,868,848,827,804,783,765,751,745,743,741,741,737,728,717,703,689,672,655,637,618,597,576,556,537,518,502,537,480,476,478,485,495,509,..
Ecuador,ECU,Number of deaths ages 15-19 years,SH.DTH.1519,..,..,..,..,..,..,..,..,..,..,..,..,..,..,..,..,..,..,..,..,..,..,..,..,..,..,..,..,..,..,1333,1314,1300,1294,1302,1322,1353,1389,1424,1446,1451,1434,1396,1358,1331,1321,1325,1341,1360,1376,1380,1357,1308,1249,1192,1143,1096,1057,1034,1040,1077,1170,1331,..
Ecuador,ECU,Number of deaths ages 20-24 years,SH.DTH.2024,..,..,..,..,..,..,..,..,..,..,..,..,..,..,..,..,..,..,..,..,..,..,..,..,..,..,..,..,..,..,1703,1681,1662,1648,1642,1650,1677,1724,1777,1824,1856,1872,1874,1880,1907,1949,1998,2039,2062,2057,2021,1953,1865,1773,1697,1642,1607,1596,1624,1722,1868,2104,2449,..
Ecuador,ECU,Number of deaths ages 5-9 years,SH.DTH.0509,..,..,..,..,..,..,..,..,..,..,..,..,..,..,..,..,..,..,..,..,..,..,..,..,..,..,..,..,..,..,1018,983,945,907,869,836,809,790,775,762,751,737,719,700,679,655,631,606,581,554,529,505,482,462,444,429,473,405,396,390,385,381,379,..
Ecuador,ECU,Number of under-five deaths,SH.DTH.MORT,34104,33939,33838,33693,33580,33558,33482,33485,33544,33572,33469,33164,32686,31981,31057,30018,28982,28031,27115,26223,25316,24380,23381,22388,21399,20464,19612,18825,18075,17357,16653,15935,15206,14453,13685,12902,12123,11364,10664,10030,9449,8931,8494,8107,7768,7462,7181,6918,6659,6405,6153,5920,5643,5304,4982,4710,4485,4313,4172,4032,3897,3758,3626,..
"Egypt, Arab Rep.",EGY,"Death rate, crude (per 1,000 people)",SP.DYN.CDRT.IN,21.364,20.738,20.024,19.349,18.705,18.127,17.774,17.63,17.341,17.304,17.09,16.813,16.537,16.378,15.772,15.31,14.839,14.38,13.876,13.411,12.892,12.521,11.992,11.427,10.901,10.397,9.944,9.428,8.935,8.536,8.194,7.834,7.684,7.453,7.264,7.025,6.836,6.653,6.57,6.48,6.384,6.285,6.202,6.318,6.248,6.206,6.151,6.128,6.08,6.05,6.018,5.956,5.91,5.964,5.823,5.823,5.662,5.482,5.511,5.581,5.851,6.327,6.39,..
"Egypt, Arab Rep.",EGY,Number of deaths ages 10-14 years,SH.DTH.1014,..,..,..,..,..,..,..,..,..,..,..,..,..,..,..,..,..,..,..,..,..,..,..,..,..,..,..,..,..,..,6667,6282,5938,5681,5495,5359,5258,5165,5047,4893,4709,4510,4328,4183,4088,4068,4126,4222,4331,4436,4512,4557,4565,4533,4475,4409,4337,4274,4216,4161,4120,4093,4079,..
"Egypt, Arab Rep.",EGY,Number of deaths ages 15-19 years,SH.DTH.1519,..,..,..,..,..,..,..,..,..,..,..,..,..,..,..,..,..,..,..,..,..,..,..,..,..,..,..,..,..,..,6705,6289,5981,5874,5929,6067,6203,6299,6321,6303,6345,6492,6642,6689,6603,6421,6194,6005,5909,5916,6034,6220,6350,6278,6125,6021,6068,6220,6391,6573,6798,7063,7316,..
"Egypt, Arab Rep.",EGY,Number of deaths ages 20-24 years,SH.DTH.2024,..,..,..,..,..,..,..,..,..,..,..,..,..,..,..,..,..,..,..,..,..,..,..,..,..,..,..,..,..,..,6639,6114,5697,5472,5410,5473,5611,5791,5993,6241,6581,7024,7465,7787,7910,7872,7729,7580,7500,7495,7539,7586,7553,7271,6912,6636,6548,6609,6742,6944,7231,7589,7939,..
"Egypt, Arab Rep.",EGY,Number of deaths ages 5-9 years,SH.DTH.0509,..,..,..,..,..,..,..,..,..,..,..,..,..,..,..,..,..,..,..,..,..,..,..,..,..,..,..,..,..,..,9354,8703,8128,7656,7267,6924,6601,6293,5986,5677,5386,5128,4908,4746,4663,4670,4767,4915,5065,5191,5276,5314,5312,5279,5227,5182,5149,5121,5102,5079,5021,4890,4700,..
"Egypt, Arab Rep.",EGY,Number of under-five deaths,SH.DTH.MORT,391369,382660,374737,367515,360968,354143,349586,347162,345464,344866,344643,344352,343384,339693,334077,327802,319887,310847,302096,293904,283942,271531,258932,246678,232693,218239,204932,193199,182729,172647,162642,153182,145392,137468,128397,119747,111782,104741,98958,93691,88716,84569,80801,77472,74543,72103,70102,68546,67124,65694,65248,64952,64546,64458,63927,62664,59387,55812,53546,50865,48346,46340,44464,..
El Salvador,SLV,"Death rate, crude (per 1,000 people)",SP.DYN.CDRT.IN,17.996,17.45,16.923,16.616,16.335,16.189,16.061,16.031,15.959,15.779,15.396,14.668,14.035,13.318,12.826,12.543,12.491,12.637,12.892,13.339,15.815,15.424,13.772,13.026,11.596,10.464,10.059,9.151,8.35,9.062,7.812,7.257,6.929,6.702,6.556,6.478,6.314,6.14,6.087,5.904,5.876,6.119,6.046,6.268,6.408,6.599,6.705,6.814,6.74,6.75,6.758,6.892,7.038,7.149,7.168,7.07,6.925,6.857,6.938,7.451,8.442,8.661,8.173,..
El Salvador,SLV,Number of deaths ages 10-14 years,SH.DTH.1014,..,..,..,..,..,..,..,..,..,..,..,..,..,..,..,..,..,..,..,..,..,..,..,..,..,..,..,..,..,..,423,403,386,372,353,335,318,305,336,287,281,385,277,277,277,278,278,278,278,303,275,272,268,264,260,257,255,257,261,266,270,274,275,..
El Salvador,SLV,Number of deaths ages 15-19 years,SH.DTH.1519,..,..,..,..,..,..,..,..,..,..,..,..,..,..,..,..,..,..,..,..,..,..,..,..,..,..,..,..,..,..,1185,918,884,897,940,989,1006,982,934,875,820,778,764,780,829,889,937,963,986,994,982,951,930,964,1064,1156,1141,1013,835,661,529,447,401,..
El Salvador,SLV,Number of deaths ages 20-24 years,SH.DTH.2024,..,..,..,..,..,..,..,..,..,..,..,..,..,..,..,..,..,..,..,..,..,..,..,..,..,..,..,..,..,..,1893,1254,1177,1156,1181,1224,1255,1266,1267,1264,1259,1255,1257,1270,1293,1304,1279,1228,1180,1129,1074,1017,985,1017,1125,1249,1301,1264,1163,1037,921,844,791,..
El Salvador,SLV,Number of deaths ages 5-9 years,SH.DTH.0509,..,..,..,..,..,..,..,..,..,..,..,..,..,..,..,..,..,..,..,..,..,..,..,..,..,..,..,..,..,..,447,413,384,360,335,314,296,280,358,255,243,369,225,217,210,202,195,185,174,208,154,145,139,137,135,136,138,140,141,141,141,140,136,..
El Salvador,SLV,Number of under-five deaths,SH.DTH.MORT,23238,23373,23549,23677,23772,23810,23768,23654,23460,23170,22860,22639,22441,22172,21833,21442,20973,20438,19823,19157,22026,17680,16776,15784,14851,13925,13054,12385,11829,11235,10647,10085,9539,8987,8460,7937,7406,6882,6437,6010,5537,5044,4546,4092,3688,3337,3054,2808,2603,2437,2298,2180,2066,1962,1874,1782,1666,1552,1454,1379,1315,1255,1200,..
Equatorial Guinea,GNQ,"Death rate, crude (per 1,000 people)",SP.DYN.CDRT.IN,23.669,23.37,23.088,22.8,22.591,22.323,22.142,21.927,21.771,34.616,34.376,27.748,21.972,21.778,24.196,27.975,35.86,23.737,23.44,23.012,18.545,18.147,17.791,17.493,17.367,17.133,16.949,16.808,16.633,16.458,16.246,16.072,15.873,15.648,15.478,15.248,15.044,14.731,14.432,14.108,13.738,13.363,12.989,12.636,12.356,12.141,11.887,11.706,11.508,11.391,11.214,10.979,10.557,10.26,9.965,9.616,9.345,9.096,8.85,8.582,9.026,9.042,8.708,..
Equatorial Guinea,GNQ,Number of deaths ages 10-14 years,SH.DTH.1014,..,..,..,..,..,..,..,..,..,..,..,..,..,..,..,..,..,..,..,..,..,..,..,..,..,..,..,..,..,..,117,121,125,129,135,141,149,157,165,171,177,187,195,200,203,204,203,202,199,196,193,189,186,184,186,191,201,214,226,238,248,253,253,..
Equatorial Guinea,GNQ,Number of deaths ages 15-19 years,SH.DTH.1519,..,..,..,..,..,..,..,..,..,..,..,..,..,..,..,..,..,..,..,..,..,..,..,..,..,..,..,..,..,..,162,164,168,172,177,182,188,193,199,206,214,233,252,272,290,304,313,318,317,314,309,304,299,295,291,286,281,277,274,277,284,295,312,..
Equatorial Guinea,GNQ,Number of deaths ages 20-24 years,SH.DTH.2024,..,..,..,..,..,..,..,..,..,..,..,..,..,..,..,..,..,..,..,..,..,..,..,..,..,..,..,..,..,..,181,183,185,188,191,196,200,205,210,216,222,231,242,254,271,290,312,334,356,374,387,394,394,392,386,382,377,372,366,361,355,340,331,..
Equatorial Guinea,GNQ,Number of deaths ages 5-9 years,SH.DTH.0509,..,..,..,..,..,..,..,..,..,..,..,..,..,..,..,..,..,..,..,..,..,..,..,..,..,..,..,..,..,..,283,297,313,330,346,358,368,374,378,379,380,384,385,383,377,371,363,354,347,342,344,354,371,390,405,417,420,415,406,395,384,375,368,..
Equatorial Guinea,GNQ,Number of under-five deaths,SH.DTH.MORT,..,..,..,..,..,..,..,..,..,..,..,..,..,..,..,..,..,..,..,..,..,..,..,..,..,..,..,3246,3381,3499,3595,3680,3758,3834,3917,3988,4041,4086,4115,4134,4141,4156,4177,4206,4243,4282,4318,4349,4374,4391,4401,4408,4398,4370,4322,4264,4192,4121,4025,3928,3833,3733,3618,..
Eritrea,ERI,"Death rate, crude (per 1,000 people)",SP.DYN.CDRT.IN,25.715,25.289,24.93,24.593,24.178,23.895,23.59,23.373,23.068,22.706,22.336,21.936,21.551,21.146,21.052,20.967,20.598,20.153,19.812,19.463,19.024,18.775,18.762,18.427,18.084,17.794,17.161,16.916,16.435,16.507,15.215,14.627,13.545,13.035,12.528,12.022,11.635,11.263,14.821,18.754,11.084,9.954,9.727,9.431,9.242,8.908,8.439,8.192,7.989,7.685,7.492,7.249,7.08,6.998,6.806,6.654,6.58,6.504,6.353,6.309,6.424,6.729,6.727,..
Eritrea,ERI,Number of deaths ages 10-14 years,SH.DTH.1014,..,..,..,..,..,..,..,..,..,..,..,..,..,..,..,..,..,..,..,..,..,..,..,..,..,..,..,..,..,..,652,638,533,520,510,498,491,475,462,451,441,430,422,413,409,403,402,403,403,398,392,382,372,366,365,364,365,364,361,355,347,341,333,..
Eritrea,ERI,Number of deaths ages 15-19 years,SH.DTH.1519,..,..,..,..,..,..,..,..,..,..,..,..,..,..,..,..,..,..,..,..,..,..,..,..,..,..,..,..,..,..,952,946,803,787,791,768,802,766,744,725,721,712,725,722,739,731,722,706,700,706,704,714,723,725,723,709,695,681,677,682,689,695,698,..
Eritrea,ERI,Number of deaths ages 20-24 years,SH.DTH.2024,..,..,..,..,..,..,..,..,..,..,..,..,..,..,..,..,..,..,..,..,..,..,..,..,..,..,..,..,..,..,1100,1088,928,902,930,899,1015,956,915,872,859,834,869,873,934,934,929,899,892,907,898,897,885,870,867,844,847,857,870,885,889,890,886,..
Eritrea,ERI,Number of deaths ages 5-9 years,SH.DTH.0509,..,..,..,..,..,..,..,..,..,..,..,..,..,..,..,..,..,..,..,..,..,..,..,..,..,..,..,..,..,..,1890,1789,1439,1352,1274,1193,1129,1054,986,921,864,818,784,743,703,660,615,571,538,514,496,484,470,456,443,427,411,398,385,371,357,345,331,..
Eritrea,ERI,Number of under-five deaths,SH.DTH.MORT,..,..,..,..,..,..,..,..,..,..,..,..,..,..,..,..,..,..,..,13640,13766,13916,14071,14225,14337,14374,14375,14298,14176,13957,13607,13142,12025,10818,10224,9637,9389,9152,8613,8124,7716,7327,7071,6905,6830,6767,6604,6378,6140,5977,5809,5623,5436,5232,5043,4816,4587,4394,4221,4095,3986,3879,3784,..
Estonia,EST,"Death rate, crude (per 1,000 people)",SP.DYN.CDRT.IN,10.5,10.6,10.9,10.5,10,10.4,10.5,10.4,10.7,11.3,11.2,10.9,11.1,11.1,10.9,11.6,12.1,11.8,12.2,12.3,12.3,12.3,11.9,12.1,12.6,12.7,11.7,11.8,11.9,11.8,12.4,12.6,13.1,14.2,15.2,14.5,13.4,13.3,14,13.4,13.2,13.3,13.3,13.2,13,12.8,12.9,13,12.5,12.1,11.9,11.5,11.7,11.6,11.8,11.6,11.7,11.8,11.9,11.6,11.9,14,12.8,..
Estonia,EST,Number of deaths ages 10-14 years,SH.DTH.1014,..,..,..,..,..,..,..,..,..,..,..,..,..,..,..,..,..,..,..,..,..,..,..,..,..,..,..,..,..,..,50,50,49,47,46,44,43,41,38,37,33,30,28,24,21,18,16,15,13,12,12,10,10,10,9,9,9,9,9,9,9,9,8,..
Estonia,EST,Number of deaths ages 15-19 years,SH.DTH.1519,..,..,..,..,..,..,..,..,..,..,..,..,..,..,..,..,..,..,..,..,..,..,..,..,..,..,..,..,..,..,117,124,128,128,122,113,104,96,91,88,83,80,79,78,75,72,66,60,52,45,38,34,30,27,26,25,24,24,22,22,21,21,21,..
Estonia,EST,Number of deaths ages 20-24 years,SH.DTH.2024,..,..,..,..,..,..,..,..,..,..,..,..,..,..,..,..,..,..,..,..,..,..,..,..,..,..,..,..,..,..,170,188,201,202,201,191,178,165,156,150,150,147,145,143,142,138,132,124,115,107,98,88,77,67,57,48,42,36,32,28,25,23,22,..
Estonia,EST,Number of deaths ages 5-9 years,SH.DTH.0509,..,..,..,..,..,..,..,..,..,..,..,..,..,..,..,..,..,..,..,..,..,..,..,..,..,..,..,..,..,..,59,58,57,53,51,48,44,40,35,30,25,22,19,17,15,14,13,12,12,12,11,11,10,10,10,10,9,9,9,7,7,7,6,..
Estonia,EST,Number of under-five deaths,SH.DTH.MORT,..,..,..,..,..,..,..,..,..,..,..,..,..,..,..,..,..,..,..,..,..,..,..,..,..,449,441,444,445,436,414,377,342,303,262,232,208,185,165,150,140,130,119,110,104,100,94,90,85,79,72,65,57,51,46,43,40,37,35,32,30,28,26,..
Eswatini,SWZ,"Death rate, crude (per 1,000 people)",SP.DYN.CDRT.IN,18.871,18.564,18.24,18.046,17.679,17.267,16.825,16.411,16.033,15.705,15.415,15.107,14.761,14.323,13.94,13.483,12.967,12.395,11.84,11.327,10.91,10.509,10.081,10.494,9.317,8.802,8.349,7.939,7.544,7.304,7.155,7.197,7.5,8.036,8.824,9.699,10.703,11.576,12.515,13.519,14.521,15.449,16.588,17.578,18.372,18.845,18.174,17.861,17.525,17.283,15.911,14.926,13.946,13.019,12.193,11.202,10.45,9.936,9.324,8.923,9.603,11.356,11.883,..
Eswatini,SWZ,Number of deaths ages 10-14 years,SH.DTH.1014,..,..,..,..,..,..,..,..,..,..,..,..,..,..,..,..,..,..,..,..,..,..,..,..,..,..,..,..,..,..,124,126,127,128,129,127,125,121,117,112,108,105,103,101,99,95,92,88,83,78,76,72,68,66,63,60,57,56,55,54,52,52,50,..
Eswatini,SWZ,Number of deaths ages 15-19 years,SH.DTH.1519,..,..,..,..,..,..,..,..,..,..,..,..,..,..,..,..,..,..,..,..,..,..,..,..,..,..,..,..,..,..,223,228,232,238,240,235,243,252,259,266,273,279,285,289,294,298,301,303,305,305,301,295,286,276,265,258,252,248,243,238,234,231,229,..
Eswatini,SWZ,Number of deaths ages 20-24 years,SH.DTH.2024,..,..,..,..,..,..,..,..,..,..,..,..,..,..,..,..,..,..,..,..,..,..,..,..,..,..,..,..,..,..,268,278,288,295,296,272,279,288,294,303,313,325,336,348,359,369,378,385,392,396,399,401,402,402,397,386,372,355,338,323,313,310,306,..
Eswatini,SWZ,Number of deaths ages 5-9 years,SH.DTH.0509,..,..,..,..,..,..,..,..,..,..,..,..,..,..,..,..,..,..,..,..,..,..,..,..,..,..,..,..,..,..,150,162,174,186,198,209,222,238,255,269,277,282,283,282,280,282,285,289,291,293,294,295,298,300,299,297,293,287,281,273,265,259,251,..
Eswatini,SWZ,Number of under-five deaths,SH.DTH.MORT,3285,3304,3323,3343,3358,3369,3387,3402,3418,3447,3470,3485,3482,3456,3437,3418,3380,3334,3280,3225,3162,3090,2998,3217,2793,2694,2586,2492,2409,2367,2336,2337,2423,2574,2767,2936,3086,3280,3445,3588,3737,3845,3898,3951,3989,4008,3674,3533,3506,3323,2949,2509,2287,2188,2168,2019,1901,1918,1771,1659,1617,1496,1434,..
Ethiopia,ETH,"Death rate, crude (per 1,000 people)",SP.DYN.CDRT.IN,23.349,22.865,22.573,22.174,21.959,21.878,23.934,21.713,21.664,21.756,21.818,21.792,22.978,22.879,24.867,24.881,22.487,22.538,22.532,21.802,21.487,21.183,21.04,28.374,27.792,26.791,26.357,19.495,19.782,19.762,20.055,18.88,18.295,17.808,17.345,16.892,16.317,15.808,15.413,15.539,14.758,14.36,13.96,13.258,12.745,12.226,11.539,10.807,10.143,9.485,9.001,8.52,8.119,7.734,7.502,7.208,6.93,6.767,6.569,6.439,6.616,6.776,6.497,..
Ethiopia,ETH,Number of deaths ages 10-14 years,SH.DTH.1014,..,..,..,..,..,..,..,..,..,..,..,..,..,..,..,..,..,..,..,..,..,..,..,..,..,..,..,..,..,..,24379,24374,24327,24019,23666,23401,23299,23286,23343,23363,23234,22901,22468,21954,21349,20635,19797,18901,17948,16944,15945,14962,14049,13148,12265,11439,10684,10038,9547,9153,8853,8579,8337,..
Ethiopia,ETH,Number of deaths ages 15-19 years,SH.DTH.1519,..,..,..,..,..,..,..,..,..,..,..,..,..,..,..,..,..,..,..,..,..,..,..,..,..,..,..,..,..,..,28736,26963,28062,28785,29294,29608,29720,29486,28974,30913,28012,27703,27641,27745,27845,27758,27496,26995,26364,25732,25058,24315,23647,22962,22303,21727,21231,20910,20663,20536,20385,20321,20203,..
Ethiopia,ETH,Number of deaths ages 20-24 years,SH.DTH.2024,..,..,..,..,..,..,..,..,..,..,..,..,..,..,..,..,..,..,..,..,..,..,..,..,..,..,..,..,..,..,38159,33648,34547,34458,34102,33584,33046,32432,31740,36828,30304,29431,28466,27436,26474,25678,24991,24514,24051,23546,22921,22279,21594,20855,20162,19609,19264,19174,19330,19556,19842,20170,20477,..
Ethiopia,ETH,Number of deaths ages 5-9 years,SH.DTH.0509,..,..,..,..,..,..,..,..,..,..,..,..,..,..,..,..,..,..,..,..,..,..,..,..,..,..,..,..,..,..,76111,75334,76090,75627,74880,73540,71742,69539,67104,64837,62423,59801,57111,54402,51468,48335,45060,41733,38497,35237,32132,29278,26578,24027,21687,19565,17697,16149,14949,14050,13350,12789,12388,..
Ethiopia,ETH,Number of under-five deaths,SH.DTH.MORT,..,..,..,..,..,..,..,..,..,..,..,334881,344256,353833,363461,373043,382502,392471,399687,405583,409628,409792,413135,418608,422983,428362,434456,439627,444156,449051,453909,457370,459244,458828,455542,450139,443943,436867,427498,417489,406947,395497,383215,368433,352890,338122,322961,308241,293543,278569,264628,252330,240146,228167,218027,210176,203545,197463,192616,189597,186170,182210,177998,..
Faroe Islands,FRO,"Death rate, crude (per 1,000 people)",SP.DYN.CDRT.IN,..,..,..,..,..,..,..,..,..,..,7.4,8,6.9,7.7,7.6,6.9,7,6.5,7.1,6.3,7.1,6.7,7.1,8.1,7.8,7.5,8.1,8,9,7.9,7.5,8.4,8.5,8.2,7.8,8.4,9.1,8.6,8.5,9,7.8,7.8,8.4,8.5,7.9,8.6,8.7,7.9,7.9,7.9,7.2,7.9,8.5,7.6,8.2,7.8,7.7,9,7.8,8,7,8.1,9.1,..
Faroe Islands,FRO,Number of deaths ages 10-14 years,SH.DTH.1014,..,..,..,..,..,..,..,..,..,..,..,..,..,..,..,..,..,..,..,..,..,..,..,..,..,..,..,..,..,..,..,..,..,..,..,..,..,..,..,..,..,..,..,..,..,..,..,..,..,..,..,..,..,..,..,..,..,..,..,..,..,..,..,..
Faroe Islands,FRO,Number of deaths ages 15-19 years,SH.DTH.1519,..,..,..,..,..,..,..,..,..,..,..,..,..,..,..,..,..,..,..,..,..,..,..,..,..,..,..,..,..,..,..,..,..,..,..,..,..,..,..,..,..,..,..,..,..,..,..,..,..,..,..,..,..,..,..,..,..,..,..,..,..,..,..,..
Faroe Islands,FRO,Number of deaths ages 20-24 years,SH.DTH.2024,..,..,..,..,..,..,..,..,..,..,..,..,..,..,..,..,..,..,..,..,..,..,..,..,..,..,..,..,..,..,..,..,..,..,..,..,..,..,..,..,..,..,..,..,..,..,..,..,..,..,..,..,..,..,..,..,..,..,..,..,..,..,..,..
Faroe Islands,FRO,Number of deaths ages 5-9 years,SH.DTH.0509,..,..,..,..,..,..,..,..,..,..,..,..,..,..,..,..,..,..,..,..,..,..,..,..,..,..,..,..,..,..,..,..,..,..,..,..,..,..,..,..,..,..,..,..,..,..,..,..,..,..,..,..,..,..,..,..,..,..,..,..,..,..,..,..
Faroe Islands,FRO,Number of under-five deaths,SH.DTH.MORT,..,..,..,..,..,..,..,..,..,..,..,..,..,..,..,..,..,..,..,..,..,..,..,..,..,..,..,..,..,..,..,..,..,..,..,..,..,..,..,..,..,..,..,..,..,..,..,..,..,..,..,..,..,..,..,..,..,..,..,..,..,..,..,..
Fiji,FJI,"Death rate, crude (per 1,000 people)",SP.DYN.CDRT.IN,10.728,10.146,9.577,9.082,8.571,8.141,7.912,7.802,7.585,7.62,7.472,7.399,7.377,7.739,7.433,7.426,7.443,7.344,7.252,7.075,7.185,7.192,7.161,6.929,6.668,6.409,6.361,6.37,6.283,6.24,6.159,6.121,6.069,6.055,6.007,5.984,5.985,6.016,6.036,6.116,6.457,6.565,6.999,6.875,6.866,6.885,6.9,7.052,7.141,7.141,7.113,7.114,7.212,7.424,7.584,8.05,7.885,7.703,7.832,7.941,8.078,8.859,8.235,..
Fiji,FJI,Number of deaths ages 10-14 years,SH.DTH.1014,..,..,..,..,..,..,..,..,..,..,..,..,..,..,..,..,..,..,..,..,..,..,..,..,..,..,..,..,..,..,98,100,98,98,96,93,89,87,83,79,75,72,67,64,61,57,55,52,50,47,46,45,44,44,44,44,48,46,47,48,49,49,49,..
Fiji,FJI,Number of deaths ages 15-19 years,SH.DTH.1519,..,..,..,..,..,..,..,..,..,..,..,..,..,..,..,..,..,..,..,..,..,..,..,..,..,..,..,..,..,..,103,102,102,103,104,107,106,107,107,108,106,106,104,103,100,97,95,90,87,83,79,75,72,70,66,65,63,62,62,62,62,62,62,..
Fiji,FJI,Number of deaths ages 20-24 years,SH.DTH.2024,..,..,..,..,..,..,..,..,..,..,..,..,..,..,..,..,..,..,..,..,..,..,..,..,..,..,..,..,..,..,145,141,136,131,126,123,122,123,125,129,131,133,134,134,133,130,126,122,118,114,110,108,106,104,102,100,98,97,95,93,92,90,90,..
Fiji,FJI,Number of deaths ages 5-9 years,SH.DTH.0509,..,..,..,..,..,..,..,..,..,..,..,..,..,..,..,..,..,..,..,..,..,..,..,..,..,..,..,..,..,..,137,133,127,121,115,109,103,98,93,88,82,76,71,67,62,58,54,52,49,47,46,44,44,43,43,43,49,41,41,41,40,40,39,..
Fiji,FJI,Number of under-five deaths,SH.DTH.MORT,1375,1322,1284,1251,1202,1156,1118,1083,1054,1039,1025,1015,1000,984,972,975,983,984,978,968,950,926,899,871,845,816,782,752,723,693,665,636,604,573,544,520,502,486,471,463,460,460,464,471,479,485,493,497,492,480,462,443,428,421,420,423,431,442,457,476,492,502,505,..
Finland,FIN,"Death rate, crude (per 1,000 people)",SP.DYN.CDRT.IN,9,9.1,9.5,9.3,9.3,9.7,9.5,9.5,9.7,9.9,9.6,9.9,9.5,9.3,9.5,9.3,9.5,9.3,9.2,9.2,9.3,9.3,9,9.3,9.2,9.8,9.6,9.7,9.9,9.9,10,9.8,9.9,10.1,9.4,9.6,9.6,9.6,9.6,9.6,9.5,9.4,9.5,9.4,9.1,9.1,9.1,9.3,9.2,9.3,9.5,9.4,9.6,9.5,9.6,9.6,9.8,9.8,9.9,9.8,10,10.4,11.4,..
Finland,FIN,Number of deaths ages 10-14 years,SH.DTH.1014,..,..,..,..,..,..,..,..,..,..,..,..,..,..,..,..,..,..,..,..,..,..,..,..,..,..,..,..,..,..,59,57,56,56,56,55,54,52,49,48,46,46,45,45,43,42,40,38,36,34,32,31,29,28,28,27,26,26,26,26,26,25,24,..
Finland,FIN,Number of deaths ages 15-19 years,SH.DTH.1519,..,..,..,..,..,..,..,..,..,..,..,..,..,..,..,..,..,..,..,..,..,..,..,..,..,..,..,..,..,..,208,202,191,180,171,162,158,155,157,159,161,158,153,148,144,143,143,144,143,139,133,123,112,102,96,92,93,97,101,104,106,106,105,..
Finland,FIN,Number of deaths ages 20-24 years,SH.DTH.2024,..,..,..,..,..,..,..,..,..,..,..,..,..,..,..,..,..,..,..,..,..,..,..,..,..,..,..,..,..,..,332,313,282,251,229,220,219,223,230,237,240,240,237,235,235,235,234,231,227,220,211,201,190,180,173,171,173,178,183,186,184,179,174,..
Finland,FIN,Number of deaths ages 5-9 years,SH.DTH.0509,..,..,..,..,..,..,..,..,..,..,..,..,..,..,..,..,..,..,..,..,..,..,..,..,..,..,..,..,..,..,61,59,57,55,53,52,51,51,49,48,46,44,41,39,37,35,33,31,30,28,27,26,25,25,24,23,23,22,21,21,19,19,17,..
Finland,FIN,Number of under-five deaths,SH.DTH.MORT,2228,2067,1935,1835,1731,1608,1505,1428,1335,1212,1095,993,898,818,784,775,747,698,641,592,552,521,508,501,488,470,452,439,439,437,429,417,400,378,355,332,308,287,269,256,246,236,228,222,219,214,209,202,195,188,181,173,164,155,147,140,132,125,118,112,109,109,109,..
France,FRA,"Death rate, crude (per 1,000 people)",SP.DYN.CDRT.IN,11.4,11.3,11.2,11.1,11.1,11.1,11,11,10.9,10.9,10.8,10.8,10.7,10.6,10.5,10.4,10.4,10.3,10.2,10.2,10.2,10.1,10,10,9.9,9.8,9.7,9.6,9.5,9.4,9.3,9.2,9.2,9.2,9.1,9.1,9.1,9.1,9.1,9.1,8.9,8.8,8.8,9.1,8.3,8.5,8.3,8.3,8.5,8.5,8.5,8.4,8.7,8.7,8.4,8.9,8.9,9.1,9.1,9.1,9.9,9.8,9.8,..
France,FRA,Number of deaths ages 10-14 years,SH.DTH.1014,..,..,..,..,..,..,..,..,..,..,..,..,..,..,..,..,..,..,..,..,..,..,..,..,..,..,..,..,..,..,755,742,729,709,685,658,628,601,578,557,536,512,487,460,431,406,387,369,357,350,345,341,337,331,326,319,313,308,305,302,300,296,291,..
France,FRA,Number of deaths ages 15-19 years,SH.DTH.1519,..,..,..,..,..,..,..,..,..,..,..,..,..,..,..,..,..,..,..,..,..,..,..,..,..,..,..,..,..,..,2383,2259,2116,1985,1883,1833,1833,1844,1843,1820,1762,1669,1560,1460,1373,1297,1235,1185,1138,1087,1033,973,916,874,847,834,828,825,820,810,796,782,768,..
France,FRA,Number of deaths ages 20-24 years,SH.DTH.2024,..,..,..,..,..,..,..,..,..,..,..,..,..,..,..,..,..,..,..,..,..,..,..,..,..,..,..,..,..,..,4112,4042,3970,3868,3716,3519,3296,3084,2912,2783,2701,2644,2570,2464,2343,2226,2121,2033,1969,1917,1852,1772,1687,1599,1516,1455,1416,1391,1377,1379,1386,1397,1404,..
France,FRA,Number of deaths ages 5-9 years,SH.DTH.0509,..,..,..,..,..,..,..,..,..,..,..,..,..,..,..,..,..,..,..,..,..,..,..,..,..,..,..,..,..,..,756,717,682,653,627,602,576,549,521,493,467,444,422,405,389,377,367,357,348,340,332,326,320,317,314,311,306,301,296,290,283,274,265,..
France,FRA,Number of under-five deaths,SH.DTH.MORT,23277,22150,21153,20387,19781,18902,18096,17286,16507,15916,15382,14979,14530,13789,12872,11820,10880,10369,9965,9599,9516,9414,9095,8544,8093,7881,7711,7502,7283,7069,6787,6445,6000,5438,4937,4622,4393,4183,4079,4050,4038,3986,3859,3723,3613,3526,3487,3445,3396,3363,3328,3283,3235,3213,3214,3204,3168,3128,3074,3009,2919,2832,2763,..
French Polynesia,PYF,"Death rate, crude (per 1,000 people)",SP.DYN.CDRT.IN,9.628,9.431,9.261,9.104,8.94,8.73,8.504,8.274,8.055,7.843,7.624,7.395,7.154,6.973,6.788,6.573,6.332,6.085,5.784,5.519,5.214,4.934,4.636,4.348,4.11,3.877,3.638,3.537,3.407,3.32,3.275,3.231,3.17,3.089,2.975,2.822,2.662,2.509,2.412,2.292,2.284,2.322,2.393,2.482,2.588,2.696,2.791,2.849,2.839,2.842,2.84,2.832,2.848,2.887,2.952,3.037,3.126,3.219,3.31,3.391,3.859,5.376,3.64,..
French Polynesia,PYF,Number of deaths ages 10-14 years,SH.DTH.1014,..,..,..,..,..,..,..,..,..,..,..,..,..,..,..,..,..,..,..,..,..,..,..,..,..,..,..,..,..,..,..,..,..,..,..,..,..,..,..,..,..,..,..,..,..,..,..,..,..,..,..,..,..,..,..,..,..,..,..,..,..,..,..,..
French Polynesia,PYF,Number of deaths ages 15-19 years,SH.DTH.1519,..,..,..,..,..,..,..,..,..,..,..,..,..,..,..,..,..,..,..,..,..,..,..,..,..,..,..,..,..,..,..,..,..,..,..,..,..,..,..,..,..,..,..,..,..,..,..,..,..,..,..,..,..,..,..,..,..,..,..,..,..,..,..,..
French Polynesia,PYF,Number of deaths ages 20-24 years,SH.DTH.2024,..,..,..,..,..,..,..,..,..,..,..,..,..,..,..,..,..,..,..,..,..,..,..,..,..,..,..,..,..,..,..,..,..,..,..,..,..,..,..,..,..,..,..,..,..,..,..,..,..,..,..,..,..,..,..,..,..,..,..,..,..,..,..,..
French Polynesia,PYF,Number of deaths ages 5-9 years,SH.DTH.0509,..,..,..,..,..,..,..,..,..,..,..,..,..,..,..,..,..,..,..,..,..,..,..,..,..,..,..,..,..,..,..,..,..,..,..,..,..,..,..,..,..,..,..,..,..,..,..,..,..,..,..,..,..,..,..,..,..,..,..,..,..,..,..,..
French Polynesia,PYF,Number of under-five deaths,SH.DTH.MORT,..,..,..,..,..,..,..,..,..,..,..,..,..,..,..,..,..,..,..,..,..,..,..,..,..,..,..,..,..,..,..,..,..,..,..,..,..,..,..,..,..,..,..,..,..,..,..,..,..,..,..,..,..,..,..,..,..,..,..,..,..,..,..,..
Gabon,GAB,"Death rate, crude (per 1,000 people)",SP.DYN.CDRT.IN,20.64,20.315,20.014,19.671,19.348,18.945,18.612,18.302,17.977,17.674,17.288,16.963,16.631,16.347,16.005,15.698,15.309,14.984,14.599,14.309,14.027,13.754,13.518,13.151,12.883,12.549,12.264,12.021,11.846,11.593,11.437,11.266,11.076,10.875,10.754,10.62,10.545,10.421,10.275,10.167,10.002,9.847,9.767,9.538,9.405,9.299,9.074,8.924,8.686,8.559,8.284,8.184,7.914,7.786,7.659,7.418,7.238,7.054,6.986,6.856,6.909,7.258,7.307,..
Gabon,GAB,Number of deaths ages 10-14 years,SH.DTH.1014,..,..,..,..,..,..,..,..,..,..,..,..,..,..,..,..,..,..,..,..,..,..,..,..,..,..,..,..,..,..,178,186,194,202,210,219,226,233,241,249,257,265,273,281,287,294,299,303,305,306,308,310,314,313,314,314,315,317,319,321,326,330,336,..
Gabon,GAB,Number of deaths ages 15-19 years,SH.DTH.1519,..,..,..,..,..,..,..,..,..,..,..,..,..,..,..,..,..,..,..,..,..,..,..,..,..,..,..,..,..,..,173,187,201,216,230,245,258,270,280,291,301,310,316,321,324,322,320,314,306,296,284,271,259,247,238,231,226,223,220,218,218,217,217,..
Gabon,GAB,Number of deaths ages 20-24 years,SH.DTH.2024,..,..,..,..,..,..,..,..,..,..,..,..,..,..,..,..,..,..,..,..,..,..,..,..,..,..,..,..,..,..,225,237,248,260,269,278,286,294,299,304,310,315,319,321,322,320,316,313,309,303,296,287,279,271,263,255,250,244,241,239,237,236,238,..
Gabon,GAB,Number of deaths ages 5-9 years,SH.DTH.0509,..,..,..,..,..,..,..,..,..,..,..,..,..,..,..,..,..,..,..,..,..,..,..,..,..,..,..,..,..,..,291,296,302,305,310,315,317,320,320,320,319,318,314,312,310,309,308,307,305,304,303,303,303,302,303,303,305,307,308,307,305,302,296,..
Gabon,GAB,Number of under-five deaths,SH.DTH.MORT,..,..,..,..,..,..,..,..,..,3258,3251,3251,3254,3254,3246,3244,3247,3250,3253,3252,3256,3264,3268,3268,3266,3263,3263,3274,3288,3297,3307,3320,3343,3367,3384,3395,3408,3426,3450,3460,3465,3464,3453,3433,3413,3393,3382,3357,3335,3328,3312,3299,3264,3200,3151,3100,3013,2933,2842,2731,2599,2523,2463,..
"Gambia, The",GMB,"Death rate, crude (per 1,000 people)",SP.DYN.CDRT.IN,28.943,28.5,28.097,27.604,27.143,26.629,26.139,25.594,25.135,24.661,24.168,23.722,23.222,22.821,22.353,22.1,21.761,21.56,21.542,20.907,20.555,20.99,19.826,19.489,19.148,18.565,18.115,17.558,17.061,16.608,16.102,15.541,14.983,14.408,13.712,13.163,12.751,12.607,12.254,12.024,11.841,11.69,11.57,11.237,10.847,10.56,10.132,9.856,9.432,9.171,8.941,8.501,8.174,8.073,7.916,7.74,7.454,7.396,7.323,6.999,7.373,7.543,7.137,..
"Gambia, The",GMB,Number of deaths ages 10-14 years,SH.DTH.1014,..,..,..,..,..,..,..,..,..,..,..,..,..,..,..,..,..,..,..,..,..,..,..,..,..,..,..,..,..,..,285,291,295,299,302,306,308,311,313,315,317,318,317,317,315,314,312,310,310,309,309,308,308,308,308,309,309,311,313,313,313,313,313,..
"Gambia, The",GMB,Number of deaths ages 15-19 years,SH.DTH.1519,..,..,..,..,..,..,..,..,..,..,..,..,..,..,..,..,..,..,..,..,..,..,..,..,..,..,..,..,..,..,388,396,404,408,408,408,411,414,417,421,425,431,434,438,436,435,435,434,435,434,434,434,433,434,435,437,439,441,443,446,450,456,462,..
"Gambia, The",GMB,Number of deaths ages 20-24 years,SH.DTH.2024,..,..,..,..,..,..,..,..,..,..,..,..,..,..,..,..,..,..,..,..,..,..,..,..,..,..,..,..,..,..,406,416,427,434,436,436,437,438,440,442,446,450,454,460,460,460,460,461,462,463,465,467,470,472,475,477,478,481,484,488,493,498,505,..
"Gambia, The",GMB,Number of deaths ages 5-9 years,SH.DTH.0509,..,..,..,..,..,..,..,..,..,..,..,..,..,..,..,..,..,..,..,..,..,..,..,..,..,..,..,..,..,..,652,655,658,658,657,652,645,636,627,616,603,590,576,562,552,541,532,522,513,504,497,490,485,478,472,464,456,446,437,428,417,406,395,..
"Gambia, The",GMB,Number of under-five deaths,SH.DTH.MORT,..,6858,6900,6936,6962,6977,6982,6988,6994,7003,7010,7022,7045,7071,7088,7100,7116,7132,7145,7156,7178,7199,7219,7232,7237,7241,7250,7261,7275,7288,7307,7328,7335,7329,7308,7255,7171,7069,6974,6863,6729,6604,6474,6333,6208,6097,6007,5917,5816,5714,5612,5506,5392,5264,5117,4957,4789,4620,4462,4316,4191,4079,3976,..
Georgia,GEO,"Death rate, crude (per 1,000 people)",SP.DYN.CDRT.IN,12.684,12.506,12.09,11.745,11.62,11.134,10.931,10.923,10.691,10.515,10.521,10.333,10.247,10.128,10.13,10.049,10.127,9.959,9.988,9.874,10.044,9.817,9.783,9.903,10.067,9.918,9.998,10.267,10.157,10.369,10.499,10.634,10.975,11.012,10.73,10.569,10.652,10.814,11.062,11.125,11.188,11.482,11.409,11.463,11.633,11.445,11.587,11.876,12.318,12.194,12.347,12.418,12.691,12.783,12.576,12.531,12.411,12.603,12.963,12.88,13.976,15.166,15.197,..
Georgia,GEO,Number of deaths ages 10-14 years,SH.DTH.1014,..,..,..,..,..,..,..,..,..,..,..,..,..,..,..,..,..,..,..,..,..,..,..,..,..,..,..,..,..,..,138,140,113,106,100,95,93,91,89,88,86,84,83,82,81,78,75,73,71,69,67,65,63,61,58,57,55,54,52,52,51,50,49,..
Georgia,GEO,Number of deaths ages 15-19 years,SH.DTH.1519,..,..,..,..,..,..,..,..,..,..,..,..,..,..,..,..,..,..,..,..,..,..,..,..,..,..,..,..,..,..,277,284,377,433,279,213,173,162,168,178,185,182,168,153,138,131,133,144,190,154,140,124,114,114,121,132,135,125,113,109,112,113,110,..
Georgia,GEO,Number of deaths ages 20-24 years,SH.DTH.2024,..,..,..,..,..,..,..,..,..,..,..,..,..,..,..,..,..,..,..,..,..,..,..,..,..,..,..,..,..,..,465,489,750,928,529,408,326,294,285,277,263,245,225,214,208,213,233,267,396,298,276,247,226,215,219,230,225,203,181,173,174,175,168,..
Georgia,GEO,Number of deaths ages 5-9 years,SH.DTH.0509,..,..,..,..,..,..,..,..,..,..,..,..,..,..,..,..,..,..,..,..,..,..,..,..,..,..,..,..,..,..,175,179,147,136,125,118,111,104,97,90,82,75,70,65,63,61,60,58,58,58,58,57,57,56,56,57,56,54,52,49,46,44,41,..
Georgia,GEO,Number of under-five deaths,SH.DTH.MORT,..,..,..,..,..,..,..,..,..,..,..,..,..,..,..,..,..,..,..,..,5735,5609,5482,5384,5334,5287,5202,5047,4888,4809,4772,4626,4319,3960,3619,3304,3017,2740,2468,2201,1959,1736,1541,1380,1256,1153,1048,959,898,855,807,745,688,650,629,617,601,573,546,514,483,473,466,..
Germany,DEU,"Death rate, crude (per 1,000 people)",SP.DYN.CDRT.IN,12,11.6,11.9,12,11.6,12,11.9,11.9,12.6,12.7,12.5,12.3,12.3,12.2,12.1,12.6,12.3,11.9,12.2,12.1,12.2,12.2,12,12,11.8,12,11.9,11.6,11.5,11.5,11.6,11.4,11,11.1,10.9,10.8,10.8,10.5,10.4,10.3,10.2,10.1,10.2,10.3,9.9,10.1,10,10.1,10.3,10.4,10.5,10.6,10.8,11.1,10.7,11.3,11.1,11.3,11.5,11.3,11.9,12.3,12.7,..
Germany,DEU,Number of deaths ages 10-14 years,SH.DTH.1014,..,..,..,..,..,..,..,..,..,..,..,..,..,..,..,..,..,..,..,..,..,..,..,..,..,..,..,..,..,..,757,755,747,733,712,687,662,640,626,615,603,586,559,527,493,459,432,416,403,391,381,370,355,342,330,319,311,306,304,302,300,300,300,..
Germany,DEU,Number of deaths ages 15-19 years,SH.DTH.1519,..,..,..,..,..,..,..,..,..,..,..,..,..,..,..,..,..,..,..,..,..,..,..,..,..,..,..,..,..,..,2554,2430,2336,2285,2262,2260,2259,2242,2206,2150,2070,1967,1856,1747,1645,1552,1464,1381,1302,1224,1147,1084,1043,1011,990,976,956,926,896,877,867,873,896,..
Germany,DEU,Number of deaths ages 20-24 years,SH.DTH.2024,..,..,..,..,..,..,..,..,..,..,..,..,..,..,..,..,..,..,..,..,..,..,..,..,..,..,..,..,..,..,4684,4518,4259,3932,3596,3302,3061,2889,2789,2732,2692,2637,2541,2415,2273,2132,2017,1943,1902,1874,1845,1796,1722,1639,1560,1490,1435,1404,1382,1370,1373,1382,1393,..
Germany,DEU,Number of deaths ages 5-9 years,SH.DTH.0509,..,..,..,..,..,..,..,..,..,..,..,..,..,..,..,..,..,..,..,..,..,..,..,..,..,..,..,..,..,..,851,816,781,750,720,689,653,612,570,529,491,460,440,423,407,393,377,358,340,325,310,298,290,284,279,276,276,276,276,277,280,285,290,..
Germany,DEU,Number of under-five deaths,SH.DTH.MORT,..,..,..,..,..,..,..,..,..,..,..,..,..,20329,18158,16657,15479,14537,13664,12906,12382,11837,11130,10358,9644,9117,8798,8579,8335,7987,7571,6974,6323,5835,5378,4988,4791,4686,4503,4285,4111,3908,3695,3526,3390,3248,3097,3008,2946,2850,2790,2760,2735,2734,2774,2840,2931,2981,2946,2893,2823,2768,2726,..
Ghana,GHA,"Death rate, crude (per 1,000 people)",SP.DYN.CDRT.IN,18.998,18.668,18.747,18.733,18.671,18.628,18.621,18.613,18.661,18.649,18.422,18.263,17.76,17.311,16.892,16.421,15.934,15.583,15.349,15.168,15.111,14.808,14.556,14.396,14.157,13.798,13.294,12.799,12.302,11.818,11.492,11.209,11.02,10.865,10.941,10.676,10.513,10.322,10.142,9.962,9.922,9.974,9.744,9.513,9.476,9.247,9.14,9.026,8.905,8.706,8.626,8.417,8.238,8.092,7.817,7.773,7.46,7.39,7.373,7.143,7.448,7.627,7.585,..
Ghana,GHA,Number of deaths ages 10-14 years,SH.DTH.1014,..,..,..,..,..,..,..,..,..,..,..,..,..,..,..,..,..,..,..,..,..,..,..,..,..,..,..,..,..,..,3396,3479,3549,3609,3641,3655,3662,3656,3624,3587,3558,3522,3484,3442,3393,3343,3286,3237,3200,3183,3195,3223,3260,3295,3322,3339,3356,3361,3360,3352,3338,3332,3322,..
Ghana,GHA,Number of deaths ages 15-19 years,SH.DTH.1519,..,..,..,..,..,..,..,..,..,..,..,..,..,..,..,..,..,..,..,..,..,..,..,..,..,..,..,..,..,..,3826,3890,3957,4051,4109,4169,4222,4279,4352,4430,4502,4581,4660,4703,4738,4774,4789,4785,4775,4754,4710,4670,4623,4606,4610,4652,4694,4710,4729,4744,4742,4728,4709,..
Ghana,GHA,Number of deaths ages 20-24 years,SH.DTH.2024,..,..,..,..,..,..,..,..,..,..,..,..,..,..,..,..,..,..,..,..,..,..,..,..,..,..,..,..,..,..,4617,4561,4522,4546,4592,4644,4699,4781,4890,4984,5080,5178,5255,5316,5325,5295,5249,5188,5086,4980,4891,4777,4647,4534,4406,4309,4245,4182,4168,4200,4258,4344,4432,..
Ghana,GHA,Number of deaths ages 5-9 years,SH.DTH.0509,..,..,..,..,..,..,..,..,..,..,..,..,..,..,..,..,..,..,..,..,..,..,..,..,..,..,..,..,..,..,8197,8105,7981,7814,7647,7498,7340,7172,6996,6807,6609,6401,6208,6043,5914,5832,5770,5725,5670,5603,5527,5455,5359,5275,5194,5124,5053,4992,4938,4883,4814,4730,4599,..
Ghana,GHA,Number of under-five deaths,SH.DTH.MORT,68211,69277,70388,71499,72473,73452,74499,75846,77491,79265,80950,82273,83123,83485,83372,82841,82088,81540,81674,82477,83946,85899,87721,89260,90497,90351,88810,86589,83791,80700,78099,76089,74465,73338,72310,71399,70470,69479,68654,67791,67089,66125,64915,63914,63050,62709,62194,61008,59743,58352,56932,55494,54030,52521,50850,49378,47616,45098,43302,42073,40598,39254,38079,..
Gibraltar,GIB,"Death rate, crude (per 1,000 people)",SP.DYN.CDRT.IN,8.564,8.693,8.676,8.875,8.43,8.225,8.694,7.972,8.257,8.453,8.194,8.004,8.204,8.041,8.511,8.041,8.341,8.015,7.917,7.907,7.407,7.597,7.779,7.301,7.04,6.887,7.001,8.128,6.799,8.713,7.359,7.54,8.654,7.034,6.859,8.639,8.096,6.659,6.659,6.363,6.637,6.96,7.541,8.063,7.387,7.145,7.874,9.186,8.15,7.51,7.678,7.123,6.327,8.041,7.395,8.606,8.032,8.182,8.191,8.283,8.685,11.546,8.511,..
Gibraltar,GIB,Number of deaths ages 10-14 years,SH.DTH.1014,..,..,..,..,..,..,..,..,..,..,..,..,..,..,..,..,..,..,..,..,..,..,..,..,..,..,..,..,..,..,..,..,..,..,..,..,..,..,..,..,..,..,..,..,..,..,..,..,..,..,..,..,..,..,..,..,..,..,..,..,..,..,..,..
Gibraltar,GIB,Number of deaths ages 15-19 years,SH.DTH.1519,..,..,..,..,..,..,..,..,..,..,..,..,..,..,..,..,..,..,..,..,..,..,..,..,..,..,..,..,..,..,..,..,..,..,..,..,..,..,..,..,..,..,..,..,..,..,..,..,..,..,..,..,..,..,..,..,..,..,..,..,..,..,..,..
Gibraltar,GIB,Number of deaths ages 20-24 years,SH.DTH.2024,..,..,..,..,..,..,..,..,..,..,..,..,..,..,..,..,..,..,..,..,..,..,..,..,..,..,..,..,..,..,..,..,..,..,..,..,..,..,..,..,..,..,..,..,..,..,..,..,..,..,..,..,..,..,..,..,..,..,..,..,..,..,..,..
Gibraltar,GIB,Number of deaths ages 5-9 years,SH.DTH.0509,..,..,..,..,..,..,..,..,..,..,..,..,..,..,..,..,..,..,..,..,..,..,..,..,..,..,..,..,..,..,..,..,..,..,..,..,..,..,..,..,..,..,..,..,..,..,..,..,..,..,..,..,..,..,..,..,..,..,..,..,..,..,..,..
Gibraltar,GIB,Number of under-five deaths,SH.DTH.MORT,..,..,..,..,..,..,..,..,..,..,..,..,..,..,..,..,..,..,..,..,..,..,..,..,..,..,..,..,..,..,..,..,..,..,..,..,..,..,..,..,..,..,..,..,..,..,..,..,..,..,..,..,..,..,..,..,..,..,..,..,..,..,..,..
Greece,GRC,"Death rate, crude (per 1,000 people)",SP.DYN.CDRT.IN,7.3,7.6,7.9,7.9,8.2,7.9,7.9,8.3,8.4,8.2,8.4,8.4,8.6,8.7,8.5,8.9,8.9,9,8.7,8.6,9.1,8.9,8.8,9.2,8.9,9.4,9.2,9.6,9.2,9.2,9.2,9.3,9.4,9.3,9.3,9.5,9.5,9.4,9.6,9.6,9.7,9.4,9.5,9.7,9.6,9.6,9.6,9.9,9.7,9.8,9.8,10,10.6,10.2,10.4,11.2,11,11.6,11.2,11.7,12.2,13.6,13.4,..
Greece,GRC,Number of deaths ages 10-14 years,SH.DTH.1014,..,..,..,..,..,..,..,..,..,..,..,..,..,..,..,..,..,..,..,..,..,..,..,..,..,..,..,..,..,..,146,141,136,131,124,117,110,103,96,90,85,81,78,75,72,70,69,67,66,64,62,61,59,58,56,53,51,49,49,47,46,45,43,..
Greece,GRC,Number of deaths ages 15-19 years,SH.DTH.1519,..,..,..,..,..,..,..,..,..,..,..,..,..,..,..,..,..,..,..,..,..,..,..,..,..,..,..,..,..,..,424,418,413,407,403,401,399,394,388,377,359,339,319,302,286,271,256,242,228,213,200,187,173,161,150,143,137,131,126,121,116,112,108,..
Greece,GRC,Number of deaths ages 20-24 years,SH.DTH.2024,..,..,..,..,..,..,..,..,..,..,..,..,..,..,..,..,..,..,..,..,..,..,..,..,..,..,..,..,..,..,637,641,636,625,614,604,599,598,600,601,602,600,593,583,566,542,512,482,451,420,386,352,322,293,269,251,238,226,216,207,200,195,191,..
Greece,GRC,Number of deaths ages 5-9 years,SH.DTH.0509,..,..,..,..,..,..,..,..,..,..,..,..,..,..,..,..,..,..,..,..,..,..,..,..,..,..,..,..,..,..,125,116,108,99,94,89,84,80,77,75,73,72,70,68,66,65,63,61,59,57,55,53,52,50,49,48,46,44,41,38,36,33,31,..
Greece,GRC,Number of under-five deaths,SH.DTH.MORT,7751,7440,7117,6803,6513,6250,5995,5768,5441,5022,4650,4335,4076,3895,3811,3737,3600,3424,3237,3059,2859,2623,2395,2200,2008,1811,1632,1479,1353,1245,1159,1098,1051,1009,970,933,892,848,797,746,702,657,610,568,532,503,481,464,457,454,446,433,418,404,394,389,384,374,359,343,331,320,306,..
Greenland,GRL,"Death rate, crude (per 1,000 people)",SP.DYN.CDRT.IN,..,..,..,..,..,..,..,..,..,..,..,..,..,..,..,..,..,7.6,6.3,7.9,7.6,7.5,7.9,8.3,8.3,8.2,8.3,8.2,7.9,8.2,8.4,8.3,8,7.8,8,8.6,7.9,8.8,8.1,8.5,8,8.3,7.9,7.2,8.4,8.2,7.8,8,7.6,7.8,9,8.4,8,7.9,8.2,8.4,8.7,8.9,8.7,9.8,9.2,9.4,9.3,..
Greenland,GRL,Number of deaths ages 10-14 years,SH.DTH.1014,..,..,..,..,..,..,..,..,..,..,..,..,..,..,..,..,..,..,..,..,..,..,..,..,..,..,..,..,..,..,..,..,..,..,..,..,..,..,..,..,..,..,..,..,..,..,..,..,..,..,..,..,..,..,..,..,..,..,..,..,..,..,..,..
Greenland,GRL,Number of deaths ages 15-19 years,SH.DTH.1519,..,..,..,..,..,..,..,..,..,..,..,..,..,..,..,..,..,..,..,..,..,..,..,..,..,..,..,..,..,..,..,..,..,..,..,..,..,..,..,..,..,..,..,..,..,..,..,..,..,..,..,..,..,..,..,..,..,..,..,..,..,..,..,..
Greenland,GRL,Number of deaths ages 20-24 years,SH.DTH.2024,..,..,..,..,..,..,..,..,..,..,..,..,..,..,..,..,..,..,..,..,..,..,..,..,..,..,..,..,..,..,..,..,..,..,..,..,..,..,..,..,..,..,..,..,..,..,..,..,..,..,..,..,..,..,..,..,..,..,..,..,..,..,..,..
Greenland,GRL,Number of deaths ages 5-9 years,SH.DTH.0509,..,..,..,..,..,..,..,..,..,..,..,..,..,..,..,..,..,..,..,..,..,..,..,..,..,..,..,..,..,..,..,..,..,..,..,..,..,..,..,..,..,..,..,..,..,..,..,..,..,..,..,..,..,..,..,..,..,..,..,..,..,..,..,..
Greenland,GRL,Number of under-five deaths,SH.DTH.MORT,..,..,..,..,..,..,..,..,..,..,..,..,..,..,..,..,..,..,..,..,..,..,..,..,..,..,..,..,..,..,..,..,..,..,..,..,..,..,..,..,..,..,..,..,..,..,..,..,..,..,..,..,..,..,..,..,..,..,..,..,..,..,..,..
Grenada,GRD,"Death rate, crude (per 1,000 people)",SP.DYN.CDRT.IN,11.431,10.738,10.006,9.268,8.788,8.772,8.78,8.757,8.315,8.145,7.997,7.982,7.941,7.879,7.827,7.756,7.782,8.28,8.285,8.268,8.226,8.108,8.003,9.757,7.676,7.576,7.535,7.532,7.465,7.425,7.348,7.233,7.098,6.99,6.943,6.85,6.836,6.827,6.815,6.904,7.131,7.084,7.14,7.272,7.946,7.233,7.242,7.005,6.963,6.883,7.058,7.021,7.281,7.335,7.502,7.572,7.82,7.9,7.956,8.008,8.061,8.151,7.942,..
Grenada,GRD,Number of deaths ages 10-14 years,SH.DTH.1014,..,..,..,..,..,..,..,..,..,..,..,..,..,..,..,..,..,..,..,..,..,..,..,..,..,..,..,..,..,..,4,4,3,3,3,4,5,5,5,5,5,5,5,5,4,4,3,3,3,3,3,3,3,3,3,3,3,3,3,3,3,3,3,..
Grenada,GRD,Number of deaths ages 15-19 years,SH.DTH.1519,..,..,..,..,..,..,..,..,..,..,..,..,..,..,..,..,..,..,..,..,..,..,..,..,..,..,..,..,..,..,9,8,8,7,7,7,7,7,7,7,7,8,8,8,8,8,8,8,7,7,7,5,5,5,5,5,5,4,4,4,4,4,4,..
Grenada,GRD,Number of deaths ages 20-24 years,SH.DTH.2024,..,..,..,..,..,..,..,..,..,..,..,..,..,..,..,..,..,..,..,..,..,..,..,..,..,..,..,..,..,..,13,11,11,10,10,10,10,9,8,8,7,7,7,7,7,7,9,9,9,9,9,8,8,7,7,6,6,6,6,6,6,5,5,..
Grenada,GRD,Number of deaths ages 5-9 years,SH.DTH.0509,..,..,..,..,..,..,..,..,..,..,..,..,..,..,..,..,..,..,..,..,..,..,..,..,..,..,..,..,..,..,7,7,7,7,7,7,6,6,5,5,5,5,5,5,4,4,3,3,3,3,3,3,3,3,3,3,3,3,3,3,3,3,3,..
Grenada,GRD,Number of under-five deaths,SH.DTH.MORT,396,369,336,300,266,234,207,185,167,153,142,134,130,127,124,121,117,113,108,103,99,90,85,85,83,82,82,81,75,69,65,60,55,50,46,43,40,39,35,32,31,30,29,28,28,28,28,28,28,29,29,30,30,31,31,31,32,32,32,32,32,32,32,..
Guam,GUM,"Death rate, crude (per 1,000 people)",SP.DYN.CDRT.IN,6.443,6.317,6.278,6.044,5.901,5.971,6.118,5.801,5.594,5.507,5.427,5.338,5.333,5.245,5.233,5.123,5.075,4.838,4.657,4.471,4.502,4.502,4.48,4.48,4.467,4.481,4.493,4.504,4.491,4.495,4.486,4.57,4.578,4.579,4.629,4.636,4.791,4.788,4.774,4.706,4.663,4.436,4.411,4.293,4.273,4.303,4.437,4.566,4.648,4.784,4.947,5.122,5.368,5.537,5.71,5.958,6.046,6.127,6.21,6.304,7.178,7.337,6.55,..
Guam,GUM,Number of deaths ages 10-14 years,SH.DTH.1014,..,..,..,..,..,..,..,..,..,..,..,..,..,..,..,..,..,..,..,..,..,..,..,..,..,..,..,..,..,..,..,..,..,..,..,..,..,..,..,..,..,..,..,..,..,..,..,..,..,..,..,..,..,..,..,..,..,..,..,..,..,..,..,..
Guam,GUM,Number of deaths ages 15-19 years,SH.DTH.1519,..,..,..,..,..,..,..,..,..,..,..,..,..,..,..,..,..,..,..,..,..,..,..,..,..,..,..,..,..,..,..,..,..,..,..,..,..,..,..,..,..,..,..,..,..,..,..,..,..,..,..,..,..,..,..,..,..,..,..,..,..,..,..,..
Guam,GUM,Number of deaths ages 20-24 years,SH.DTH.2024,..,..,..,..,..,..,..,..,..,..,..,..,..,..,..,..,..,..,..,..,..,..,..,..,..,..,..,..,..,..,..,..,..,..,..,..,..,..,..,..,..,..,..,..,..,..,..,..,..,..,..,..,..,..,..,..,..,..,..,..,..,..,..,..
Guam,GUM,Number of deaths ages 5-9 years,SH.DTH.0509,..,..,..,..,..,..,..,..,..,..,..,..,..,..,..,..,..,..,..,..,..,..,..,..,..,..,..,..,..,..,..,..,..,..,..,..,..,..,..,..,..,..,..,..,..,..,..,..,..,..,..,..,..,..,..,..,..,..,..,..,..,..,..,..
Guam,GUM,Number of under-five deaths,SH.DTH.MORT,..,..,..,..,..,..,..,..,..,..,..,..,..,..,..,..,..,..,..,..,..,..,..,..,..,..,..,..,..,..,..,..,..,..,..,..,..,..,..,..,..,..,..,..,..,..,..,..,..,..,..,..,..,..,..,..,..,..,..,..,..,..,..,..
Guatemala,GTM,"Death rate, crude (per 1,000 people)",SP.DYN.CDRT.IN,18.949,18.396,17.94,17.579,17.296,17.13,17.09,16.872,16.577,16.339,15.729,15.067,14.373,13.604,13.02,12.602,15.783,12.018,11.885,11.731,11.755,11.691,14.866,10.481,10.104,9.751,9.445,9.136,8.861,8.681,8.595,8.435,8.334,8.143,7.976,7.679,7.33,7.006,6.747,6.419,6.19,6.013,5.859,5.727,5.625,5.666,5.469,5.419,5.377,5.329,5.296,5.233,5.171,5.112,5.071,5.071,5.038,5.015,4.995,4.892,5.337,6.504,6.767,..
Guatemala,GTM,Number of deaths ages 10-14 years,SH.DTH.1014,..,..,..,..,..,..,..,..,..,..,..,..,..,..,..,..,..,..,..,..,..,..,..,..,..,..,..,..,..,..,1272,1225,1163,1099,1042,996,965,946,935,927,920,912,903,898,895,1041,898,895,891,883,873,867,864,860,856,847,832,814,796,779,767,760,758,..
Guatemala,GTM,Number of deaths ages 15-19 years,SH.DTH.1519,..,..,..,..,..,..,..,..,..,..,..,..,..,..,..,..,..,..,..,..,..,..,..,..,..,..,..,..,..,..,1576,1671,1728,1753,1750,1742,1742,1758,1784,1808,1829,1865,1930,2014,2112,2206,2273,2300,2296,2276,2253,2241,2243,2268,2316,2360,2357,2284,2164,2035,1921,1843,1804,..
Guatemala,GTM,Number of deaths ages 20-24 years,SH.DTH.2024,..,..,..,..,..,..,..,..,..,..,..,..,..,..,..,..,..,..,..,..,..,..,..,..,..,..,..,..,..,..,2023,2131,2210,2267,2301,2324,2346,2377,2418,2458,2506,2567,2657,2764,2871,2955,2993,2989,2952,2899,2845,2802,2783,2790,2831,2886,2919,2909,2874,2834,2811,2833,2885,..
Guatemala,GTM,Number of deaths ages 5-9 years,SH.DTH.0509,..,..,..,..,..,..,..,..,..,..,..,..,..,..,..,..,..,..,..,..,..,..,..,..,..,..,..,..,..,..,2174,2018,1852,1698,1570,1472,1396,1339,1291,1243,1195,1150,1108,1071,1039,1319,983,955,922,888,852,818,789,764,742,721,700,678,656,636,619,606,594,..
Guatemala,GTM,Number of under-five deaths,SH.DTH.MORT,..,..,41446,41262,41184,41099,41063,41004,40815,40608,40317,39973,39582,39166,38752,38325,44465,37208,36681,36143,35616,35054,41293,33479,32536,31453,30558,29828,29214,28588,27835,27028,26311,25643,24978,24323,23623,22911,22250,21532,20828,20238,19539,18726,17927,17131,16345,15679,15032,14393,13847,13357,12903,12423,11980,11614,11282,10859,10347,9784,9180,8644,8259,..
Guinea,GIN,"Death rate, crude (per 1,000 people)",SP.DYN.CDRT.IN,28.389,28.144,27.936,27.638,27.409,27.104,26.82,26.504,26.063,25.885,25.616,25.348,25.032,24.852,24.641,24.258,23.898,23.599,23.233,22.899,22.545,22.216,21.786,21.463,21.062,20.659,20.378,20.031,19.891,19.669,19.494,19.077,18.476,17.994,17.707,17.107,16.551,15.935,15.388,15.028,14.804,14.543,14.094,13.733,13.39,13.037,12.717,12.427,12.12,11.918,11.669,11.451,11.193,10.947,10.856,10.702,10.352,10.121,9.94,9.712,9.847,9.99,9.87,..
Guinea,GIN,Number of deaths ages 10-14 years,SH.DTH.1014,..,..,..,..,..,..,..,..,..,..,..,..,..,..,..,..,..,..,..,..,..,..,..,..,..,..,..,..,..,..,2075,2092,2096,2082,2081,2073,2074,2071,2069,2074,2078,2081,2086,2095,2100,2101,2098,2093,2088,2078,2071,2057,2040,2020,2007,1995,1989,1986,1985,1991,1999,1995,1994,..
Guinea,GIN,Number of deaths ages 15-19 years,SH.DTH.1519,..,..,..,..,..,..,..,..,..,..,..,..,..,..,..,..,..,..,..,..,..,..,..,..,..,..,..,..,..,..,2299,2373,2441,2492,2571,2640,2733,2840,2922,3041,3148,3245,3301,3400,3478,3544,3605,3676,3748,3811,3864,3910,3959,3998,4019,4026,3998,3974,3926,3880,3853,3841,3811,..
Guinea,GIN,Number of deaths ages 20-24 years,SH.DTH.2024,..,..,..,..,..,..,..,..,..,..,..,..,..,..,..,..,..,..,..,..,..,..,..,..,..,..,..,..,..,..,1733,1839,1940,2022,2116,2196,2289,2379,2404,2491,2575,2645,2661,2773,2887,2992,3096,3229,3374,3534,3689,3850,4012,4167,4315,4440,4545,4657,4729,4785,4830,4881,4902,..
Guinea,GIN,Number of deaths ages 5-9 years,SH.DTH.0509,..,..,..,..,..,..,..,..,..,..,..,..,..,..,..,..,..,..,..,..,..,..,..,..,..,..,..,..,..,..,5207,5274,5318,5315,5357,5356,5374,5380,5376,5366,5342,5306,5256,5196,5129,5066,4996,4917,4845,4793,4754,4729,4715,4715,4720,4724,4721,4705,4676,4636,4604,4567,4525,..
Guinea,GIN,Number of under-five deaths,SH.DTH.MORT,53398,54032,54653,55189,55690,56232,56673,57142,57598,58114,58716,59267,59765,60182,60533,60736,60855,60939,61008,61141,61253,61302,61506,61797,62080,62422,62868,63408,63923,64255,64379,64758,65160,65010,64436,63549,62626,61651,59928,58023,56263,54343,52289,50547,49327,48431,47786,47441,47379,47478,47511,47469,47387,47318,47554,47720,47513,47256,46799,46314,45698,44970,44118,..
Guinea-Bissau,GNB,"Death rate, crude (per 1,000 people)",SP.DYN.CDRT.IN,27.099,27,26.707,28.586,28.103,27.523,26.882,26.202,25.612,25.159,24.897,24.559,24.311,24.037,22.154,22.7,23.193,23.584,23.726,23.532,23.165,23.059,22.93,22.796,22.679,22.469,22.155,21.83,21.36,20.996,20.568,20.167,19.479,18.951,18.704,17.914,17.572,17.991,17.779,17.408,15.956,15.553,15.07,14.661,14.077,13.87,13.092,12.55,12.15,11.52,11.035,10.579,10.155,9.819,9.549,9.223,8.898,8.642,8.401,8.206,8.574,8.716,8.597,..
Guinea-Bissau,GNB,Number of deaths ages 10-14 years,SH.DTH.1014,..,..,..,..,..,..,..,..,..,..,..,..,..,..,..,..,..,..,..,..,..,..,..,..,..,..,..,..,..,..,156,160,169,178,186,194,199,267,206,208,210,212,215,220,225,233,241,250,258,266,273,281,286,291,296,300,303,306,310,311,310,309,308,..
Guinea-Bissau,GNB,Number of deaths ages 15-19 years,SH.DTH.1519,..,..,..,..,..,..,..,..,..,..,..,..,..,..,..,..,..,..,..,..,..,..,..,..,..,..,..,..,..,..,449,457,473,489,503,515,523,529,642,614,541,539,535,529,520,511,499,489,480,473,468,466,464,464,464,465,466,468,471,473,476,479,481,..
Guinea-Bissau,GNB,Number of deaths ages 20-24 years,SH.DTH.2024,..,..,..,..,..,..,..,..,..,..,..,..,..,..,..,..,..,..,..,..,..,..,..,..,..,..,..,..,..,..,379,390,408,430,452,472,486,499,769,697,519,527,534,540,545,545,544,538,532,524,514,504,497,493,491,492,496,500,504,508,512,516,520,..
Guinea-Bissau,GNB,Number of deaths ages 5-9 years,SH.DTH.0509,..,..,..,..,..,..,..,..,..,..,..,..,..,..,..,..,..,..,..,..,..,..,..,..,..,..,..,..,..,..,1194,1157,1128,1103,1077,1043,1001,1053,924,893,872,854,838,823,807,788,766,747,725,702,676,648,619,589,558,527,499,476,457,441,428,418,402,..
Guinea-Bissau,GNB,Number of under-five deaths,SH.DTH.MORT,..,..,..,..,..,..,..,..,..,..,..,..,..,..,..,..,..,..,..,..,..,..,..,..,..,..,..,..,..,..,9513,9332,9243,9219,9223,9223,9192,9139,9055,8932,8792,8636,8493,8348,8157,7956,7759,7553,7308,7017,6738,6508,6316,6140,5958,5767,5571,5361,5162,4993,4843,4704,4566,..
Guyana,GUY,"Death rate, crude (per 1,000 people)",SP.DYN.CDRT.IN,10.915,10.637,10.298,10.013,9.77,9.571,9.416,9.284,9.176,9.091,9.03,8.969,8.894,8.848,8.784,8.73,8.675,8.63,8.577,8.541,8.502,8.506,8.52,8.528,8.526,8.533,8.509,8.479,8.458,8.42,8.358,8.266,8.218,8.031,7.916,8.023,7.977,7.896,7.638,7.525,7.399,7.286,7.351,7.453,7.402,7.414,7.297,7.16,7.288,7.321,7.399,7.455,7.513,7.538,7.459,7.431,7.475,7.472,7.499,7.444,8.026,9.987,9.762,..
Guyana,GUY,Number of deaths ages 10-14 years,SH.DTH.1014,..,..,..,..,..,..,..,..,..,..,..,..,..,..,..,..,..,..,..,..,..,..,..,..,..,..,..,..,..,..,49,45,43,41,40,38,38,37,37,38,39,40,42,43,44,46,47,48,48,47,47,45,43,42,40,39,38,37,35,35,35,33,33,..
Guyana,GUY,Number of deaths ages 15-19 years,SH.DTH.1519,..,..,..,..,..,..,..,..,..,..,..,..,..,..,..,..,..,..,..,..,..,..,..,..,..,..,..,..,..,..,94,88,84,82,82,83,84,84,83,81,79,78,78,79,80,82,84,86,89,94,98,102,105,107,106,103,97,91,84,82,75,71,68,..
Guyana,GUY,Number of deaths ages 20-24 years,SH.DTH.2024,..,..,..,..,..,..,..,..,..,..,..,..,..,..,..,..,..,..,..,..,..,..,..,..,..,..,..,..,..,..,145,142,142,144,149,154,160,163,164,160,154,148,142,136,131,125,120,117,116,119,124,131,139,146,148,145,139,131,122,124,111,107,102,..
Guyana,GUY,Number of deaths ages 5-9 years,SH.DTH.0509,..,..,..,..,..,..,..,..,..,..,..,..,..,..,..,..,..,..,..,..,..,..,..,..,..,..,..,..,..,..,49,46,43,41,40,39,39,40,40,40,40,40,40,40,39,39,38,37,36,35,33,32,31,30,28,28,26,26,25,24,23,23,21,..
Guyana,GUY,Number of under-five deaths,SH.DTH.MORT,2183,2128,2080,2038,2001,1972,1949,1928,1910,1895,1885,1869,1855,1846,1832,1811,1787,1765,1746,1728,1704,1692,1687,1673,1650,1617,1575,1528,1476,1421,1361,1300,1249,1209,1169,1131,1093,1054,1014,973,931,889,848,808,771,739,710,683,659,636,617,598,580,564,549,533,515,499,482,477,466,447,430,..
Haiti,HTI,"Death rate, crude (per 1,000 people)",SP.DYN.CDRT.IN,21.263,20.887,20.552,21.605,19.94,19.601,19.351,18.911,18.584,18.259,17.931,17.632,17.437,17.216,17.092,16.975,16.857,16.748,16.641,16.506,16.374,16.148,15.969,15.732,15.523,15.233,14.976,14.704,14.401,14.245,14.029,13.654,13.278,12.881,12.619,12.041,11.648,11.396,11.023,10.564,10.341,10.239,10.023,9.689,10.184,9.239,9.084,8.937,8.853,8.695,17.738,8.762,8.486,8.376,8.243,8.181,8.161,8.014,7.998,7.953,8.176,8.676,8.48,..
Haiti,HTI,Number of deaths ages 10-14 years,SH.DTH.1014,..,..,..,..,..,..,..,..,..,..,..,..,..,..,..,..,..,..,..,..,..,..,..,..,..,..,..,..,..,..,1623,1633,1641,1645,1647,1645,1642,1632,1624,1611,1599,1575,1546,1509,1736,1430,1396,1361,1328,1294,9406,1228,1194,1162,1132,1104,1075,1052,1029,1009,994,1189,960,..
Haiti,HTI,Number of deaths ages 15-19 years,SH.DTH.1519,..,..,..,..,..,..,..,..,..,..,..,..,..,..,..,..,..,..,..,..,..,..,..,..,..,..,..,..,..,..,2535,2491,2467,2448,2427,2402,2374,2344,2312,2272,2233,2191,2144,2110,2080,2050,2019,1987,1950,1907,8975,1811,1773,1739,1704,1667,1632,1598,1565,1530,1496,1472,1442,..
Haiti,HTI,Number of deaths ages 20-24 years,SH.DTH.2024,..,..,..,..,..,..,..,..,..,..,..,..,..,..,..,..,..,..,..,..,..,..,..,..,..,..,..,..,..,..,2875,2833,2786,2744,2707,2678,2661,2657,2658,2661,2664,2663,2668,2672,2677,2684,2693,2703,2716,2725,9456,2711,2692,2655,2612,2565,2523,2496,2472,2452,2447,2437,2431,..
Haiti,HTI,Number of deaths ages 5-9 years,SH.DTH.0509,..,..,..,..,..,..,..,..,..,..,..,..,..,..,..,..,..,..,..,..,..,..,..,..,..,..,..,..,..,..,3477,3453,3417,3378,3337,3288,3222,3139,3043,2937,2829,2730,2640,2554,3002,2396,2324,2245,2171,2100,11790,1952,1891,1835,1780,1730,1683,1642,1598,1551,1506,1721,1418,..
Haiti,HTI,Number of under-five deaths,SH.DTH.MORT,..,47526,47410,47218,46987,46641,46189,45737,45253,44761,44253,43701,43069,42435,42012,41802,41648,41552,41426,41305,41145,40969,40799,40469,40005,39671,39328,38928,38461,37928,37352,36409,35286,34200,33083,31946,30851,29827,28804,27847,27054,26201,25290,24548,23927,23324,22790,22296,21836,21445,36935,20557,20102,19572,19091,18638,18183,17724,17257,16746,16206,15645,15117,..
Honduras,HND,"Death rate, crude (per 1,000 people)",SP.DYN.CDRT.IN,18.449,17.976,17.185,16.643,16.144,15.61,15.086,14.615,14.087,13.661,13.245,12.856,12.425,12.967,14.265,11.109,10.853,10.57,10.278,9.988,9.686,9.401,9.129,8.813,8.541,8.339,8.056,7.841,7.685,7.329,7.044,6.736,6.546,6.388,6.176,5.898,5.728,5.56,7.784,5.26,5.141,4.992,4.848,4.781,4.674,4.573,4.525,4.5,4.5,4.371,4.348,4.271,4.221,4.198,4.16,4.147,4.183,4.221,4.257,4.315,4.945,5.608,5.404,..
Honduras,HND,Number of deaths ages 10-14 years,SH.DTH.1014,..,..,..,..,..,..,..,..,..,..,..,..,..,..,..,..,..,..,..,..,..,..,..,..,..,..,..,..,..,..,434,435,434,434,431,429,428,428,1827,431,436,444,454,465,478,493,507,522,538,555,575,594,615,634,649,661,669,673,671,666,657,644,632,..
Honduras,HND,Number of deaths ages 15-19 years,SH.DTH.1519,..,..,..,..,..,..,..,..,..,..,..,..,..,..,..,..,..,..,..,..,..,..,..,..,..,..,..,..,..,..,873,888,903,916,929,940,948,954,1736,956,953,949,943,938,933,931,930,930,933,936,939,940,940,939,938,936,933,927,918,903,888,870,851,..
Honduras,HND,Number of deaths ages 20-24 years,SH.DTH.2024,..,..,..,..,..,..,..,..,..,..,..,..,..,..,..,..,..,..,..,..,..,..,..,..,..,..,..,..,..,..,1011,1025,1043,1063,1085,1107,1131,1153,1699,1192,1207,1219,1227,1233,1234,1234,1232,1230,1228,1228,1229,1232,1237,1242,1247,1252,1254,1255,1255,1254,1254,1252,1246,..
Honduras,HND,Number of deaths ages 5-9 years,SH.DTH.0509,..,..,..,..,..,..,..,..,..,..,..,..,..,..,..,..,..,..,..,..,..,..,..,..,..,..,..,..,..,..,888,850,814,778,745,716,691,669,3699,632,619,608,597,586,579,570,562,552,542,531,520,508,497,487,477,465,454,440,425,412,398,385,374,..
Honduras,HND,Number of under-five deaths,SH.DTH.MORT,..,20187,19936,19679,19450,19234,18971,18668,18409,18161,17904,17682,17484,17244,20431,16652,16420,16114,15771,15430,15055,14642,14209,13754,13292,12831,12401,11981,11582,11226,10907,10605,10335,10099,9856,9585,9318,9062,14046,8569,8295,7978,7637,7294,6955,6634,6332,6043,5777,5526,5287,5063,4854,4660,4478,4318,4171,4039,3920,3796,3683,3571,3463,..
"Hong Kong SAR, China",HKG,"Death rate, crude (per 1,000 people)",SP.DYN.CDRT.IN,6.427,6.1,6.3,5.9,5.3,5,5.3,5.4,5.1,5,5.1,5,5.2,5,5,4.8,5,5.1,5.1,5.2,5,4.8,4.8,5,4.7,4.6,4.7,4.8,4.9,5.1,5.2,5,5.3,5.2,5,5.1,5,4.9,5,5,5.1,5,5.1,5.5,5.4,5.7,5.5,5.7,6,5.9,6,6,6.1,6,6.2,6.3,6.4,6.3,6.4,6.5,6.8,6.9,8.7,..
"Hong Kong SAR, China",HKG,Number of deaths ages 10-14 years,SH.DTH.1014,..,..,..,..,..,..,..,..,..,..,..,..,..,..,..,..,..,..,..,..,..,..,..,..,..,..,..,..,..,..,..,..,..,..,..,..,..,..,..,..,..,..,..,..,..,..,..,..,..,..,..,..,..,..,..,..,..,..,..,..,..,..,..,..
"Hong Kong SAR, China",HKG,Number of deaths ages 15-19 years,SH.DTH.1519,..,..,..,..,..,..,..,..,..,..,..,..,..,..,..,..,..,..,..,..,..,..,..,..,..,..,..,..,..,..,..,..,..,..,..,..,..,..,..,..,..,..,..,..,..,..,..,..,..,..,..,..,..,..,..,..,..,..,..,..,..,..,..,..
"Hong Kong SAR, China",HKG,Number of deaths ages 20-24 years,SH.DTH.2024,..,..,..,..,..,..,..,..,..,..,..,..,..,..,..,..,..,..,..,..,..,..,..,..,..,..,..,..,..,..,..,..,..,..,..,..,..,..,..,..,..,..,..,..,..,..,..,..,..,..,..,..,..,..,..,..,..,..,..,..,..,..,..,..
"Hong Kong SAR, China",HKG,Number of deaths ages 5-9 years,SH.DTH.0509,..,..,..,..,..,..,..,..,..,..,..,..,..,..,..,..,..,..,..,..,..,..,..,..,..,..,..,..,..,..,..,..,..,..,..,..,..,..,..,..,..,..,..,..,..,..,..,..,..,..,..,..,..,..,..,..,..,..,..,..,..,..,..,..
"Hong Kong SAR, China",HKG,Number of under-five deaths,SH.DTH.MORT,..,..,..,..,..,..,..,..,..,..,..,..,..,..,..,..,..,..,..,..,..,..,..,..,..,..,..,..,..,..,..,..,..,..,..,..,..,..,..,..,..,..,..,..,..,..,..,..,..,..,..,..,..,..,..,..,..,..,..,..,..,..,..,..
Hungary,HUN,"Death rate, crude (per 1,000 people)",SP.DYN.CDRT.IN,10.2,9.6,10.8,9.9,10,10.7,10,10.7,11.2,11.3,11.6,11.9,11.4,11.8,12,12.4,12.5,12.4,13.1,12.8,13.6,13.5,13.5,13.9,13.8,13.9,13.8,13.4,13.2,13.8,14,14,14.3,14.5,14.2,14.1,13.9,13.5,13.7,14,13.3,13,13.1,13.4,13.1,13.5,13.1,13.2,13,13,13,12.9,13,12.8,12.8,13.4,13,13.5,13.4,13.3,14.5,16.1,14.2,..
Hungary,HUN,Number of deaths ages 10-14 years,SH.DTH.1014,..,..,..,..,..,..,..,..,..,..,..,..,..,..,..,..,..,..,..,..,..,..,..,..,..,..,..,..,..,..,215,199,185,172,160,150,144,139,134,130,125,120,117,112,106,101,95,89,83,77,72,69,66,64,61,59,58,56,55,55,52,50,47,..
Hungary,HUN,Number of deaths ages 15-19 years,SH.DTH.1519,..,..,..,..,..,..,..,..,..,..,..,..,..,..,..,..,..,..,..,..,..,..,..,..,..,..,..,..,..,..,539,556,547,519,476,425,382,350,325,304,290,278,268,260,254,250,244,236,227,214,201,185,177,163,152,143,137,134,133,133,135,137,138,..
Hungary,HUN,Number of deaths ages 20-24 years,SH.DTH.2024,..,..,..,..,..,..,..,..,..,..,..,..,..,..,..,..,..,..,..,..,..,..,..,..,..,..,..,..,..,..,680,691,672,635,603,587,577,570,561,544,513,481,449,418,391,372,357,342,327,311,296,282,266,259,253,247,242,235,230,228,226,226,228,..
Hungary,HUN,Number of deaths ages 5-9 years,SH.DTH.0509,..,..,..,..,..,..,..,..,..,..,..,..,..,..,..,..,..,..,..,..,..,..,..,..,..,..,..,..,..,..,159,150,145,140,136,131,126,121,116,110,105,98,91,85,78,73,69,66,63,61,59,57,55,54,53,51,48,47,45,43,41,41,40,..
Hungary,HUN,Number of under-five deaths,SH.DTH.MORT,8096,7366,6690,6283,6078,5864,5785,5910,6043,5998,5851,5754,5795,5891,6316,6541,6019,5301,4639,4102,3673,3342,3083,2869,2754,2731,2652,2459,2278,2174,2136,2072,1918,1726,1569,1440,1307,1193,1108,1032,978,928,867,805,756,726,703,671,639,609,567,532,516,502,486,464,442,422,399,383,374,370,366,..
Iceland,ISL,"Death rate, crude (per 1,000 people)",SP.DYN.CDRT.IN,6.6,7,6.8,7.2,7,6.7,7.1,7,6.9,7.1,7.1,7.3,6.9,7,7,6.5,6.1,6.5,6.4,6.6,6.8,7.2,6.8,7,6.6,6.8,6.6,7,7.3,6.8,6.7,7,6.6,6.6,6.5,7.2,7,6.8,6.6,6.9,6.5,6.1,6.3,6.3,6.2,6.2,6.3,6.2,6.3,6.3,6.4,6.2,6.1,6.7,6.3,6.6,6.9,6.5,6.4,6.3,6.3,6.3,7,..
Iceland,ISL,Number of deaths ages 10-14 years,SH.DTH.1014,..,..,..,..,..,..,..,..,..,..,..,..,..,..,..,..,..,..,..,..,..,..,..,..,..,..,..,..,..,..,3,3,3,3,3,3,3,3,3,3,3,3,3,3,3,3,3,3,3,2,2,2,2,2,2,2,2,2,2,2,2,2,2,..
Iceland,ISL,Number of deaths ages 15-19 years,SH.DTH.1519,..,..,..,..,..,..,..,..,..,..,..,..,..,..,..,..,..,..,..,..,..,..,..,..,..,..,..,..,..,..,14,14,13,13,11,11,11,11,11,11,10,10,8,8,8,8,8,8,8,8,7,7,7,7,7,7,7,5,5,5,5,5,5,..
Iceland,ISL,Number of deaths ages 20-24 years,SH.DTH.2024,..,..,..,..,..,..,..,..,..,..,..,..,..,..,..,..,..,..,..,..,..,..,..,..,..,..,..,..,..,..,14,13,13,13,13,13,13,13,12,12,13,13,14,12,12,11,11,11,11,10,10,10,10,9,9,9,9,9,7,7,7,7,6,..
Iceland,ISL,Number of deaths ages 5-9 years,SH.DTH.0509,..,..,..,..,..,..,..,..,..,..,..,..,..,..,..,..,..,..,..,..,..,..,..,..,..,..,..,..,..,..,4,4,4,3,3,3,3,3,3,3,3,3,3,2,2,2,2,2,2,2,2,2,2,2,2,2,2,1,1,1,1,0,0,..
Iceland,ISL,Number of under-five deaths,SH.DTH.MORT,102,98,95,96,94,91,87,82,75,71,67,64,65,64,60,56,53,49,45,44,43,40,38,36,34,31,29,28,29,29,29,28,27,26,25,23,22,20,19,18,17,16,15,14,14,13,13,13,13,13,13,13,12,12,12,11,11,11,11,11,12,12,12,..
India,IND,"Death rate, crude (per 1,000 people)",SP.DYN.CDRT.IN,19.633,19.446,19.205,18.964,18.761,19.642,19.342,19.082,17.778,17.51,17.228,16.938,16.643,16.27,15.786,15.381,15.009,14.662,14.288,13.965,13.676,13.37,13.044,12.72,12.412,12.102,11.82,11.522,11.236,10.956,10.691,10.455,10.23,10.021,9.807,9.612,9.419,9.229,9.05,8.875,8.701,8.558,8.363,8.188,8.04,7.876,7.743,7.642,7.558,7.479,7.385,7.267,7.118,6.96,6.79,6.67,6.603,6.593,6.644,6.71,7.35,9.448,9.074,..
India,IND,Number of deaths ages 10-14 years,SH.DTH.1014,..,..,..,..,..,..,..,..,..,..,..,..,..,..,..,..,..,..,..,..,..,..,..,..,..,..,..,..,..,..,137096,137222,137484,137758,138033,137927,137621,137095,136190,134810,132901,130569,127937,125160,122118,119065,115865,112391,108858,105192,101538,98015,94439,90699,86814,82799,78452,74125,69932,65948,62284,59001,56189,..
India,IND,Number of deaths ages 15-19 years,SH.DTH.1519,..,..,..,..,..,..,..,..,..,..,..,..,..,..,..,..,..,..,..,..,..,..,..,..,..,..,..,..,..,..,194447,190898,187736,185021,183137,182404,182677,183641,184965,186234,186725,186556,185836,184394,182098,179186,175436,171164,166274,160866,155228,149256,142862,136441,130020,123781,117810,112053,106318,100796,95417,90307,85825,..
India,IND,Number of deaths ages 20-24 years,SH.DTH.2024,..,..,..,..,..,..,..,..,..,..,..,..,..,..,..,..,..,..,..,..,..,..,..,..,..,..,..,..,..,..,229419,226401,224063,222730,222181,222322,222529,222951,222856,222698,222541,222530,222359,222232,221671,220545,218593,215773,211756,206584,200521,193645,186369,178949,171455,164209,156949,149923,143103,136578,130520,125848,122687,..
India,IND,Number of deaths ages 5-9 years,SH.DTH.0509,..,..,..,..,..,..,..,..,..,..,..,..,..,..,..,..,..,..,..,..,..,..,..,..,..,..,..,..,..,..,304775,299531,293696,287197,279871,271758,263052,254236,245258,236172,227126,217955,208591,199158,189842,180383,171154,161733,151959,141863,131335,120484,109825,99728,90300,81563,73378,65784,58570,51914,45931,41003,37089,..
India,IND,Number of under-five deaths,SH.DTH.MORT,..,..,..,..,..,..,..,..,..,..,..,..,4571403,4563742,4544575,4494519,4432666,4349853,4249292,4168417,4105185,4047947,3987371,3930698,3885473,3834354,3783028,3714408,3628044,3545541,3453776,3369695,3294680,3212319,3130843,3051106,2963568,2869257,2774053,2674942,2582089,2497215,2400719,2290228,2179930,2065760,1946859,1836220,1734777,1639909,1545197,1450016,1356833,1266546,1170589,1084594,1017363,946764,880759,818439,756057,707602,669956,..
Indonesia,IDN,"Death rate, crude (per 1,000 people)",SP.DYN.CDRT.IN,18.024,17.641,17.18,16.824,16.31,20.958,16.791,15.015,14.604,14.112,13.677,13.273,12.844,12.465,12.094,11.771,11.45,11.131,10.871,10.573,10.264,10.061,9.757,9.495,9.256,8.937,8.706,8.591,8.507,8.31,8.111,8.007,7.786,7.636,7.596,7.505,7.541,7.458,7.431,7.39,7.383,7.329,7.248,7.223,7.995,7.336,7.323,7.314,7.41,7.386,7.406,7.456,7.494,7.457,7.43,7.46,7.529,7.579,7.496,7.539,8.964,10.065,9.59,..
Indonesia,IDN,Number of deaths ages 10-14 years,SH.DTH.1014,..,..,..,..,..,..,..,..,..,..,..,..,..,..,..,..,..,..,..,..,..,..,..,..,..,..,..,..,..,..,18299,18072,17835,17562,17247,16848,16361,15823,15326,14824,14368,13991,13647,13298,24324,12664,12422,12202,11995,11742,11489,11219,10941,10681,10439,10232,10077,9967,9864,9760,9644,9536,9397,..
Indonesia,IDN,Number of deaths ages 15-19 years,SH.DTH.1519,..,..,..,..,..,..,..,..,..,..,..,..,..,..,..,..,..,..,..,..,..,..,..,..,..,..,..,..,..,..,25178,25109,25016,24986,25027,25175,25403,25683,26006,26281,26444,26464,26271,26052,36011,25504,25316,25187,25040,24966,24968,24880,24714,24481,24128,23636,23067,22467,21913,21394,20897,20555,20328,..
Indonesia,IDN,Number of deaths ages 20-24 years,SH.DTH.2024,..,..,..,..,..,..,..,..,..,..,..,..,..,..,..,..,..,..,..,..,..,..,..,..,..,..,..,..,..,..,22014,21999,21943,21932,22008,22152,22360,22637,22975,23359,23788,24173,24470,24717,34902,24802,24629,24363,24112,23835,23602,23516,23471,23313,23161,23116,23102,23120,23094,23061,22893,22682,22491,..
Indonesia,IDN,Number of deaths ages 5-9 years,SH.DTH.0509,..,..,..,..,..,..,..,..,..,..,..,..,..,..,..,..,..,..,..,..,..,..,..,..,..,..,..,..,..,..,40495,38670,36833,35055,33390,31870,30556,29350,28135,27025,26015,25070,24171,23338,39822,21555,20653,19787,18970,18265,17670,17185,16796,16477,16165,15801,15417,15050,14595,14097,13599,13095,12538,..
Indonesia,IDN,Number of under-five deaths,SH.DTH.MORT,827902,829243,828829,826551,822549,967443,801745,789232,773498,757613,741731,724006,706456,690490,673528,657018,642098,627237,614079,601758,588244,573494,559052,542989,523995,499747,472769,450298,431132,411156,389725,371693,354086,336033,320959,307378,295016,283438,270320,255702,242772,231535,220553,210254,229068,194131,188400,183478,178027,171217,164574,159781,154993,147617,139770,132631,125756,119271,113234,108130,103600,99278,95200,..
"Iran, Islamic Rep.",IRN,"Death rate, crude (per 1,000 people)",SP.DYN.CDRT.IN,23.053,22.268,22.157,20.887,20.209,19.593,18.938,18.373,18.141,17.154,16.478,15.706,15.147,14.214,13.594,13.039,12.537,12.072,12.398,11.047,10.95,11.621,10.995,10.42,9.219,8.78,8.373,8.071,7.668,6.686,7.176,6.207,6.015,5.821,5.661,5.514,5.415,5.357,5.311,5.18,5.15,5.168,5.1,5.459,5.007,4.97,4.911,4.838,5.041,5.127,5.108,4.978,4.892,4.911,4.905,4.842,4.726,4.692,4.715,4.872,5.567,6.437,6.152,..
"Iran, Islamic Rep.",IRN,Number of deaths ages 10-14 years,SH.DTH.1014,..,..,..,..,..,..,..,..,..,..,..,..,..,..,..,..,..,..,..,..,..,..,..,..,..,..,..,..,..,..,8491,4660,4669,4684,4660,4643,4613,4550,4459,4359,4265,4183,4117,6713,3937,3798,3630,3443,3253,3077,2924,2781,2638,2498,2368,2321,2293,2228,2184,2152,2126,2107,2100,..
"Iran, Islamic Rep.",IRN,Number of deaths ages 15-19 years,SH.DTH.1519,..,..,..,..,..,..,..,..,..,..,..,..,..,..,..,..,..,..,..,..,..,..,..,..,..,..,..,..,..,..,11007,8280,8099,7941,7741,7853,7962,8139,8394,8647,8907,9150,9336,11924,9343,9326,9340,9379,9261,8831,8092,7168,6191,5404,4912,4855,5004,5119,5256,5333,5343,5336,5351,..
"Iran, Islamic Rep.",IRN,Number of deaths ages 20-24 years,SH.DTH.2024,..,..,..,..,..,..,..,..,..,..,..,..,..,..,..,..,..,..,..,..,..,..,..,..,..,..,..,..,..,..,11067,8823,8556,8173,7480,7312,7251,7352,7631,8062,8613,9263,9995,12826,11319,12109,12924,13647,14002,13789,13028,11914,10580,9392,8463,7713,7198,6903,6705,6519,6341,6194,6114,..
"Iran, Islamic Rep.",IRN,Number of deaths ages 5-9 years,SH.DTH.0509,..,..,..,..,..,..,..,..,..,..,..,..,..,..,..,..,..,..,..,..,..,..,..,..,..,..,..,..,..,..,12945,6912,6607,6250,5850,5485,5156,4855,4565,4264,3948,3626,3329,5313,2919,2853,2855,2903,2951,2966,2939,2872,2777,2679,2583,2551,2506,2429,2374,2333,2298,2257,2203,..
"Iran, Islamic Rep.",IRN,Number of under-five deaths,SH.DTH.MORT,..,..,..,..,..,..,..,..,..,..,..,..,..,..,..,..,191073,186639,181741,177866,173035,166411,162602,158915,153010,146637,139270,130663,121505,112780,104688,98316,91507,83082,72875,63054,55428,49140,44545,41374,38920,36834,34835,32672,30831,29464,28293,27395,26631,25879,25150,24682,24585,24651,24581,24126,23323,22493,21150,18869,16843,15572,14539,..
Iraq,IRQ,"Death rate, crude (per 1,000 people)",SP.DYN.CDRT.IN,13.894,13.788,14.027,14.044,13.767,13.208,12.78,12.226,11.972,11.639,11.172,10.746,10.432,10.045,10.366,10.013,9.021,8.712,8.548,8.308,9.381,10.126,9.894,9.698,9.595,9.342,9.211,9.036,10.824,10.735,10.565,8.541,6.707,6.577,6.575,6.606,6.56,6.718,6.78,6.46,6.172,6.041,5.975,6.474,6.688,6.732,7.214,7.214,6.65,6.07,5.85,5.646,5.505,5.413,5.16,4.961,5.13,4.637,4.282,4.301,5.239,4.753,4.433,..
Iraq,IRQ,Number of deaths ages 10-14 years,SH.DTH.1014,..,..,..,..,..,..,..,..,..,..,..,..,..,..,..,..,..,..,..,..,..,..,..,..,..,..,..,..,..,..,1992,1904,1877,1864,1911,1911,1909,1901,1900,1911,1935,1974,2021,2084,2135,2193,2244,2202,2191,2266,2334,2396,2468,2561,2617,2638,2654,2652,2659,2661,2668,2703,2741,..
Iraq,IRQ,Number of deaths ages 15-19 years,SH.DTH.1519,..,..,..,..,..,..,..,..,..,..,..,..,..,..,..,..,..,..,..,..,..,..,..,..,..,..,..,..,..,..,2224,2188,2213,2249,2351,2390,2429,2467,2507,2556,2609,2664,2708,2766,2812,2875,2948,2903,2891,2998,3062,3109,3165,3533,3337,3365,3390,3404,3416,3689,3445,3469,3725,..
Iraq,IRQ,Number of deaths ages 20-24 years,SH.DTH.2024,..,..,..,..,..,..,..,..,..,..,..,..,..,..,..,..,..,..,..,..,..,..,..,..,..,..,..,..,..,..,1986,1985,2040,2106,2227,2286,2337,2381,2419,2459,2501,2547,2587,2643,2685,2738,2784,2707,2666,2749,2815,2894,2996,3694,3265,3329,3372,3405,3441,4078,3514,3559,4179,..
Iraq,IRQ,Number of deaths ages 5-9 years,SH.DTH.0509,..,..,..,..,..,..,..,..,..,..,..,..,..,..,..,..,..,..,..,..,..,..,..,..,..,..,..,..,..,..,3240,3059,2976,2910,2936,2892,2859,2832,2811,2797,2789,2777,2760,2764,2766,2780,2798,2707,2650,2708,2755,2788,2843,2923,2969,2983,3011,3037,3054,3041,2991,2925,2825,..
Iraq,IRQ,Number of under-five deaths,SH.DTH.MORT,46773,46216,49548,52024,51818,51501,51077,50354,49534,48898,48207,47341,46393,45387,44362,43297,42131,40990,39959,39108,38328,37732,37257,36836,36667,36528,36108,35846,35910,36173,36576,36563,36403,36660,37353,37851,37921,38139,38390,38491,38545,38492,38272,38158,38259,38161,37944,37124,35776,35444,35837,36355,36538,36388,36201,35187,33610,32061,30849,30009,29286,28612,27976,..
Ireland,IRL,"Death rate, crude (per 1,000 people)",SP.DYN.CDRT.IN,11.5,12.3,11.9,11.8,11.4,11.5,12.2,10.8,11.4,11.5,11.4,10.7,11.3,11.1,11.1,10.4,10.5,10.2,10.2,10,9.8,9.5,9.3,9.4,9.1,9.4,9.5,8.9,9,9.1,8.9,8.9,8.7,9,8.6,8.9,8.7,8.6,8.5,8.7,8.2,7.8,7.5,7.3,7,6.8,6.7,6.4,6.3,6.3,6.1,6.2,6.3,6.4,6.3,6.4,6.4,6.3,6.4,6.3,6.5,6.8,6.9,..
Ireland,IRL,Number of deaths ages 10-14 years,SH.DTH.1014,..,..,..,..,..,..,..,..,..,..,..,..,..,..,..,..,..,..,..,..,..,..,..,..,..,..,..,..,..,..,70,69,68,65,62,59,56,53,50,47,45,42,41,39,37,36,34,33,32,32,31,31,29,29,28,27,26,26,26,26,24,24,24,..
Ireland,IRL,Number of deaths ages 15-19 years,SH.DTH.1519,..,..,..,..,..,..,..,..,..,..,..,..,..,..,..,..,..,..,..,..,..,..,..,..,..,..,..,..,..,..,164,163,162,160,164,171,181,190,194,192,184,173,163,153,147,141,136,130,124,116,107,97,88,81,76,71,68,64,63,60,59,58,56,..
Ireland,IRL,Number of deaths ages 20-24 years,SH.DTH.2024,..,..,..,..,..,..,..,..,..,..,..,..,..,..,..,..,..,..,..,..,..,..,..,..,..,..,..,..,..,..,195,198,207,217,227,236,248,257,262,262,259,251,246,238,230,224,222,226,222,207,185,164,147,134,123,113,105,98,95,91,88,85,84,..
Ireland,IRL,Number of deaths ages 5-9 years,SH.DTH.0509,..,..,..,..,..,..,..,..,..,..,..,..,..,..,..,..,..,..,..,..,..,..,..,..,..,..,..,..,..,..,62,58,54,51,48,45,42,40,39,36,34,33,32,31,31,30,30,29,29,28,27,27,26,25,25,24,24,22,22,20,20,18,17,..
Ireland,IRL,Number of under-five deaths,SH.DTH.MORT,2149,2033,1941,1900,1850,1769,1657,1541,1450,1405,1395,1405,1416,1412,1396,1345,1280,1222,1159,1096,1032,954,876,804,735,682,646,612,567,520,484,454,418,384,360,352,357,369,380,382,379,376,371,357,336,313,301,305,313,316,311,302,289,275,260,246,232,219,210,204,196,190,182,..
Isle of Man,IMN,"Death rate, crude (per 1,000 people)",SP.DYN.CDRT.IN,16.917,17.589,17.432,18.043,17.469,17.555,17.551,17.182,17.374,17.62,17.455,17.363,17.735,17.034,17.34,16.819,16.742,16.731,16.668,16.513,16.3,15.872,16.064,15.855,15.972,16.498,16.176,15.908,15.451,15.653,14.76,14.529,13.979,14.899,14.113,14.261,13.838,13.781,13.318,13.854,12.885,12.239,12.227,11.871,11.121,10.719,10.504,10.5,10.32,10.167,9.97,9.845,9.896,9.992,9.781,10.905,9.979,10.023,10.054,10.09,10.414,10.604,10.461,..
Isle of Man,IMN,Number of deaths ages 10-14 years,SH.DTH.1014,..,..,..,..,..,..,..,..,..,..,..,..,..,..,..,..,..,..,..,..,..,..,..,..,..,..,..,..,..,..,..,..,..,..,..,..,..,..,..,..,..,..,..,..,..,..,..,..,..,..,..,..,..,..,..,..,..,..,..,..,..,..,..,..
Isle of Man,IMN,Number of deaths ages 15-19 years,SH.DTH.1519,..,..,..,..,..,..,..,..,..,..,..,..,..,..,..,..,..,..,..,..,..,..,..,..,..,..,..,..,..,..,..,..,..,..,..,..,..,..,..,..,..,..,..,..,..,..,..,..,..,..,..,..,..,..,..,..,..,..,..,..,..,..,..,..
Isle of Man,IMN,Number of deaths ages 20-24 years,SH.DTH.2024,..,..,..,..,..,..,..,..,..,..,..,..,..,..,..,..,..,..,..,..,..,..,..,..,..,..,..,..,..,..,..,..,..,..,..,..,..,..,..,..,..,..,..,..,..,..,..,..,..,..,..,..,..,..,..,..,..,..,..,..,..,..,..,..
Isle of Man,IMN,Number of deaths ages 5-9 years,SH.DTH.0509,..,..,..,..,..,..,..,..,..,..,..,..,..,..,..,..,..,..,..,..,..,..,..,..,..,..,..,..,..,..,..,..,..,..,..,..,..,..,..,..,..,..,..,..,..,..,..,..,..,..,..,..,..,..,..,..,..,..,..,..,..,..,..,..
Isle of Man,IMN,Number of under-five deaths,SH.DTH.MORT,..,..,..,..,..,..,..,..,..,..,..,..,..,..,..,..,..,..,..,..,..,..,..,..,..,..,..,..,..,..,..,..,..,..,..,..,..,..,..,..,..,..,..,..,..,..,..,..,..,..,..,..,..,..,..,..,..,..,..,..,..,..,..,..
Israel,ISR,"Death rate, crude (per 1,000 people)",SP.DYN.CDRT.IN,5.7,5.8,6,6.1,6.3,6.3,6.3,6.4,6.7,6.9,7.1,7,7.2,7,7.1,7.1,6.7,6.9,6.8,6.7,6.7,6.5,6.9,6.9,6.7,6.6,6.8,6.7,6.6,7.1,6.8,6.5,6.4,6.6,6.5,6.3,6.1,6.2,6.2,6.1,6,5.8,5.8,5.8,5.6,5.6,5.5,5.6,5.4,5.2,5.2,5.3,5.3,5.2,5.2,5.3,5.2,5.2,5,5.1,5.3,5.4,5.4,..
Israel,ISR,Number of deaths ages 10-14 years,SH.DTH.1014,..,..,..,..,..,..,..,..,..,..,..,..,..,..,..,..,..,..,..,..,..,..,..,..,..,..,..,..,..,..,90,88,87,87,86,86,86,84,84,83,82,81,80,79,77,76,74,74,74,73,73,73,71,71,71,69,68,68,67,65,65,65,65,..
Israel,ISR,Number of deaths ages 15-19 years,SH.DTH.1519,..,..,..,..,..,..,..,..,..,..,..,..,..,..,..,..,..,..,..,..,..,..,..,..,..,..,..,..,..,..,197,200,205,210,216,221,219,211,206,212,225,237,238,229,212,194,180,172,164,155,145,140,138,142,146,151,152,151,151,149,150,152,157,..
Israel,ISR,Number of deaths ages 20-24 years,SH.DTH.2024,..,..,..,..,..,..,..,..,..,..,..,..,..,..,..,..,..,..,..,..,..,..,..,..,..,..,..,..,..,..,225,237,251,268,289,308,317,312,307,314,333,349,350,342,320,294,273,259,247,232,216,205,202,202,203,204,205,205,205,206,209,217,227,..
Israel,ISR,Number of deaths ages 5-9 years,SH.DTH.0509,..,..,..,..,..,..,..,..,..,..,..,..,..,..,..,..,..,..,..,..,..,..,..,..,..,..,..,..,..,..,97,96,95,93,92,90,89,89,87,85,84,83,82,82,82,81,81,79,79,77,77,75,74,72,71,70,70,68,68,66,66,66,64,..
Israel,ISR,Number of under-five deaths,SH.DTH.MORT,2345,2248,2157,2130,2150,2182,2185,2151,2167,2244,2358,2480,2446,2410,2440,2394,2305,2125,1937,1828,1740,1651,1565,1539,1517,1462,1411,1339,1303,1290,1258,1222,1147,1070,1021,988,979,954,927,912,893,871,847,835,816,784,761,747,737,726,716,705,692,681,672,679,685,665,642,642,629,605,595,..
Italy,ITA,"Death rate, crude (per 1,000 people)",SP.DYN.CDRT.IN,9.6,9.3,10,10.1,9.5,9.9,9.4,9.6,10,10.1,9.7,9.7,9.6,10,9.7,10,9.9,9.8,9.6,9.6,9.8,9.7,9.5,10,9.5,9.7,9.6,9.4,9.5,9.4,9.6,9.7,9.6,9.7,9.7,9.8,9.7,9.8,10,9.8,9.8,9.6,9.8,10.2,9.5,9.8,9.6,9.8,9.9,10,9.9,10,10.3,10,9.8,10.7,10.1,10.7,10.5,10.6,12.5,11.9,12.1,..
Italy,ITA,Number of deaths ages 10-14 years,SH.DTH.1014,..,..,..,..,..,..,..,..,..,..,..,..,..,..,..,..,..,..,..,..,..,..,..,..,..,..,..,..,..,..,703,680,657,641,618,588,549,506,467,436,413,395,382,367,350,334,322,310,303,297,291,285,277,269,264,259,253,246,239,231,224,218,212,..
Italy,ITA,Number of deaths ages 15-19 years,SH.DTH.1519,..,..,..,..,..,..,..,..,..,..,..,..,..,..,..,..,..,..,..,..,..,..,..,..,..,..,..,..,..,..,2389,2355,2232,2060,1883,1723,1594,1497,1415,1344,1283,1223,1162,1106,1062,1024,994,965,930,882,827,772,722,680,653,636,621,601,580,559,545,544,560,..
Italy,ITA,Number of deaths ages 20-24 years,SH.DTH.2024,..,..,..,..,..,..,..,..,..,..,..,..,..,..,..,..,..,..,..,..,..,..,..,..,..,..,..,..,..,..,3304,3319,3266,3128,2988,2859,2726,2587,2446,2293,2136,1999,1880,1767,1678,1589,1496,1406,1348,1289,1222,1161,1105,1052,1004,961,920,879,843,813,792,789,806,..
Italy,ITA,Number of deaths ages 5-9 years,SH.DTH.0509,..,..,..,..,..,..,..,..,..,..,..,..,..,..,..,..,..,..,..,..,..,..,..,..,..,..,..,..,..,..,525,516,495,488,478,460,437,414,392,366,342,319,299,284,272,263,256,251,247,242,236,228,220,214,209,204,197,189,178,168,159,150,145,..
Italy,ITA,Number of under-five deaths,SH.DTH.MORT,46350,44800,43409,42139,41583,40231,38059,35996,34168,32574,30512,28498,26415,24049,21805,19381,16915,14857,13206,11800,10579,9630,8935,8273,7595,7008,6463,6034,5827,5646,5450,5243,5014,4717,4342,3997,3720,3507,3308,3137,2998,2843,2700,2594,2536,2479,2412,2367,2346,2311,2242,2155,2056,1945,1835,1736,1638,1538,1425,1312,1214,1139,1076,..
Jamaica,JAM,"Death rate, crude (per 1,000 people)",SP.DYN.CDRT.IN,8.838,8.796,8.824,8.575,8.551,8.5,8.421,8.463,8.622,8.596,8.469,8.443,8.428,8.31,8.249,8.233,8.112,8.139,8.125,8.078,7.984,7.843,7.663,7.74,7.645,7.513,7.417,7.206,7.118,6.877,6.861,6.974,7.016,7.063,7.061,7.066,6.975,7.034,7.062,6.979,6.894,6.914,6.81,6.817,6.753,6.654,6.587,6.501,6.429,6.219,6.019,5.871,5.813,5.924,6.238,6.653,6.971,7.145,7.318,7.477,7.583,8.797,8.787,..
Jamaica,JAM,Number of deaths ages 10-14 years,SH.DTH.1014,..,..,..,..,..,..,..,..,..,..,..,..,..,..,..,..,..,..,..,..,..,..,..,..,..,..,..,..,..,..,123,122,121,121,121,121,121,119,118,115,113,110,109,108,108,109,108,108,106,103,98,95,92,88,85,84,84,83,82,81,79,77,79,..
Jamaica,JAM,Number of deaths ages 15-19 years,SH.DTH.1519,..,..,..,..,..,..,..,..,..,..,..,..,..,..,..,..,..,..,..,..,..,..,..,..,..,..,..,..,..,..,276,268,261,259,255,254,255,255,256,256,256,256,255,255,255,253,252,252,253,254,255,255,250,246,241,231,222,214,207,202,200,200,213,..
Jamaica,JAM,Number of deaths ages 20-24 years,SH.DTH.2024,..,..,..,..,..,..,..,..,..,..,..,..,..,..,..,..,..,..,..,..,..,..,..,..,..,..,..,..,..,..,383,377,371,364,356,349,342,334,329,327,326,328,332,336,342,348,352,356,358,360,358,356,357,358,359,362,362,358,353,347,334,323,349,..
Jamaica,JAM,Number of deaths ages 5-9 years,SH.DTH.0509,..,..,..,..,..,..,..,..,..,..,..,..,..,..,..,..,..,..,..,..,..,..,..,..,..,..,..,..,..,..,125,124,121,119,116,113,109,106,103,101,99,97,95,92,90,86,83,80,77,75,73,73,72,71,70,68,65,64,63,61,61,60,66,..
Jamaica,JAM,Number of under-five deaths,SH.DTH.MORT,5180,5017,4734,4547,4453,4364,4262,4158,4031,3884,3717,3547,3375,3195,3015,2851,2699,2585,2504,2423,2358,2302,2245,2194,2144,2089,2027,1963,1898,1828,1740,1680,1661,1633,1589,1530,1433,1344,1284,1202,1092,1012,979,957,947,934,928,901,869,861,831,805,795,776,749,737,724,693,666,650,640,631,619,..
Japan,JPN,"Death rate, crude (per 1,000 people)",SP.DYN.CDRT.IN,7.6,7.4,7.5,7,6.9,7.1,6.8,6.8,6.8,6.8,6.9,6.6,6.5,6.6,6.5,6.3,6.3,6.1,6.1,6,6.2,6.1,6,6.2,6.2,6.3,6.2,6.2,6.5,6.4,6.7,6.7,6.9,7.1,7.1,7.4,7.2,7.3,7.5,7.8,7.7,7.7,7.8,8,8.2,8.6,8.6,8.8,9.1,9.1,9.5,9.9,10,10.1,10.1,10.3,10.5,10.8,11,11.2,11.1,11.7,12.9,..
Japan,JPN,Number of deaths ages 10-14 years,SH.DTH.1014,..,..,..,..,..,..,..,..,..,..,..,..,..,..,..,..,..,..,..,..,..,..,..,..,..,..,..,..,..,..,1245,1182,1124,1070,1019,1160,922,878,833,785,734,691,656,623,599,582,567,554,545,535,526,1022,511,501,490,476,461,450,441,434,428,420,410,..
Japan,JPN,Number of deaths ages 15-19 years,SH.DTH.1519,..,..,..,..,..,..,..,..,..,..,..,..,..,..,..,..,..,..,..,..,..,..,..,..,..,..,..,..,..,..,4277,4155,3965,3726,3474,3248,3048,2871,2712,2560,2418,2281,2157,2042,1929,1821,1731,1651,1573,1512,1461,1877,1354,1302,1251,1209,1184,1172,1175,1193,1218,1248,1282,..
Japan,JPN,Number of deaths ages 20-24 years,SH.DTH.2024,..,..,..,..,..,..,..,..,..,..,..,..,..,..,..,..,..,..,..,..,..,..,..,..,..,..,..,..,..,..,4750,4848,4935,4937,4954,4926,4836,4693,4487,4242,4006,3785,3590,3434,3321,3240,3171,3104,3026,2924,2799,3151,2549,2418,2309,2226,2161,2123,2112,2119,2145,2189,2220,..
Japan,JPN,Number of deaths ages 5-9 years,SH.DTH.0509,..,..,..,..,..,..,..,..,..,..,..,..,..,..,..,..,..,..,..,..,..,..,..,..,..,..,..,..,..,..,1329,1274,1223,1167,1103,1233,969,911,855,808,769,732,698,669,639,613,591,568,546,525,505,1184,470,457,443,429,415,399,384,369,354,341,326,..
Japan,JPN,Number of under-five deaths,SH.DTH.MORT,65783,59646,54414,50152,46672,44099,37668,35706,36709,34410,33012,32265,31562,30702,29205,26810,24310,22056,20033,18156,16447,14869,13540,12552,11694,10874,10057,9439,8994,8487,8031,7787,7608,7362,7200,6957,6644,6352,6030,5700,5435,5183,4905,4656,4434,4228,4074,3961,3831,3684,3533,3503,3239,3114,2977,2850,2726,2543,2359,2197,2060,1961,1879,..
Jordan,JOR,"Death rate, crude (per 1,000 people)",SP.DYN.CDRT.IN,15.744,14.996,14.282,13.608,12.887,12.266,11.885,11.065,10.517,9.991,10.087,9.127,8.656,8.274,7.92,7.58,7.243,6.937,6.644,6.387,6.148,5.888,5.646,5.434,5.239,5.07,4.923,4.772,4.609,4.471,4.345,4.25,4.169,4.102,4.045,3.993,3.936,3.875,3.819,3.769,3.724,3.689,3.67,3.655,3.643,3.645,3.635,3.625,3.621,3.611,3.604,3.597,3.596,3.592,3.361,3.169,3.169,3.155,3.15,3.148,3.475,3.868,3.957,..
Jordan,JOR,Number of deaths ages 10-14 years,SH.DTH.1014,..,..,..,..,..,..,..,..,..,..,..,..,..,..,..,..,..,..,..,..,..,..,..,..,..,..,..,..,..,..,184,185,186,188,189,190,192,192,192,193,193,193,194,195,198,201,203,222,219,216,208,203,197,189,206,224,236,237,241,243,245,244,242,..
Jordan,JOR,Number of deaths ages 15-19 years,SH.DTH.1519,..,..,..,..,..,..,..,..,..,..,..,..,..,..,..,..,..,..,..,..,..,..,..,..,..,..,..,..,..,..,360,373,385,396,405,413,417,418,419,422,425,430,435,440,446,452,458,504,510,520,528,539,547,538,587,628,652,646,646,651,657,662,674,..
Jordan,JOR,Number of deaths ages 20-24 years,SH.DTH.2024,..,..,..,..,..,..,..,..,..,..,..,..,..,..,..,..,..,..,..,..,..,..,..,..,..,..,..,..,..,..,335,355,376,399,418,433,440,441,437,433,429,427,428,431,437,446,456,504,513,522,526,533,541,541,627,712,757,762,759,748,737,727,718,..
Jordan,JOR,Number of deaths ages 5-9 years,SH.DTH.0509,..,..,..,..,..,..,..,..,..,..,..,..,..,..,..,..,..,..,..,..,..,..,..,..,..,..,..,..,..,..,300,303,306,310,312,313,314,315,317,322,325,329,330,327,321,314,306,324,316,311,306,305,304,299,335,370,387,381,371,359,349,333,318,..
Jordan,JOR,Number of under-five deaths,SH.DTH.MORT,5949,6010,6030,6013,5982,5968,5980,6013,6089,6160,6212,6251,6243,6172,6062,5941,5801,5649,5480,5317,5185,5059,4943,4852,4775,4703,4652,4602,4549,4507,4461,4451,4484,4536,4587,4619,4595,4503,4354,4202,4056,3932,3851,3806,3760,3714,3697,3848,4004,3997,3940,3856,3751,3601,3603,3764,3855,3849,3790,3715,3635,3541,3450,..
Kazakhstan,KAZ,"Death rate, crude (per 1,000 people)",SP.DYN.CDRT.IN,12.763,12.538,12.281,11.885,11.561,11.203,10.94,10.749,10.6,10.445,10.332,10.252,10.127,10.026,9.939,9.844,10.022,9.957,9.888,7.7,8,8,7.9,8,8.3,8,7.4,7.6,7.7,7.6,7.87,8.19,8.37,9.53,9.93,10.66,10.66,10.44,10.24,9.87,10.06,9.95,10.05,10.41,10.14,10.37,10.27,10.22,9.74,8.88,8.95,8.72,8.54,8,7.65,7.46,7.37,7.15,7.14,7.19,8.6,9.61,6.8,..
Kazakhstan,KAZ,Number of deaths ages 10-14 years,SH.DTH.1014,..,..,..,..,..,..,..,..,..,..,..,..,..,..,..,..,..,..,..,..,..,..,..,..,..,..,..,..,..,..,870,886,896,897,892,875,865,851,831,800,785,764,740,714,689,662,628,588,545,502,464,434,412,397,391,393,401,415,432,449,463,474,482,..
Kazakhstan,KAZ,Number of deaths ages 15-19 years,SH.DTH.1519,..,..,..,..,..,..,..,..,..,..,..,..,..,..,..,..,..,..,..,..,..,..,..,..,..,..,..,..,..,..,1629,1701,1791,1867,1911,1898,1870,1814,1747,1679,1654,1659,1680,1716,1764,1797,1780,1694,1558,1405,1257,1126,1017,922,839,770,724,702,698,707,727,756,788,..
Kazakhstan,KAZ,Number of deaths ages 20-24 years,SH.DTH.2024,..,..,..,..,..,..,..,..,..,..,..,..,..,..,..,..,..,..,..,..,..,..,..,..,..,..,..,..,..,..,2362,2486,2676,2887,3090,3214,3287,3268,3180,3055,2934,2880,2866,2904,2999,3118,3183,3143,2996,2772,2517,2269,2037,1821,1622,1446,1302,1192,1106,1036,980,935,897,..
Kazakhstan,KAZ,Number of deaths ages 5-9 years,SH.DTH.0509,..,..,..,..,..,..,..,..,..,..,..,..,..,..,..,..,..,..,..,..,..,..,..,..,..,..,..,..,..,..,1069,1103,1130,1139,1124,1075,1017,937,850,767,717,672,630,596,567,546,527,510,496,483,474,471,474,482,488,493,494,493,488,482,477,474,469,..
Kazakhstan,KAZ,Number of under-five deaths,SH.DTH.MORT,..,..,..,..,..,..,..,..,..,..,..,..,..,..,..,..,25117,25046,24881,24708,24415,24308,24335,24146,23916,23636,23262,22837,22324,21660,20878,20093,19480,18827,17995,16962,15488,13832,12506,11357,10389,9602,9015,8768,8719,8661,8622,8564,8405,8017,7407,6751,6133,5557,5095,4711,4410,4186,4090,4101,4190,4172,3967,..
Kenya,KEN,"Death rate, crude (per 1,000 people)",SP.DYN.CDRT.IN,18.647,17.869,17.216,16.644,16.129,15.733,15.339,14.951,14.581,14.197,13.802,13.317,12.807,12.328,12.111,11.832,11.604,11.197,10.838,10.395,9.97,9.001,8.937,8.793,8.76,8.751,8.818,8.849,8.999,9.162,9.31,9.527,9.803,10.036,10.153,10.387,10.543,10.65,10.743,10.697,10.677,10.587,10.332,9.995,9.61,9.147,8.748,8.457,8.087,7.718,7.57,7.428,7.453,7.399,7.304,7.361,7.34,7.294,7.305,7.29,7.456,8.056,7.83,..
Kenya,KEN,Number of deaths ages 10-14 years,SH.DTH.1014,..,..,..,..,..,..,..,..,..,..,..,..,..,..,..,..,..,..,..,..,..,..,..,..,..,..,..,..,..,..,3178,3400,3622,3838,4038,4234,4398,4530,4628,4683,4681,4628,4530,4403,4271,4168,4084,4027,3986,3966,3959,3955,3939,3901,3823,3723,3605,3479,3338,3193,3027,2874,2731,..
Kenya,KEN,Number of deaths ages 15-19 years,SH.DTH.1519,..,..,..,..,..,..,..,..,..,..,..,..,..,..,..,..,..,..,..,..,..,..,..,..,..,..,..,..,..,..,4723,5059,5407,5768,6119,6487,6819,7138,7418,7662,7862,8027,8153,8245,8278,8271,8206,8098,7953,7813,7651,7507,7373,7281,7217,7191,7186,7196,7195,7144,7139,7173,7152,..
Kenya,KEN,Number of deaths ages 20-24 years,SH.DTH.2024,..,..,..,..,..,..,..,..,..,..,..,..,..,..,..,..,..,..,..,..,..,..,..,..,..,..,..,..,..,..,6443,6975,7497,8028,8516,9006,9435,9824,10168,10481,10782,11040,11277,11426,11517,11551,11514,11419,11255,11068,10815,10474,10105,9760,9483,9352,9276,9307,9370,9487,9631,9846,10060,..
Kenya,KEN,Number of deaths ages 5-9 years,SH.DTH.0509,..,..,..,..,..,..,..,..,..,..,..,..,..,..,..,..,..,..,..,..,..,..,..,..,..,..,..,..,..,..,8615,9054,9464,9831,10106,10286,10360,10315,10184,9989,9744,9496,9223,8941,8675,8439,8238,8072,7903,7743,7601,7454,7303,7100,6858,6523,6124,5686,5216,4770,4353,4025,3771,..
Kenya,KEN,Number of under-five deaths,SH.DTH.MORT,78465,78120,78251,78618,79325,80584,82139,83501,84662,85633,86339,86946,87266,86983,86507,85844,85143,84241,83335,82634,82037,81750,81709,81734,82284,83413,85260,87850,91061,94901,99164,103536,107495,110822,113238,115043,116172,116534,116302,115180,113018,110348,106958,102857,98597,94171,90608,87513,83234,79724,77624,75879,74498,72333,70299,68425,66841,65780,64246,62921,62224,60916,60282,..
Kiribati,KIR,"Death rate, crude (per 1,000 people)",SP.DYN.CDRT.IN,19.411,18.901,18.298,17.623,16.942,16.291,15.66,15.243,14.783,14.335,13.729,13.18,12.765,12.322,12.013,11.84,11.659,11.87,11.308,11.096,11.084,11.014,10.952,10.853,10.74,10.601,10.411,10.143,9.843,9.539,9.229,8.912,8.633,8.369,8.142,7.952,7.801,7.613,7.433,7.255,7.09,6.95,6.875,6.829,6.857,6.917,7.004,7.064,7.102,7.102,7.071,7.007,6.928,6.831,6.727,6.623,6.519,6.426,6.345,6.252,6.242,6.236,6.182,..
Kiribati,KIR,Number of deaths ages 10-14 years,SH.DTH.1014,..,..,..,..,..,..,..,..,..,..,..,..,..,..,..,..,..,..,..,..,..,..,..,..,..,..,..,..,..,..,10,10,10,10,10,11,11,11,11,11,11,11,11,11,11,11,11,11,11,11,11,11,11,11,11,10,11,11,11,11,11,13,13,..
Kiribati,KIR,Number of deaths ages 15-19 years,SH.DTH.1519,..,..,..,..,..,..,..,..,..,..,..,..,..,..,..,..,..,..,..,..,..,..,..,..,..,..,..,..,..,..,13,13,13,13,14,14,14,14,16,16,16,16,17,17,17,18,18,18,18,18,18,18,19,19,19,19,19,19,18,17,17,17,17,..
Kiribati,KIR,Number of deaths ages 20-24 years,SH.DTH.2024,..,..,..,..,..,..,..,..,..,..,..,..,..,..,..,..,..,..,..,..,..,..,..,..,..,..,..,..,..,..,18,18,16,15,15,14,13,13,14,14,14,16,16,17,17,18,19,20,20,20,21,21,21,21,21,22,23,23,23,23,23,23,21,..
Kiribati,KIR,Number of deaths ages 5-9 years,SH.DTH.0509,..,..,..,..,..,..,..,..,..,..,..,..,..,..,..,..,..,..,..,..,..,..,..,..,..,..,..,..,..,..,19,19,19,19,19,19,18,18,18,17,17,17,17,17,17,17,17,17,16,16,15,15,16,16,17,18,18,20,20,20,20,20,20,..
Kiribati,KIR,Number of under-five deaths,SH.DTH.MORT,391,392,390,384,377,370,362,350,333,315,299,286,275,268,265,262,259,257,256,254,254,257,260,262,263,264,263,261,257,251,245,238,231,223,215,209,204,199,194,188,181,176,170,166,165,168,171,176,181,185,188,192,195,196,198,200,203,205,207,207,204,201,197,..
"Korea, Dem. People's Rep.",PRK,"Death rate, crude (per 1,000 people)",SP.DYN.CDRT.IN,11.909,11.649,11.475,11.357,11.096,10.765,10.433,10.144,9.703,9.27,8.915,8.561,8.265,7.855,7.513,7.247,6.957,6.756,6.583,6.451,6.32,6.194,6.065,5.945,5.833,5.736,5.649,5.62,5.57,5.559,5.578,5.62,5.554,5.263,5.89,9.856,9.988,10.129,10.328,10.567,10.763,10.97,11.138,7.899,8.189,8.501,8.843,9.148,9.338,8.95,8.71,8.609,8.468,8.305,8.183,8.088,8.327,8.502,8.721,8.878,9.078,9.313,9.353,..
"Korea, Dem. People's Rep.",PRK,Number of deaths ages 10-14 years,SH.DTH.1014,..,..,..,..,..,..,..,..,..,..,..,..,..,..,..,..,..,..,..,..,..,..,..,..,..,..,..,..,..,..,1200,1298,1287,1279,1271,2477,2474,2474,2483,2489,2492,2494,2495,1203,1194,1182,1169,1162,1124,1085,1032,970,906,843,787,740,709,661,633,599,570,541,566,..
"Korea, Dem. People's Rep.",PRK,Number of deaths ages 15-19 years,SH.DTH.1519,..,..,..,..,..,..,..,..,..,..,..,..,..,..,..,..,..,..,..,..,..,..,..,..,..,..,..,..,..,..,2846,2867,2634,2436,2315,3792,3742,3753,3786,3814,3834,3847,3847,2178,2168,2161,2170,2204,2203,2197,2155,2084,1989,1884,1788,1703,1643,1552,1492,1419,1359,1301,1332,..
"Korea, Dem. People's Rep.",PRK,Number of deaths ages 20-24 years,SH.DTH.2024,..,..,..,..,..,..,..,..,..,..,..,..,..,..,..,..,..,..,..,..,..,..,..,..,..,..,..,..,..,..,3739,4042,4008,3903,3726,5688,5330,4932,4608,4423,4309,4263,4270,2552,2553,2554,2567,2597,2588,2579,2545,2499,2448,2393,2341,2289,2249,2154,2084,1995,1918,1842,1882,..
"Korea, Dem. People's Rep.",PRK,Number of deaths ages 5-9 years,SH.DTH.0509,..,..,..,..,..,..,..,..,..,..,..,..,..,..,..,..,..,..,..,..,..,..,..,..,..,..,..,..,..,..,1703,1915,1887,1860,1830,4378,4353,4353,4373,4379,4352,4283,4168,1553,1492,1435,1391,1369,1309,1254,1178,1093,1004,923,856,798,759,702,672,636,617,602,658,..
"Korea, Dem. People's Rep.",PRK,Number of under-five deaths,SH.DTH.MORT,45197,44763,44383,45180,44839,43302,42091,41826,40141,37372,35346,33146,31403,28439,24711,22213,19848,17794,16531,15876,15381,14939,14473,13940,13503,13260,13304,13792,14425,15679,17562,20192,20008,19751,19426,50397,49150,47688,46339,45013,43414,41718,39703,12978,12370,11845,11409,11253,10860,10497,9652,8818,8265,7775,7383,7073,6914,6485,6270,5955,5687,5416,5825,..
"Korea, Rep.",KOR,"Death rate, crude (per 1,000 people)",SP.DYN.CDRT.IN,12.663,12.255,11.854,11.501,10.747,10.074,9.355,8.46,8.298,8.096,8,7.2,6.3,7.8,7.2,7.7,7.4,6.8,6.8,6.4,7.3,6.1,6.2,6.4,5.9,5.9,5.8,5.9,5.6,5.6,5.6,5.6,5.4,5.2,5.4,5.3,5.2,5.3,5.2,5.3,5.2,5.1,5.1,5.1,5.1,5.1,5,5,5,5,5.1,5.1,5.3,5.3,5.3,5.4,5.5,5.6,5.8,5.7,5.9,6.2,7.3,..
"Korea, Rep.",KOR,Number of deaths ages 10-14 years,SH.DTH.1014,..,..,..,..,..,..,..,..,..,..,..,..,..,..,..,..,..,..,..,..,..,..,..,..,..,..,..,..,..,..,1531,1497,1453,1391,1296,1168,1026,900,792,709,650,612,586,566,546,524,500,472,442,411,380,345,312,281,255,231,211,200,194,189,186,185,183,..
"Korea, Rep.",KOR,Number of deaths ages 15-19 years,SH.DTH.1519,..,..,..,..,..,..,..,..,..,..,..,..,..,..,..,..,..,..,..,..,..,..,..,..,..,..,..,..,..,..,3503,3389,3265,3177,3126,3089,3028,2892,2600,2211,1829,1525,1311,1160,1061,1010,996,1010,1035,1048,1034,986,916,840,773,718,677,644,616,592,564,535,523,..
"Korea, Rep.",KOR,Number of deaths ages 20-24 years,SH.DTH.2024,..,..,..,..,..,..,..,..,..,..,..,..,..,..,..,..,..,..,..,..,..,..,..,..,..,..,..,..,..,..,4512,4436,4315,4230,4157,4054,3844,3492,3069,2689,2436,2293,2158,2028,1898,1784,1697,1623,1564,1505,1429,1340,1267,1215,1176,1148,1129,1124,1128,1141,1157,1150,1116,..
"Korea, Rep.",KOR,Number of deaths ages 5-9 years,SH.DTH.0509,..,..,..,..,..,..,..,..,..,..,..,..,..,..,..,..,..,..,..,..,..,..,..,..,..,..,..,..,..,..,2054,1853,1655,1486,1347,1232,1138,1070,1007,941,873,805,735,668,605,549,497,442,391,344,303,270,245,227,213,202,195,188,180,172,166,157,147,..
"Korea, Rep.",KOR,Number of under-five deaths,SH.DTH.MORT,117083,113181,108733,103122,96814,90045,82976,75910,68976,63443,59306,55030,50847,47282,44207,41147,38213,35762,33283,31435,30265,29242,27625,24811,21550,18502,16042,14134,12637,11509,10679,10111,9559,8810,8050,7376,6718,6106,5535,5004,4555,4063,3526,3122,2813,2507,2284,2176,2058,1914,1840,1808,1763,1679,1586,1518,1426,1290,1146,1024,930,861,807,..
Kosovo,XKX,"Death rate, crude (per 1,000 people)",SP.DYN.CDRT.IN,10.631,10.362,10.134,9.903,9.652,9.379,9.131,8.933,8.776,8.628,8.393,8.258,8.097,7.871,7.705,7.506,7.343,7.135,6.915,6.712,6.676,6.494,6.422,6.301,6.157,6.002,5.856,5.658,5.58,5.475,5.421,5.327,5.157,5.042,4.968,4.919,4.878,4.838,5.569,6.437,4.986,4.992,5.014,5.021,5.032,5.037,5.172,4.864,4.596,4.568,4.659,4.661,4.56,4.593,4.645,4.841,4.973,5.262,5.505,5.56,7.505,7.22,5.709,..
Kosovo,XKX,Number of deaths ages 10-14 years,SH.DTH.1014,..,..,..,..,..,..,..,..,..,..,..,..,..,..,..,..,..,..,..,..,..,..,..,..,..,..,..,..,..,..,151,147,144,141,137,134,131,128,126,120,116,113,106,94,83,75,68,64,60,57,54,52,51,49,47,44,41,38,36,34,33,31,31,..
Kosovo,XKX,Number of deaths ages 15-19 years,SH.DTH.1519,..,..,..,..,..,..,..,..,..,..,..,..,..,..,..,..,..,..,..,..,..,..,..,..,..,..,..,..,..,..,217,215,214,213,210,207,204,201,196,170,159,164,168,165,160,154,145,135,125,117,110,106,102,99,94,90,90,88,86,82,78,74,71,..
Kosovo,XKX,Number of deaths ages 20-24 years,SH.DTH.2024,..,..,..,..,..,..,..,..,..,..,..,..,..,..,..,..,..,..,..,..,..,..,..,..,..,..,..,..,..,..,308,310,308,309,308,306,303,298,293,217,177,181,187,191,193,193,189,185,178,170,162,154,152,148,140,129,125,120,113,108,105,105,107,..
Kosovo,XKX,Number of deaths ages 5-9 years,SH.DTH.0509,..,..,..,..,..,..,..,..,..,..,..,..,..,..,..,..,..,..,..,..,..,..,..,..,..,..,..,..,..,..,203,192,188,183,179,175,169,158,145,127,110,99,91,85,79,73,67,62,59,56,52,49,45,42,39,38,36,34,32,31,27,25,24,..
Kosovo,XKX,Number of under-five deaths,SH.DTH.MORT,..,..,..,..,..,..,..,..,..,..,..,..,..,..,..,..,..,..,..,..,..,..,..,..,..,..,..,..,..,..,5471,5110,4417,3815,3472,3219,3033,2843,2672,2247,1715,1442,1293,1120,1034,1033,964,867,821,781,721,611,521,499,445,370,320,287,258,228,204,188,177,..
Kuwait,KWT,"Death rate, crude (per 1,000 people)",SP.DYN.CDRT.IN,11.561,10.818,10.102,9.391,8.749,8.127,7.607,7.149,6.759,6.309,5.881,5.567,5.304,5.121,4.898,4.805,4.616,4.361,4.103,3.795,3.509,3.226,3.036,2.829,2.613,2.458,2.3,2.189,2.133,2.114,2.697,2.579,2.173,2.232,2.156,2.07,2.011,1.974,1.936,1.905,1.868,1.863,1.878,1.914,2,2.01,2.036,2.014,1.997,1.942,1.834,1.752,1.721,1.696,1.695,1.761,1.811,1.914,2.052,2.194,3.254,2.906,2.606,..
Kuwait,KWT,Number of deaths ages 10-14 years,SH.DTH.1014,..,..,..,..,..,..,..,..,..,..,..,..,..,..,..,..,..,..,..,..,..,..,..,..,..,..,..,..,..,..,136,56,77,75,58,47,46,47,48,48,48,47,46,45,44,44,46,46,47,47,45,45,45,46,48,47,51,52,55,58,58,58,60,..
Kuwait,KWT,Number of deaths ages 15-19 years,SH.DTH.1519,..,..,..,..,..,..,..,..,..,..,..,..,..,..,..,..,..,..,..,..,..,..,..,..,..,..,..,..,..,..,199,118,102,121,106,80,79,88,94,97,97,96,93,89,86,82,86,90,90,90,89,90,95,99,103,101,103,100,100,102,101,91,92,..
Kuwait,KWT,Number of deaths ages 20-24 years,SH.DTH.2024,..,..,..,..,..,..,..,..,..,..,..,..,..,..,..,..,..,..,..,..,..,..,..,..,..,..,..,..,..,..,307,164,76,85,98,97,97,104,113,123,130,133,131,126,118,110,111,118,123,124,123,118,111,106,104,102,111,119,128,134,137,110,109,..
Kuwait,KWT,Number of deaths ages 5-9 years,SH.DTH.0509,..,..,..,..,..,..,..,..,..,..,..,..,..,..,..,..,..,..,..,..,..,..,..,..,..,..,..,..,..,..,181,58,76,72,65,65,62,58,55,52,50,50,50,50,50,50,50,50,48,48,47,48,50,51,53,52,57,57,59,60,61,58,55,..
Kuwait,KWT,Number of under-five deaths,SH.DTH.MORT,..,..,..,..,1945,2006,2063,2125,2195,2252,2283,2277,2247,2207,2161,2118,2079,2036,1981,1914,1831,1723,1616,1522,1427,1323,1228,1142,1056,977,1025,649,492,528,532,550,561,556,542,529,523,525,533,543,553,559,571,592,611,626,635,638,637,635,632,604,562,535,517,501,480,434,383,..
Kyrgyz Republic,KGZ,"Death rate, crude (per 1,000 people)",SP.DYN.CDRT.IN,16.28,15.921,15.443,14.939,14.504,14.053,13.486,13.097,12.678,12.338,12.038,11.794,11.568,11.275,11,10.891,10.767,10.544,10.344,10.094,9.917,9.81,9.7,9.469,9.416,9.213,9.161,9.054,8.941,7.2,6.9,6.9,7.1,7.6,8.2,8,7.4,7.3,7.2,6.8,7,6.6,7.1,7.1,6.9,7.2,7.4,7.2,7.1,6.7,6.6,6.5,6.5,6.1,6.1,5.8,5.5,5.4,5.2,5.2,6.1,5.8,4.5,..
Kyrgyz Republic,KGZ,Number of deaths ages 10-14 years,SH.DTH.1014,..,..,..,..,..,..,..,..,..,..,..,..,..,..,..,..,..,..,..,..,..,..,..,..,..,..,..,..,..,..,239,239,241,246,251,261,269,277,280,280,275,267,257,246,234,223,213,205,196,189,182,177,174,173,173,175,178,182,187,193,201,209,218,..
Kyrgyz Republic,KGZ,Number of deaths ages 15-19 years,SH.DTH.1519,..,..,..,..,..,..,..,..,..,..,..,..,..,..,..,..,..,..,..,..,..,..,..,..,..,..,..,..,..,..,354,364,374,380,384,389,390,390,389,390,391,393,394,395,395,396,397,399,397,391,381,369,355,341,328,317,304,296,293,295,301,310,319,..
Kyrgyz Republic,KGZ,Number of deaths ages 20-24 years,SH.DTH.2024,..,..,..,..,..,..,..,..,..,..,..,..,..,..,..,..,..,..,..,..,..,..,..,..,..,..,..,..,..,..,543,555,574,592,607,624,634,632,622,612,600,587,579,578,585,599,615,633,642,642,635,617,594,570,542,516,490,461,435,413,393,374,357,..
Kyrgyz Republic,KGZ,Number of deaths ages 5-9 years,SH.DTH.0509,..,..,..,..,..,..,..,..,..,..,..,..,..,..,..,..,..,..,..,..,..,..,..,..,..,..,..,..,..,..,339,344,348,350,349,349,344,336,322,305,284,263,241,222,206,191,179,171,165,161,161,162,165,170,175,181,187,192,195,196,196,193,189,..
Kyrgyz Republic,KGZ,Number of under-five deaths,SH.DTH.MORT,..,..,..,..,..,..,..,..,..,..,..,..,..,..,..,..,..,..,..,..,11166,10981,10889,10751,10640,10464,10232,9899,9457,9072,8805,8698,8669,8496,8147,7850,7384,6719,6180,5755,5340,5004,4799,4656,4583,4540,4514,4506,4462,4394,4319,4238,4140,4012,3869,3703,3494,3289,3170,3066,2911,2785,2704,..
Lao PDR,LAO,"Death rate, crude (per 1,000 people)",SP.DYN.CDRT.IN,22.677,22.452,21.753,22.206,21.96,21.65,21.635,21.23,20.962,20.808,20.57,20.272,20.08,19.925,19.255,19.002,19.182,18.89,18.678,18.092,17.307,16.853,16.408,16.05,15.688,15.324,14.943,14.629,14.236,13.874,13.548,13.063,12.701,12.337,12.03,11.543,11.139,10.802,10.599,10.511,10.256,9.956,9.785,9.626,9.598,9.378,9.096,8.785,8.539,8.266,8.008,7.762,7.604,7.584,7.465,7.513,7.135,6.91,6.755,6.505,6.366,6.613,6.195,..
Lao PDR,LAO,Number of deaths ages 10-14 years,SH.DTH.1014,..,..,..,..,..,..,..,..,..,..,..,..,..,..,..,..,..,..,..,..,..,..,..,..,..,..,..,..,..,..,1160,1163,1166,1175,1189,1203,1219,1234,1243,1250,1260,1266,1268,1262,1246,1211,1162,1108,1059,1016,975,937,893,848,802,759,724,698,676,657,638,618,600,..
Lao PDR,LAO,Number of deaths ages 15-19 years,SH.DTH.1519,..,..,..,..,..,..,..,..,..,..,..,..,..,..,..,..,..,..,..,..,..,..,..,..,..,..,..,..,..,..,1383,1404,1429,1455,1487,1522,1552,1581,1599,1610,1628,1641,1649,1648,1632,1609,1571,1516,1441,1353,1250,1150,1053,962,885,822,783,749,720,694,672,655,639,..
Lao PDR,LAO,Number of deaths ages 20-24 years,SH.DTH.2024,..,..,..,..,..,..,..,..,..,..,..,..,..,..,..,..,..,..,..,..,..,..,..,..,..,..,..,..,..,..,1005,1030,1050,1074,1096,1118,1133,1149,1153,1157,1156,1159,1165,1174,1187,1197,1210,1223,1230,1230,1220,1207,1183,1149,1107,1066,1047,1034,1028,1026,1025,1023,1013,..
Lao PDR,LAO,Number of deaths ages 5-9 years,SH.DTH.0509,..,..,..,..,..,..,..,..,..,..,..,..,..,..,..,..,..,..,..,..,..,..,..,..,..,..,..,..,..,..,3742,3607,3476,3347,3221,3092,2968,2845,2714,2576,2425,2263,2092,1927,1770,1628,1495,1369,1245,1125,1014,913,826,748,677,611,554,506,469,438,415,397,383,..
Lao PDR,LAO,Number of under-five deaths,SH.DTH.MORT,..,..,..,..,..,..,..,..,..,..,..,..,..,..,..,..,..,..,..,..,..,..,..,27670,27638,27622,27586,27489,27351,27159,26909,26588,26158,25637,24914,24015,23089,22147,21191,20311,19330,18252,17250,16334,15546,14773,14087,13505,12882,12238,11587,10949,10343,9768,9230,8784,8397,8048,7708,7393,7099,6827,6543,..
Latvia,LVA,"Death rate, crude (per 1,000 people)",SP.DYN.CDRT.IN,10,10.1,10.8,10.3,9.4,10.1,10.2,10.6,10.8,11.2,11.3,11.1,11.4,11.6,11.5,12.2,12.3,12.4,12.5,12.8,12.8,12.7,12.3,12.7,13,13.2,12,12.2,12.2,12.2,13.1,13.1,13.5,15.3,16.6,15.7,14,13.8,14.2,13.7,13.6,14.1,14.1,14.2,14.2,14.6,14.9,15,14.2,14,14.3,13.9,14.3,14.3,14.3,14.4,14.6,14.8,15,14.5,15.2,18.4,16.4,..
Latvia,LVA,Number of deaths ages 10-14 years,SH.DTH.1014,..,..,..,..,..,..,..,..,..,..,..,..,..,..,..,..,..,..,..,..,..,..,..,..,..,..,..,..,..,..,89,87,86,83,82,79,76,73,69,65,60,56,51,46,42,37,32,27,24,22,20,19,18,16,16,15,14,13,13,11,11,10,9,..
Latvia,LVA,Number of deaths ages 15-19 years,SH.DTH.1519,..,..,..,..,..,..,..,..,..,..,..,..,..,..,..,..,..,..,..,..,..,..,..,..,..,..,..,..,..,..,211,219,222,219,212,201,190,180,173,166,160,154,147,139,128,119,109,100,89,80,70,60,53,47,44,43,43,43,43,41,40,38,37,..
Latvia,LVA,Number of deaths ages 20-24 years,SH.DTH.2024,..,..,..,..,..,..,..,..,..,..,..,..,..,..,..,..,..,..,..,..,..,..,..,..,..,..,..,..,..,..,313,334,354,365,364,354,336,316,296,277,259,243,229,217,208,197,188,178,166,151,139,127,116,107,99,90,81,73,66,62,59,58,57,..
Latvia,LVA,Number of deaths ages 5-9 years,SH.DTH.0509,..,..,..,..,..,..,..,..,..,..,..,..,..,..,..,..,..,..,..,..,..,..,..,..,..,..,..,..,..,..,114,113,113,108,102,94,86,77,69,61,53,47,40,37,32,31,29,28,26,26,24,23,21,20,19,18,16,15,13,13,11,11,11,..
Latvia,LVA,Number of under-five deaths,SH.DTH.MORT,..,..,..,..,..,..,..,..,..,..,..,..,..,..,..,..,..,..,..,..,..,..,..,..,777,731,693,672,658,662,681,695,685,644,582,517,448,389,342,310,291,272,256,247,233,221,217,213,206,189,166,145,133,125,118,111,104,95,86,77,69,61,55,..
Lebanon,LBN,"Death rate, crude (per 1,000 people)",SP.DYN.CDRT.IN,9.837,9.5,9.321,9.073,8.818,8.642,8.485,8.224,8.091,7.968,7.867,7.772,7.677,7.486,7.41,11.148,31.168,10.689,10.596,10.505,10.374,10.22,19.378,9.941,9.766,9.672,9.432,9.278,9.128,7.963,7.848,5.199,5.207,5.153,5.068,4.969,4.92,4.787,4.788,4.647,4.554,4.473,4.295,4.196,4.158,4.16,4.333,4.093,4.026,4.039,4.066,4.099,4.134,4.197,4.221,4.235,4.343,4.495,4.704,5.178,6.253,8.271,8.857,..
Lebanon,LBN,Number of deaths ages 10-14 years,SH.DTH.1014,..,..,..,..,..,..,..,..,..,..,..,..,..,..,..,..,..,..,..,..,..,..,..,..,..,..,..,..,..,..,277,270,264,257,251,244,237,230,221,214,206,198,189,178,167,157,147,140,135,130,125,122,121,124,141,150,152,156,164,173,187,201,214,..
Lebanon,LBN,Number of deaths ages 15-19 years,SH.DTH.1519,..,..,..,..,..,..,..,..,..,..,..,..,..,..,..,..,..,..,..,..,..,..,..,..,..,..,..,..,..,..,891,316,314,313,311,311,312,314,314,314,313,310,307,301,297,294,377,289,287,281,273,266,262,265,301,316,310,326,311,315,322,326,333,..
Lebanon,LBN,Number of deaths ages 20-24 years,SH.DTH.2024,..,..,..,..,..,..,..,..,..,..,..,..,..,..,..,..,..,..,..,..,..,..,..,..,..,..,..,..,..,..,1920,330,330,330,329,327,325,324,323,323,324,326,326,325,325,325,571,324,325,325,327,325,326,335,379,396,371,401,344,342,345,345,344,..
Lebanon,LBN,Number of deaths ages 5-9 years,SH.DTH.0509,..,..,..,..,..,..,..,..,..,..,..,..,..,..,..,..,..,..,..,..,..,..,..,..,..,..,..,..,..,..,258,251,244,238,232,226,220,214,206,196,186,175,166,156,149,141,136,131,128,124,121,117,116,118,134,143,149,159,169,178,187,192,194,..
Lebanon,LBN,Number of under-five deaths,SH.DTH.MORT,..,4991,4927,4877,4821,4762,4706,4673,4657,4664,4686,4713,4753,4792,4818,4822,4791,5226,5653,5185,4718,4647,4512,4303,4109,3925,3738,3581,3446,3326,3183,3006,2829,2658,2490,2336,2208,2089,1971,1862,1760,1665,1568,1463,1363,1272,1199,1142,1102,1082,1082,1094,1110,1141,1252,1392,1444,1443,1439,1435,1430,1439,1461,..
Lesotho,LSO,"Death rate, crude (per 1,000 people)",SP.DYN.CDRT.IN,17.377,17.175,17.036,16.984,16.893,16.859,16.707,16.556,16.262,15.935,15.61,15.352,15.026,14.731,14.571,14.211,13.923,13.594,13.181,12.738,12.277,11.744,11.33,10.995,10.659,10.358,10.136,10.09,10.001,9.997,10.013,10.081,10.344,10.59,10.558,11.183,11.947,12.829,13.878,14.944,16.083,17.289,18.368,19.339,20.162,20.605,20.884,20.662,20.417,19.933,18.644,17.828,17.019,16.222,15.519,14.825,14.126,13.651,13.259,13.014,12.858,14.186,14.069,..
Lesotho,LSO,Number of deaths ages 10-14 years,SH.DTH.1014,..,..,..,..,..,..,..,..,..,..,..,..,..,..,..,..,..,..,..,..,..,..,..,..,..,..,..,..,..,..,338,340,339,338,337,335,333,332,328,322,316,307,297,286,275,264,254,245,238,232,224,218,212,207,203,198,194,191,188,185,181,179,177,..
Lesotho,LSO,Number of deaths ages 15-19 years,SH.DTH.1519,..,..,..,..,..,..,..,..,..,..,..,..,..,..,..,..,..,..,..,..,..,..,..,..,..,..,..,..,..,..,505,523,544,567,590,612,631,650,665,679,687,692,691,685,674,661,643,628,609,594,577,563,550,539,529,519,507,494,482,470,459,448,437,..
Lesotho,LSO,Number of deaths ages 20-24 years,SH.DTH.2024,..,..,..,..,..,..,..,..,..,..,..,..,..,..,..,..,..,..,..,..,..,..,..,..,..,..,..,..,..,..,569,611,656,707,765,830,906,985,1067,1143,1212,1268,1306,1327,1334,1325,1307,1293,1260,1233,1192,1137,1075,1004,935,873,826,794,776,764,749,739,732,..
Lesotho,LSO,Number of deaths ages 5-9 years,SH.DTH.0509,..,..,..,..,..,..,..,..,..,..,..,..,..,..,..,..,..,..,..,..,..,..,..,..,..,..,..,..,..,..,464,461,458,455,451,445,438,429,416,400,386,373,361,350,339,328,317,309,301,296,290,284,278,271,265,260,256,253,248,245,241,236,231,..
Lesotho,LSO,Number of under-five deaths,SH.DTH.MORT,5842,5979,6137,6311,6479,6650,6804,6922,6997,7034,7054,7091,7125,7144,7177,7220,7221,7170,7032,6844,6640,6424,6212,6026,5859,5699,5575,5511,5435,5331,5237,5200,5237,5330,5488,5708,5966,6192,6346,6429,6498,6571,6669,6752,6767,6740,6699,6518,6401,5776,5242,5072,5002,4966,4943,4884,4641,4539,4603,4645,4538,4367,4265,..
Liberia,LBR,"Death rate, crude (per 1,000 people)",SP.DYN.CDRT.IN,25.588,25.683,25.712,25.723,25.66,25.52,25.296,25.015,24.718,24.363,23.955,23.577,23.129,22.797,22.436,22.149,21.784,21.362,20.972,20.654,20.321,19.94,19.641,19.419,19.257,19.688,19.432,19.738,20.102,20.475,25.501,21.006,21.008,21.512,21.786,20.233,19.875,17.565,16.855,16.141,15.228,14.312,13.58,13.852,12.134,11.599,11.171,10.765,10.421,10.115,9.907,9.741,9.57,9.482,9.799,9.715,9.059,8.954,8.793,8.658,8.753,8.838,8.632,..
Liberia,LBR,Number of deaths ages 10-14 years,SH.DTH.1014,..,..,..,..,..,..,..,..,..,..,..,..,..,..,..,..,..,..,..,..,..,..,..,..,..,..,..,..,..,..,772,582,623,658,671,639,660,651,729,751,760,751,747,818,713,712,736,759,780,794,810,827,850,870,1024,1077,946,975,1002,1020,1029,1034,1028,..
Liberia,LBR,Number of deaths ages 15-19 years,SH.DTH.1519,..,..,..,..,..,..,..,..,..,..,..,..,..,..,..,..,..,..,..,..,..,..,..,..,..,..,..,..,..,..,1837,611,654,692,712,688,720,721,827,873,898,909,921,1117,896,904,942,975,1007,1030,1055,1083,1141,1173,1211,1399,1298,1342,1386,1422,1444,1472,1480,..
Liberia,LBR,Number of deaths ages 20-24 years,SH.DTH.2024,..,..,..,..,..,..,..,..,..,..,..,..,..,..,..,..,..,..,..,..,..,..,..,..,..,..,..,..,..,..,3685,752,803,846,871,848,896,908,1045,1111,1155,1167,1180,1579,1140,1136,1167,1188,1201,1212,1214,1219,1287,1281,1284,1442,1314,1335,1365,1403,1440,1493,1535,..
Liberia,LBR,Number of deaths ages 5-9 years,SH.DTH.0509,..,..,..,..,..,..,..,..,..,..,..,..,..,..,..,..,..,..,..,..,..,..,..,..,..,..,..,..,..,..,1451,1063,1118,1156,1163,1105,1136,1117,1253,1294,1313,1305,1302,1486,1246,1240,1272,1291,1304,1300,1300,1306,1327,1342,1568,1621,1371,1376,1376,1367,1347,1323,1291,..
Liberia,LBR,Number of under-five deaths,SH.DTH.MORT,..,16518,17009,17475,17902,18274,18573,18827,19033,19202,19272,19312,19444,19663,19861,20082,20328,20601,20888,21191,21460,21690,21932,22268,22723,23403,24347,25384,26529,27695,28777,26737,24554,24596,24184,22988,22172,21664,21791,22172,21849,21113,20158,19049,17719,16641,16099,15798,15482,15143,14831,14576,14572,14461,14467,13824,13540,13306,13018,12706,12390,12095,11829,..
Libya,LBY,"Death rate, crude (per 1,000 people)",SP.DYN.CDRT.IN,25.985,24.413,22.903,21.676,20.202,18.986,17.846,16.78,15.629,14.535,13.52,12.584,11.685,10.989,10.14,9.378,8.649,8.163,7.69,7.281,6.878,6.544,6.263,5.953,5.707,5.521,5.319,5.142,4.972,4.823,4.663,4.524,4.395,4.348,4.281,4.198,4.187,4.3,4.385,4.469,4.686,4.683,4.669,4.653,4.549,4.53,4.491,4.504,4.42,4.449,4.512,5.479,5.028,5.056,5.43,5.427,5.48,5.284,5.245,5.454,5.598,6.018,5.954,..
Libya,LBY,Number of deaths ages 10-14 years,SH.DTH.1014,..,..,..,..,..,..,..,..,..,..,..,..,..,..,..,..,..,..,..,..,..,..,..,..,..,..,..,..,..,..,296,294,288,281,272,265,259,255,253,251,247,246,243,241,238,234,230,223,216,211,204,272,191,190,189,188,187,187,185,182,180,178,174,..
Libya,LBY,Number of deaths ages 15-19 years,SH.DTH.1519,..,..,..,..,..,..,..,..,..,..,..,..,..,..,..,..,..,..,..,..,..,..,..,..,..,..,..,..,..,..,449,454,461,467,473,476,476,475,470,467,464,477,485,490,489,483,471,452,434,417,401,388,321,324,328,330,331,333,336,339,342,346,348,..
Libya,LBY,Number of deaths ages 20-24 years,SH.DTH.2024,..,..,..,..,..,..,..,..,..,..,..,..,..,..,..,..,..,..,..,..,..,..,..,..,..,..,..,..,..,..,462,453,445,442,444,449,457,467,475,482,487,507,523,535,543,545,544,528,515,505,493,480,345,341,342,342,342,345,351,356,360,363,365,..
Libya,LBY,Number of deaths ages 5-9 years,SH.DTH.0509,..,..,..,..,..,..,..,..,..,..,..,..,..,..,..,..,..,..,..,..,..,..,..,..,..,..,..,..,..,..,569,554,535,512,486,456,424,393,362,336,310,292,276,263,252,243,236,229,224,221,220,380,209,206,201,196,193,187,179,172,164,156,149,..
Libya,LBY,Number of under-five deaths,SH.DTH.MORT,..,..,..,17021,16642,16179,15503,14641,13684,12733,11826,10996,10228,9550,9097,8765,8484,8259,8104,7976,7764,7492,7279,7104,6910,6721,6483,6212,5904,5567,5221,4892,4580,4289,4033,3815,3633,3472,3320,3184,3066,3086,3153,3142,3116,3070,2985,2845,2685,2546,2463,2985,2156,1900,1845,1768,1667,1579,1503,1431,1363,1298,1234,..
Liechtenstein,LIE,"Death rate, crude (per 1,000 people)",SP.DYN.CDRT.IN,7.5,7.8,9.5,8.1,7.9,8.1,7.8,7.8,7.1,8,7.7,8.6,6.7,7.8,6.3,7.5,7.4,6.1,6.5,6.8,6.9,6.3,6.4,5.7,6.7,6.4,6.9,6.5,7,6.1,6.8,6.4,6.1,5.9,6.8,7.3,7.4,7.4,6.6,6.4,7.3,6.6,6.4,6.4,5.7,6.2,6.3,6.4,5.8,6.4,6.6,6.8,6.1,6.7,7.2,6.7,7.2,6.6,7.2,6.8,8.2,6.9,7.1,..
Liechtenstein,LIE,Number of deaths ages 10-14 years,SH.DTH.1014,..,..,..,..,..,..,..,..,..,..,..,..,..,..,..,..,..,..,..,..,..,..,..,..,..,..,..,..,..,..,..,..,..,..,..,..,..,..,..,..,..,..,..,..,..,..,..,..,..,..,..,..,..,..,..,..,..,..,..,..,..,..,..,..
Liechtenstein,LIE,Number of deaths ages 15-19 years,SH.DTH.1519,..,..,..,..,..,..,..,..,..,..,..,..,..,..,..,..,..,..,..,..,..,..,..,..,..,..,..,..,..,..,..,..,..,..,..,..,..,..,..,..,..,..,..,..,..,..,..,..,..,..,..,..,..,..,..,..,..,..,..,..,..,..,..,..
Liechtenstein,LIE,Number of deaths ages 20-24 years,SH.DTH.2024,..,..,..,..,..,..,..,..,..,..,..,..,..,..,..,..,..,..,..,..,..,..,..,..,..,..,..,..,..,..,..,..,..,..,..,..,..,..,..,..,..,..,..,..,..,..,..,..,..,..,..,..,..,..,..,..,..,..,..,..,..,..,..,..
Liechtenstein,LIE,Number of deaths ages 5-9 years,SH.DTH.0509,..,..,..,..,..,..,..,..,..,..,..,..,..,..,..,..,..,..,..,..,..,..,..,..,..,..,..,..,..,..,..,..,..,..,..,..,..,..,..,..,..,..,..,..,..,..,..,..,..,..,..,..,..,..,..,..,..,..,..,..,..,..,..,..
Liechtenstein,LIE,Number of under-five deaths,SH.DTH.MORT,..,..,..,..,..,..,..,..,..,..,..,..,..,..,..,..,..,..,..,..,..,..,..,..,..,..,..,..,..,..,..,..,..,..,..,..,..,..,..,..,..,..,..,..,..,..,..,..,..,..,..,..,..,..,..,..,..,..,..,..,..,..,..,..
Lithuania,LTU,"Death rate, crude (per 1,000 people)",SP.DYN.CDRT.IN,7.8,7.9,8.7,8,7.4,7.9,7.9,8.1,8.4,8.7,8.9,8.5,9.1,9,9,9.5,9.6,9.8,10.1,10.3,10.5,10.4,10.1,10.5,11,11.1,10,10.2,10.3,10.4,10.8,11.1,11.2,12.5,12.7,12.5,11.9,11.5,11.5,11.4,11.1,11.6,11.9,12,12.2,13.2,13.7,14.1,13.7,13.3,13.6,13.6,13.7,14,13.7,14.4,14.3,14.2,14.1,13.7,15.6,17,15.1,..
Lithuania,LTU,Number of deaths ages 10-14 years,SH.DTH.1014,..,..,..,..,..,..,..,..,..,..,..,..,..,..,..,..,..,..,..,..,..,..,..,..,..,..,..,..,..,..,108,106,105,103,101,98,96,93,89,85,80,77,72,69,64,60,55,50,45,42,38,35,32,29,27,24,22,21,21,19,19,18,17,..
Lithuania,LTU,Number of deaths ages 15-19 years,SH.DTH.1519,..,..,..,..,..,..,..,..,..,..,..,..,..,..,..,..,..,..,..,..,..,..,..,..,..,..,..,..,..,..,275,282,285,283,277,266,255,245,240,238,240,241,240,236,231,224,217,206,194,177,159,141,125,111,101,90,80,71,65,59,55,51,48,..
Lithuania,LTU,Number of deaths ages 20-24 years,SH.DTH.2024,..,..,..,..,..,..,..,..,..,..,..,..,..,..,..,..,..,..,..,..,..,..,..,..,..,..,..,..,..,..,417,443,466,481,484,475,458,438,421,407,395,382,368,355,347,339,332,323,309,288,268,248,229,211,190,169,149,132,119,110,104,96,90,..
Lithuania,LTU,Number of deaths ages 5-9 years,SH.DTH.0509,..,..,..,..,..,..,..,..,..,..,..,..,..,..,..,..,..,..,..,..,..,..,..,..,..,..,..,..,..,..,132,132,130,125,119,113,105,97,89,81,73,66,60,55,50,47,43,40,36,32,30,28,26,25,24,23,22,21,20,18,18,16,15,..
Lithuania,LTU,Number of under-five deaths,SH.DTH.MORT,..,..,..,..,..,..,..,..,..,..,..,..,1193,1173,1179,1203,1209,1196,1164,1126,1088,1061,1047,1062,1068,1037,991,932,871,847,884,964,1030,983,826,684,585,513,467,436,404,362,324,304,292,279,264,246,229,212,192,175,165,158,156,156,148,132,118,108,101,97,95,..
Luxembourg,LUX,"Death rate, crude (per 1,000 people)",SP.DYN.CDRT.IN,11.8,11.4,12.6,12.1,11.8,12.2,12.1,12.3,12.2,12.4,12.2,12.8,11.9,12,12.2,12.2,12.5,11.3,11.6,11,11.3,11.2,11.3,11.3,11.1,11,10.8,10.8,10.3,10.6,9.9,9.7,10.3,9.8,9.4,9.3,9.4,9.4,9.2,8.8,8.6,8.4,8.4,9,7.8,7.8,8,8.1,7.4,7.3,7.4,7.4,7.3,7,6.9,7,6.8,7.1,7.1,6.9,7.3,7,6.8,..
Luxembourg,LUX,Number of deaths ages 10-14 years,SH.DTH.1014,..,..,..,..,..,..,..,..,..,..,..,..,..,..,..,..,..,..,..,..,..,..,..,..,..,..,..,..,..,..,3,3,3,3,3,3,2,2,2,2,2,2,2,2,2,2,2,2,2,2,2,2,2,2,2,2,2,2,2,1,1,1,1,..
Luxembourg,LUX,Number of deaths ages 15-19 years,SH.DTH.1519,..,..,..,..,..,..,..,..,..,..,..,..,..,..,..,..,..,..,..,..,..,..,..,..,..,..,..,..,..,..,18,17,17,16,15,14,13,12,11,10,10,10,8,8,8,8,8,7,7,7,7,7,7,7,7,7,7,7,7,7,7,7,7,..
Luxembourg,LUX,Number of deaths ages 20-24 years,SH.DTH.2024,..,..,..,..,..,..,..,..,..,..,..,..,..,..,..,..,..,..,..,..,..,..,..,..,..,..,..,..,..,..,31,30,29,27,26,24,22,21,19,18,17,16,15,15,14,14,14,12,12,11,11,10,10,10,10,8,8,8,8,8,8,7,7,..
Luxembourg,LUX,Number of deaths ages 5-9 years,SH.DTH.0509,..,..,..,..,..,..,..,..,..,..,..,..,..,..,..,..,..,..,..,..,..,..,..,..,..,..,..,..,..,..,4,4,3,3,3,3,3,3,3,3,2,2,2,2,2,2,2,2,2,2,2,2,2,2,2,2,2,2,1,1,1,1,1,..
Luxembourg,LUX,Number of under-five deaths,SH.DTH.MORT,187,179,168,160,155,149,142,132,121,109,100,93,84,74,68,65,61,58,57,56,55,55,54,51,49,47,45,44,43,43,42,40,39,37,36,34,32,30,28,26,25,23,21,20,19,18,17,16,16,16,16,16,16,16,16,16,16,16,17,17,17,17,17,..
"Macao SAR, China",MAC,"Death rate, crude (per 1,000 people)",SP.DYN.CDRT.IN,8.721,8.613,8.177,7.788,7.424,7.081,6.737,6.449,6.166,5.922,5.732,5.567,5.596,5.613,5.682,5.759,5.834,5.924,6.02,6.152,6.272,6.397,6.238,6.024,5.799,5.562,5.327,5.079,4.879,4.639,4.425,4.179,4.018,3.936,3.859,3.796,3.639,3.653,3.672,3.654,3.64,3.654,3.701,3.692,3.694,3.644,3.64,3.62,3.577,3.526,3.678,3.719,3.771,3.715,3.768,3.851,3.877,3.864,3.86,3.983,4.047,4.111,4.256,..
"Macao SAR, China",MAC,Number of deaths ages 10-14 years,SH.DTH.1014,..,..,..,..,..,..,..,..,..,..,..,..,..,..,..,..,..,..,..,..,..,..,..,..,..,..,..,..,..,..,..,..,..,..,..,..,..,..,..,..,..,..,..,..,..,..,..,..,..,..,..,..,..,..,..,..,..,..,..,..,..,..,..,..
"Macao SAR, China",MAC,Number of deaths ages 15-19 years,SH.DTH.1519,..,..,..,..,..,..,..,..,..,..,..,..,..,..,..,..,..,..,..,..,..,..,..,..,..,..,..,..,..,..,..,..,..,..,..,..,..,..,..,..,..,..,..,..,..,..,..,..,..,..,..,..,..,..,..,..,..,..,..,..,..,..,..,..
"Macao SAR, China",MAC,Number of deaths ages 20-24 years,SH.DTH.2024,..,..,..,..,..,..,..,..,..,..,..,..,..,..,..,..,..,..,..,..,..,..,..,..,..,..,..,..,..,..,..,..,..,..,..,..,..,..,..,..,..,..,..,..,..,..,..,..,..,..,..,..,..,..,..,..,..,..,..,..,..,..,..,..
"Macao SAR, China",MAC,Number of deaths ages 5-9 years,SH.DTH.0509,..,..,..,..,..,..,..,..,..,..,..,..,..,..,..,..,..,..,..,..,..,..,..,..,..,..,..,..,..,..,..,..,..,..,..,..,..,..,..,..,..,..,..,..,..,..,..,..,..,..,..,..,..,..,..,..,..,..,..,..,..,..,..,..
"Macao SAR, China",MAC,Number of under-five deaths,SH.DTH.MORT,..,..,..,..,..,..,..,..,..,..,..,..,..,..,..,..,..,..,..,..,..,..,..,..,..,..,..,..,..,..,..,..,..,..,..,..,..,..,..,..,..,..,..,..,..,..,..,..,..,..,..,..,..,..,..,..,..,..,..,..,..,..,..,..
Madagascar,MDG,"Death rate, crude (per 1,000 people)",SP.DYN.CDRT.IN,21.524,21.139,20.73,20.356,19.973,19.651,19.368,19.019,18.649,18.289,17.965,17.733,17.419,17.045,16.741,16.499,16.403,16.332,16.276,16.216,16.176,16.161,16.159,16.136,16.086,15.969,15.791,15.494,15.213,14.853,14.463,14.036,13.597,13.077,12.738,12.395,12.02,11.569,11.108,10.769,10.385,9.986,9.748,9.407,9.062,8.831,8.476,8.257,8.066,7.801,7.713,7.427,7.38,7.201,7.076,7.049,6.81,6.79,6.736,6.518,6.801,7.104,6.799,..
Madagascar,MDG,Number of deaths ages 10-14 years,SH.DTH.1014,..,..,..,..,..,..,..,..,..,..,..,..,..,..,..,..,..,..,..,..,..,..,..,..,..,..,..,..,..,..,3980,3855,3741,3633,3545,3489,3460,3448,3458,3468,3485,3503,3519,3524,3522,3524,3524,3523,3510,3490,3460,3437,3431,3445,3486,3567,3687,3833,4011,4202,4381,4526,4600,..
Madagascar,MDG,Number of deaths ages 15-19 years,SH.DTH.1519,..,..,..,..,..,..,..,..,..,..,..,..,..,..,..,..,..,..,..,..,..,..,..,..,..,..,..,..,..,..,3841,3892,3929,3958,3997,4021,4036,4057,4077,4116,4173,4252,4366,4498,4637,4782,4915,5036,5148,5239,5324,5374,5403,5408,5383,5321,5255,5156,5089,5040,5015,4990,4969,..
Madagascar,MDG,Number of deaths ages 20-24 years,SH.DTH.2024,..,..,..,..,..,..,..,..,..,..,..,..,..,..,..,..,..,..,..,..,..,..,..,..,..,..,..,..,..,..,3805,3881,3971,4055,4129,4181,4224,4254,4279,4307,4333,4359,4387,4418,4444,4481,4527,4577,4648,4717,4797,4867,4940,5012,5101,5162,5228,5281,5317,5362,5410,5431,5459,..
Madagascar,MDG,Number of deaths ages 5-9 years,SH.DTH.0509,..,..,..,..,..,..,..,..,..,..,..,..,..,..,..,..,..,..,..,..,..,..,..,..,..,..,..,..,..,..,8197,7999,7839,7711,7646,7623,7647,7680,7721,7761,7786,7790,7766,7708,7614,7498,7360,7219,7084,6980,6917,6907,6951,7040,7189,7392,7651,7932,8232,8543,8824,9078,9241,..
Madagascar,MDG,Number of under-five deaths,SH.DTH.MORT,..,..,..,..,..,..,..,..,..,..,..,..,..,51449,53691,55943,58184,60368,62541,64820,67100,69294,71505,73606,75381,76775,77517,77885,77938,77607,77320,77056,76706,76489,76241,75810,74919,73547,71653,69495,67162,64945,62941,61105,59568,58191,57040,56042,55169,54491,53879,53145,52567,52277,52236,52498,53276,54285,55282,56307,57332,58092,58343,..
Malawi,MWI,"Death rate, crude (per 1,000 people)",SP.DYN.CDRT.IN,29.739,29.729,29.547,29.669,29.631,29.611,29.5,29.483,29.366,29.087,28.662,28.117,27.436,26.768,26.04,25.166,24.29,23.441,22.559,21.895,21.403,21.025,20.861,20.875,21.219,21.653,22.032,22.275,22.892,22.492,22.087,21.711,21.289,21.012,20.623,20.333,20.459,20.657,20.823,20.175,19.559,18.588,17.66,16.573,15.541,14.633,13.951,13.496,12.96,12.183,11.412,10.608,9.783,9.081,8.376,8.005,7.541,7.149,6.955,6.611,6.706,6.983,6.934,..
Malawi,MWI,Number of deaths ages 10-14 years,SH.DTH.1014,..,..,..,..,..,..,..,..,..,..,..,..,..,..,..,..,..,..,..,..,..,..,..,..,..,..,..,..,..,..,2565,2623,2666,2703,2640,2511,2463,2408,2354,2324,2298,2281,2273,2268,2261,2261,2265,2273,2290,2319,2348,2380,2421,2462,2507,2559,2611,2652,2680,2687,2683,2667,2641,..
Malawi,MWI,Number of deaths ages 15-19 years,SH.DTH.1519,..,..,..,..,..,..,..,..,..,..,..,..,..,..,..,..,..,..,..,..,..,..,..,..,..,..,..,..,..,..,3495,3701,3937,4224,4418,4526,4813,5049,5199,5244,5190,5047,4849,4649,4462,4288,4131,4008,3895,3778,3678,3587,3503,3425,3359,3311,3263,3237,3221,3219,3251,3271,3301,..
Malawi,MWI,Number of deaths ages 20-24 years,SH.DTH.2024,..,..,..,..,..,..,..,..,..,..,..,..,..,..,..,..,..,..,..,..,..,..,..,..,..,..,..,..,..,..,3780,4078,4383,4725,4946,5068,5449,5811,6103,6301,6439,6476,6427,6311,6144,5948,5725,5502,5291,5094,4918,4751,4608,4471,4343,4238,4161,4112,4085,4091,4145,4221,4321,..
Malawi,MWI,Number of deaths ages 5-9 years,SH.DTH.0509,..,..,..,..,..,..,..,..,..,..,..,..,..,..,..,..,..,..,..,..,..,..,..,..,..,..,..,..,..,..,7964,7811,7585,7389,7006,6500,6269,6067,5880,5711,5561,5432,5311,5214,5133,5067,5008,4969,4944,4947,4961,4970,4967,4934,4871,4786,4675,4555,4434,4304,4178,4054,3934,..
Malawi,MWI,Number of under-five deaths,SH.DTH.MORT,..,..,..,..,..,..,..,..,..,..,81191,81582,81582,81306,80844,80386,79944,79345,78586,77830,78036,78673,80177,82918,86531,90617,94539,97659,100101,101823,102689,102966,102433,101294,99609,97145,94793,93469,91775,89127,85029,79689,73920,68291,63468,60043,57891,56358,53888,51454,48912,45539,42014,38515,35818,33935,32055,30517,29147,28168,27194,26503,26075,..
Malaysia,MYS,"Death rate, crude (per 1,000 people)",SP.DYN.CDRT.IN,11.344,10.621,9.923,9.329,8.794,8.257,7.97,7.707,7.493,7.281,7.078,6.88,6.684,6.496,6.281,6.105,5.914,5.746,5.603,5.465,5.331,5.154,5.06,4.986,4.895,4.799,4.79,4.756,4.717,4.677,4.656,4.656,4.674,4.607,4.529,4.494,4.563,4.627,4.718,4.722,4.584,4.435,4.43,4.43,4.488,4.516,4.603,4.705,4.817,4.96,5.009,4.928,4.909,4.945,4.981,5.096,5.109,5.132,5.175,5.253,5.311,6.034,5.443,..
Malaysia,MYS,Number of deaths ages 10-14 years,SH.DTH.1014,..,..,..,..,..,..,..,..,..,..,..,..,..,..,..,..,..,..,..,..,..,..,..,..,..,..,..,..,..,..,972,950,931,918,909,903,899,891,878,860,844,851,860,869,876,878,872,859,843,826,813,805,802,802,800,793,778,748,701,639,569,505,451,..
Malaysia,MYS,Number of deaths ages 15-19 years,SH.DTH.1519,..,..,..,..,..,..,..,..,..,..,..,..,..,..,..,..,..,..,..,..,..,..,..,..,..,..,..,..,..,..,1584,1555,1562,1629,1735,1834,1886,1884,1840,1786,1764,1817,1879,1901,1881,1845,1816,1817,1864,1938,1994,1993,1972,1952,1938,1928,1905,1824,1651,1443,1279,1179,1114,..
Malaysia,MYS,Number of deaths ages 20-24 years,SH.DTH.2024,..,..,..,..,..,..,..,..,..,..,..,..,..,..,..,..,..,..,..,..,..,..,..,..,..,..,..,..,..,..,2229,2086,2003,2012,2079,2149,2178,2167,2123,2072,2058,2099,2161,2197,2202,2194,2184,2191,2226,2271,2291,2246,2192,2154,2141,2145,2147,2117,2022,1913,1864,1904,1973,..
Malaysia,MYS,Number of deaths ages 5-9 years,SH.DTH.0509,..,..,..,..,..,..,..,..,..,..,..,..,..,..,..,..,..,..,..,..,..,..,..,..,..,..,..,..,..,..,1025,995,964,934,906,882,864,849,835,822,812,807,797,783,765,744,723,704,686,670,656,643,633,627,619,608,591,568,536,498,457,414,372,..
Malaysia,MYS,Number of under-five deaths,SH.DTH.MORT,30788,29211,27667,26209,24791,23441,22202,21092,20205,19534,18939,18302,17600,17002,16337,15536,14753,14024,13347,12716,12147,11634,11160,10702,10262,9817,9384,8966,8587,8221,7938,7771,7617,7457,7301,7148,6979,6759,6410,5938,5410,4883,4436,4142,3947,3803,3737,3735,3809,3900,3928,3977,4055,4121,4213,4288,4297,4267,4217,4144,4083,4045,4001,..
Maldives,MDV,"Death rate, crude (per 1,000 people)",SP.DYN.CDRT.IN,26.776,26.525,26.166,25.605,24.954,24.259,23.435,22.222,21.213,20.693,20.064,19.206,18.39,17.548,16.642,15.841,15.224,14.598,15.432,13.268,12.628,12.1,11.566,11.078,10.553,10.151,9.771,9.309,8.807,8.338,7.916,7.493,7.064,6.656,6.27,5.854,5.319,5.042,4.878,4.692,4.458,4.087,3.82,3.688,3.984,3.724,3.74,3.622,3.387,3.258,3.112,3.004,2.873,2.793,2.718,2.718,2.738,2.784,2.828,2.858,3.001,3.02,2.777,..
Maldives,MDV,Number of deaths ages 10-14 years,SH.DTH.1014,..,..,..,..,..,..,..,..,..,..,..,..,..,..,..,..,..,..,..,..,..,..,..,..,..,..,..,..,..,..,19,19,20,20,20,20,20,20,20,19,19,18,18,17,27,16,14,14,13,11,11,10,9,8,8,7,6,6,6,6,6,6,6,..
Maldives,MDV,Number of deaths ages 15-19 years,SH.DTH.1519,..,..,..,..,..,..,..,..,..,..,..,..,..,..,..,..,..,..,..,..,..,..,..,..,..,..,..,..,..,..,25,23,21,20,18,18,18,17,17,17,17,17,17,17,26,17,17,18,18,19,18,18,17,17,16,16,15,15,14,13,13,13,13,..
Maldives,MDV,Number of deaths ages 20-24 years,SH.DTH.2024,..,..,..,..,..,..,..,..,..,..,..,..,..,..,..,..,..,..,..,..,..,..,..,..,..,..,..,..,..,..,28,27,25,23,21,21,20,19,18,18,17,17,17,17,25,19,19,21,22,24,25,25,24,24,21,20,19,18,15,14,13,11,10,..
Maldives,MDV,Number of deaths ages 5-9 years,SH.DTH.0509,..,..,..,..,..,..,..,..,..,..,..,..,..,..,..,..,..,..,..,..,..,..,..,..,..,..,..,..,..,..,40,38,38,36,34,32,30,28,26,24,21,19,18,17,27,13,12,11,10,10,8,8,8,7,7,7,7,7,5,5,5,5,4,..
Maldives,MDV,Number of under-five deaths,SH.DTH.MORT,..,..,..,..,..,..,..,..,..,1475,1453,1424,1388,1354,1318,1277,1237,1204,1171,1136,1102,1072,1047,1027,1005,981,954,922,886,843,796,743,686,628,570,510,450,391,335,285,240,202,174,152,152,123,115,110,109,107,103,97,92,85,79,73,68,62,57,52,48,44,41,..
Mali,MLI,"Death rate, crude (per 1,000 people)",SP.DYN.CDRT.IN,34.973,34.912,34.804,34.566,34.277,34.091,33.869,33.551,33.142,32.713,32.203,31.793,30.844,30.156,29.331,28.595,27.708,26.907,26.076,25.338,24.673,24.258,23.684,23.317,22.761,22.264,21.589,20.96,20.368,19.917,19.272,18.794,18.533,18.282,18.189,18.015,17.913,17.36,16.907,16.482,15.984,15.487,14.888,14.435,14.006,13.669,13.233,12.929,12.609,12.189,11.812,11.498,11.21,10.936,10.548,10.211,9.927,9.637,9.419,9.205,9.529,9.274,8.951,..
Mali,MLI,Number of deaths ages 10-14 years,SH.DTH.1014,..,..,..,..,..,..,..,..,..,..,..,..,..,..,..,..,..,..,..,..,..,..,..,..,..,..,..,..,..,..,2580,2635,2688,2740,2788,2832,2873,2911,2943,2975,2999,3024,3054,3087,3128,3174,3221,3269,3341,3424,3526,3649,3784,3919,4067,4212,4359,4501,4630,4745,4835,4905,4969,..
Mali,MLI,Number of deaths ages 15-19 years,SH.DTH.1519,..,..,..,..,..,..,..,..,..,..,..,..,..,..,..,..,..,..,..,..,..,..,..,..,..,..,..,..,..,..,3452,3500,3547,3591,3631,3671,3701,3721,3736,3750,3755,3746,3724,3697,3662,3625,3592,3569,3552,3550,3561,3583,3621,3667,3763,3882,4011,4161,4288,4408,4507,4607,5059,..
Mali,MLI,Number of deaths ages 20-24 years,SH.DTH.2024,..,..,..,..,..,..,..,..,..,..,..,..,..,..,..,..,..,..,..,..,..,..,..,..,..,..,..,..,..,..,2769,2812,2855,2913,2974,3049,3124,3196,3270,3360,3454,3540,3615,3671,3715,3752,3771,3788,3801,3815,3820,3838,3858,3839,3882,3936,3980,4042,4126,4227,4356,4510,5475,..
Mali,MLI,Number of deaths ages 5-9 years,SH.DTH.0509,..,..,..,..,..,..,..,..,..,..,..,..,..,..,..,..,..,..,..,..,..,..,..,..,..,..,..,..,..,..,7872,7866,7841,7808,7767,7708,7640,7587,7540,7506,7473,7439,7416,7413,7447,7526,7629,7753,7889,8023,8166,8302,8427,8527,8627,8708,8762,8819,8865,8882,8866,8836,8796,..
Mali,MLI,Number of under-five deaths,SH.DTH.MORT,..,..,..,..,..,..,..,..,112580,112514,112273,112011,111678,111235,110656,109989,109202,108350,107465,106700,105972,105032,103907,102520,101122,99758,98483,97200,96012,94935,93855,93352,93244,93045,93112,92976,92721,92621,92629,92793,92955,92934,92914,92902,93046,93200,93125,92804,92524,92240,91977,91693,91374,90675,89902,89207,88487,87836,87183,86337,85621,84874,84162,..
Malta,MLT,"Death rate, crude (per 1,000 people)",SP.DYN.CDRT.IN,8.6,9,8.8,9.2,8.6,9.4,9.1,9.6,9.4,9.9,10.1,10.2,9.6,9.7,9.1,9.5,9.7,9.4,10.5,9.5,10.2,9.6,9.4,9.5,8.8,8.4,8.3,8.4,7.8,7.4,7.8,7.9,7.9,7.3,7.2,7.2,7.3,7.5,7.8,7.9,7.5,7.4,7.6,7.9,7.5,7.8,7.9,7.6,7.9,7.8,7.3,7.8,8.1,7.6,7.5,7.7,7.3,7.6,7.6,7.3,7.9,8,8,..
Malta,MLT,Number of deaths ages 10-14 years,SH.DTH.1014,..,..,..,..,..,..,..,..,..,..,..,..,..,..,..,..,..,..,..,..,..,..,..,..,..,..,..,..,..,..,5,5,4,4,4,4,4,4,4,4,4,4,4,4,4,3,3,3,3,3,3,3,3,2,2,2,2,2,2,2,2,2,2,..
Malta,MLT,Number of deaths ages 15-19 years,SH.DTH.1519,..,..,..,..,..,..,..,..,..,..,..,..,..,..,..,..,..,..,..,..,..,..,..,..,..,..,..,..,..,..,11,11,12,12,12,12,12,12,12,12,11,11,11,11,9,9,9,8,8,7,7,7,7,6,6,6,5,4,4,4,4,4,4,..
Malta,MLT,Number of deaths ages 20-24 years,SH.DTH.2024,..,..,..,..,..,..,..,..,..,..,..,..,..,..,..,..,..,..,..,..,..,..,..,..,..,..,..,..,..,..,12,12,13,13,13,14,15,15,15,15,14,14,13,13,13,13,12,12,12,11,11,11,11,11,11,10,10,10,10,9,9,9,9,..
Malta,MLT,Number of deaths ages 5-9 years,SH.DTH.0509,..,..,..,..,..,..,..,..,..,..,..,..,..,..,..,..,..,..,..,..,..,..,..,..,..,..,..,..,..,..,3,3,3,3,3,3,3,3,3,3,3,2,2,2,2,2,2,2,2,2,2,2,2,2,2,2,2,2,2,2,2,2,2,..
Malta,MLT,Number of under-five deaths,SH.DTH.MORT,377,345,311,280,250,221,194,179,166,155,148,146,139,133,129,126,122,115,109,103,98,90,89,88,82,77,72,69,68,66,63,59,56,53,48,44,44,43,40,37,35,32,29,29,28,27,27,27,27,28,27,28,28,28,28,29,29,29,28,27,26,26,27,..
Marshall Islands,MHL,"Death rate, crude (per 1,000 people)",SP.DYN.CDRT.IN,16.121,15.623,15.089,14.635,14.291,14.013,13.801,13.645,12.995,12.042,11.141,10.599,10.533,10.516,10.566,10.301,10.037,9.797,9.57,9.334,9.085,8.864,8.637,8.389,8.151,7.947,7.789,7.659,7.502,7.351,7.248,7.111,6.99,6.89,6.806,6.678,6.544,6.44,6.356,6.276,6.388,6.28,6.3,6.348,6.433,6.544,6.643,6.744,6.831,6.86,6.876,6.848,6.859,6.906,6.94,6.975,7.021,7.097,7.187,7.29,7.425,7.556,7.919,..
Marshall Islands,MHL,Number of deaths ages 10-14 years,SH.DTH.1014,..,..,..,..,..,..,..,..,..,..,..,..,..,..,..,..,..,..,..,..,..,..,..,..,..,..,..,..,..,..,5,5,5,5,5,5,5,5,5,5,5,5,5,5,5,5,5,5,5,5,5,5,4,3,3,3,3,3,3,3,3,3,3,..
Marshall Islands,MHL,Number of deaths ages 15-19 years,SH.DTH.1519,..,..,..,..,..,..,..,..,..,..,..,..,..,..,..,..,..,..,..,..,..,..,..,..,..,..,..,..,..,..,6,6,7,7,7,7,7,8,8,9,9,9,9,9,9,9,8,7,7,7,6,6,6,6,6,6,6,6,4,4,4,4,4,..
Marshall Islands,MHL,Number of deaths ages 20-24 years,SH.DTH.2024,..,..,..,..,..,..,..,..,..,..,..,..,..,..,..,..,..,..,..,..,..,..,..,..,..,..,..,..,..,..,6,6,7,7,7,7,7,7,7,7,8,8,8,8,8,8,8,8,8,8,8,8,7,7,6,6,5,5,5,4,4,4,4,..
Marshall Islands,MHL,Number of deaths ages 5-9 years,SH.DTH.0509,..,..,..,..,..,..,..,..,..,..,..,..,..,..,..,..,..,..,..,..,..,..,..,..,..,..,..,..,..,..,9,9,8,7,7,7,7,7,7,8,7,7,7,7,7,7,7,7,7,7,7,7,5,5,5,5,5,5,5,4,4,3,3,..
Marshall Islands,MHL,Number of under-five deaths,SH.DTH.MORT,..,..,..,..,79,79,79,79,79,80,82,83,84,85,87,89,92,94,96,98,100,101,102,102,103,103,102,101,99,96,93,89,86,83,81,80,79,79,80,80,81,81,80,80,79,78,77,75,72,70,66,62,58,54,49,45,41,38,35,32,29,26,23,..
Mauritania,MRT,"Death rate, crude (per 1,000 people)",SP.DYN.CDRT.IN,19.014,18.62,18.257,17.87,17.407,17.035,16.622,16.214,15.775,15.384,15.11,14.89,14.721,14.574,14.4,14.122,13.932,13.642,13.322,12.921,12.56,12.211,11.843,11.56,11.237,10.937,10.644,10.286,9.963,9.844,9.614,9.52,9.375,9.36,9.373,9.39,9.426,9.203,9.087,8.973,8.856,8.766,8.704,8.645,8.534,8.512,8.418,8.275,8.204,8.241,8.327,8.454,8.581,8.652,8.301,7.979,7.707,7.446,7.248,7.003,7.466,7.44,7.203,..
Mauritania,MRT,Number of deaths ages 10-14 years,SH.DTH.1014,..,..,..,..,..,..,..,..,..,..,..,..,..,..,..,..,..,..,..,..,..,..,..,..,..,..,..,..,..,..,335,334,333,334,334,333,331,329,328,327,326,326,326,329,331,333,333,332,327,320,313,310,308,310,314,318,321,324,327,329,331,332,333,..
Mauritania,MRT,Number of deaths ages 15-19 years,SH.DTH.1519,..,..,..,..,..,..,..,..,..,..,..,..,..,..,..,..,..,..,..,..,..,..,..,..,..,..,..,..,..,..,406,397,388,387,382,377,370,363,360,362,363,363,362,362,367,372,379,391,408,421,433,444,457,472,497,524,555,586,617,645,670,689,701,..
Mauritania,MRT,Number of deaths ages 20-24 years,SH.DTH.2024,..,..,..,..,..,..,..,..,..,..,..,..,..,..,..,..,..,..,..,..,..,..,..,..,..,..,..,..,..,..,415,408,401,408,404,403,392,382,379,379,380,383,383,383,387,393,400,408,420,432,445,458,471,484,506,529,555,581,606,627,646,666,684,..
Mauritania,MRT,Number of deaths ages 5-9 years,SH.DTH.0509,..,..,..,..,..,..,..,..,..,..,..,..,..,..,..,..,..,..,..,..,..,..,..,..,..,..,..,..,..,..,831,828,825,824,822,821,821,822,828,837,842,845,841,832,817,802,786,772,756,742,732,728,728,731,724,716,707,699,685,663,643,623,602,..
Mauritania,MRT,Number of under-five deaths,SH.DTH.MORT,9217,9265,9308,9345,9370,9374,9369,9331,9288,9295,9377,9534,9770,10053,10307,10494,10594,10616,10576,10491,10426,10385,10317,10189,10002,9748,9470,9233,9080,9044,9093,9209,9387,9722,10041,10261,10354,10289,10163,9987,9727,9407,9005,8551,8142,7779,7479,7236,7069,6947,6864,6835,6819,6775,6714,6643,6560,6465,6367,6269,6161,6068,5981,..
Mauritius,MUS,"Death rate, crude (per 1,000 people)",SP.DYN.CDRT.IN,12.31,9.8,9.3,9.7,8.7,8.8,9,8.6,9.2,8.3,7.9,7.7,7.9,7.8,7.3,8.1,7.7,7.8,7.1,7.2,7.2,6.8,6.6,6.5,6.6,6.8,6.6,6.5,6.6,6.8,6.6,6.6,6.5,6.8,6.7,6.7,6.8,7,6.8,6.8,6.7,6.7,6.9,7,6.9,7,7.4,6.9,7.2,7.4,7.3,7.3,7.4,7.5,7.7,7.7,8.1,8,8.5,8.8,8.7,10.5,10.2,..
Mauritius,MUS,Number of deaths ages 10-14 years,SH.DTH.1014,..,..,..,..,..,..,..,..,..,..,..,..,..,..,..,..,..,..,..,..,..,..,..,..,..,..,..,..,..,..,43,43,42,40,39,36,34,32,32,31,31,31,31,31,30,29,29,27,26,24,24,24,23,22,22,21,21,19,19,17,16,16,14,..
Mauritius,MUS,Number of deaths ages 15-19 years,SH.DTH.1519,..,..,..,..,..,..,..,..,..,..,..,..,..,..,..,..,..,..,..,..,..,..,..,..,..,..,..,..,..,..,73,73,75,77,77,77,75,73,70,66,62,59,56,55,53,54,55,57,58,59,58,58,58,56,56,56,56,56,56,57,57,55,54,..
Mauritius,MUS,Number of deaths ages 20-24 years,SH.DTH.2024,..,..,..,..,..,..,..,..,..,..,..,..,..,..,..,..,..,..,..,..,..,..,..,..,..,..,..,..,..,..,106,102,100,98,96,96,95,95,96,97,96,96,95,92,89,86,84,81,81,81,83,85,88,91,94,95,94,94,92,91,91,91,91,..
Mauritius,MUS,Number of deaths ages 5-9 years,SH.DTH.0509,..,..,..,..,..,..,..,..,..,..,..,..,..,..,..,..,..,..,..,..,..,..,..,..,..,..,..,..,..,..,34,33,31,30,29,29,29,29,29,29,28,27,26,24,24,22,22,21,21,20,19,19,17,17,16,14,14,13,12,12,11,10,10,..
Mauritius,MUS,Number of under-five deaths,SH.DTH.MORT,..,2633,2520,2374,2270,2287,2426,2503,2334,2045,1852,1816,1819,1745,1597,1426,1283,1175,1090,1020,950,872,789,708,639,590,564,559,551,528,505,486,482,487,489,488,486,476,440,413,389,355,335,322,312,304,289,273,258,241,230,228,227,218,207,200,198,204,209,210,211,208,199,..
Mexico,MEX,"Death rate, crude (per 1,000 people)",SP.DYN.CDRT.IN,13.435,12.844,12.323,11.856,11.447,11.084,10.759,10.454,10.172,9.895,9.605,9.305,9.075,8.841,8.625,8.432,8.274,8.125,7.975,7.786,7.573,7.32,7.04,6.772,6.534,6.341,6.186,6.051,5.938,5.855,5.777,5.68,5.584,5.489,5.403,5.316,5.235,5.152,5.086,5.036,4.997,4.962,4.946,4.96,5.001,5.078,5.177,5.302,5.426,5.533,5.594,5.597,5.642,5.696,5.805,6.007,6.305,6.615,6.856,6.931,9.33,9.406,6.705,..
Mexico,MEX,Number of deaths ages 10-14 years,SH.DTH.1014,..,..,..,..,..,..,..,..,..,..,..,..,..,..,..,..,..,..,..,..,..,..,..,..,..,..,..,..,..,..,5229,4841,4508,4254,4080,3973,3905,3856,3817,3780,3745,3704,3674,3658,3650,3649,3640,3626,3604,3572,3533,3499,3453,3391,3327,3260,3199,3161,3133,3118,3127,3150,3177,..
Mexico,MEX,Number of deaths ages 15-19 years,SH.DTH.1519,..,..,..,..,..,..,..,..,..,..,..,..,..,..,..,..,..,..,..,..,..,..,..,..,..,..,..,..,..,..,8862,8836,8708,8559,8439,8354,8255,8144,7996,7797,7612,7448,7381,7363,7351,7410,7610,8014,8571,9184,9642,9704,9243,8640,8237,8105,8224,8554,8919,9167,9279,9208,8969,..
Mexico,MEX,Number of deaths ages 20-24 years,SH.DTH.2024,..,..,..,..,..,..,..,..,..,..,..,..,..,..,..,..,..,..,..,..,..,..,..,..,..,..,..,..,..,..,11080,11226,11324,11386,11416,11427,11353,11176,10907,10567,10230,9952,9816,9747,9674,9715,9952,10464,11207,12090,12880,13271,13003,12527,12264,12314,12658,13303,13998,14524,14827,14841,14559,..
Mexico,MEX,Number of deaths ages 5-9 years,SH.DTH.0509,..,..,..,..,..,..,..,..,..,..,..,..,..,..,..,..,..,..,..,..,..,..,..,..,..,..,..,..,..,..,5615,5142,4749,4445,4224,4068,3951,3850,3755,3654,3543,3427,3318,3226,3155,3108,3081,3064,3042,3000,2936,2853,2760,2662,2576,2502,2443,2398,2360,2326,2301,2279,2256,..
Mexico,MEX,Number of under-five deaths,SH.DTH.MORT,252400,248514,245806,243797,242132,240460,238586,236382,233968,231333,227843,223824,219878,215696,210846,204956,198716,192468,186233,179155,171047,163592,156403,149230,142819,137208,131737,125463,118828,113109,107953,103217,99004,94885,90599,86195,81802,77422,73280,69800,66629,63481,60538,57766,55210,52808,50563,48532,46711,45031,43426,41991,40662,39291,37651,35666,33746,32076,30475,28661,27154,25676,24213,..
"Micronesia, Fed. Sts.",FSM,"Death rate, crude (per 1,000 people)",SP.DYN.CDRT.IN,12.386,11.938,11.505,11.235,10.961,10.583,10.376,10.044,9.82,9.536,9.304,9.025,8.833,8.598,8.368,8.168,7.962,7.775,7.567,7.501,7.294,7.159,6.998,6.798,6.594,6.473,6.354,6.281,6.035,5.925,5.794,5.715,5.638,5.686,5.812,5.75,5.626,5.41,5.252,5.073,4.953,4.707,5.128,4.667,4.678,4.694,4.648,4.676,4.657,4.66,4.587,4.612,4.676,4.743,4.844,5.008,5.073,5.265,5.472,5.728,6.065,6.211,6.275,..
"Micronesia, Fed. Sts.",FSM,Number of deaths ages 10-14 years,SH.DTH.1014,..,..,..,..,..,..,..,..,..,..,..,..,..,..,..,..,..,..,..,..,..,..,..,..,..,..,..,..,..,..,10,10,10,11,11,11,11,10,10,10,10,10,14,8,8,8,8,8,8,8,8,8,8,7,7,7,7,7,6,6,6,6,5,..
"Micronesia, Fed. Sts.",FSM,Number of deaths ages 15-19 years,SH.DTH.1519,..,..,..,..,..,..,..,..,..,..,..,..,..,..,..,..,..,..,..,..,..,..,..,..,..,..,..,..,..,..,16,16,16,16,17,18,18,18,18,18,18,17,16,16,16,15,15,15,15,15,15,15,14,14,14,13,13,13,13,12,12,12,12,..
"Micronesia, Fed. Sts.",FSM,Number of deaths ages 20-24 years,SH.DTH.2024,..,..,..,..,..,..,..,..,..,..,..,..,..,..,..,..,..,..,..,..,..,..,..,..,..,..,..,..,..,..,17,17,17,17,16,16,17,17,17,16,16,16,17,17,17,17,16,16,15,15,15,15,15,15,15,15,15,15,15,15,15,15,14,..
"Micronesia, Fed. Sts.",FSM,Number of deaths ages 5-9 years,SH.DTH.0509,..,..,..,..,..,..,..,..,..,..,..,..,..,..,..,..,..,..,..,..,..,..,..,..,..,..,..,..,..,..,16,16,16,16,16,15,15,14,14,14,12,12,22,12,12,12,12,11,10,10,10,9,9,9,9,8,8,8,7,7,7,7,6,..
"Micronesia, Fed. Sts.",FSM,Number of under-five deaths,SH.DTH.MORT,..,..,..,219,216,213,210,207,204,202,200,199,196,192,189,185,183,182,181,182,182,183,184,185,185,183,181,178,174,170,166,163,160,159,158,157,155,152,148,144,139,133,143,121,116,113,109,105,101,97,92,88,84,81,77,74,71,68,65,63,61,59,57,..
Moldova,MDA,"Death rate, crude (per 1,000 people)",SP.DYN.CDRT.IN,11.003,10.731,10.393,10.123,9.867,9.763,9.755,9.791,9.88,9.996,10.197,10.462,10.585,10.672,10.858,10.947,11.032,11.206,11.369,11.308,11.189,11.019,10.783,11.387,11.6,11.754,10.321,10.159,10.258,9.989,10.588,11.619,11.454,12.043,13.533,13.439,14.484,13.511,13.399,13.577,12.993,12.897,13.042,12.803,12.529,12.501,12.417,12.21,12.033,12.093,12.582,13.074,13.443,13.8,14.166,14.133,13.54,13.088,13.339,13.089,14.445,16.36,16.609,..
Moldova,MDA,Number of deaths ages 10-14 years,SH.DTH.1014,..,..,..,..,..,..,..,..,..,..,..,..,..,..,..,..,..,..,..,..,..,..,..,..,..,..,..,..,..,..,177,180,183,188,192,193,192,190,183,171,158,146,134,125,116,107,97,88,79,71,66,61,58,55,53,52,50,50,49,49,49,49,49,..
Moldova,MDA,Number of deaths ages 15-19 years,SH.DTH.1519,..,..,..,..,..,..,..,..,..,..,..,..,..,..,..,..,..,..,..,..,..,..,..,..,..,..,..,..,..,..,319,326,369,330,328,321,314,307,301,295,288,277,267,257,247,235,222,206,192,178,165,152,140,130,121,113,107,103,101,101,102,103,106,..
Moldova,MDA,Number of deaths ages 20-24 years,SH.DTH.2024,..,..,..,..,..,..,..,..,..,..,..,..,..,..,..,..,..,..,..,..,..,..,..,..,..,..,..,..,..,..,459,450,545,451,453,453,446,434,419,402,385,368,353,343,336,334,334,332,325,312,293,271,250,233,220,207,195,182,168,155,145,138,134,..
Moldova,MDA,Number of deaths ages 5-9 years,SH.DTH.0509,..,..,..,..,..,..,..,..,..,..,..,..,..,..,..,..,..,..,..,..,..,..,..,..,..,..,..,..,..,..,258,261,261,255,242,225,206,185,166,150,135,123,113,102,90,82,74,68,64,61,59,57,55,52,50,49,48,47,46,45,44,44,43,..
Moldova,MDA,Number of under-five deaths,SH.DTH.MORT,..,..,..,..,..,..,..,..,..,..,..,..,..,..,..,..,4458,4379,4295,4229,4177,4117,4071,4049,4012,3867,3693,3544,3291,2974,2753,2640,2597,2581,2544,2456,2317,2221,2077,1842,1617,1422,1252,1133,1069,1012,961,933,922,923,908,867,823,785,774,773,746,701,655,619,582,558,536,..
Monaco,MCO,"Death rate, crude (per 1,000 people)",SP.DYN.CDRT.IN,..,..,..,..,..,..,..,..,..,..,..,..,..,..,..,..,..,..,..,..,..,..,..,..,..,..,..,..,..,..,..,..,..,..,..,..,..,..,..,..,..,..,..,..,15.9,..,..,..,..,..,..,..,..,..,..,7.6,7.9,..,6.6,..,..,..,..,..
Monaco,MCO,Number of deaths ages 10-14 years,SH.DTH.1014,..,..,..,..,..,..,..,..,..,..,..,..,..,..,..,..,..,..,..,..,..,..,..,..,..,..,..,..,..,..,0,0,0,0,0,0,0,0,0,0,0,0,0,0,0,0,0,0,0,0,0,0,0,0,0,0,0,0,0,0,0,0,0,..
Monaco,MCO,Number of deaths ages 15-19 years,SH.DTH.1519,..,..,..,..,..,..,..,..,..,..,..,..,..,..,..,..,..,..,..,..,..,..,..,..,..,..,..,..,..,..,1,1,0,0,0,0,0,0,0,0,0,0,0,0,0,0,0,0,0,0,0,0,0,0,0,0,0,0,0,0,0,0,0,..
Monaco,MCO,Number of deaths ages 20-24 years,SH.DTH.2024,..,..,..,..,..,..,..,..,..,..,..,..,..,..,..,..,..,..,..,..,..,..,..,..,..,..,..,..,..,..,1,1,1,1,1,1,1,1,1,1,1,1,1,1,1,1,0,0,0,0,0,0,0,0,0,0,0,0,0,0,0,0,0,..
Monaco,MCO,Number of deaths ages 5-9 years,SH.DTH.0509,..,..,..,..,..,..,..,..,..,..,..,..,..,..,..,..,..,..,..,..,..,..,..,..,..,..,..,..,..,..,0,0,0,0,0,0,0,0,0,0,0,0,0,0,0,0,0,0,0,0,0,0,0,0,0,0,0,0,0,0,0,0,0,..
Monaco,MCO,Number of under-five deaths,SH.DTH.MORT,..,..,..,..,..,..,..,..,..,..,..,..,..,..,..,..,..,..,..,..,..,..,..,..,..,..,..,..,..,..,3,3,2,2,2,2,2,2,2,2,2,2,2,2,2,2,1,1,1,1,1,1,1,1,1,1,1,1,1,1,1,1,1,..
Mongolia,MNG,"Death rate, crude (per 1,000 people)",SP.DYN.CDRT.IN,24.033,23.502,22.927,22.421,21.553,20.745,20.038,19.195,18.469,17.774,17.012,16.297,15.631,15.049,14.525,14.107,14.111,13.909,13.709,13.512,13.37,13.265,13.153,12.808,12.472,12.31,12.169,11.778,11.348,10.89,10.48,10.016,9.574,9.162,8.832,8.636,8.719,8.395,7.874,7.502,7.359,7.238,7.229,7.005,6.869,6.992,6.875,6.843,6.817,6.808,6.729,6.741,6.514,6.393,6.276,6.158,6.075,5.994,5.663,5.499,5.475,6.131,5.479,..
Mongolia,MNG,Number of deaths ages 10-14 years,SH.DTH.1014,..,..,..,..,..,..,..,..,..,..,..,..,..,..,..,..,..,..,..,..,..,..,..,..,..,..,..,..,..,..,242,246,249,249,249,246,241,234,224,212,199,184,167,151,138,126,117,112,110,108,107,105,104,102,99,97,95,95,98,103,107,111,114,..
Mongolia,MNG,Number of deaths ages 15-19 years,SH.DTH.1519,..,..,..,..,..,..,..,..,..,..,..,..,..,..,..,..,..,..,..,..,..,..,..,..,..,..,..,..,..,..,277,303,326,344,352,350,340,325,305,283,266,258,258,262,268,271,266,254,238,222,209,197,190,184,181,176,172,167,162,158,156,158,164,..
Mongolia,MNG,Number of deaths ages 20-24 years,SH.DTH.2024,..,..,..,..,..,..,..,..,..,..,..,..,..,..,..,..,..,..,..,..,..,..,..,..,..,..,..,..,..,..,433,465,496,523,541,545,536,513,480,441,406,382,371,372,380,392,403,408,408,402,391,374,355,330,302,277,253,233,221,214,209,207,206,..
Mongolia,MNG,Number of deaths ages 5-9 years,SH.DTH.0509,..,..,..,..,..,..,..,..,..,..,..,..,..,..,..,..,..,..,..,..,..,..,..,..,..,..,..,..,..,..,381,385,388,386,377,361,338,308,275,239,206,177,156,139,127,118,112,106,103,99,97,95,96,99,104,109,111,113,113,113,112,109,105,..
Mongolia,MNG,Number of under-five deaths,SH.DTH.MORT,..,..,..,..,..,..,..,..,..,..,..,..,..,..,..,..,..,..,..,..,..,..,..,9754,9626,9475,9221,8936,8627,8242,7820,7340,6755,6119,5559,5095,4644,4200,3805,3475,3180,2891,2608,2335,2101,1927,1822,1778,1750,1705,1620,1550,1534,1537,1527,1489,1417,1322,1239,1171,1098,1022,951,..
Montenegro,MNE,"Death rate, crude (per 1,000 people)",SP.DYN.CDRT.IN,9.677,9.397,9.11,8.61,8.42,8.024,7.626,7.655,7.539,7.74,7.787,7.637,7.323,7.313,7.096,7.24,7.162,7.382,7.617,8.008,7.568,7.865,8.024,8.143,7.264,6.867,6.727,6.491,6.094,6.617,6.772,6.948,7.728,7.702,8.723,8,8.2,8.5,8.7,8.9,9,8.9,9,9.3,9.3,9.5,9.7,9.7,9.3,9.5,9.1,9.4,9.5,9.5,9.7,10.2,10.4,10.5,10.5,10.6,11.7,14.8,11.5,..
Montenegro,MNE,Number of deaths ages 10-14 years,SH.DTH.1014,..,..,..,..,..,..,..,..,..,..,..,..,..,..,..,..,..,..,..,..,..,..,..,..,..,..,..,..,..,..,13,13,13,12,12,12,11,11,11,10,10,10,8,8,8,8,8,7,7,7,6,6,5,5,5,5,5,5,5,5,5,5,5,..
Montenegro,MNE,Number of deaths ages 15-19 years,SH.DTH.1519,..,..,..,..,..,..,..,..,..,..,..,..,..,..,..,..,..,..,..,..,..,..,..,..,..,..,..,..,..,..,25,24,24,23,22,22,22,22,23,24,24,24,24,23,22,21,20,18,17,15,15,14,13,12,12,12,12,12,12,13,13,14,15,..
Montenegro,MNE,Number of deaths ages 20-24 years,SH.DTH.2024,..,..,..,..,..,..,..,..,..,..,..,..,..,..,..,..,..,..,..,..,..,..,..,..,..,..,..,..,..,..,41,41,40,38,37,36,35,35,35,35,35,34,34,34,34,32,31,29,27,25,22,20,20,19,19,19,19,19,19,19,19,19,19,..
Montenegro,MNE,Number of deaths ages 5-9 years,SH.DTH.0509,..,..,..,..,..,..,..,..,..,..,..,..,..,..,..,..,..,..,..,..,..,..,..,..,..,..,..,..,..,..,14,13,13,12,12,12,12,10,10,10,9,9,8,8,7,7,7,7,7,5,5,5,5,5,5,5,5,5,4,4,4,4,4,..
Montenegro,MNE,Number of under-five deaths,SH.DTH.MORT,..,..,..,..,..,..,..,..,..,..,..,..,..,..,..,..,..,..,..,..,..,..,..,..,..,..,..,..,..,172,159,153,150,146,144,143,142,140,138,137,136,127,114,107,98,87,79,74,69,65,56,47,42,39,35,32,30,28,26,24,22,20,19,..
Morocco,MAR,"Death rate, crude (per 1,000 people)",SP.DYN.CDRT.IN,22.745,21.213,20.732,20.153,19.57,19.004,18.441,17.861,17.308,16.808,16.387,16.024,15.661,15.304,14.906,14.488,13.99,13.45,12.898,12.341,11.814,11.334,10.833,10.326,9.846,9.373,8.944,8.573,8.241,7.944,7.706,7.53,7.37,7.189,7.027,6.915,6.769,6.678,6.59,6.5,6.432,6.365,6.318,6.276,6.259,6.177,6.13,6.068,6.018,5.987,5.966,5.91,5.86,5.796,5.741,5.705,5.674,5.642,5.637,5.658,6.073,6.17,5.766,..
Morocco,MAR,Number of deaths ages 10-14 years,SH.DTH.1014,..,..,..,..,..,..,..,..,..,..,..,..,..,..,..,..,..,..,..,..,..,..,..,..,..,..,..,..,..,..,2200,2139,2080,2018,1955,1881,1794,1700,1610,1523,1443,1370,1302,1237,1174,1106,1040,977,919,868,823,785,752,722,699,682,664,651,640,634,625,619,616,..
Morocco,MAR,Number of deaths ages 15-19 years,SH.DTH.1519,..,..,..,..,..,..,..,..,..,..,..,..,..,..,..,..,..,..,..,..,..,..,..,..,..,..,..,..,..,..,2925,2880,2825,2782,2738,2693,2644,2594,2534,2470,2395,2324,2255,2186,2125,2077,2023,1975,1924,1878,1822,1751,1680,1618,1565,1515,1468,1420,1372,1331,1302,1273,1249,..
Morocco,MAR,Number of deaths ages 20-24 years,SH.DTH.2024,..,..,..,..,..,..,..,..,..,..,..,..,..,..,..,..,..,..,..,..,..,..,..,..,..,..,..,..,..,..,3202,3161,3122,3085,3051,3017,2972,2915,2853,2789,2724,2662,2609,2559,2503,2471,2422,2375,2315,2253,2192,2135,2099,2061,2035,1996,1942,1900,1864,1826,1796,1772,1754,..
Morocco,MAR,Number of deaths ages 5-9 years,SH.DTH.0509,..,..,..,..,..,..,..,..,..,..,..,..,..,..,..,..,..,..,..,..,..,..,..,..,..,..,..,..,..,..,4086,3909,3716,3515,3305,3105,2929,2776,2630,2491,2350,2210,2078,1959,1846,1746,1656,1572,1489,1420,1357,1301,1260,1224,1194,1168,1144,1121,1103,1080,1050,1017,978,..
Morocco,MAR,Number of under-five deaths,SH.DTH.MORT,..,138917,138618,137527,135680,133917,132027,130104,128036,126077,124943,124270,123743,122909,121339,119297,116553,112875,108745,104661,101020,97604,94087,89845,85012,80155,75520,70841,66115,61741,58206,55701,53249,50218,47238,44611,42241,40154,38156,36019,34069,32419,30849,29477,28107,26790,25572,24389,23246,22284,21359,20475,19564,18584,17546,16517,15464,14562,13823,13063,12348,11756,11189,..
Mozambique,MOZ,"Death rate, crude (per 1,000 people)",SP.DYN.CDRT.IN,23.183,22.928,22.778,22.701,22.871,22.801,22.79,22.73,22.682,22.618,22.533,22.478,22.501,22.392,22.149,21.796,21.791,21.794,21.787,21.897,21.891,23.761,23.482,23.276,24.964,24.664,22.76,22.614,20.57,20.313,20.036,19.812,19.515,19.144,18.853,18.429,17.91,17.321,16.829,16.217,15.677,15.181,14.731,14.434,14.073,13.753,13.399,12.93,12.536,12.149,11.902,11.473,10.995,10.492,10.005,9.506,9.049,8.69,8.337,8.04,8.004,8.793,8.611,..
Mozambique,MOZ,Number of deaths ages 10-14 years,SH.DTH.1014,..,..,..,..,..,..,..,..,..,..,..,..,..,..,..,..,..,..,..,..,..,..,..,..,..,..,..,..,..,..,6187,5968,5771,5610,5577,5675,5605,5560,5489,5406,5314,5231,5150,5068,5005,4950,4905,4887,4880,4872,4860,4853,4838,4822,4822,4802,4791,4789,4797,4823,4873,4914,4956,..
Mozambique,MOZ,Number of deaths ages 15-19 years,SH.DTH.1519,..,..,..,..,..,..,..,..,..,..,..,..,..,..,..,..,..,..,..,..,..,..,..,..,..,..,..,..,..,..,5585,5731,5857,5955,6133,6464,6587,6699,6727,6762,6758,6736,6691,6640,6581,6520,6445,6367,6310,6254,6203,6178,6179,6207,6254,6288,6285,6337,6361,6357,6346,6317,6283,..
Mozambique,MOZ,Number of deaths ages 20-24 years,SH.DTH.2024,..,..,..,..,..,..,..,..,..,..,..,..,..,..,..,..,..,..,..,..,..,..,..,..,..,..,..,..,..,..,4583,4748,4925,5110,5395,5830,6105,6383,6565,6721,6863,7024,7174,7375,7608,7892,8207,8551,8937,9334,9712,10070,10386,10674,10958,11270,11489,11808,12097,12370,12656,12880,13144,..
Mozambique,MOZ,Number of deaths ages 5-9 years,SH.DTH.0509,..,..,..,..,..,..,..,..,..,..,..,..,..,..,..,..,..,..,..,..,..,..,..,..,..,..,..,..,..,..,16555,15862,15265,14679,14370,14342,13869,13400,12849,12323,11813,11366,10969,10606,10279,9950,9618,9261,8867,8493,8144,7832,7605,7446,7313,7259,7236,7191,7160,7087,6967,6867,6759,..
Mozambique,MOZ,Number of under-five deaths,SH.DTH.MORT,..,..,..,..,..,..,..,..,..,..,..,..,106353,108717,111551,114728,118453,122619,127332,132820,138376,142271,144576,146637,148470,149399,149955,150339,149565,148068,147213,146235,145163,143794,142786,142683,141852,139525,136263,132119,127760,123407,119318,115781,112407,108954,105752,101195,98397,96158,96545,94847,92772,90267,87505,83949,82035,81174,80481,79055,78459,77685,76879,..
Myanmar,MMR,"Death rate, crude (per 1,000 people)",SP.DYN.CDRT.IN,20.696,20.241,19.695,19.172,18.487,17.762,17.085,16.42,15.857,15.664,15.398,15.063,14.855,14.591,14.322,14.127,13.832,13.626,13.507,13.227,12.973,12.796,12.627,12.505,12.35,12.211,12.017,11.849,11.795,11.528,11.489,11.31,11.203,11.023,10.872,10.737,10.411,10.296,10.06,10.07,9.995,9.943,9.876,9.812,9.736,9.628,9.562,9.409,12.149,9.193,9.214,9.026,9.023,8.799,8.804,8.673,8.753,8.808,8.622,8.692,8.819,9.769,8.749,..
Myanmar,MMR,Number of deaths ages 10-14 years,SH.DTH.1014,..,..,..,..,..,..,..,..,..,..,..,..,..,..,..,..,..,..,..,..,..,..,..,..,..,..,..,..,..,..,5499,5605,5665,5709,5726,5744,5688,5595,5480,5337,5185,5047,4927,4803,4638,4473,4269,4057,14693,3567,3321,3096,2874,2658,2461,2299,2167,2051,1944,1862,1791,1718,1656,..
Myanmar,MMR,Number of deaths ages 15-19 years,SH.DTH.1519,..,..,..,..,..,..,..,..,..,..,..,..,..,..,..,..,..,..,..,..,..,..,..,..,..,..,..,..,..,..,12071,12187,12176,12115,12062,11978,11892,11688,11498,11288,11033,10668,10191,9658,9031,8422,7798,7207,13313,6128,5608,5128,4673,4242,3880,3589,3390,3267,3161,3059,2974,2876,2777,..
Myanmar,MMR,Number of deaths ages 20-24 years,SH.DTH.2024,..,..,..,..,..,..,..,..,..,..,..,..,..,..,..,..,..,..,..,..,..,..,..,..,..,..,..,..,..,..,9613,9863,10078,10238,10388,10498,10583,10674,10715,10749,10736,10691,10580,10449,10254,10003,9643,9169,13918,8078,7564,7134,6739,6391,6073,5811,5606,5476,5359,5234,5152,5091,5036,..
Myanmar,MMR,Number of deaths ages 5-9 years,SH.DTH.0509,..,..,..,..,..,..,..,..,..,..,..,..,..,..,..,..,..,..,..,..,..,..,..,..,..,..,..,..,..,..,22836,22302,21541,20625,19614,18679,17767,16900,16143,15316,14462,13615,12723,11851,10923,10071,9199,8345,28869,6689,5904,5142,4429,3797,3302,2947,2692,2486,2327,2192,2085,1988,1909,..
Myanmar,MMR,Number of under-five deaths,SH.DTH.MORT,..,..,..,..,..,..,..,..,..,..,..,..,..,169856,167487,164935,162432,160046,157671,155716,153625,151413,149868,148893,147584,144875,140990,136764,132254,128702,125766,122555,119218,115930,112538,108961,105464,102147,98709,95497,92627,90432,88653,86011,82315,78561,74901,71434,100983,64124,60885,57731,54809,52236,50052,48164,46624,45034,43265,41623,39933,38248,36688,..
Namibia,NAM,"Death rate, crude (per 1,000 people)",SP.DYN.CDRT.IN,18.247,17.782,17.321,16.913,16.447,16.047,15.749,15.354,14.975,14.627,14.272,13.875,13.513,13.129,12.786,12.372,12.043,11.689,11.333,11.093,11.63,11.368,11.023,10.76,10.433,10.113,9.815,9.478,9.399,8.387,8.31,8.425,8.568,8.757,9.089,9.524,10.22,10.837,11.569,12.142,12.718,13.129,13.12,13.241,13.199,12.954,12.537,12.046,11.61,11.249,11.062,10.861,10.372,9.91,9.427,9.077,8.686,8.47,8.403,8.248,8.475,10.709,11.457,..
Namibia,NAM,Number of deaths ages 10-14 years,SH.DTH.1014,..,..,..,..,..,..,..,..,..,..,..,..,..,..,..,..,..,..,..,..,..,..,..,..,..,..,..,..,..,..,178,180,180,182,186,192,200,210,221,235,251,268,285,299,308,313,312,310,310,311,314,318,322,324,327,330,334,338,342,347,352,356,362,..
Namibia,NAM,Number of deaths ages 15-19 years,SH.DTH.1519,..,..,..,..,..,..,..,..,..,..,..,..,..,..,..,..,..,..,..,..,..,..,..,..,..,..,..,..,..,..,360,366,371,379,389,399,408,418,428,442,458,473,487,499,507,513,522,526,524,516,502,482,461,444,427,412,399,384,371,356,344,335,328,..
Namibia,NAM,Number of deaths ages 20-24 years,SH.DTH.2024,..,..,..,..,..,..,..,..,..,..,..,..,..,..,..,..,..,..,..,..,..,..,..,..,..,..,..,..,..,..,457,478,495,514,535,559,584,611,639,664,687,705,718,722,723,719,717,718,721,725,736,752,763,773,775,765,743,722,705,687,674,666,658,..
Namibia,NAM,Number of deaths ages 5-9 years,SH.DTH.0509,..,..,..,..,..,..,..,..,..,..,..,..,..,..,..,..,..,..,..,..,..,..,..,..,..,..,..,..,..,..,339,340,344,353,362,377,394,410,424,434,438,434,428,422,416,410,406,401,394,387,382,380,380,385,391,399,406,411,414,414,411,405,399,..
Namibia,NAM,Number of under-five deaths,SH.DTH.MORT,..,..,..,..,..,..,..,..,..,..,..,..,3276,3405,3542,3681,3811,3920,4005,4015,3994,3943,3820,3709,3632,3557,3492,3461,3462,3495,3645,3797,3848,3903,3976,4057,4130,4214,4310,4366,4362,4301,4221,4167,4152,3964,3701,3502,3256,3145,3056,3123,3285,3195,3062,3139,3121,3049,2994,2886,2774,2694,2618,..
Nauru,NRU,"Death rate, crude (per 1,000 people)",SP.DYN.CDRT.IN,11.139,10.618,10.206,9.898,9.597,9.182,8.926,8.572,8.418,8.196,8.101,7.967,7.949,7.977,7.9,7.991,7.906,8.014,8.126,8.348,8.581,8.632,8.867,9.338,9.27,9.23,9.103,8.915,8.611,8.229,7.833,7.412,6.964,6.805,6.789,6.897,7.317,7.758,7.99,8.207,8.238,8.442,8.429,8.425,8.523,8.569,8.555,8.581,8.515,8.436,8.214,7.916,7.646,7.392,7.13,6.933,6.76,6.65,6.566,6.48,6.602,6.633,6.582,..
Nauru,NRU,Number of deaths ages 10-14 years,SH.DTH.1014,..,..,..,..,..,..,..,..,..,..,..,..,..,..,..,..,..,..,..,..,..,..,..,..,..,..,..,..,..,..,1,1,1,1,1,1,1,1,1,1,1,1,1,1,1,0,0,0,0,0,0,0,0,0,0,0,0,0,0,0,0,0,0,..
Nauru,NRU,Number of deaths ages 15-19 years,SH.DTH.1519,..,..,..,..,..,..,..,..,..,..,..,..,..,..,..,..,..,..,..,..,..,..,..,..,..,..,..,..,..,..,1,1,2,1,1,1,1,1,1,1,1,1,1,1,1,1,1,1,1,1,1,1,1,1,1,1,1,1,1,1,1,1,1,..
Nauru,NRU,Number of deaths ages 20-24 years,SH.DTH.2024,..,..,..,..,..,..,..,..,..,..,..,..,..,..,..,..,..,..,..,..,..,..,..,..,..,..,..,..,..,..,2,1,1,1,1,1,1,1,1,1,1,1,1,1,1,1,1,1,1,1,1,1,1,1,1,1,1,1,1,1,1,1,1,..
Nauru,NRU,Number of deaths ages 5-9 years,SH.DTH.0509,..,..,..,..,..,..,..,..,..,..,..,..,..,..,..,..,..,..,..,..,..,..,..,..,..,..,..,..,..,..,2,2,2,2,2,2,2,2,2,2,2,2,2,1,1,1,1,1,1,1,1,1,1,1,1,1,1,1,1,1,1,1,1,..
Nauru,NRU,Number of under-five deaths,SH.DTH.MORT,..,..,..,..,..,..,..,..,..,..,..,..,..,..,..,..,..,..,..,..,..,..,..,..,..,..,..,..,..,..,20,19,19,18,17,16,15,15,14,13,13,12,12,12,11,11,12,12,12,13,13,13,13,13,12,12,11,11,11,10,10,10,9,..
Nepal,NPL,"Death rate, crude (per 1,000 people)",SP.DYN.CDRT.IN,24.851,24.627,24.389,24.124,23.665,23.257,22.872,22.407,22.076,21.615,21.186,20.77,20.425,20.073,19.739,19.315,18.953,18.619,18.13,17.708,17.241,16.871,16.481,16.139,15.62,15.17,14.723,14.127,13.739,13.095,12.66,12.131,11.552,11.067,10.547,10.11,9.713,9.252,8.839,8.544,8.294,7.949,7.954,7.587,7.359,7.132,7.014,6.893,6.943,6.897,6.987,6.891,6.961,6.887,6.981,7.376,6.93,6.971,7.041,6.871,7.209,7.776,6.651,..
Nepal,NPL,Number of deaths ages 10-14 years,SH.DTH.1014,..,..,..,..,..,..,..,..,..,..,..,..,..,..,..,..,..,..,..,..,..,..,..,..,..,..,..,..,..,..,3442,3394,3338,3288,3225,3165,3090,2999,2907,2809,2717,2625,2533,2449,2375,2299,2221,2139,2052,1967,1883,1805,1735,1666,1596,2355,1451,1380,1308,1238,1176,1124,1084,..
Nepal,NPL,Number of deaths ages 15-19 years,SH.DTH.1519,..,..,..,..,..,..,..,..,..,..,..,..,..,..,..,..,..,..,..,..,..,..,..,..,..,..,..,..,..,..,4128,4071,4013,3967,3903,3830,3753,3680,3619,3563,3520,3484,3822,3399,3572,3326,3308,3299,3313,3337,3349,3361,3343,3300,3224,3881,3099,3050,2990,2908,2813,2729,2643,..
Nepal,NPL,Number of deaths ages 20-24 years,SH.DTH.2024,..,..,..,..,..,..,..,..,..,..,..,..,..,..,..,..,..,..,..,..,..,..,..,..,..,..,..,..,..,..,3522,3556,3584,3630,3629,3640,3626,3614,3607,3604,3595,3575,4486,3550,4063,3502,3474,3426,3383,3345,3316,3299,3270,3250,3233,3850,3242,3294,3332,3369,3387,3481,3556,..
Nepal,NPL,Number of deaths ages 5-9 years,SH.DTH.0509,..,..,..,..,..,..,..,..,..,..,..,..,..,..,..,..,..,..,..,..,..,..,..,..,..,..,..,..,..,..,10208,9879,9552,9203,8829,8419,8007,7572,7148,6738,6329,5915,5495,5082,4684,4319,3990,3688,3425,3188,2970,2768,2581,2405,2237,2972,1946,1828,1723,1630,1550,1487,1431,..
Nepal,NPL,Number of under-five deaths,SH.DTH.MORT,142793,143629,144076,143872,143380,142413,141210,140174,139256,138208,137064,136123,134992,133437,132530,131947,131311,130333,129230,127972,126124,124152,122413,120622,118747,116403,113590,110593,107250,103569,99911,96248,92468,89378,86088,82114,77658,72732,68057,63647,59486,55398,51455,48091,45100,42045,39061,36376,34023,31895,29974,28322,26920,25601,24370,23172,21966,20806,19712,18763,17903,17197,16661,..
Netherlands,NLD,"Death rate, crude (per 1,000 people)",SP.DYN.CDRT.IN,7.6,7.6,7.9,8,7.7,8,8.1,7.9,8.2,8.4,8.4,8.4,8.5,8.2,8.1,8.3,8.3,7.9,8.2,8,8.1,8.1,8.2,8.2,8.3,8.5,8.6,8.3,8.4,8.7,8.6,8.6,8.6,9,8.7,8.8,8.9,8.7,8.8,8.9,8.8,8.7,8.8,8.7,8.4,8.4,8.3,8.1,8.2,8.1,8.2,8.1,8.4,8.4,8.3,8.7,8.7,8.8,8.9,8.8,9.7,9.8,9.6,..
Netherlands,NLD,Number of deaths ages 10-14 years,SH.DTH.1014,..,..,..,..,..,..,..,..,..,..,..,..,..,..,..,..,..,..,..,..,..,..,..,..,..,..,..,..,..,..,167,164,162,158,154,150,148,146,145,144,142,140,137,133,129,123,116,111,107,104,102,100,99,97,95,91,89,87,85,84,84,84,84,..
Netherlands,NLD,Number of deaths ages 15-19 years,SH.DTH.1519,..,..,..,..,..,..,..,..,..,..,..,..,..,..,..,..,..,..,..,..,..,..,..,..,..,..,..,..,..,..,429,401,379,363,353,349,347,344,341,336,330,320,309,296,283,269,259,249,240,232,225,216,210,205,203,203,204,207,209,209,210,211,212,..
Netherlands,NLD,Number of deaths ages 20-24 years,SH.DTH.2024,..,..,..,..,..,..,..,..,..,..,..,..,..,..,..,..,..,..,..,..,..,..,..,..,..,..,..,..,..,..,649,640,628,607,578,544,513,486,468,455,445,433,416,395,376,356,342,332,326,319,315,311,306,303,300,298,296,296,300,306,315,327,338,..
Netherlands,NLD,Number of deaths ages 5-9 years,SH.DTH.0509,..,..,..,..,..,..,..,..,..,..,..,..,..,..,..,..,..,..,..,..,..,..,..,..,..,..,..,..,..,..,159,155,153,151,148,146,143,140,137,132,128,123,117,112,107,102,98,95,90,87,82,78,74,71,68,67,65,63,62,60,60,58,58,..
Netherlands,NLD,Number of under-five deaths,SH.DTH.MORT,4974,4893,4827,4728,4652,4509,4316,4163,4027,3950,3824,3571,3288,2972,2683,2455,2280,2149,2050,1975,1928,1886,1811,1745,1716,1705,1699,1683,1646,1608,1592,1568,1511,1447,1390,1332,1282,1258,1255,1251,1246,1224,1182,1138,1079,1013,954,903,867,840,813,784,754,727,717,710,702,697,688,682,684,696,702,..
New Caledonia,NCL,"Death rate, crude (per 1,000 people)",SP.DYN.CDRT.IN,10.1,9.3,8.5,8.6,8.6,8.7,9.45,10.2,9.9,9.6,9.3,9.4,7.8,7.8,7.9,7,7.8,6.7,6.6,6.9,7.2,6.4,6.3,5.7,6,5.8,5.7,5.7,5.9,5.9,5.4,5.6,5.2,5.2,5.6,5.3,5.2,5,4.8,5.2,5.1,5.2,5.1,5,4.9,4.9,4.7,5,4.8,5.1,4.8,5.2,5.1,5.2,5.2,5.4,5.8,5.7,5.7,6,5.7,7.3,7.1,..
New Caledonia,NCL,Number of deaths ages 10-14 years,SH.DTH.1014,..,..,..,..,..,..,..,..,..,..,..,..,..,..,..,..,..,..,..,..,..,..,..,..,..,..,..,..,..,..,..,..,..,..,..,..,..,..,..,..,..,..,..,..,..,..,..,..,..,..,..,..,..,..,..,..,..,..,..,..,..,..,..,..
New Caledonia,NCL,Number of deaths ages 15-19 years,SH.DTH.1519,..,..,..,..,..,..,..,..,..,..,..,..,..,..,..,..,..,..,..,..,..,..,..,..,..,..,..,..,..,..,..,..,..,..,..,..,..,..,..,..,..,..,..,..,..,..,..,..,..,..,..,..,..,..,..,..,..,..,..,..,..,..,..,..
New Caledonia,NCL,Number of deaths ages 20-24 years,SH.DTH.2024,..,..,..,..,..,..,..,..,..,..,..,..,..,..,..,..,..,..,..,..,..,..,..,..,..,..,..,..,..,..,..,..,..,..,..,..,..,..,..,..,..,..,..,..,..,..,..,..,..,..,..,..,..,..,..,..,..,..,..,..,..,..,..,..
New Caledonia,NCL,Number of deaths ages 5-9 years,SH.DTH.0509,..,..,..,..,..,..,..,..,..,..,..,..,..,..,..,..,..,..,..,..,..,..,..,..,..,..,..,..,..,..,..,..,..,..,..,..,..,..,..,..,..,..,..,..,..,..,..,..,..,..,..,..,..,..,..,..,..,..,..,..,..,..,..,..
New Caledonia,NCL,Number of under-five deaths,SH.DTH.MORT,..,..,..,..,..,..,..,..,..,..,..,..,..,..,..,..,..,..,..,..,..,..,..,..,..,..,..,..,..,..,..,..,..,..,..,..,..,..,..,..,..,..,..,..,..,..,..,..,..,..,..,..,..,..,..,..,..,..,..,..,..,..,..,..
New Zealand,NZL,"Death rate, crude (per 1,000 people)",SP.DYN.CDRT.IN,8.79,8.98,8.89,8.84,8.83,8.72,8.86,8.43,8.88,8.69,8.81,8.49,8.51,8.5,8.3,8.1,8.13,8.26,7.85,8.08,8.48,7.97,8.03,8.07,7.8,8.4,8.25,8.3,8.26,8.12,7.89,7.55,7.67,7.58,7.44,7.57,7.57,7.26,6.87,7.33,6.91,7.16,7.1,6.95,6.95,6.54,6.75,6.75,6.85,6.73,6.53,6.86,6.82,6.65,6.87,6.85,6.61,6.92,6.78,6.87,6.41,6.83,7.53,..
New Zealand,NZL,Number of deaths ages 10-14 years,SH.DTH.1014,..,..,..,..,..,..,..,..,..,..,..,..,..,..,..,..,..,..,..,..,..,..,..,..,..,..,..,..,..,..,69,68,66,65,63,62,61,61,59,59,59,59,58,56,56,53,51,49,47,45,44,51,42,40,39,38,38,38,39,39,40,40,40,..
New Zealand,NZL,Number of deaths ages 15-19 years,SH.DTH.1519,..,..,..,..,..,..,..,..,..,..,..,..,..,..,..,..,..,..,..,..,..,..,..,..,..,..,..,..,..,..,291,276,258,243,234,229,224,219,211,202,195,191,192,193,196,197,198,197,193,187,179,170,161,151,143,138,134,131,129,128,127,124,123,..
New Zealand,NZL,Number of deaths ages 20-24 years,SH.DTH.2024,..,..,..,..,..,..,..,..,..,..,..,..,..,..,..,..,..,..,..,..,..,..,..,..,..,..,..,..,..,..,350,348,342,329,314,298,279,260,240,223,209,200,199,202,206,206,205,202,199,198,197,195,191,186,183,183,185,184,183,184,185,184,183,..
New Zealand,NZL,Number of deaths ages 5-9 years,SH.DTH.0509,..,..,..,..,..,..,..,..,..,..,..,..,..,..,..,..,..,..,..,..,..,..,..,..,..,..,..,..,..,..,60,60,59,58,57,57,57,56,55,52,50,47,45,42,40,39,37,35,35,33,32,40,30,30,30,30,30,29,29,28,28,27,26,..
New Zealand,NZL,Number of under-five deaths,SH.DTH.MORT,1709,1692,1648,1582,1504,1418,1359,1336,1328,1316,1289,1278,1257,1196,1132,1066,1003,951,888,843,810,776,750,729,719,710,698,691,687,672,651,623,589,559,528,501,481,463,441,427,418,404,385,377,379,378,377,390,401,395,390,381,368,351,330,323,316,308,296,295,301,297,293,..
Nicaragua,NIC,"Death rate, crude (per 1,000 people)",SP.DYN.CDRT.IN,18.906,18.161,17.602,17.006,16.35,15.64,14.914,14.262,13.637,13.135,12.764,12.524,16.285,12.164,12.029,11.866,11.666,11.584,12.768,13.976,10.535,10.292,10.009,10.612,10.763,10.474,9.807,9.736,8.563,7.618,7.288,6.896,6.704,6.488,6.248,6.051,5.866,5.703,6.29,5.539,5.547,5.615,5.699,5.758,5.748,5.614,5.357,5.105,4.808,4.598,4.491,4.444,4.47,4.535,4.597,4.635,4.633,4.619,4.605,4.626,5.703,4.859,4.655,..
Nicaragua,NIC,Number of deaths ages 10-14 years,SH.DTH.1014,..,..,..,..,..,..,..,..,..,..,..,..,..,..,..,..,..,..,..,..,..,..,..,..,..,..,..,..,..,..,292,301,311,320,330,337,344,349,692,360,364,369,374,376,378,378,379,378,372,363,353,343,335,324,317,308,299,292,285,278,275,271,266,..
Nicaragua,NIC,Number of deaths ages 15-19 years,SH.DTH.1519,..,..,..,..,..,..,..,..,..,..,..,..,..,..,..,..,..,..,..,..,..,..,..,..,..,..,..,..,..,..,843,848,850,848,844,837,830,816,990,783,767,751,735,720,706,693,686,681,674,666,656,646,632,618,604,589,573,560,547,535,524,514,505,..
Nicaragua,NIC,Number of deaths ages 20-24 years,SH.DTH.2024,..,..,..,..,..,..,..,..,..,..,..,..,..,..,..,..,..,..,..,..,..,..,..,..,..,..,..,..,..,..,975,989,1001,1011,1019,1024,1026,1019,1139,993,977,961,944,927,910,894,885,878,872,869,866,864,861,858,852,844,834,821,805,789,773,757,742,..
Nicaragua,NIC,Number of deaths ages 5-9 years,SH.DTH.0509,..,..,..,..,..,..,..,..,..,..,..,..,..,..,..,..,..,..,..,..,..,..,..,..,..,..,..,..,..,..,631,618,602,586,569,551,533,514,1196,471,448,424,398,374,351,329,309,292,277,263,251,240,232,223,215,208,203,196,191,185,180,175,170,..
Nicaragua,NIC,Number of under-five deaths,SH.DTH.MORT,17054,17239,17419,17596,17759,17906,18080,18272,18459,18619,18780,18893,21967,18731,18503,18161,17707,17139,16487,15821,15129,14453,13846,13269,12730,12249,11808,11388,10995,10587,10146,9690,9203,8698,8187,7675,7189,6716,7343,5841,5465,5123,4817,4542,4293,4071,3876,3709,3559,3426,3301,3187,3077,2970,2867,2768,2671,2577,2483,2392,2303,2215,2127,..
Niger,NER,"Death rate, crude (per 1,000 people)",SP.DYN.CDRT.IN,27.566,27.444,27.371,27.282,27.275,27.244,27.173,27.134,27.37,27.624,27.929,28.694,28.393,28.376,28.157,27.678,27.34,26.782,26.168,25.671,25.448,25.241,25.281,25.366,25.7,25.813,25.756,25.49,25.124,24.665,24.067,23.667,22.985,22.213,21.405,20.523,19.762,19.074,18.489,17.968,17.431,16.912,16.272,15.543,14.683,13.922,13.174,12.477,11.812,11.206,10.589,10.145,9.718,9.346,9.016,8.799,8.512,8.239,8.061,7.824,8.281,8.141,7.834,..
Niger,NER,Number of deaths ages 10-14 years,SH.DTH.1014,..,..,..,..,..,..,..,..,..,..,..,..,..,..,..,..,..,..,..,..,..,..,..,..,..,..,..,..,..,..,3445,3578,3706,3825,3942,4059,4174,4296,4416,4547,4694,4836,4978,5121,5284,5453,5633,5820,6010,6200,6378,6539,6698,6866,7023,7172,7339,7498,7671,7807,7990,8145,8308,..
Niger,NER,Number of deaths ages 15-19 years,SH.DTH.1519,..,..,..,..,..,..,..,..,..,..,..,..,..,..,..,..,..,..,..,..,..,..,..,..,..,..,..,..,..,..,3349,3350,3374,3414,3476,3554,3647,3730,3817,3900,3972,4030,4082,4132,4169,4208,4260,4320,4384,4468,4557,4668,4774,4890,4991,5096,5197,5275,5321,5406,5502,5559,5617,..
Niger,NER,Number of deaths ages 20-24 years,SH.DTH.2024,..,..,..,..,..,..,..,..,..,..,..,..,..,..,..,..,..,..,..,..,..,..,..,..,..,..,..,..,..,..,3047,3099,3156,3230,3320,3421,3545,3680,3830,3990,4150,4307,4444,4563,4665,4759,4834,4911,4979,5053,5136,5247,5385,5538,5732,5928,6151,6368,6584,6820,7066,7273,7494,..
Niger,NER,Number of deaths ages 5-9 years,SH.DTH.0509,..,..,..,..,..,..,..,..,..,..,..,..,..,..,..,..,..,..,..,..,..,..,..,..,..,..,..,..,..,..,12274,12259,12236,12214,12172,12136,12123,12108,12093,12093,12103,12154,12239,12339,12429,12540,12654,12802,12957,13141,13354,13611,13886,14179,14473,14782,15106,15404,15672,15959,16215,16435,16659,..
Niger,NER,Number of under-five deaths,SH.DTH.MORT,..,..,..,..,..,..,..,..,..,..,..,..,87772,90731,93299,95414,97023,98305,99796,101829,104614,108351,113057,118376,124117,129649,134285,137985,140728,142527,143757,144230,143798,142479,140340,138023,135800,134099,132716,131753,130488,128304,125075,121284,117251,113271,109770,107043,105131,104060,103922,104527,105537,107203,109289,111618,114405,117385,120341,123457,126373,128649,130602,..
Nigeria,NGA,"Death rate, crude (per 1,000 people)",SP.DYN.CDRT.IN,26.235,25.999,25.92,25.594,25.42,25.207,25.111,26.201,25.356,25.152,24.347,23.708,23.071,22.485,21.906,21.269,20.49,19.886,19.539,19.343,19.17,18.982,18.896,18.759,18.739,18.795,18.928,18.807,18.694,18.58,18.631,18.819,18.805,18.702,18.87,18.859,18.757,18.531,18.289,17.865,17.464,17.158,16.919,16.541,16.271,15.883,15.561,15.322,15.161,14.82,14.628,14.336,14.193,14.004,13.892,13.803,13.638,13.435,13.239,12.989,12.997,13.083,12.431,..
Nigeria,NGA,Number of deaths ages 10-14 years,SH.DTH.1014,..,..,..,..,..,..,..,..,..,..,..,..,..,..,..,..,..,..,..,..,..,..,..,..,..,..,..,..,..,..,30587,30765,30852,30922,30888,30743,30524,30288,30032,29817,29739,29738,29796,29956,30250,30569,30894,31215,31480,31816,32234,32700,33195,33752,34252,34659,35048,35340,35628,35881,36061,36150,36217,..
Nigeria,NGA,Number of deaths ages 15-19 years,SH.DTH.1519,..,..,..,..,..,..,..,..,..,..,..,..,..,..,..,..,..,..,..,..,..,..,..,..,..,..,..,..,..,..,33717,33985,34150,34289,34406,34440,34353,34144,33912,33584,33266,32977,32684,32380,32169,32052,32003,31974,32003,32115,32326,32598,32948,33356,33752,34215,34645,35129,35615,36073,36344,36571,36607,..
Nigeria,NGA,Number of deaths ages 20-24 years,SH.DTH.2024,..,..,..,..,..,..,..,..,..,..,..,..,..,..,..,..,..,..,..,..,..,..,..,..,..,..,..,..,..,..,33108,33480,33883,34352,34990,35668,36282,36881,37500,38045,38436,38770,38976,39059,39032,38922,38704,38373,38005,37723,37517,37372,37328,37394,37441,37392,37326,37340,37421,37788,38325,39201,39874,..
Nigeria,NGA,Number of deaths ages 5-9 years,SH.DTH.0509,..,..,..,..,..,..,..,..,..,..,..,..,..,..,..,..,..,..,..,..,..,..,..,..,..,..,..,..,..,..,72665,72789,72718,72486,72306,72247,72234,72426,72710,72926,73180,73509,73704,73846,74061,74301,74833,75478,76282,76976,77568,78060,78568,79120,79658,80261,80797,81141,81186,80943,80418,79486,78564,..
Nigeria,NGA,Number of under-five deaths,SH.DTH.MORT,..,..,..,..,..,..,..,..,..,698158,696127,694092,691236,687838,686144,686364,685597,686039,689605,694038,698623,705936,716259,730556,744219,757302,772061,786177,800596,818020,834793,850738,867621,885209,902510,916357,925494,927673,924600,922457,921888,918899,914280,908108,899805,891243,884659,878977,876916,877509,879536,882709,886220,887965,891156,893205,893191,890137,884143,873989,863722,850674,835030,..
North Macedonia,MKD,"Death rate, crude (per 1,000 people)",SP.DYN.CDRT.IN,12.966,11.946,11.985,12.262,10.974,10.4,9.406,9.318,8.971,8.914,8.599,8.23,7.871,7.787,7.587,7.528,7.295,7.055,6.781,6.795,7.101,6.978,7.057,7.457,7.324,7.435,7.376,7.505,7.417,7.436,7.606,7.497,8.12,7.972,8.446,8.573,8.478,8.3,8.4,8.3,8.5,8.3,8.9,8.9,8.8,9,9.1,9.6,9.3,9.3,9.3,9.5,9.8,9.3,9.5,9.9,9.853364793075,9.8,9.5,9.8,12.4,15.5,12.3,..
North Macedonia,MKD,Number of deaths ages 10-14 years,SH.DTH.1014,..,..,..,..,..,..,..,..,..,..,..,..,..,..,..,..,..,..,..,..,..,..,..,..,..,..,..,..,..,..,50,50,49,49,49,49,49,47,44,43,40,38,36,33,31,30,28,27,25,25,23,22,22,22,21,20,20,19,18,17,17,17,17,..
North Macedonia,MKD,Number of deaths ages 15-19 years,SH.DTH.1519,..,..,..,..,..,..,..,..,..,..,..,..,..,..,..,..,..,..,..,..,..,..,..,..,..,..,..,..,..,..,68,69,68,69,71,72,74,77,81,83,83,81,77,73,70,65,62,59,56,54,51,48,46,45,42,40,39,38,38,38,38,37,37,..
North Macedonia,MKD,Number of deaths ages 20-24 years,SH.DTH.2024,..,..,..,..,..,..,..,..,..,..,..,..,..,..,..,..,..,..,..,..,..,..,..,..,..,..,..,..,..,..,92,91,88,88,87,87,88,91,93,95,99,100,99,96,92,88,84,80,76,72,68,64,62,60,58,57,56,56,56,56,57,58,60,..
North Macedonia,MKD,Number of deaths ages 5-9 years,SH.DTH.0509,..,..,..,..,..,..,..,..,..,..,..,..,..,..,..,..,..,..,..,..,..,..,..,..,..,..,..,..,..,..,67,64,60,57,54,52,49,46,42,39,37,35,34,32,29,27,25,24,22,21,19,19,17,17,16,16,16,16,15,15,14,14,14,..
North Macedonia,MKD,Number of under-five deaths,SH.DTH.MORT,..,..,..,..,..,..,..,..,..,..,..,..,..,..,..,..,..,..,..,..,..,..,..,..,..,..,1930,1832,1666,1449,1270,1176,1092,975,865,745,631,545,486,436,412,398,389,387,357,324,305,288,270,255,248,242,244,255,265,266,249,217,181,149,123,106,94,..
Northern Mariana Islands,MNP,"Death rate, crude (per 1,000 people)",SP.DYN.CDRT.IN,..,..,..,..,..,..,..,..,..,..,..,..,..,..,..,..,..,..,..,..,..,..,..,..,..,..,..,..,..,..,..,..,..,..,..,..,..,..,..,..,..,..,..,..,..,..,..,..,..,..,..,..,..,..,4.3,..,..,..,..,4,..,..,..,..
Northern Mariana Islands,MNP,Number of deaths ages 10-14 years,SH.DTH.1014,..,..,..,..,..,..,..,..,..,..,..,..,..,..,..,..,..,..,..,..,..,..,..,..,..,..,..,..,..,..,..,..,..,..,..,..,..,..,..,..,..,..,..,..,..,..,..,..,..,..,..,..,..,..,..,..,..,..,..,..,..,..,..,..
Northern Mariana Islands,MNP,Number of deaths ages 15-19 years,SH.DTH.1519,..,..,..,..,..,..,..,..,..,..,..,..,..,..,..,..,..,..,..,..,..,..,..,..,..,..,..,..,..,..,..,..,..,..,..,..,..,..,..,..,..,..,..,..,..,..,..,..,..,..,..,..,..,..,..,..,..,..,..,..,..,..,..,..
Northern Mariana Islands,MNP,Number of deaths ages 20-24 years,SH.DTH.2024,..,..,..,..,..,..,..,..,..,..,..,..,..,..,..,..,..,..,..,..,..,..,..,..,..,..,..,..,..,..,..,..,..,..,..,..,..,..,..,..,..,..,..,..,..,..,..,..,..,..,..,..,..,..,..,..,..,..,..,..,..,..,..,..
Northern Mariana Islands,MNP,Number of deaths ages 5-9 years,SH.DTH.0509,..,..,..,..,..,..,..,..,..,..,..,..,..,..,..,..,..,..,..,..,..,..,..,..,..,..,..,..,..,..,..,..,..,..,..,..,..,..,..,..,..,..,..,..,..,..,..,..,..,..,..,..,..,..,..,..,..,..,..,..,..,..,..,..
Northern Mariana Islands,MNP,Number of under-five deaths,SH.DTH.MORT,..,..,..,..,..,..,..,..,..,..,..,..,..,..,..,..,..,..,..,..,..,..,..,..,..,..,..,..,..,..,..,..,..,..,..,..,..,..,..,..,..,..,..,..,..,..,..,..,..,..,..,..,..,..,..,..,..,..,..,..,..,..,..,..
Norway,NOR,"Death rate, crude (per 1,000 people)",SP.DYN.CDRT.IN,9.1,9.2,9.4,10,9.5,9.4,9.6,9.6,9.9,10.1,10,10,10,10.1,9.9,10,10,9.8,10,10.2,10.1,10.2,10.1,10.2,10.3,10.7,10.5,10.7,10.8,10.7,10.9,10.5,10.4,10.8,10.2,10.4,10,10.1,10,10.1,9.8,9.7,9.8,9.3,9,8.9,8.9,8.9,8.7,8.6,8.5,8.4,8.4,8.1,7.9,7.8,7.8,7.7,7.7,7.6,7.5,7.8,8.4,..
Norway,NOR,Number of deaths ages 10-14 years,SH.DTH.1014,..,..,..,..,..,..,..,..,..,..,..,..,..,..,..,..,..,..,..,..,..,..,..,..,..,..,..,..,..,..,48,45,45,43,42,41,40,38,39,39,39,39,38,38,38,37,35,35,34,32,32,31,29,29,28,27,27,27,27,27,26,26,25,..
Norway,NOR,Number of deaths ages 15-19 years,SH.DTH.1519,..,..,..,..,..,..,..,..,..,..,..,..,..,..,..,..,..,..,..,..,..,..,..,..,..,..,..,..,..,..,175,161,148,138,131,126,125,128,131,134,135,134,131,127,124,121,120,118,117,114,110,104,97,89,84,80,78,79,79,79,78,78,77,..
Norway,NOR,Number of deaths ages 20-24 years,SH.DTH.2024,..,..,..,..,..,..,..,..,..,..,..,..,..,..,..,..,..,..,..,..,..,..,..,..,..,..,..,..,..,..,226,217,209,204,197,192,190,190,192,195,197,197,192,186,178,171,165,163,162,163,163,160,152,144,136,130,127,126,126,126,125,121,117,..
Norway,NOR,Number of deaths ages 5-9 years,SH.DTH.0509,..,..,..,..,..,..,..,..,..,..,..,..,..,..,..,..,..,..,..,..,..,..,..,..,..,..,..,..,..,..,48,46,45,43,43,43,42,42,41,39,39,37,36,34,33,31,30,28,26,26,25,24,24,23,22,22,22,21,20,19,19,17,17,..
Norway,NOR,Number of under-five deaths,SH.DTH.MORT,1400,1364,1335,1310,1303,1285,1254,1213,1171,1135,1077,1021,973,904,833,761,684,616,570,542,519,505,504,505,508,517,527,534,539,534,511,477,435,396,366,344,328,316,303,294,287,274,257,247,239,230,222,216,209,205,197,188,179,172,165,159,154,146,138,131,125,121,117,..
Oman,OMN,"Death rate, crude (per 1,000 people)",SP.DYN.CDRT.IN,30.49,29.199,27.925,26.782,25.621,24.507,23.422,22.331,21.249,20.244,19.385,18.404,17.776,16.864,16.007,15.205,14.092,13.4,12.446,11.538,10.702,9.924,9.1,8.314,7.627,6.982,6.358,5.755,5.279,4.894,4.541,4.292,4.054,3.836,3.73,3.549,3.494,3.435,3.285,3.234,3.156,3.063,3.041,2.959,2.896,2.914,2.928,2.976,2.973,2.991,2.585,2.457,2.323,2.278,2.243,2.205,2.154,2.155,2.172,2.205,3.025,3.796,3.279,..
Oman,OMN,Number of deaths ages 10-14 years,SH.DTH.1014,..,..,..,..,..,..,..,..,..,..,..,..,..,..,..,..,..,..,..,..,..,..,..,..,..,..,..,..,..,..,178,171,165,158,150,142,135,126,119,112,105,100,94,90,86,83,78,82,71,67,64,62,59,58,59,61,63,64,66,69,72,77,79,..
Oman,OMN,Number of deaths ages 15-19 years,SH.DTH.1519,..,..,..,..,..,..,..,..,..,..,..,..,..,..,..,..,..,..,..,..,..,..,..,..,..,..,..,..,..,..,162,164,165,165,165,169,173,176,178,177,176,174,171,167,166,169,170,168,164,159,151,148,143,136,133,131,130,131,130,130,132,137,140,..
Oman,OMN,Number of deaths ages 20-24 years,SH.DTH.2024,..,..,..,..,..,..,..,..,..,..,..,..,..,..,..,..,..,..,..,..,..,..,..,..,..,..,..,..,..,..,159,163,166,169,170,170,171,172,174,177,181,184,186,188,188,197,207,215,220,221,218,260,278,270,251,238,240,244,235,220,201,183,184,..
Oman,OMN,Number of deaths ages 5-9 years,SH.DTH.0509,..,..,..,..,..,..,..,..,..,..,..,..,..,..,..,..,..,..,..,..,..,..,..,..,..,..,..,..,..,..,186,176,167,157,148,140,131,123,116,109,103,97,91,87,82,77,74,84,68,66,65,66,67,70,74,78,82,86,89,93,97,103,105,..
Oman,OMN,Number of under-five deaths,SH.DTH.MORT,..,..,..,..,..,..,..,..,7854,7584,7312,7072,6842,6629,6427,6286,6169,6040,5882,5714,5527,5307,5055,4776,4463,4140,3796,3450,3130,2826,2549,2295,2063,1851,1666,1499,1359,1244,1144,1055,970,891,826,773,733,697,667,651,656,681,717,760,807,859,908,946,975,994,998,981,950,912,874,..
Pakistan,PAK,"Death rate, crude (per 1,000 people)",SP.DYN.CDRT.IN,20.909,20.184,19.486,18.673,17.927,17.286,16.323,15.615,14.96,14.395,13.794,16.162,13.404,13.246,13.205,12.95,12.817,12.735,12.502,12.309,12.109,11.946,11.825,11.608,11.415,11.351,11.257,11.383,11.199,11.013,10.731,10.543,10.489,10.43,10.215,10.194,9.852,9.654,9.353,9.023,8.77,8.583,8.454,8.311,8.177,8.402,7.831,7.798,7.733,7.703,7.599,7.524,7.479,7.333,7.274,7.097,7.036,6.89,6.843,6.765,7.06,7.168,7.021,..
Pakistan,PAK,Number of deaths ages 10-14 years,SH.DTH.1014,..,..,..,..,..,..,..,..,..,..,..,..,..,..,..,..,..,..,..,..,..,..,..,..,..,..,..,..,..,..,14879,15587,16382,17121,17789,18270,18561,18724,18826,18917,18973,19001,18955,18886,18900,26474,19118,19308,19527,19730,19856,19979,20081,20106,20044,19890,19723,19554,19400,19273,19191,19105,19039,..
Pakistan,PAK,Number of deaths ages 15-19 years,SH.DTH.1519,..,..,..,..,..,..,..,..,..,..,..,..,..,..,..,..,..,..,..,..,..,..,..,..,..,..,..,..,..,..,23450,23284,23126,22629,22419,22225,22161,22086,22049,21983,21897,21867,21827,22076,22933,30115,26063,28135,29706,30603,30896,30814,30472,30033,29669,29247,28836,28416,28214,27846,27448,27009,26715,..
Pakistan,PAK,Number of deaths ages 20-24 years,SH.DTH.2024,..,..,..,..,..,..,..,..,..,..,..,..,..,..,..,..,..,..,..,..,..,..,..,..,..,..,..,..,..,..,21208,21501,21793,21667,22156,22539,23180,23783,24441,25128,25830,26925,27837,28090,28087,32665,27043,26068,25288,25024,25238,25618,25745,25669,25616,25576,25444,25228,25184,25322,25625,26035,26369,..
Pakistan,PAK,Number of deaths ages 5-9 years,SH.DTH.0509,..,..,..,..,..,..,..,..,..,..,..,..,..,..,..,..,..,..,..,..,..,..,..,..,..,..,..,..,..,..,27413,28473,29482,30225,30767,30990,30928,30661,30240,29719,29123,28532,27919,27413,27143,36439,27101,27280,27449,27470,27386,27219,27037,26850,26660,26469,26303,26093,25794,25383,24837,24196,23570,..
Pakistan,PAK,Number of under-five deaths,SH.DTH.MORT,500045,495388,489897,484329,479404,475526,473067,471673,471175,470593,471487,474441,477943,482072,486979,492553,499574,508082,517942,528917,542374,561667,583830,602794,616430,625643,635748,646609,655998,663563,667780,669065,667435,658078,646857,636379,625074,613429,601761,591929,581705,574888,570787,563154,554244,546194,538982,536790,535797,532610,530087,526499,520049,510135,495716,478085,461491,447190,433717,421131,409312,397401,386364,..
Palau,PLW,"Death rate, crude (per 1,000 people)",SP.DYN.CDRT.IN,..,..,..,..,..,..,..,..,..,..,..,..,..,..,..,..,..,..,..,..,..,..,..,..,..,..,..,..,..,..,7.7,6.5,7.3,7.1,7.7,6.4,8.2,6.7,6.8,6.9,6.5,7,6.7,6.7,6.9,6.7,7.2,7.5,8.4,8.5,8.1,8.3,9.4,10.9,9.5,7.7,9.9,10.3,7.8,10.2,8.4,9.7,11.4,..
Palau,PLW,Number of deaths ages 10-14 years,SH.DTH.1014,..,..,..,..,..,..,..,..,..,..,..,..,..,..,..,..,..,..,..,..,..,..,..,..,..,..,..,..,..,..,1,1,1,1,1,1,1,1,1,0,1,1,1,1,1,1,0,0,0,0,0,0,0,0,0,0,0,0,0,0,0,0,0,..
Palau,PLW,Number of deaths ages 15-19 years,SH.DTH.1519,..,..,..,..,..,..,..,..,..,..,..,..,..,..,..,..,..,..,..,..,..,..,..,..,..,..,..,..,..,..,1,1,1,1,1,1,1,2,2,2,2,2,2,2,3,3,3,3,3,3,3,3,3,3,2,2,2,2,2,2,2,2,2,..
Palau,PLW,Number of deaths ages 20-24 years,SH.DTH.2024,..,..,..,..,..,..,..,..,..,..,..,..,..,..,..,..,..,..,..,..,..,..,..,..,..,..,..,..,..,..,3,3,3,3,3,3,3,3,3,3,3,3,3,3,3,3,3,3,3,4,4,4,4,4,5,5,4,5,6,6,6,6,6,..
Palau,PLW,Number of deaths ages 5-9 years,SH.DTH.0509,..,..,..,..,..,..,..,..,..,..,..,..,..,..,..,..,..,..,..,..,..,..,..,..,..,..,..,..,..,..,1,1,1,1,1,1,1,1,1,1,1,1,1,1,1,0,0,0,0,0,0,0,0,0,0,0,0,0,0,0,0,0,0,..
Palau,PLW,Number of under-five deaths,SH.DTH.MORT,..,..,..,..,..,..,..,..,..,..,..,..,..,..,..,..,..,..,..,..,..,..,..,..,..,..,..,..,..,..,12,12,12,12,12,11,11,10,9,8,7,7,7,7,6,6,6,6,5,5,5,5,5,5,5,5,5,5,6,6,6,6,6,..
Panama,PAN,"Death rate, crude (per 1,000 people)",SP.DYN.CDRT.IN,9.941,9.576,9.253,8.972,8.728,8.525,8.379,8.213,8.055,7.864,7.654,7.331,7.033,6.75,6.498,6.305,6.164,6.063,5.997,5.918,5.839,5.747,5.652,5.566,5.491,5.439,5.416,5.408,5.42,5.783,5.374,5.347,5.278,5.187,5.118,5.057,5.001,4.948,4.896,4.836,4.768,4.694,4.626,4.569,4.541,4.526,4.547,4.586,4.651,4.701,4.755,4.789,4.818,4.835,4.856,4.875,4.904,4.947,5.013,5.12,5.747,6.067,5.904,..
Panama,PAN,Number of deaths ages 10-14 years,SH.DTH.1014,..,..,..,..,..,..,..,..,..,..,..,..,..,..,..,..,..,..,..,..,..,..,..,..,..,..,..,..,..,..,124,124,124,124,124,126,126,126,125,124,123,123,121,121,121,121,121,123,124,127,128,130,130,130,129,128,127,126,126,126,126,126,126,..
Panama,PAN,Number of deaths ages 15-19 years,SH.DTH.1519,..,..,..,..,..,..,..,..,..,..,..,..,..,..,..,..,..,..,..,..,..,..,..,..,..,..,..,..,..,..,243,248,256,262,265,264,262,257,253,249,245,243,243,245,251,260,276,298,322,340,351,353,349,337,321,304,289,278,271,266,262,257,253,..
Panama,PAN,Number of deaths ages 20-24 years,SH.DTH.2024,..,..,..,..,..,..,..,..,..,..,..,..,..,..,..,..,..,..,..,..,..,..,..,..,..,..,..,..,..,..,325,340,359,375,386,389,384,375,364,352,343,338,336,340,348,363,385,415,446,470,483,485,477,462,443,424,412,406,403,404,405,402,398,..
Panama,PAN,Number of deaths ages 5-9 years,SH.DTH.0509,..,..,..,..,..,..,..,..,..,..,..,..,..,..,..,..,..,..,..,..,..,..,..,..,..,..,..,..,..,..,154,153,152,150,148,146,144,141,138,136,133,130,129,127,126,126,125,125,124,126,126,125,125,123,120,118,116,114,112,112,110,108,107,..
Panama,PAN,Number of under-five deaths,SH.DTH.MORT,4142,4151,4159,4167,4156,4132,4105,4062,3994,3898,3769,3616,3447,3270,3099,2956,2838,2742,2665,2605,2554,2509,2461,2409,2348,2275,2207,2147,2089,2040,1997,1947,1907,1888,1876,1870,1865,1859,1846,1824,1791,1749,1702,1656,1620,1582,1534,1493,1462,1432,1403,1389,1385,1376,1366,1362,1355,1336,1295,1229,1156,1086,1018,..
Papua New Guinea,PNG,"Death rate, crude (per 1,000 people)",SP.DYN.CDRT.IN,16.888,16.431,16.178,15.527,15.105,14.671,14.196,13.748,13.264,12.848,12.361,12.005,11.555,11.092,10.668,10.293,9.962,9.68,9.395,9.158,8.952,8.788,8.692,8.615,8.542,8.445,8.421,8.324,8.281,8.179,8.119,8.046,7.918,7.816,7.726,7.618,7.621,7.536,7.917,7.468,7.471,7.473,7.54,7.524,7.559,7.563,7.532,7.501,7.287,7.215,7.134,6.951,6.891,6.825,6.734,6.585,6.57,6.508,6.532,6.468,6.402,6.683,6.459,..
Papua New Guinea,PNG,Number of deaths ages 10-14 years,SH.DTH.1014,..,..,..,..,..,..,..,..,..,..,..,..,..,..,..,..,..,..,..,..,..,..,..,..,..,..,..,..,..,..,544,550,560,572,585,598,612,627,836,654,666,677,688,698,708,716,724,732,738,745,753,761,767,773,778,781,780,777,775,770,766,760,752,..
Papua New Guinea,PNG,Number of deaths ages 15-19 years,SH.DTH.1519,..,..,..,..,..,..,..,..,..,..,..,..,..,..,..,..,..,..,..,..,..,..,..,..,..,..,..,..,..,..,793,805,825,847,868,890,913,934,1111,983,1007,1032,1061,1091,1118,1144,1166,1185,1203,1220,1234,1249,1261,1271,1281,1291,1299,1305,1313,1317,1321,1320,1314,..
Papua New Guinea,PNG,Number of deaths ages 20-24 years,SH.DTH.2024,..,..,..,..,..,..,..,..,..,..,..,..,..,..,..,..,..,..,..,..,..,..,..,..,..,..,..,..,..,..,854,858,876,900,927,954,984,1013,1177,1069,1097,1123,1148,1175,1204,1235,1268,1301,1334,1365,1392,1418,1437,1454,1469,1479,1485,1492,1497,1502,1507,1512,1513,..
Papua New Guinea,PNG,Number of deaths ages 5-9 years,SH.DTH.0509,..,..,..,..,..,..,..,..,..,..,..,..,..,..,..,..,..,..,..,..,..,..,..,..,..,..,..,..,..,..,965,974,988,1005,1020,1035,1048,1060,1393,1087,1100,1114,1126,1136,1147,1156,1167,1176,1183,1188,1191,1193,1190,1186,1180,1173,1160,1147,1134,1118,1100,1080,1055,..
Papua New Guinea,PNG,Number of under-five deaths,SH.DTH.MORT,16844,16680,16503,16335,16154,15979,15805,15628,15423,15229,15021,14778,14527,14227,13879,13540,13216,12908,12611,12328,12073,11886,11770,11712,11691,11686,11685,11696,11709,11721,11713,11694,11724,11828,11945,12051,12189,12370,12564,12756,12923,13068,13201,13314,13366,13369,13370,13322,13259,13188,13098,13017,12889,12745,12585,12387,12129,11853,11601,11327,11051,10775,10440,..
Paraguay,PRY,"Death rate, crude (per 1,000 people)",SP.DYN.CDRT.IN,10.255,10.051,9.867,9.7,9.664,9.6,9.539,9.457,9.363,9.256,9.146,9.063,8.949,8.816,8.828,8.76,8.685,8.638,8.613,8.525,8.423,8.304,8.113,7.887,7.622,7.376,7.145,6.923,6.736,6.616,6.382,6.255,6.137,6.02,5.932,5.852,5.776,5.734,5.686,5.642,5.621,5.593,5.585,5.536,5.539,5.6,5.584,5.545,5.529,5.525,5.517,5.506,5.464,5.436,5.481,5.446,5.398,5.445,5.569,5.636,5.916,7.638,7.437,..
Paraguay,PRY,Number of deaths ages 10-14 years,SH.DTH.1014,..,..,..,..,..,..,..,..,..,..,..,..,..,..,..,..,..,..,..,..,..,..,..,..,..,..,..,..,..,..,259,267,277,287,298,307,315,322,328,333,338,341,344,344,340,336,331,326,318,311,304,295,287,277,268,260,252,244,237,232,227,223,218,..
Paraguay,PRY,Number of deaths ages 15-19 years,SH.DTH.1519,..,..,..,..,..,..,..,..,..,..,..,..,..,..,..,..,..,..,..,..,..,..,..,..,..,..,..,..,..,..,566,565,566,569,575,584,596,610,625,641,655,667,673,679,679,678,675,670,662,653,644,636,628,617,606,594,579,565,549,536,521,509,500,..
Paraguay,PRY,Number of deaths ages 20-24 years,SH.DTH.2024,..,..,..,..,..,..,..,..,..,..,..,..,..,..,..,..,..,..,..,..,..,..,..,..,..,..,..,..,..,..,763,758,753,748,745,743,746,751,759,770,785,802,815,829,844,857,865,870,872,872,870,869,868,864,858,850,841,831,817,802,783,766,747,..
Paraguay,PRY,Number of deaths ages 5-9 years,SH.DTH.0509,..,..,..,..,..,..,..,..,..,..,..,..,..,..,..,..,..,..,..,..,..,..,..,..,..,..,..,..,..,..,491,483,473,461,448,434,418,402,387,370,352,334,316,297,276,256,237,218,201,185,170,158,148,140,134,128,123,118,113,110,107,105,102,..
Paraguay,PRY,Number of under-five deaths,SH.DTH.MORT,..,6442,6525,6623,6714,6784,6834,6847,6847,6831,6811,6779,6744,6729,6732,6740,6751,6775,6795,6823,6887,6954,6973,6949,6905,6844,6749,6632,6513,6365,6214,6060,5897,5733,5582,5432,5286,5147,5008,4869,4725,4573,4408,4242,4094,3960,3837,3721,3600,3489,3381,3272,3179,3109,3071,3020,2962,2885,2794,2703,2592,2500,2407,..
Peru,PER,"Death rate, crude (per 1,000 people)",SP.DYN.CDRT.IN,17.229,16.782,16.549,16.062,15.781,15.501,15.166,14.819,14.456,14.096,18.756,13.277,12.93,12.784,12.524,12.257,12.013,11.77,11.509,11.262,11.033,10.678,10.397,10.146,9.837,9.329,8.876,8.426,7.996,7.607,7.243,7.068,6.753,6.532,6.323,6.294,6.217,6.144,6.056,5.904,5.782,5.72,5.707,5.747,5.838,5.98,6.177,6.416,6.605,6.801,6.895,6.864,6.791,6.681,6.612,6.438,6.318,6.173,6.103,6.006,7.327,7.988,7.505,..
Peru,PER,Number of deaths ages 10-14 years,SH.DTH.1014,..,..,..,..,..,..,..,..,..,..,..,..,..,..,..,..,..,..,..,..,..,..,..,..,..,..,..,..,..,..,1991,1943,1896,1847,1803,1755,1709,1663,1616,1567,1515,1463,1410,1357,1303,1248,1195,1142,1089,1033,983,938,898,862,834,814,802,796,788,777,763,745,725,..
Peru,PER,Number of deaths ages 15-19 years,SH.DTH.1519,..,..,..,..,..,..,..,..,..,..,..,..,..,..,..,..,..,..,..,..,..,..,..,..,..,..,..,..,..,..,4229,4159,4059,3935,3793,3638,3474,3311,3156,3014,2881,2756,2641,2534,2428,2323,2210,2096,1984,1861,1750,1654,1575,1504,1450,1411,1381,1360,1340,1329,1310,1289,1282,..
Peru,PER,Number of deaths ages 20-24 years,SH.DTH.2024,..,..,..,..,..,..,..,..,..,..,..,..,..,..,..,..,..,..,..,..,..,..,..,..,..,..,..,..,..,..,4069,4048,4001,3947,3880,3806,3712,3616,3530,3451,3374,3295,3218,3148,3079,3006,2932,2860,2782,2689,2601,2534,2471,2417,2372,2341,2317,2317,2318,2349,2348,2339,2337,..
Peru,PER,Number of deaths ages 5-9 years,SH.DTH.0509,..,..,..,..,..,..,..,..,..,..,..,..,..,..,..,..,..,..,..,..,..,..,..,..,..,..,..,..,..,..,3485,3348,3215,3082,2944,2801,2660,2523,2385,2252,2119,1993,1873,1761,1658,1565,1477,1392,1315,1246,1185,1136,1091,1047,1001,955,913,874,833,794,756,723,692,..
Peru,PER,Number of under-five deaths,SH.DTH.MORT,103488,103157,102469,101329,99946,98367,96801,95403,94121,92952,110259,90298,89048,87605,85980,84407,83048,81960,80962,80097,79106,77801,76203,74197,71754,68964,65955,62822,59865,57117,54372,51466,48323,44980,41596,38211,34894,31758,28859,26266,23993,21868,20003,18517,17360,16437,15586,14753,13924,13168,12487,11866,11293,10759,10317,9955,9679,9495,9371,9315,9262,9102,8902,..
Philippines,PHL,"Death rate, crude (per 1,000 people)",SP.DYN.CDRT.IN,10.47,10.105,9.787,9.461,9.304,9.071,8.885,8.746,8.652,8.604,8.701,8.531,8.546,8.583,8.555,8.554,8.576,8.35,8.358,8.314,8.279,8.253,8.151,8.058,7.992,7.796,7.675,7.432,7.202,6.955,6.781,6.627,6.305,6.126,5.982,5.903,5.779,5.711,5.686,5.684,5.729,5.689,5.621,5.576,5.556,5.513,5.548,5.529,5.559,5.602,5.636,5.668,5.681,5.756,5.704,5.736,5.695,5.665,5.631,5.609,5.566,7.311,5.568,..
Philippines,PHL,Number of deaths ages 10-14 years,SH.DTH.1014,..,..,..,..,..,..,..,..,..,..,..,..,..,..,..,..,..,..,..,..,..,..,..,..,..,..,..,..,..,..,5565,6029,5381,5284,5183,5089,5008,4951,4891,4834,4802,4776,4751,4747,4756,4777,4803,4828,4827,4783,4738,4728,4740,5357,4746,4734,4741,4763,4775,4776,4772,4770,4759,..
Philippines,PHL,Number of deaths ages 15-19 years,SH.DTH.1519,..,..,..,..,..,..,..,..,..,..,..,..,..,..,..,..,..,..,..,..,..,..,..,..,..,..,..,..,..,..,7293,7047,6793,6601,6488,6458,6482,6524,6563,6585,6600,6593,6615,6684,6817,7051,7355,7687,7942,8039,8011,7896,7761,7671,7654,7705,7775,7803,7789,7806,7980,8379,8843,..
Philippines,PHL,Number of deaths ages 20-24 years,SH.DTH.2024,..,..,..,..,..,..,..,..,..,..,..,..,..,..,..,..,..,..,..,..,..,..,..,..,..,..,..,..,..,..,10427,10147,9786,9396,9033,8773,8651,8679,8824,9058,9328,9609,9841,9992,10071,10132,10224,10364,10552,10763,10890,10980,11079,11166,11229,11271,11295,11265,11191,11175,11363,11733,12111,..
Philippines,PHL,Number of deaths ages 5-9 years,SH.DTH.0509,..,..,..,..,..,..,..,..,..,..,..,..,..,..,..,..,..,..,..,..,..,..,..,..,..,..,..,..,..,..,7791,8720,7285,7078,6895,6737,6605,6476,6321,6147,5967,5818,5703,5611,5539,5492,5459,5406,5343,5288,5248,5216,5178,6418,5119,5084,5044,4989,4917,4834,4759,4703,4651,..
Philippines,PHL,Number of under-five deaths,SH.DTH.MORT,127181,127588,127453,127212,126878,126304,125403,124322,123465,123018,123226,123955,124860,125668,126676,127981,129607,131952,134760,136890,137869,138158,138461,138805,138129,135667,131863,127753,123334,117612,111979,107516,103180,98782,94822,91791,89062,86588,84810,83429,82032,81211,80485,79224,77745,76195,75096,74159,73171,72413,71380,69357,68166,68043,67623,66877,66560,66889,67555,68214,68608,68647,68113,..
Poland,POL,"Death rate, crude (per 1,000 people)",SP.DYN.CDRT.IN,7.6,7.6,7.9,7.5,7.6,7.4,7.4,7.7,7.6,8.1,8.2,8.7,8,8.4,8.2,8.7,8.9,9,9.4,9.2,9.8,9.2,9.3,9.6,10,10.3,10.1,10.1,9.9,10.1,10.2,10.6,10.3,10.2,10,10,10,9.8,9.7,9.9,9.6,9.5,9.4,9.6,9.5,9.6,9.7,9.9,10,10.1,9.9,9.9,10.1,10.2,9.9,10.4,10.2,10.6,10.9,10.8,12.6,13.8,12.2,..
Poland,POL,Number of deaths ages 10-14 years,SH.DTH.1014,..,..,..,..,..,..,..,..,..,..,..,..,..,..,..,..,..,..,..,..,..,..,..,..,..,..,..,..,..,..,882,870,840,812,792,776,755,721,675,628,588,558,532,507,482,454,424,395,366,339,314,291,272,253,239,229,222,221,225,232,240,248,257,..
Poland,POL,Number of deaths ages 15-19 years,SH.DTH.1519,..,..,..,..,..,..,..,..,..,..,..,..,..,..,..,..,..,..,..,..,..,..,..,..,..,..,..,..,..,..,1997,2093,2085,2023,1974,1945,1926,1923,1922,1883,1804,1707,1611,1514,1434,1376,1340,1315,1281,1226,1154,1074,1000,928,849,780,728,695,675,667,668,678,698,..
Poland,POL,Number of deaths ages 20-24 years,SH.DTH.2024,..,..,..,..,..,..,..,..,..,..,..,..,..,..,..,..,..,..,..,..,..,..,..,..,..,..,..,..,..,..,2480,2541,2515,2461,2433,2443,2483,2533,2553,2524,2452,2401,2326,2289,2270,2256,2248,2220,2155,2055,1946,1847,1763,1669,1558,1441,1340,1273,1228,1197,1180,1172,1163,..
Poland,POL,Number of deaths ages 5-9 years,SH.DTH.0509,..,..,..,..,..,..,..,..,..,..,..,..,..,..,..,..,..,..,..,..,..,..,..,..,..,..,..,..,..,..,942,908,842,762,697,648,607,569,531,494,455,422,391,365,339,317,297,278,259,242,227,216,208,203,201,197,192,185,177,168,163,161,166,..
Poland,POL,Number of under-five deaths,SH.DTH.MORT,45110,39117,34589,31230,28094,25143,22769,21034,19984,19412,19109,18813,18299,17827,17613,17568,17633,17369,16872,16644,16398,15827,15474,15386,14851,13949,12896,11862,11070,10324,9667,9280,8785,8085,7453,6627,5775,5068,4412,3894,3561,3339,3109,2923,2819,2758,2718,2685,2674,2614,2493,2323,2164,2039,1947,1879,1832,1839,1815,1736,1668,1631,1608,..
Portugal,PRT,"Death rate, crude (per 1,000 people)",SP.DYN.CDRT.IN,10.7,11.2,10.8,10.9,10.7,10.6,11.2,10.8,10.7,11.5,10.7,11.4,10.5,11.1,11.1,10.8,10.9,10.2,10.1,9.6,9.7,9.7,9.3,9.7,9.7,9.7,9.5,9.5,9.8,9.6,10.3,10.4,10.1,10.6,9.9,10.3,10.6,10.4,10.5,10.6,10.2,10.1,10.2,10.4,9.7,10.2,9.7,9.8,9.9,9.9,10,9.7,10.2,10.2,10.1,10.5,10.7,10.7,11,10.9,12,12,11.9,..
Portugal,PRT,Number of deaths ages 10-14 years,SH.DTH.1014,..,..,..,..,..,..,..,..,..,..,..,..,..,..,..,..,..,..,..,..,..,..,..,..,..,..,..,..,..,..,303,288,271,254,238,223,206,189,173,158,146,134,125,116,107,99,91,84,78,74,70,67,64,60,57,54,52,51,49,48,46,46,46,..
Portugal,PRT,Number of deaths ages 15-19 years,SH.DTH.1519,..,..,..,..,..,..,..,..,..,..,..,..,..,..,..,..,..,..,..,..,..,..,..,..,..,..,..,..,..,..,804,803,777,729,682,639,596,553,515,474,431,389,347,309,279,255,237,219,202,185,168,153,141,130,123,120,119,119,119,121,124,128,134,..
Portugal,PRT,Number of deaths ages 20-24 years,SH.DTH.2024,..,..,..,..,..,..,..,..,..,..,..,..,..,..,..,..,..,..,..,..,..,..,..,..,..,..,..,..,..,..,983,992,990,979,974,974,965,938,891,825,749,679,610,549,497,451,407,367,333,300,274,253,233,215,200,189,182,179,179,183,192,201,211,..
Portugal,PRT,Number of deaths ages 5-9 years,SH.DTH.0509,..,..,..,..,..,..,..,..,..,..,..,..,..,..,..,..,..,..,..,..,..,..,..,..,..,..,..,..,..,..,264,245,224,207,193,181,170,162,152,142,131,120,110,101,94,88,81,76,70,65,60,55,51,48,45,43,41,39,37,35,35,33,33,..
Portugal,PRT,Number of under-five deaths,SH.DTH.MORT,24188,23433,22333,20644,19097,17783,16568,15701,14861,13953,12806,11566,10352,9190,8241,7591,7126,6477,5634,4933,4462,4053,3695,3376,3095,2793,2500,2281,2093,1914,1742,1592,1448,1310,1180,1069,1001,958,913,870,831,763,687,625,563,514,473,439,419,401,385,372,350,325,310,310,312,309,304,296,283,268,256,..
Puerto Rico,PRI,"Death rate, crude (per 1,000 people)",SP.DYN.CDRT.IN,6.7,6.8,6.8,7,7.3,6.8,6.7,6.3,6.5,6.5,6.7,6.5,6.6,6.5,6.7,6.5,6.6,6.4,6.3,6.4,6.4,6.5,6.5,6.5,6.6,7.1,7.2,7.3,7.35,7.4,7.3,7.4,7.6,7.8,7.7,8.1,8,7.7,7.8,7.7,7.48,7.5,7.28,7.31,7.46,7.6,7.29,7.44,7.61,7.78,7.833,8,8.1,8.1,8.5,8.084,8.86,9.222,9.063,9.194,10.131,10.2,11,..
Puerto Rico,PRI,Number of deaths ages 10-14 years,SH.DTH.1014,..,..,..,..,..,..,..,..,..,..,..,..,..,..,..,..,..,..,..,..,..,..,..,..,..,..,..,..,..,..,..,..,..,..,..,..,..,..,..,..,..,..,..,..,..,..,..,..,..,..,..,..,..,..,..,..,..,..,..,..,..,..,..,..
Puerto Rico,PRI,Number of deaths ages 15-19 years,SH.DTH.1519,..,..,..,..,..,..,..,..,..,..,..,..,..,..,..,..,..,..,..,..,..,..,..,..,..,..,..,..,..,..,..,..,..,..,..,..,..,..,..,..,..,..,..,..,..,..,..,..,..,..,..,..,..,..,..,..,..,..,..,..,..,..,..,..
Puerto Rico,PRI,Number of deaths ages 20-24 years,SH.DTH.2024,..,..,..,..,..,..,..,..,..,..,..,..,..,..,..,..,..,..,..,..,..,..,..,..,..,..,..,..,..,..,..,..,..,..,..,..,..,..,..,..,..,..,..,..,..,..,..,..,..,..,..,..,..,..,..,..,..,..,..,..,..,..,..,..
Puerto Rico,PRI,Number of deaths ages 5-9 years,SH.DTH.0509,..,..,..,..,..,..,..,..,..,..,..,..,..,..,..,..,..,..,..,..,..,..,..,..,..,..,..,..,..,..,..,..,..,..,..,..,..,..,..,..,..,..,..,..,..,..,..,..,..,..,..,..,..,..,..,..,..,..,..,..,..,..,..,..
Puerto Rico,PRI,Number of under-five deaths,SH.DTH.MORT,..,..,..,..,..,..,..,..,..,..,..,..,..,..,..,..,..,..,..,..,..,..,..,..,..,..,..,..,..,..,..,..,..,..,..,..,..,..,..,..,..,..,..,..,..,..,..,..,..,..,..,..,..,..,..,..,..,..,..,..,..,..,..,..
Qatar,QAT,"Death rate, crude (per 1,000 people)",SP.DYN.CDRT.IN,11.243,10.777,10.253,9.811,9.28,8.843,8.389,7.856,7.402,6.986,6.596,5.899,5.349,4.913,4.527,4.217,3.97,3.738,3.55,3.37,3.249,3.064,2.963,2.867,2.703,2.618,2.541,2.445,2.428,2.33,2.241,2.253,2.24,2.24,2.242,2.301,2.208,2.206,2.224,2.253,2.278,2.184,2.173,2.159,2.077,2.073,1.869,1.673,1.517,1.38,1.263,1.188,1.156,1.136,1.102,1.032,0.991,0.985,0.982,0.991,1.219,1.311,1.08,..
Qatar,QAT,Number of deaths ages 10-14 years,SH.DTH.1014,..,..,..,..,..,..,..,..,..,..,..,..,..,..,..,..,..,..,..,..,..,..,..,..,..,..,..,..,..,..,14,14,13,13,13,13,13,13,14,14,14,14,14,14,15,15,15,13,14,15,15,15,15,16,16,16,15,15,15,17,17,17,17,..
Qatar,QAT,Number of deaths ages 15-19 years,SH.DTH.1519,..,..,..,..,..,..,..,..,..,..,..,..,..,..,..,..,..,..,..,..,..,..,..,..,..,..,..,..,..,..,24,24,24,24,23,22,23,22,25,28,32,33,35,35,36,37,43,44,43,43,41,40,42,41,42,40,37,37,35,35,37,30,33,..
Qatar,QAT,Number of deaths ages 20-24 years,SH.DTH.2024,..,..,..,..,..,..,..,..,..,..,..,..,..,..,..,..,..,..,..,..,..,..,..,..,..,..,..,..,..,..,26,27,29,29,30,30,29,28,31,36,39,43,45,46,46,44,62,86,103,114,103,94,93,91,90,93,94,96,92,85,75,51,37,..
Qatar,QAT,Number of deaths ages 5-9 years,SH.DTH.0509,..,..,..,..,..,..,..,..,..,..,..,..,..,..,..,..,..,..,..,..,..,..,..,..,..,..,..,..,..,..,15,15,15,15,15,15,15,15,15,15,15,15,15,15,15,15,15,15,16,17,17,17,19,19,21,21,21,21,21,21,23,21,21,..
Qatar,QAT,Number of under-five deaths,SH.DTH.MORT,..,..,..,..,..,..,..,..,..,..,..,..,..,..,298,295,293,292,293,292,292,291,289,286,281,273,263,254,246,237,223,205,189,179,169,161,154,147,143,144,146,148,147,144,140,134,131,134,141,147,155,166,173,177,179,179,179,181,183,180,176,159,137,..
Romania,ROU,"Death rate, crude (per 1,000 people)",SP.DYN.CDRT.IN,8.7,8.7,9.2,8.3,8.1,8.6,8.2,9.2,9.5,10.1,9.5,9.5,9.2,9.8,9.1,9.3,9.5,9.6,9.7,9.8,10.4,10,10,10.4,10.3,10.9,10.6,11.1,11,10.7,10.6,10.9,11.6,11.6,11.7,12,12.7,12.4,12,11.8,11.4,11.7,12.4,12.4,12.1,12.3,12.2,12.1,12.3,12.6,12.8,12.5,12.7,12.4,12.8,13.2,13.1,13.4,13.6,13.4,15.5,17.5,14.3,..
Romania,ROU,Number of deaths ages 10-14 years,SH.DTH.1014,..,..,..,..,..,..,..,..,..,..,..,..,..,..,..,..,..,..,..,..,..,..,..,..,..,..,..,..,..,..,899,867,831,781,728,687,689,757,874,988,1013,909,730,553,422,343,304,289,288,289,286,278,266,254,245,240,234,227,219,209,199,191,185,..
Romania,ROU,Number of deaths ages 15-19 years,SH.DTH.1519,..,..,..,..,..,..,..,..,..,..,..,..,..,..,..,..,..,..,..,..,..,..,..,..,..,..,..,..,..,..,1363,1290,1279,1282,1279,1268,1255,1218,1144,1044,950,898,907,941,983,1009,1009,979,905,785,658,566,509,480,469,467,463,453,441,430,419,402,375,..
Romania,ROU,Number of deaths ages 20-24 years,SH.DTH.2024,..,..,..,..,..,..,..,..,..,..,..,..,..,..,..,..,..,..,..,..,..,..,..,..,..,..,..,..,..,..,1967,1961,1920,1818,1764,1742,1702,1628,1540,1451,1374,1312,1245,1155,1055,982,979,1062,1178,1240,1208,1104,976,850,743,661,603,566,550,552,568,581,581,..
Romania,ROU,Number of deaths ages 5-9 years,SH.DTH.0509,..,..,..,..,..,..,..,..,..,..,..,..,..,..,..,..,..,..,..,..,..,..,..,..,..,..,..,..,..,..,995,902,896,981,1165,1366,1443,1335,1097,809,578,448,398,382,366,349,336,328,314,289,257,230,213,202,197,194,188,181,171,162,155,147,137,..
Romania,ROU,Number of under-five deaths,SH.DTH.MORT,32256,27420,22260,18490,16284,15260,15758,23710,32148,29742,24303,20639,18855,17734,17625,17641,16779,15980,15327,14693,13977,12948,11504,10252,10136,10665,11465,12393,12709,12102,10547,8953,8097,7611,7194,6743,6282,5997,5727,5296,4867,4550,4392,4343,4220,4034,3764,3440,3258,3135,2896,2574,2348,2158,1993,1886,1777,1679,1555,1420,1324,1291,1320,..
Russian Federation,RUS,"Death rate, crude (per 1,000 people)",SP.DYN.CDRT.IN,7.594,7.59,7.833,7.643,7.395,7.72,7.803,8.076,8.261,8.725,8.808,8.916,9.137,9.281,9.373,9.841,10.098,10.217,10.435,10.8,11,10.9,10.7,11.1,11.6,11.3,10.4,10.5,10.7,10.7,11.2,11.4,12.2,14.5,15.7,15,14.2,13.8,13.5,14.6,15.3,15.6,16.2,16.4,15.9,16.1,15.1,14.6,14.5,14.1,14.2,13.5,13.3,13,13.1,13,12.9,12.4,12.5,12.3,14.6,16.7,12.9,..
Russian Federation,RUS,Number of deaths ages 10-14 years,SH.DTH.1014,..,..,..,..,..,..,..,..,..,..,..,..,..,..,..,..,..,..,..,..,..,..,..,..,..,..,..,..,..,..,5128,5323,5512,5711,5834,5824,5789,5785,5728,5613,5465,5205,4798,4301,3814,3372,2983,2676,2453,2287,2158,2075,2029,2009,1995,1969,1925,1875,1827,1781,1733,1704,1695,..
Russian Federation,RUS,Number of deaths ages 15-19 years,SH.DTH.1519,..,..,..,..,..,..,..,..,..,..,..,..,..,..,..,..,..,..,..,..,..,..,..,..,..,..,..,..,..,..,11325,12316,13658,15185,16131,17511,15630,15685,16339,17110,17493,17461,16941,15927,14809,13972,13020,11685,10148,8752,7595,6768,6071,5582,5155,4720,4370,4128,4006,4010,4117,4240,4928,..
Russian Federation,RUS,Number of deaths ages 20-24 years,SH.DTH.2024,..,..,..,..,..,..,..,..,..,..,..,..,..,..,..,..,..,..,..,..,..,..,..,..,..,..,..,..,..,..,16243,17598,19994,23088,25439,30597,26495,27218,28623,30127,31070,31234,30625,29865,28975,28070,27061,25679,23792,21896,20346,18773,16991,15023,12977,10943,9244,7987,7191,6769,6614,6637,10091,..
Russian Federation,RUS,Number of deaths ages 5-9 years,SH.DTH.0509,..,..,..,..,..,..,..,..,..,..,..,..,..,..,..,..,..,..,..,..,..,..,..,..,..,..,..,..,..,..,6500,6746,6935,6919,6659,6240,5711,5140,4617,4184,3825,3507,3212,2950,2749,2541,2366,2241,2153,2087,2030,1972,1926,1886,1846,1791,1738,1685,1613,1535,1468,1399,1308,..
Russian Federation,RUS,Number of under-five deaths,SH.DTH.MORT,..,..,..,94130,83249,73967,66993,61730,57877,55612,54725,54978,55705,56315,57218,58291,59207,60064,60711,61018,60915,60810,61208,62015,62007,60551,58911,57459,54602,50422,46372,42618,38945,35587,33481,32043,30402,28769,27420,26046,24926,24309,23766,23109,22127,20740,19438,18793,18579,18470,18423,18415,18455,18139,17259,15993,14461,12520,10726,9329,8181,7346,6705,..
Rwanda,RWA,"Death rate, crude (per 1,000 people)",SP.DYN.CDRT.IN,19.195,18.693,18.301,20.578,17.786,17.619,17.591,17.603,17.833,18.112,18.352,18.628,18.93,19.414,19.926,20.422,20.591,20.543,20.065,19.211,18.199,17.073,16.063,15.427,14.982,14.649,14.431,14.281,14.328,14.554,15.403,16.453,17.877,19.436,103.534,20.369,19.68,19.637,18.779,17.121,15.774,14.833,13.926,12.791,11.546,10.546,9.803,9.186,8.64,8.284,8.068,7.814,7.604,7.285,6.953,6.724,6.49,6.367,6.227,6.137,5.998,6.28,5.847,..
Rwanda,RWA,Number of deaths ages 10-14 years,SH.DTH.1014,..,..,..,..,..,..,..,..,..,..,..,..,..,..,..,..,..,..,..,..,..,..,..,..,..,..,..,..,..,..,3765,4470,5410,6587,49519,5871,6184,6994,6480,5659,4952,4341,3794,3346,3018,2733,2478,2243,2027,1839,1686,1578,1523,1517,1551,1618,1714,1833,1954,2058,2133,2176,2201,..
Rwanda,RWA,Number of deaths ages 15-19 years,SH.DTH.1519,..,..,..,..,..,..,..,..,..,..,..,..,..,..,..,..,..,..,..,..,..,..,..,..,..,..,..,..,..,..,4754,5503,5718,6366,109273,5245,6012,7353,7128,6206,5247,4406,3723,3204,2804,2465,2181,1957,1794,1681,1619,1588,1566,1533,1492,1432,1362,1286,1207,1139,1090,1063,1051,..
Rwanda,RWA,Number of deaths ages 20-24 years,SH.DTH.2024,..,..,..,..,..,..,..,..,..,..,..,..,..,..,..,..,..,..,..,..,..,..,..,..,..,..,..,..,..,..,4465,5712,5436,6080,159818,4676,5288,6426,6216,5464,4714,4074,3567,3214,2983,2778,2584,2411,2266,2143,2057,2003,1972,1944,1905,1849,1770,1670,1568,1479,1422,1413,1436,..
Rwanda,RWA,Number of deaths ages 5-9 years,SH.DTH.0509,..,..,..,..,..,..,..,..,..,..,..,..,..,..,..,..,..,..,..,..,..,..,..,..,..,..,..,..,..,..,10372,11796,13594,15695,53106,12653,12750,13850,12264,10155,8546,7432,6671,6132,5614,5071,4564,4107,3695,3339,3036,2797,2635,2539,2496,2496,2539,2618,2712,2803,2872,2915,2954,..
Rwanda,RWA,Number of under-five deaths,SH.DTH.MORT,..,32212,32161,32141,32227,32512,33185,34200,35638,37432,39424,41530,43862,46548,49489,52624,55705,57937,58433,57438,55469,53066,50935,49518,48529,47754,47160,46897,46845,47248,48798,51893,56326,61875,135425,62965,58825,61072,62693,60575,57255,53586,48976,44258,39947,36136,32748,29820,27150,24863,22779,20827,19491,18508,17824,17325,16999,16772,16554,16278,15887,15542,15237,..
Samoa,WSM,"Death rate, crude (per 1,000 people)",SP.DYN.CDRT.IN,12.747,12.307,12.008,11.354,12.897,10.275,9.915,9.463,9.15,8.85,8.562,8.283,8.018,7.765,7.532,7.351,7.212,7.09,6.942,6.779,6.631,6.494,6.381,6.324,6.271,6.229,6.198,6.158,6.068,5.987,5.95,5.9,5.741,5.662,5.594,5.505,5.429,5.353,5.276,5.206,5.138,5.08,5.035,5.057,5.088,5.171,5.169,5.221,5.238,6.066,5.275,5.308,5.372,5.299,5.285,5.281,5.29,5.29,5.297,5.5,5.305,5.343,5.45,..
Samoa,WSM,Number of deaths ages 10-14 years,SH.DTH.1014,..,..,..,..,..,..,..,..,..,..,..,..,..,..,..,..,..,..,..,..,..,..,..,..,..,..,..,..,..,..,5,5,5,5,5,5,5,5,5,5,5,5,5,5,5,5,5,5,5,19,5,5,5,5,5,5,5,5,5,5,5,5,5,..
Samoa,WSM,Number of deaths ages 15-19 years,SH.DTH.1519,..,..,..,..,..,..,..,..,..,..,..,..,..,..,..,..,..,..,..,..,..,..,..,..,..,..,..,..,..,..,38,36,33,32,30,28,26,25,23,22,20,20,19,18,17,17,16,16,16,27,16,16,16,16,16,16,15,15,14,14,14,14,14,..
Samoa,WSM,Number of deaths ages 20-24 years,SH.DTH.2024,..,..,..,..,..,..,..,..,..,..,..,..,..,..,..,..,..,..,..,..,..,..,..,..,..,..,..,..,..,..,62,57,53,50,48,46,43,40,37,34,32,29,27,25,23,22,21,19,18,24,17,17,17,17,17,16,16,16,16,15,14,14,14,..
Samoa,WSM,Number of deaths ages 5-9 years,SH.DTH.0509,..,..,..,..,..,..,..,..,..,..,..,..,..,..,..,..,..,..,..,..,..,..,..,..,..,..,..,..,..,..,18,18,17,17,17,17,17,17,17,17,17,17,17,15,15,14,13,12,12,31,10,10,10,10,9,9,8,8,8,7,7,7,7,..
Samoa,WSM,Number of under-five deaths,SH.DTH.MORT,568,554,541,527,620,498,482,466,449,432,414,395,376,358,340,323,307,291,276,263,251,239,229,221,212,204,196,188,180,173,166,160,154,151,148,144,140,136,131,126,122,117,113,110,108,107,106,106,108,144,112,114,115,114,113,112,110,108,106,121,101,99,96,..
San Marino,SMR,"Death rate, crude (per 1,000 people)",SP.DYN.CDRT.IN,..,..,..,..,..,..,..,..,..,..,..,..,..,..,..,..,..,..,..,..,..,..,..,..,..,..,..,..,..,..,..,..,..,..,..,..,..,..,..,..,..,..,..,..,6.3,7.3,7.5,7.2,6,6.3,6.5,6.8,7.1,7.5,7.7,7.1,7.6,8.2,7.1,7.2,9.9,9.1,7.8,..
San Marino,SMR,Number of deaths ages 10-14 years,SH.DTH.1014,..,..,..,..,..,..,..,..,..,..,..,..,..,..,..,..,..,..,..,..,..,..,..,..,..,..,..,..,..,..,0,0,0,0,0,0,0,0,0,0,0,0,0,0,0,0,0,0,0,0,0,0,0,0,0,0,0,0,0,0,0,0,0,..
San Marino,SMR,Number of deaths ages 15-19 years,SH.DTH.1519,..,..,..,..,..,..,..,..,..,..,..,..,..,..,..,..,..,..,..,..,..,..,..,..,..,..,..,..,..,..,1,1,1,1,1,1,0,0,0,0,0,0,0,0,0,0,0,0,0,0,0,0,0,0,0,0,0,0,0,0,0,0,0,..
San Marino,SMR,Number of deaths ages 20-24 years,SH.DTH.2024,..,..,..,..,..,..,..,..,..,..,..,..,..,..,..,..,..,..,..,..,..,..,..,..,..,..,..,..,..,..,2,1,1,1,1,1,1,1,1,1,1,1,1,1,1,0,0,0,0,0,0,0,0,0,0,0,0,0,0,0,0,0,0,..
San Marino,SMR,Number of deaths ages 5-9 years,SH.DTH.0509,..,..,..,..,..,..,..,..,..,..,..,..,..,..,..,..,..,..,..,..,..,..,..,..,..,..,..,..,..,..,0,0,0,0,0,0,0,0,0,0,0,0,0,0,0,0,0,0,0,0,0,0,0,0,0,0,0,0,0,0,0,0,0,..
San Marino,SMR,Number of under-five deaths,SH.DTH.MORT,..,..,..,..,..,..,..,..,..,..,..,..,..,..,..,..,..,..,..,..,..,..,..,..,..,..,..,..,..,..,3,3,3,2,2,2,2,2,2,2,2,2,2,1,1,1,1,1,1,1,1,1,1,1,1,1,0,0,0,0,0,0,0,..
Sao Tome and Principe,STP,"Death rate, crude (per 1,000 people)",SP.DYN.CDRT.IN,22.169,21.079,20.021,19.647,18.686,17.317,15.745,14.337,13.939,13.902,13.231,12.719,12.394,12.059,12.018,11.924,11.77,11.661,11.434,11.287,11.312,11.545,11.628,11.685,11.634,11.381,12.431,10.596,10.351,10.819,10.105,10.064,10.088,10.093,10.054,9.984,9.887,9.768,9.687,9.522,9.334,9.101,8.817,8.483,8.151,8.083,7.699,7.477,7.26,7.169,7.055,7.145,6.775,6.552,6.345,6.198,6.123,5.863,5.879,5.876,6.294,6.387,5.838,..
Sao Tome and Principe,STP,Number of deaths ages 10-14 years,SH.DTH.1014,..,..,..,..,..,..,..,..,..,..,..,..,..,..,..,..,..,..,..,..,..,..,..,..,..,..,..,..,..,..,28,28,29,30,30,30,30,30,29,28,27,25,25,23,21,20,19,18,17,16,16,16,14,14,14,13,12,12,12,11,10,10,10,..
Sao Tome and Principe,STP,Number of deaths ages 15-19 years,SH.DTH.1519,..,..,..,..,..,..,..,..,..,..,..,..,..,..,..,..,..,..,..,..,..,..,..,..,..,..,..,..,..,..,25,25,25,25,26,26,26,26,27,27,27,26,26,26,26,25,25,25,25,25,27,28,28,28,28,28,28,28,28,28,29,29,29,..
Sao Tome and Principe,STP,Number of deaths ages 20-24 years,SH.DTH.2024,..,..,..,..,..,..,..,..,..,..,..,..,..,..,..,..,..,..,..,..,..,..,..,..,..,..,..,..,..,..,36,34,33,32,31,31,31,32,34,35,36,38,38,40,41,41,41,41,42,43,43,45,46,46,45,45,45,45,45,45,45,47,49,..
Sao Tome and Principe,STP,Number of deaths ages 5-9 years,SH.DTH.0509,..,..,..,..,..,..,..,..,..,..,..,..,..,..,..,..,..,..,..,..,..,..,..,..,..,..,..,..,..,..,48,49,51,51,51,51,50,48,46,42,40,36,34,32,28,26,26,24,22,22,20,18,17,16,14,14,12,11,10,10,9,9,9,..
Sao Tome and Principe,STP,Number of under-five deaths,SH.DTH.MORT,..,..,..,..,..,..,..,..,..,..,246,253,261,268,276,285,295,307,319,332,345,358,372,386,402,419,487,453,470,489,505,520,530,535,535,530,520,506,489,471,452,432,410,387,364,342,319,298,278,258,240,223,206,189,171,154,139,125,114,106,100,95,91,..
Saudi Arabia,SAU,"Death rate, crude (per 1,000 people)",SP.DYN.CDRT.IN,20.963,20.492,19.973,19.525,19.071,18.542,18.054,17.478,16.792,16.08,15.373,14.59,13.836,13.016,12.246,11.533,10.842,10.12,9.463,8.901,8.301,7.819,7.348,6.924,6.558,6.207,5.887,5.613,5.331,5.074,4.849,4.65,4.421,4.265,4.109,3.982,3.882,3.804,3.674,3.585,3.482,3.323,3.207,3.113,2.966,2.879,2.797,2.719,2.643,2.59,2.498,2.413,2.415,2.443,2.488,2.542,2.605,2.64,2.655,2.656,2.913,2.864,2.752,..
Saudi Arabia,SAU,Number of deaths ages 10-14 years,SH.DTH.1014,..,..,..,..,..,..,..,..,..,..,..,..,..,..,..,..,..,..,..,..,..,..,..,..,..,..,..,..,..,..,1712,1664,1623,1576,1513,1430,1349,1272,1202,1144,1097,1056,1022,994,970,951,925,897,865,828,787,744,701,658,616,577,543,517,499,486,478,468,460,..
Saudi Arabia,SAU,Number of deaths ages 15-19 years,SH.DTH.1519,..,..,..,..,..,..,..,..,..,..,..,..,..,..,..,..,..,..,..,..,..,..,..,..,..,..,..,..,..,..,2404,2398,2387,2425,2573,2722,2770,2763,2699,2602,2518,2451,2408,2392,2416,2490,2657,2770,2838,2869,2872,2839,2798,2766,2724,2672,2492,2374,2427,2447,2451,2311,2272,..
Saudi Arabia,SAU,Number of deaths ages 20-24 years,SH.DTH.2024,..,..,..,..,..,..,..,..,..,..,..,..,..,..,..,..,..,..,..,..,..,..,..,..,..,..,..,..,..,..,2078,2115,2141,2176,2274,2426,2535,2655,2770,2847,2869,2831,2731,2587,2444,2341,2523,2710,2864,2979,3054,3006,2914,2823,2754,2695,2656,2636,2722,2797,2875,2603,2573,..
Saudi Arabia,SAU,Number of deaths ages 5-9 years,SH.DTH.0509,..,..,..,..,..,..,..,..,..,..,..,..,..,..,..,..,..,..,..,..,..,..,..,..,..,..,..,..,..,..,1655,1613,1572,1524,1451,1375,1314,1256,1209,1173,1143,1115,1088,1062,1031,994,953,908,862,817,771,732,703,681,664,651,638,623,605,587,569,546,526,..
Saudi Arabia,SAU,Number of under-five deaths,SH.DTH.MORT,..,..,..,..,..,..,..,..,..,..,..,..,..,..,..,..,..,43088,41601,40149,38712,37313,35967,34605,33230,31738,30163,28545,26893,25305,23745,22249,20857,19535,18304,17141,16095,15169,14351,13624,12975,12287,11521,10730,9956,9277,8861,8667,8389,8040,7710,7381,7026,6636,6231,5825,5445,5158,4951,4764,4599,4329,4028,..
Senegal,SEN,"Death rate, crude (per 1,000 people)",SP.DYN.CDRT.IN,24.944,24.863,24.866,24.787,24.722,24.702,24.544,24.39,24.179,23.971,23.627,23.266,22.793,22.112,21.545,20.821,20.042,19.241,18.454,17.696,16.998,16.466,15.939,15.484,14.861,14.298,13.487,12.857,12.208,11.756,11.433,11.285,11.258,11.291,11.287,11.326,11.395,11.417,11.488,11.39,11.181,10.815,10.423,9.932,9.444,8.99,8.577,8.178,7.831,7.514,7.19,6.894,6.78,6.503,6.318,6.109,5.84,5.721,5.579,5.409,5.584,5.922,5.548,..
Senegal,SEN,Number of deaths ages 10-14 years,SH.DTH.1014,..,..,..,..,..,..,..,..,..,..,..,..,..,..,..,..,..,..,..,..,..,..,..,..,..,..,..,..,..,..,1873,1920,1987,2081,2199,2333,2469,2595,2698,2759,2781,2759,2705,2629,2543,2452,2364,2293,2225,2162,2108,2053,1989,1923,1853,1775,1703,1633,1573,1535,1504,1475,1460,..
Senegal,SEN,Number of deaths ages 15-19 years,SH.DTH.1519,..,..,..,..,..,..,..,..,..,..,..,..,..,..,..,..,..,..,..,..,..,..,..,..,..,..,..,..,..,..,1907,1971,2036,2098,2156,2210,2257,2303,2343,2387,2426,2462,2485,2499,2500,2496,2481,2460,2429,2395,2351,2312,2277,2249,2233,2230,2228,2231,2242,2246,2256,2266,2268,..
Senegal,SEN,Number of deaths ages 20-24 years,SH.DTH.2024,..,..,..,..,..,..,..,..,..,..,..,..,..,..,..,..,..,..,..,..,..,..,..,..,..,..,..,..,..,..,1806,1835,1863,1897,1928,1962,1991,2022,2051,2075,2098,2114,2121,2125,2124,2115,2096,2061,2019,1972,1917,1867,1812,1759,1708,1657,1618,1594,1588,1599,1627,1660,1692,..
Senegal,SEN,Number of deaths ages 5-9 years,SH.DTH.0509,..,..,..,..,..,..,..,..,..,..,..,..,..,..,..,..,..,..,..,..,..,..,..,..,..,..,..,..,..,..,5526,5512,5558,5656,5801,5971,6140,6275,6356,6342,6224,6020,5774,5491,5216,4961,4725,4511,4308,4101,3903,3713,3518,3318,3119,2918,2717,2533,2380,2260,2155,2062,1987,..
Senegal,SEN,Number of under-five deaths,SH.DTH.MORT,45809,47027,48441,49885,51341,52769,54111,55390,56520,57501,58327,58909,59227,59259,59036,58527,57687,56610,55436,54309,53400,52699,52031,51261,50247,48897,47165,45369,43783,42642,42189,42285,42782,43672,44717,45786,46776,47550,47960,47949,47229,45623,43555,41344,39079,36982,35312,33752,32301,31260,30308,29337,28453,27547,26605,25498,24365,23414,22623,21951,21281,20733,20201,..
Serbia,SRB,"Death rate, crude (per 1,000 people)",SP.DYN.CDRT.IN,8.828,8.782,8.668,8.566,8.722,8.705,8.503,8.853,8.887,9.074,8.994,8.916,8.863,8.868,8.814,8.947,9.035,9.097,9.393,9.675,9.773,10.042,10.341,10.854,11.03,10.93,11.063,11.19,11.069,11.113,10.988,10.931,10.922,10.95,10.891,12.3,12.9,12.91,13.13,13.5,13.8,13.2,13.7,13.9,14,14.3,13.88,13.92,13.97,14.2,14.2,14.2,14.2,14,14.2,14.6,14.3,14.8,14.6,14.6,16.9,20,16.2,..
Serbia,SRB,Number of deaths ages 10-14 years,SH.DTH.1014,..,..,..,..,..,..,..,..,..,..,..,..,..,..,..,..,..,..,..,..,..,..,..,..,..,..,..,..,..,..,165,157,148,143,139,134,131,129,126,120,114,108,100,94,88,83,79,76,70,65,60,57,55,55,56,54,51,48,46,44,43,43,43,..
Serbia,SRB,Number of deaths ages 15-19 years,SH.DTH.1519,..,..,..,..,..,..,..,..,..,..,..,..,..,..,..,..,..,..,..,..,..,..,..,..,..,..,..,..,..,..,336,374,371,340,300,269,263,283,308,312,291,261,237,222,216,214,211,201,185,169,156,147,142,135,125,117,111,110,112,118,121,122,120,..
Serbia,SRB,Number of deaths ages 20-24 years,SH.DTH.2024,..,..,..,..,..,..,..,..,..,..,..,..,..,..,..,..,..,..,..,..,..,..,..,..,..,..,..,..,..,..,460,502,492,453,406,375,383,430,483,496,466,419,378,355,350,357,358,347,326,297,269,248,233,220,209,201,194,191,184,178,175,176,181,..
Serbia,SRB,Number of deaths ages 5-9 years,SH.DTH.0509,..,..,..,..,..,..,..,..,..,..,..,..,..,..,..,..,..,..,..,..,..,..,..,..,..,..,..,..,..,..,171,162,155,148,140,133,125,118,112,106,101,95,90,82,74,67,62,59,57,56,54,49,46,42,40,39,39,38,37,37,36,34,34,..
Serbia,SRB,Number of under-five deaths,SH.DTH.MORT,..,..,..,..,..,..,..,..,..,..,..,..,..,..,..,..,..,..,..,..,..,..,..,..,..,..,..,..,..,3126,2708,2455,2280,2153,1989,1784,1573,1349,1072,912,929,960,931,853,745,642,574,539,536,534,530,521,508,489,466,447,427,415,405,396,384,365,342,..
Seychelles,SYC,"Death rate, crude (per 1,000 people)",SP.DYN.CDRT.IN,..,..,..,..,..,..,..,..,..,..,..,8.5,9.4,8.3,8.6,7.3,7.7,7.7,7.5,7,7,6.9,7.5,7,7.5,7.2,7.6,7.4,7.3,8.1,7.7,7.7,7.4,8.3,7.6,7,7.4,7.8,7.2,7,6.8,6.8,7.7,8.1,7.2,8.1,7.8,7.4,7.6,7.8,7.4,7.9,7.4,8,7.9,7.5,7.9,7.8,8.4,8.1,6.8,9.3,7.8,..
Seychelles,SYC,Number of deaths ages 10-14 years,SH.DTH.1014,..,..,..,..,..,..,..,..,..,..,..,..,..,..,..,..,..,..,..,..,..,..,..,..,..,..,..,..,..,..,3,3,3,3,3,2,2,2,2,2,2,2,2,2,2,3,3,3,2,2,2,2,2,2,2,2,2,2,2,2,2,2,2,..
Seychelles,SYC,Number of deaths ages 15-19 years,SH.DTH.1519,..,..,..,..,..,..,..,..,..,..,..,..,..,..,..,..,..,..,..,..,..,..,..,..,..,..,..,..,..,..,4,4,4,4,5,5,6,6,6,6,5,5,5,5,6,6,6,6,6,6,6,6,6,6,6,6,6,6,6,6,6,6,6,..
Seychelles,SYC,Number of deaths ages 20-24 years,SH.DTH.2024,..,..,..,..,..,..,..,..,..,..,..,..,..,..,..,..,..,..,..,..,..,..,..,..,..,..,..,..,..,..,8,7,7,7,7,7,8,7,8,8,8,8,8,7,7,6,6,6,6,6,6,6,6,6,6,6,6,6,6,6,6,5,5,..
Seychelles,SYC,Number of deaths ages 5-9 years,SH.DTH.0509,..,..,..,..,..,..,..,..,..,..,..,..,..,..,..,..,..,..,..,..,..,..,..,..,..,..,..,..,..,..,3,3,3,3,3,3,3,3,3,3,3,3,3,3,2,2,2,2,2,2,2,2,2,2,2,2,2,2,2,2,2,2,2,..
Seychelles,SYC,Number of under-five deaths,SH.DTH.MORT,159,163,166,168,169,169,167,162,156,148,139,129,120,111,102,95,83,70,65,60,54,49,42,37,36,34,32,31,29,28,26,26,25,24,24,23,22,21,20,20,20,20,20,20,20,21,21,22,23,23,23,23,24,24,24,24,25,26,26,25,25,24,24,..
Sierra Leone,SLE,"Death rate, crude (per 1,000 people)",SP.DYN.CDRT.IN,30.608,30.298,29.951,29.599,29.178,28.747,28.292,27.785,27.387,26.988,26.472,26.024,25.574,25.165,24.773,24.362,23.958,23.582,23.242,22.875,22.616,22.38,22.18,21.974,21.851,21.82,21.837,21.601,21.521,21.446,21.34,21.667,21.506,21.48,21.92,21.967,21.18,21.052,21.608,21.883,19.794,19.248,18.67,18.104,17.491,16.89,16.096,15.345,14.546,13.805,13.089,12.481,11.939,11.372,11.219,10.712,10.046,9.88,9.308,9.065,9.296,9.113,8.909,..
Sierra Leone,SLE,Number of deaths ages 10-14 years,SH.DTH.1014,..,..,..,..,..,..,..,..,..,..,..,..,..,..,..,..,..,..,..,..,..,..,..,..,..,..,..,..,..,..,1346,1396,1337,1309,1293,1281,1257,1255,1252,1237,1220,1246,1315,1345,1378,1401,1422,1436,1456,1484,1528,1579,1635,1698,1757,1808,1856,1899,1937,1971,1995,2010,2018,..
Sierra Leone,SLE,Number of deaths ages 15-19 years,SH.DTH.1519,..,..,..,..,..,..,..,..,..,..,..,..,..,..,..,..,..,..,..,..,..,..,..,..,..,..,..,..,..,..,2094,2206,2125,2097,2086,2290,2048,2049,2053,2055,2065,2168,2345,2469,2585,2673,2740,2778,2827,2876,2931,2976,3027,3070,3112,3144,3163,3170,3174,3165,3140,3115,3078,..
Sierra Leone,SLE,Number of deaths ages 20-24 years,SH.DTH.2024,..,..,..,..,..,..,..,..,..,..,..,..,..,..,..,..,..,..,..,..,..,..,..,..,..,..,..,..,..,..,1972,2081,2021,2011,2014,2489,2030,2059,2089,2094,2099,2188,2348,2441,2522,2583,2629,2657,2693,2726,2761,2795,2825,2854,2892,2917,2949,2971,2992,3027,3074,3121,3172,..
Sierra Leone,SLE,Number of deaths ages 5-9 years,SH.DTH.0509,..,..,..,..,..,..,..,..,..,..,..,..,..,..,..,..,..,..,..,..,..,..,..,..,..,..,..,..,..,..,3413,3516,3337,3234,3154,3086,2997,2946,2909,2853,2796,2840,2967,3009,3043,3058,3061,3052,3059,3068,3090,3120,3169,3226,3295,3358,3410,3451,3472,3465,3432,3394,3338,..
Sierra Leone,SLE,Number of under-five deaths,SH.DTH.MORT,..,..,..,..,..,42337,42375,42394,42423,42371,42328,42353,42361,42401,42562,42684,42750,42853,43016,43166,43301,43502,43823,44195,44642,45145,45683,46325,47007,47655,48331,49562,50022,49580,49306,48840,48096,47308,46655,45905,45000,44556,44994,45308,44915,44390,43835,42861,41635,40410,39104,37842,36634,35310,34882,35161,31438,30502,29650,28765,27923,27084,26298,..
Singapore,SGP,"Death rate, crude (per 1,000 people)",SP.DYN.CDRT.IN,6.2,5.9,5.8,5.6,5.7,5.4,5.4,5.3,5.5,5,5.2,5.4,5.4,5.4,5.2,5.1,5.1,5.1,5.1,5.2,4.9,4.9,4.9,5,4.8,4.9,4.6,4.7,4.9,4.9,4.7,4.6,4.7,4.6,4.7,4.8,4.7,4.5,4.6,4.5,4.5,4.3,4.4,4.5,4.4,4.4,4.4,4.5,4.4,4.3,4.4,4.5,4.5,4.6,4.7,4.8,4.8,5,5,5,5.2,5.8,6.3,..
Singapore,SGP,Number of deaths ages 10-14 years,SH.DTH.1014,..,..,..,..,..,..,..,..,..,..,..,..,..,..,..,..,..,..,..,..,..,..,..,..,..,..,..,..,..,..,54,52,50,48,47,46,45,44,44,42,40,39,39,39,37,36,35,35,34,32,30,29,29,28,26,25,24,23,23,24,24,24,24,..
Singapore,SGP,Number of deaths ages 15-19 years,SH.DTH.1519,..,..,..,..,..,..,..,..,..,..,..,..,..,..,..,..,..,..,..,..,..,..,..,..,..,..,..,..,..,..,120,106,97,91,87,84,82,81,82,84,87,87,86,85,83,81,78,76,77,79,81,79,75,74,72,72,69,65,61,57,56,56,57,..
Singapore,SGP,Number of deaths ages 20-24 years,SH.DTH.2024,..,..,..,..,..,..,..,..,..,..,..,..,..,..,..,..,..,..,..,..,..,..,..,..,..,..,..,..,..,..,214,193,174,160,151,146,144,140,137,135,134,135,137,135,130,124,122,124,123,123,121,121,121,119,116,113,110,108,106,104,102,99,95,..
Singapore,SGP,Number of deaths ages 5-9 years,SH.DTH.0509,..,..,..,..,..,..,..,..,..,..,..,..,..,..,..,..,..,..,..,..,..,..,..,..,..,..,..,..,..,..,44,42,41,39,39,38,37,36,35,33,32,30,29,27,25,23,23,21,20,19,18,18,18,16,16,16,16,16,15,15,15,15,16,..
Singapore,SGP,Number of under-five deaths,SH.DTH.MORT,3151,2841,2571,2384,2242,2068,1905,1733,1534,1365,1239,1157,1104,1013,858,714,654,614,580,584,594,580,548,510,479,469,432,408,432,417,402,372,323,298,277,270,253,239,219,190,191,175,155,148,138,132,130,132,134,134,132,134,140,139,139,140,128,113,105,100,96,93,90,..
Sint Maarten (Dutch part),SXM,"Death rate, crude (per 1,000 people)",SP.DYN.CDRT.IN,11.005,10.844,9.727,8.432,7.98,8.514,7.337,6.71,6.57,5.809,5.022,5.157,5.064,4.791,4.575,4.37,4.237,4.318,4.375,4.498,4.722,4.628,4.108,3.918,3.872,3.844,3.827,3.801,3.57,3.685,3.744,3.894,3.756,3.863,3.916,3.975,3.911,3.709,3.889,3.484,3.745,3.829,3.791,4.106,4.171,3.4,3.6,3.2,3.8,3.1,4.1,5.1,5.4,4.7,4.7,5.4,4.1,4.2,4,4.7,5.5,5.6,6,..
Sint Maarten (Dutch part),SXM,Number of deaths ages 10-14 years,SH.DTH.1014,..,..,..,..,..,..,..,..,..,..,..,..,..,..,..,..,..,..,..,..,..,..,..,..,..,..,..,..,..,..,..,..,..,..,..,..,..,..,..,..,..,..,..,..,..,..,..,..,..,..,..,..,..,..,..,..,..,..,..,..,..,..,..,..
Sint Maarten (Dutch part),SXM,Number of deaths ages 15-19 years,SH.DTH.1519,..,..,..,..,..,..,..,..,..,..,..,..,..,..,..,..,..,..,..,..,..,..,..,..,..,..,..,..,..,..,..,..,..,..,..,..,..,..,..,..,..,..,..,..,..,..,..,..,..,..,..,..,..,..,..,..,..,..,..,..,..,..,..,..
Sint Maarten (Dutch part),SXM,Number of deaths ages 20-24 years,SH.DTH.2024,..,..,..,..,..,..,..,..,..,..,..,..,..,..,..,..,..,..,..,..,..,..,..,..,..,..,..,..,..,..,..,..,..,..,..,..,..,..,..,..,..,..,..,..,..,..,..,..,..,..,..,..,..,..,..,..,..,..,..,..,..,..,..,..
Sint Maarten (Dutch part),SXM,Number of deaths ages 5-9 years,SH.DTH.0509,..,..,..,..,..,..,..,..,..,..,..,..,..,..,..,..,..,..,..,..,..,..,..,..,..,..,..,..,..,..,..,..,..,..,..,..,..,..,..,..,..,..,..,..,..,..,..,..,..,..,..,..,..,..,..,..,..,..,..,..,..,..,..,..
Sint Maarten (Dutch part),SXM,Number of under-five deaths,SH.DTH.MORT,..,..,..,..,..,..,..,..,..,..,..,..,..,..,..,..,..,..,..,..,..,..,..,..,..,..,..,..,..,..,..,..,..,..,..,..,..,..,..,..,..,..,..,..,..,..,..,..,..,..,..,..,..,..,..,..,..,..,..,..,..,..,..,..
Slovak Republic,SVK,"Death rate, crude (per 1,000 people)",SP.DYN.CDRT.IN,7.8,7.5,8.1,7.7,7.6,8.2,8.2,8,8.5,9,9.3,9.4,9,9.4,9.6,9.5,9.5,9.7,9.8,9.7,10.2,9.9,10,10.3,10.1,10.2,10.2,10,10,10.2,10.3,10.3,10.1,9.9,9.6,9.8,9.5,9.7,9.9,9.7,9.8,9.7,9.6,9.7,9.7,10,9.9,10,9.9,9.8,9.9,9.6,9.7,9.6,9.5,9.9,9.6,9.9,10,9.8,10.8,13.5,11,..
Slovak Republic,SVK,Number of deaths ages 10-14 years,SH.DTH.1014,..,..,..,..,..,..,..,..,..,..,..,..,..,..,..,..,..,..,..,..,..,..,..,..,..,..,..,..,..,..,117,114,112,110,107,104,102,99,96,92,89,84,80,77,73,68,63,58,55,50,48,45,44,41,39,38,38,37,36,37,37,37,37,..
Slovak Republic,SVK,Number of deaths ages 15-19 years,SH.DTH.1519,..,..,..,..,..,..,..,..,..,..,..,..,..,..,..,..,..,..,..,..,..,..,..,..,..,..,..,..,..,..,246,254,257,259,257,251,244,236,227,218,210,203,195,187,179,172,165,159,153,146,138,130,121,114,109,105,101,97,93,91,89,89,88,..
Slovak Republic,SVK,Number of deaths ages 20-24 years,SH.DTH.2024,..,..,..,..,..,..,..,..,..,..,..,..,..,..,..,..,..,..,..,..,..,..,..,..,..,..,..,..,..,..,298,297,300,308,316,323,329,332,332,328,321,312,302,292,282,272,264,256,248,238,228,220,211,204,195,185,173,163,153,144,138,133,127,..
Slovak Republic,SVK,Number of deaths ages 5-9 years,SH.DTH.0509,..,..,..,..,..,..,..,..,..,..,..,..,..,..,..,..,..,..,..,..,..,..,..,..,..,..,..,..,..,..,120,117,114,110,106,102,98,95,90,85,80,74,68,63,58,55,52,48,46,45,43,42,40,40,39,39,39,38,37,36,35,34,34,..
Slovak Republic,SVK,Number of under-five deaths,SH.DTH.MORT,3289,3067,2854,2747,2707,2618,2511,2394,2300,2293,2324,2357,2429,2526,2613,2624,2591,2535,2453,2363,2217,2064,1954,1857,1754,1649,1539,1421,1328,1247,1180,1126,1050,974,884,782,711,660,614,571,537,501,470,457,453,446,432,417,412,416,413,402,383,363,354,348,346,346,343,338,333,326,319,..
Slovenia,SVN,"Death rate, crude (per 1,000 people)",SP.DYN.CDRT.IN,9.6,8.8,9.9,9.3,10.2,9.7,9.1,9.7,10.2,10.8,10.1,10,10.4,10,9.7,10.1,10,9.6,9.9,9.6,9.9,9.8,10.3,10.8,10.5,10.2,9.9,10,9.6,9.4,9.3,9.7,9.7,10,9.7,9.5,9.4,9.5,9.6,9.5,9.3,9.3,9.4,9.7,9.3,9.4,9.1,9.2,9.1,9.2,9.1,9.1,9.4,9.4,9.2,9.6,9.5,9.9,9.9,9.9,11.4,11,10.6,..
Slovenia,SVN,Number of deaths ages 10-14 years,SH.DTH.1014,..,..,..,..,..,..,..,..,..,..,..,..,..,..,..,..,..,..,..,..,..,..,..,..,..,..,..,..,..,..,33,32,31,29,28,26,24,23,22,20,20,18,17,15,15,13,13,12,12,10,10,10,10,9,9,9,8,8,8,8,9,9,8,..
Slovenia,SVN,Number of deaths ages 15-19 years,SH.DTH.1519,..,..,..,..,..,..,..,..,..,..,..,..,..,..,..,..,..,..,..,..,..,..,..,..,..,..,..,..,..,..,98,99,100,100,100,98,97,93,89,84,79,74,69,66,62,58,54,50,45,41,37,34,33,30,29,27,26,25,24,23,21,20,20,..
Slovenia,SVN,Number of deaths ages 20-24 years,SH.DTH.2024,..,..,..,..,..,..,..,..,..,..,..,..,..,..,..,..,..,..,..,..,..,..,..,..,..,..,..,..,..,..,156,151,148,145,142,140,138,135,131,128,125,122,117,111,105,99,93,87,82,77,72,66,60,55,50,46,43,41,39,36,35,32,30,..
Slovenia,SVN,Number of deaths ages 5-9 years,SH.DTH.0509,..,..,..,..,..,..,..,..,..,..,..,..,..,..,..,..,..,..,..,..,..,..,..,..,..,..,..,..,..,..,34,31,29,28,26,24,22,21,19,17,16,14,14,13,12,12,11,11,10,9,9,9,9,9,9,9,9,9,8,7,7,7,7,..
Slovenia,SVN,Number of under-five deaths,SH.DTH.MORT,..,..,..,..,..,..,..,..,..,..,..,..,..,..,..,..,..,..,..,..,..,..,..,..,..,..,354,325,300,269,240,216,193,173,158,144,132,121,112,104,98,93,87,82,79,76,74,73,74,73,71,68,65,62,59,56,54,52,51,49,47,46,44,..
Solomon Islands,SLB,"Death rate, crude (per 1,000 people)",SP.DYN.CDRT.IN,17.071,16.722,16.251,15.78,15.289,14.801,14.311,13.857,13.223,12.685,12.236,11.897,11.341,10.821,10.339,10.909,9.399,9.182,8.565,8.257,7.999,7.78,7.58,7.432,7.299,7.151,7.401,6.887,6.755,6.647,6.548,6.461,6.38,6.308,6.224,6.161,6.089,6.041,5.99,5.957,5.939,5.92,5.899,5.884,5.854,5.829,5.797,5.863,5.714,5.713,5.614,5.544,5.468,5.421,5.407,5.26,5.176,5.11,5.052,4.989,5.082,5.028,4.888,..
Solomon Islands,SLB,Number of deaths ages 10-14 years,SH.DTH.1014,..,..,..,..,..,..,..,..,..,..,..,..,..,..,..,..,..,..,..,..,..,..,..,..,..,..,..,..,..,..,27,28,28,28,28,28,28,28,29,29,30,30,30,31,31,31,32,37,32,32,32,32,32,32,32,32,32,32,32,32,36,32,32,..
Solomon Islands,SLB,Number of deaths ages 15-19 years,SH.DTH.1519,..,..,..,..,..,..,..,..,..,..,..,..,..,..,..,..,..,..,..,..,..,..,..,..,..,..,..,..,..,..,45,45,46,46,47,47,48,49,49,50,51,52,52,52,54,54,54,54,55,56,56,57,57,58,58,59,59,59,59,60,60,60,60,..
Solomon Islands,SLB,Number of deaths ages 20-24 years,SH.DTH.2024,..,..,..,..,..,..,..,..,..,..,..,..,..,..,..,..,..,..,..,..,..,..,..,..,..,..,..,..,..,..,47,49,49,51,51,51,53,53,53,55,55,57,57,59,59,60,61,61,62,62,62,62,63,63,64,65,65,66,67,67,68,68,69,..
Solomon Islands,SLB,Number of deaths ages 5-9 years,SH.DTH.0509,..,..,..,..,..,..,..,..,..,..,..,..,..,..,..,..,..,..,..,..,..,..,..,..,..,..,..,..,..,..,41,41,41,41,41,41,41,41,42,42,42,42,44,44,44,45,45,53,45,45,45,45,43,43,43,43,43,43,43,43,51,41,41,..
Solomon Islands,SLB,Number of under-five deaths,SH.DTH.MORT,945,935,920,902,883,860,834,807,775,743,713,681,650,621,596,634,547,527,511,497,486,478,471,467,465,464,463,463,461,461,459,457,455,454,454,456,457,456,456,458,460,462,465,468,470,473,476,477,476,473,471,469,467,464,461,455,446,436,424,414,404,394,385,..
Somalia,SOM,"Death rate, crude (per 1,000 people)",SP.DYN.CDRT.IN,21.131,21.018,20.739,20.539,20.361,20.153,19.969,19.794,19.628,19.471,19.325,19.185,19.046,18.912,20.748,20.436,20.137,18.345,18.392,18.228,18.142,18.068,17.994,17.777,17.586,17.707,17.646,17.304,20.457,18.337,18.009,40.463,38.55,15.492,15.868,15.753,15.885,16.136,15.806,15.878,15.778,15.702,15.684,15.712,15.711,15.593,15.566,15.542,15.096,14.591,15.358,14.856,13.568,13.129,12.81,12.447,12.275,11.891,11.444,11.041,11.39,11.596,11.012,..
Somalia,SOM,Number of deaths ages 10-14 years,SH.DTH.1014,..,..,..,..,..,..,..,..,..,..,..,..,..,..,..,..,..,..,..,..,..,..,..,..,..,..,..,..,..,..,2307,2278,2144,2148,2314,2382,2489,2557,2652,2735,2780,2801,2842,2946,3109,3306,3525,3686,3789,3799,4364,4376,3731,3737,3770,3796,3818,3868,3901,3939,3977,4005,4046,..
Somalia,SOM,Number of deaths ages 15-19 years,SH.DTH.1519,..,..,..,..,..,..,..,..,..,..,..,..,..,..,..,..,..,..,..,..,..,..,..,..,..,..,..,..,..,..,3327,3254,3051,3061,3309,3422,3595,3718,3887,4059,4227,4404,4572,4719,4851,4916,4909,4887,4992,5099,5256,5460,5518,5599,5676,5746,5810,5915,5989,6068,6146,6204,6829,..
Somalia,SOM,Number of deaths ages 20-24 years,SH.DTH.2024,..,..,..,..,..,..,..,..,..,..,..,..,..,..,..,..,..,..,..,..,..,..,..,..,..,..,..,..,..,..,3868,3771,3518,3498,3740,3822,3979,4090,4271,4477,4684,4906,5127,5334,5551,5763,5951,6069,6181,6161,6059,5902,5687,5749,5948,6202,6502,6815,6987,7115,7244,7349,8815,..
Somalia,SOM,Number of deaths ages 5-9 years,SH.DTH.0509,..,..,..,..,..,..,..,..,..,..,..,..,..,..,..,..,..,..,..,..,..,..,..,..,..,..,..,..,..,..,5623,5479,5074,5021,5340,5361,5416,5439,5671,6008,6409,6894,7349,7680,7973,8256,8500,8621,8714,8636,9582,9504,8192,8116,8110,8090,8075,8125,8145,8182,8218,8221,8217,..
Somalia,SOM,Number of under-five deaths,SH.DTH.MORT,..,..,..,..,..,..,..,..,..,..,..,..,..,..,..,..,..,..,..,..,..,..,..,..,..,..,..,61173,62814,62897,61694,60518,58631,57042,57768,59244,60671,62654,64989,67511,70029,72618,75350,78034,80666,83298,85577,86887,87396,86942,86054,85187,83674,82128,81469,80952,80470,79825,79395,79066,78592,78002,77437,..
South Africa,ZAF,"Death rate, crude (per 1,000 people)",SP.DYN.CDRT.IN,14.073,13.81,13.617,13.446,13.275,13.097,12.967,12.822,12.665,12.474,12.242,12.018,11.827,11.563,11.318,11.075,10.782,10.494,10.223,10.011,9.81,9.539,9.298,9.075,8.902,8.715,8.517,8.439,8.235,8.162,8.031,8.017,7.944,8.052,8.231,8.382,8.691,8.949,9.335,9.738,10.174,10.871,11.784,12.657,12.947,13.177,13.234,12.973,12.543,11.947,11.257,10.592,9.993,9.77,9.432,9.259,8.924,8.802,8.765,8.614,9.425,11.432,12.032,..
South Africa,ZAF,Number of deaths ages 10-14 years,SH.DTH.1014,..,..,..,..,..,..,..,..,..,..,..,..,..,..,..,..,..,..,..,..,..,..,..,..,..,..,..,..,..,..,1686,1920,2184,2454,2718,2971,3241,3539,3854,4191,4521,4837,5128,5385,5584,5731,5745,5605,5353,5042,4689,4319,3978,3689,3461,3306,3233,3205,3263,3345,3419,3504,3593,..
South Africa,ZAF,Number of deaths ages 15-19 years,SH.DTH.1519,..,..,..,..,..,..,..,..,..,..,..,..,..,..,..,..,..,..,..,..,..,..,..,..,..,..,..,..,..,..,5908,5665,5479,5597,5964,6552,7314,8140,8890,9583,10222,10834,11421,11894,12190,12215,11965,11486,10878,10233,9641,9115,8611,8159,7781,7464,7242,6862,6744,6755,6899,7173,7521,..
South Africa,ZAF,Number of deaths ages 20-24 years,SH.DTH.2024,..,..,..,..,..,..,..,..,..,..,..,..,..,..,..,..,..,..,..,..,..,..,..,..,..,..,..,..,..,..,11837,12868,13588,14185,14599,14910,15316,15972,17026,18648,20783,23193,25521,27440,28667,29166,29045,28460,27433,25993,24257,22428,20633,19013,17636,16682,16087,14686,13877,13225,12667,12227,11939,..
South Africa,ZAF,Number of deaths ages 5-9 years,SH.DTH.0509,..,..,..,..,..,..,..,..,..,..,..,..,..,..,..,..,..,..,..,..,..,..,..,..,..,..,..,..,..,..,5686,6000,6321,6600,6852,7030,7129,7188,7211,7257,7347,7472,7621,7727,7729,7576,7255,6847,6407,5969,5568,5203,4851,4543,4237,3921,3654,3426,3242,3106,3020,2942,2871,..
South Africa,ZAF,Number of under-five deaths,SH.DTH.MORT,..,..,..,..,..,..,..,..,..,..,..,..,..,..,..,..,..,..,..,96057,92898,89822,87751,86509,85799,85533,85858,85788,84183,81537,78199,75463,73478,71957,71483,71801,72120,71458,70968,71486,71893,72079,72847,74021,76724,80546,82757,80561,76741,69194,58996,52450,48679,46958,45818,44841,43350,42503,42712,43035,42463,41066,40381,..
South Sudan,SSD,"Death rate, crude (per 1,000 people)",SP.DYN.CDRT.IN,36.098,35.935,35.629,36.509,31.209,35.94,40.669,40.076,39.551,40.5,39.927,32.737,32.361,27.571,27.52,27.254,27.1,26.576,26.198,25.861,25.328,24.919,24.553,27.813,30.857,30.611,30.275,47.475,74.552,33.879,34.067,33.899,45.705,45.732,20.98,32.71,32.204,30.951,55.947,20.606,18.587,17.833,17.226,15.309,14.651,14.028,13.533,12.916,12.465,12.221,11.68,11.6,11.104,11.136,11.493,11.072,11.01,11.01,10.584,10.531,10.759,11.05,10.745,..
South Sudan,SSD,Number of deaths ages 10-14 years,SH.DTH.1014,..,..,..,..,..,..,..,..,..,..,..,..,..,..,..,..,..,..,..,..,..,..,..,..,..,..,..,..,..,..,2032,2021,1994,1962,1963,1983,1978,1941,1878,1863,1902,1942,2005,2073,2095,2087,2078,2063,2045,2044,2056,2086,2136,2209,2282,2319,2358,2370,2391,2443,2517,2605,2706,..
South Sudan,SSD,Number of deaths ages 15-19 years,SH.DTH.1519,..,..,..,..,..,..,..,..,..,..,..,..,..,..,..,..,..,..,..,..,..,..,..,..,..,..,..,..,..,..,3026,3041,3022,2974,2952,2939,2902,2858,2818,2810,2839,2844,2805,2754,2767,2835,2921,3048,3176,3237,3239,3297,3326,3367,3447,3411,3530,3533,3577,3738,3951,4088,4203,..
South Sudan,SSD,Number of deaths ages 20-24 years,SH.DTH.2024,..,..,..,..,..,..,..,..,..,..,..,..,..,..,..,..,..,..,..,..,..,..,..,..,..,..,..,..,..,..,3286,3343,3377,3382,3417,3454,3451,3431,3412,3412,3444,3460,3467,3485,3527,3595,3659,3686,3698,3771,3865,4114,4329,4528,4635,4252,4165,3681,3244,3233,3574,3908,4328,..
South Sudan,SSD,Number of deaths ages 5-9 years,SH.DTH.0509,..,..,..,..,..,..,..,..,..,..,..,..,..,..,..,..,..,..,..,..,..,..,..,..,..,..,..,..,..,..,5158,5163,5053,4884,4874,4966,5040,5165,5225,5176,5095,4988,4863,4742,4653,4605,4567,4548,4521,4455,4338,4228,4156,4165,4254,4347,4497,4630,4746,4856,4924,4903,4799,..
South Sudan,SSD,Number of under-five deaths,SH.DTH.MORT,..,..,..,..,..,..,..,..,..,..,..,..,..,..,..,..,..,..,..,..,..,..,..,..,61377,63315,65085,66132,66668,66472,65352,64387,63601,62477,61368,60570,59773,58748,57281,55673,54208,52748,51270,49532,47485,45448,43354,41682,40669,40067,39487,39458,40038,40831,41774,41465,40471,38740,35682,33087,31881,31338,30912,..
Spain,ESP,"Death rate, crude (per 1,000 people)",SP.DYN.CDRT.IN,8.6,8.3,8.7,8.8,8.4,8.4,8.4,8.4,8.4,8.9,8.3,8.8,8.1,8.5,8.3,8.3,8.3,8.1,8.1,7.8,7.7,7.8,7.5,7.9,7.8,8.1,8,8,8.2,8.4,8.6,8.7,8.5,8.6,8.6,8.7,8.8,8.7,9,9.2,8.9,8.8,8.8,9.1,8.6,8.8,8.3,8.5,8.4,8.3,8.2,8.3,8.6,8.3,8.5,9.1,8.8,9.1,9.1,8.8,10.4,9.5,9.7,..
Spain,ESP,Number of deaths ages 10-14 years,SH.DTH.1014,..,..,..,..,..,..,..,..,..,..,..,..,..,..,..,..,..,..,..,..,..,..,..,..,..,..,..,..,..,..,715,672,630,587,543,503,467,434,405,380,359,339,322,310,296,281,267,256,246,237,231,225,220,215,211,207,206,205,204,204,203,200,195,..
Spain,ESP,Number of deaths ages 15-19 years,SH.DTH.1519,..,..,..,..,..,..,..,..,..,..,..,..,..,..,..,..,..,..,..,..,..,..,..,..,..,..,..,..,..,..,2179,2059,1886,1709,1558,1454,1398,1363,1319,1258,1187,1108,1031,979,931,879,824,765,698,621,546,484,437,404,386,383,385,388,391,396,407,424,445,..
Spain,ESP,Number of deaths ages 20-24 years,SH.DTH.2024,..,..,..,..,..,..,..,..,..,..,..,..,..,..,..,..,..,..,..,..,..,..,..,..,..,..,..,..,..,..,3320,3187,2967,2713,2486,2332,2253,2208,2167,2106,2014,1894,1756,1652,1533,1415,1293,1176,1071,954,841,751,687,641,609,592,587,586,588,599,630,666,711,..
Spain,ESP,Number of deaths ages 5-9 years,SH.DTH.0509,..,..,..,..,..,..,..,..,..,..,..,..,..,..,..,..,..,..,..,..,..,..,..,..,..,..,..,..,..,..,561,518,479,444,413,387,367,349,332,316,298,280,262,253,245,239,235,231,227,223,217,211,206,202,195,188,181,174,165,158,155,149,143,..
Spain,ESP,Number of under-five deaths,SH.DTH.MORT,35586,33746,31824,30476,29627,28219,26404,25102,23678,22054,20477,19165,17963,16661,15631,14569,13527,12465,11257,10032,8861,7809,6949,6256,5696,5258,4861,4525,4247,3987,3740,3515,3309,3076,2802,2557,2375,2248,2140,2082,2088,2090,2076,2095,2121,2114,2097,2075,2067,1999,1882,1779,1671,1552,1464,1414,1364,1305,1233,1165,1120,1098,1076,..
Sri Lanka,LKA,"Death rate, crude (per 1,000 people)",SP.DYN.CDRT.IN,11.09,10.507,10.096,9.814,9.573,9.206,8.884,8.594,8.392,8.216,7.587,7.269,7.321,7.28,7.25,7.181,7.116,7.158,6.79,6.636,6.468,6.299,6.142,6.025,5.863,5.827,5.738,5.825,5.882,6.649,5.923,6.086,5.88,5.786,5.981,6.343,6.469,6.651,6.799,6.657,8.101,7.958,7.86,7.765,9.451,7.489,7.576,7.631,7.77,8.987,7.369,7.371,7.181,7.092,6.979,6.98,6.896,7.029,7.037,7.072,7.056,7.36,7.287,..
Sri Lanka,LKA,Number of deaths ages 10-14 years,SH.DTH.1014,..,..,..,..,..,..,..,..,..,..,..,..,..,..,..,..,..,..,..,..,..,..,..,..,..,..,..,..,..,..,1122,1099,1069,1029,985,946,910,876,843,810,776,740,705,675,2789,633,623,620,621,1108,611,589,558,519,481,451,428,409,393,377,362,346,332,..
Sri Lanka,LKA,Number of deaths ages 15-19 years,SH.DTH.1519,..,..,..,..,..,..,..,..,..,..,..,..,..,..,..,..,..,..,..,..,..,..,..,..,..,..,..,..,..,..,2609,2473,2360,2277,2236,2230,2242,2255,2241,2177,2056,1888,1703,1529,3325,1301,1282,1364,1538,1693,1688,1518,1275,1037,858,749,690,657,638,620,608,598,586,..
Sri Lanka,LKA,Number of deaths ages 20-24 years,SH.DTH.2024,..,..,..,..,..,..,..,..,..,..,..,..,..,..,..,..,..,..,..,..,..,..,..,..,..,..,..,..,..,..,4503,4245,4035,3879,3759,3660,3591,3552,3532,3491,3365,3146,2883,2596,4374,2198,2147,2215,2381,2500,2398,2115,1781,1460,1217,1073,995,944,915,892,878,872,867,..
Sri Lanka,LKA,Number of deaths ages 5-9 years,SH.DTH.0509,..,..,..,..,..,..,..,..,..,..,..,..,..,..,..,..,..,..,..,..,..,..,..,..,..,..,..,..,..,..,1301,1200,1109,1036,978,937,907,883,857,823,780,731,683,638,3656,579,571,572,578,1634,567,541,504,460,417,380,349,325,305,287,270,255,241,..
Sri Lanka,LKA,Number of under-five deaths,SH.DTH.MORT,32673,31483,30742,30364,30076,29586,28816,28192,27613,26958,26485,26084,25769,25465,24808,24052,23304,22315,21324,20387,19169,17912,16399,14569,12887,11405,10066,9021,8325,9394,7875,7790,7732,7573,7327,7069,6768,6424,6047,5759,5620,5574,5530,5440,10365,5154,4989,4766,4502,7735,4102,3955,3787,3570,3305,3039,2816,2631,2464,2324,2195,2079,1980,..
St. Kitts and Nevis,KNA,"Death rate, crude (per 1,000 people)",SP.DYN.CDRT.IN,15.244,15.198,14.036,13.068,12.759,12.441,12.222,12,11.941,12.109,12.066,12.427,12.765,12.845,12.233,11.69,11.57,11.742,12.215,12.555,12.795,12.605,12.371,12.144,11.791,11.532,11.738,11.784,11.856,12.19,12.211,11.82,11.279,10.79,10.796,10.709,10.547,10.195,10.265,9.791,9.249,9.106,8.937,8.697,8.39,8.46,8.65,8.73,8.832,8.936,9.24,9.362,9.146,9.284,9.612,9.763,9.372,9.443,9.83,9.91,10.036,10.181,10.078,..
St. Kitts and Nevis,KNA,Number of deaths ages 10-14 years,SH.DTH.1014,..,..,..,..,..,..,..,..,..,..,..,..,..,..,..,..,..,..,..,..,..,..,..,..,..,..,..,..,..,..,2,2,2,2,2,2,2,2,2,2,2,2,2,2,2,2,2,2,2,2,2,2,2,2,2,1,1,1,1,1,1,1,1,..
St. Kitts and Nevis,KNA,Number of deaths ages 15-19 years,SH.DTH.1519,..,..,..,..,..,..,..,..,..,..,..,..,..,..,..,..,..,..,..,..,..,..,..,..,..,..,..,..,..,..,3,3,3,3,4,4,4,4,4,5,5,5,6,6,6,6,6,6,6,6,6,6,6,6,6,6,5,5,4,4,4,4,4,..
St. Kitts and Nevis,KNA,Number of deaths ages 20-24 years,SH.DTH.2024,..,..,..,..,..,..,..,..,..,..,..,..,..,..,..,..,..,..,..,..,..,..,..,..,..,..,..,..,..,..,3,3,3,4,4,4,4,5,6,6,6,6,6,6,7,7,7,7,8,8,8,8,8,8,8,8,8,8,8,8,8,7,7,..
St. Kitts and Nevis,KNA,Number of deaths ages 5-9 years,SH.DTH.0509,..,..,..,..,..,..,..,..,..,..,..,..,..,..,..,..,..,..,..,..,..,..,..,..,..,..,..,..,..,..,2,2,2,2,2,2,2,2,2,2,2,2,2,2,1,1,1,1,1,1,1,1,1,1,1,1,1,1,1,1,1,1,1,..
St. Kitts and Nevis,KNA,Number of under-five deaths,SH.DTH.MORT,..,..,..,..,..,..,..,..,..,..,..,..,..,..,..,..,..,..,69,65,61,59,57,53,48,44,40,36,34,32,30,28,26,25,24,24,23,23,23,22,20,19,17,16,16,15,14,14,14,13,13,13,13,12,12,12,12,11,11,10,10,9,9,..
St. Lucia,LCA,"Death rate, crude (per 1,000 people)",SP.DYN.CDRT.IN,14.175,13.391,12.68,12.08,11.347,10.729,10.142,9.595,9.098,8.828,8.538,8.339,8.238,8.113,7.78,7.61,7.461,7.185,6.991,6.957,6.816,6.487,6.274,5.971,5.823,5.943,5.915,6.049,6.07,6.054,6.061,5.999,5.965,5.943,6.095,6.207,6.371,6.556,6.729,6.862,6.98,6.961,6.929,6.901,6.901,6.924,6.95,7.019,7.118,7.237,7.32,7.34,7.479,7.645,7.724,7.706,7.848,7.968,7.976,8.068,8.205,10.299,10.151,..
St. Lucia,LCA,Number of deaths ages 10-14 years,SH.DTH.1014,..,..,..,..,..,..,..,..,..,..,..,..,..,..,..,..,..,..,..,..,..,..,..,..,..,..,..,..,..,..,8,8,8,8,7,7,7,7,6,6,6,6,5,5,5,5,5,5,5,5,5,5,3,3,3,3,3,3,3,3,3,3,3,..
St. Lucia,LCA,Number of deaths ages 15-19 years,SH.DTH.1519,..,..,..,..,..,..,..,..,..,..,..,..,..,..,..,..,..,..,..,..,..,..,..,..,..,..,..,..,..,..,13,13,13,13,13,13,12,12,12,12,13,13,13,12,11,11,11,11,11,11,11,11,11,11,11,11,10,10,11,11,11,11,11,..
St. Lucia,LCA,Number of deaths ages 20-24 years,SH.DTH.2024,..,..,..,..,..,..,..,..,..,..,..,..,..,..,..,..,..,..,..,..,..,..,..,..,..,..,..,..,..,..,19,18,18,18,18,18,18,19,19,19,18,19,19,19,20,20,19,19,18,17,17,17,18,18,18,19,20,21,21,22,22,24,24,..
St. Lucia,LCA,Number of deaths ages 5-9 years,SH.DTH.0509,..,..,..,..,..,..,..,..,..,..,..,..,..,..,..,..,..,..,..,..,..,..,..,..,..,..,..,..,..,..,9,8,8,8,8,8,8,8,7,7,7,7,7,6,6,5,5,5,5,5,5,5,4,4,4,4,3,3,3,3,3,3,3,..
St. Lucia,LCA,Number of under-five deaths,SH.DTH.MORT,591,564,534,501,468,434,402,370,340,311,284,260,240,222,207,192,180,168,157,147,138,130,122,115,109,103,99,94,90,87,83,80,78,76,74,71,69,66,63,60,56,53,50,47,45,43,42,41,40,40,39,39,39,39,39,38,38,38,38,37,37,36,35,..
St. Martin (French part),MAF,"Death rate, crude (per 1,000 people)",SP.DYN.CDRT.IN,6.714,6.755,6.423,5.972,5.914,6.33,5.866,5.635,5.62,5.343,5.026,5.088,5.034,4.976,4.936,4.886,4.773,4.689,4.579,4.46,4.323,4.145,3.881,3.742,3.479,3.402,3.068,2.988,2.785,2.785,2.748,2.448,2.667,2.727,2.803,2.911,3.038,3.184,3.354,3.547,3.63,3.603,3.57,3.546,3.525,3.527,3.542,3.569,3.602,3.652,3.718,3.72,3.847,4.068,3.862,4.257,4.345,4.747,4.176,4.661,4.788,4.911,5.101,..
St. Martin (French part),MAF,Number of deaths ages 10-14 years,SH.DTH.1014,..,..,..,..,..,..,..,..,..,..,..,..,..,..,..,..,..,..,..,..,..,..,..,..,..,..,..,..,..,..,..,..,..,..,..,..,..,..,..,..,..,..,..,..,..,..,..,..,..,..,..,..,..,..,..,..,..,..,..,..,..,..,..,..
St. Martin (French part),MAF,Number of deaths ages 15-19 years,SH.DTH.1519,..,..,..,..,..,..,..,..,..,..,..,..,..,..,..,..,..,..,..,..,..,..,..,..,..,..,..,..,..,..,..,..,..,..,..,..,..,..,..,..,..,..,..,..,..,..,..,..,..,..,..,..,..,..,..,..,..,..,..,..,..,..,..,..
St. Martin (French part),MAF,Number of deaths ages 20-24 years,SH.DTH.2024,..,..,..,..,..,..,..,..,..,..,..,..,..,..,..,..,..,..,..,..,..,..,..,..,..,..,..,..,..,..,..,..,..,..,..,..,..,..,..,..,..,..,..,..,..,..,..,..,..,..,..,..,..,..,..,..,..,..,..,..,..,..,..,..
St. Martin (French part),MAF,Number of deaths ages 5-9 years,SH.DTH.0509,..,..,..,..,..,..,..,..,..,..,..,..,..,..,..,..,..,..,..,..,..,..,..,..,..,..,..,..,..,..,..,..,..,..,..,..,..,..,..,..,..,..,..,..,..,..,..,..,..,..,..,..,..,..,..,..,..,..,..,..,..,..,..,..
St. Martin (French part),MAF,Number of under-five deaths,SH.DTH.MORT,..,..,..,..,..,..,..,..,..,..,..,..,..,..,..,..,..,..,..,..,..,..,..,..,..,..,..,..,..,..,..,..,..,..,..,..,..,..,..,..,..,..,..,..,..,..,..,..,..,..,..,..,..,..,..,..,..,..,..,..,..,..,..,..
St. Vincent and the Grenadines,VCT,"Death rate, crude (per 1,000 people)",SP.DYN.CDRT.IN,14.492,13.408,12.232,11.065,10.007,9.072,8.314,7.775,7.339,7.027,6.839,6.757,6.821,6.799,6.65,6.563,6.557,6.468,6.531,6.523,6.396,6.383,6.437,6.287,6.229,6.135,6.119,5.987,5.878,5.75,5.904,5.682,5.885,6.064,6.388,6.385,6.854,7.098,7.06,7.013,7.056,6.848,6.801,6.858,6.649,6.555,6.47,6.319,6.337,6.526,6.916,7.187,7.654,7.98,7.858,8.105,8.385,8.592,8.906,10.1,11.038,13.425,14.004,..
St. Vincent and the Grenadines,VCT,Number of deaths ages 10-14 years,SH.DTH.1014,..,..,..,..,..,..,..,..,..,..,..,..,..,..,..,..,..,..,..,..,..,..,..,..,..,..,..,..,..,..,5,5,5,5,5,5,5,5,5,5,5,5,5,5,5,5,5,5,5,5,5,5,5,5,5,5,5,5,5,5,5,5,5,..
St. Vincent and the Grenadines,VCT,Number of deaths ages 15-19 years,SH.DTH.1519,..,..,..,..,..,..,..,..,..,..,..,..,..,..,..,..,..,..,..,..,..,..,..,..,..,..,..,..,..,..,10,10,10,10,10,10,10,9,9,9,8,8,7,7,7,7,7,7,7,8,8,8,8,8,9,9,9,8,8,8,8,8,8,..
St. Vincent and the Grenadines,VCT,Number of deaths ages 20-24 years,SH.DTH.2024,..,..,..,..,..,..,..,..,..,..,..,..,..,..,..,..,..,..,..,..,..,..,..,..,..,..,..,..,..,..,12,12,12,14,14,14,15,15,15,15,15,14,14,14,14,14,14,13,13,13,13,12,13,13,13,13,13,12,11,11,10,10,10,..
St. Vincent and the Grenadines,VCT,Number of deaths ages 5-9 years,SH.DTH.0509,..,..,..,..,..,..,..,..,..,..,..,..,..,..,..,..,..,..,..,..,..,..,..,..,..,..,..,..,..,..,7,7,6,6,5,5,5,5,5,5,5,5,5,5,5,5,4,3,3,3,3,3,3,3,3,3,3,3,3,3,2,2,2,..
St. Vincent and the Grenadines,VCT,Number of under-five deaths,SH.DTH.MORT,..,..,..,..,..,..,..,..,..,..,..,..,..,..,266,261,249,231,212,194,174,156,142,128,113,99,88,80,73,68,65,63,61,60,59,58,57,55,54,52,51,50,48,46,45,43,42,42,41,41,39,37,35,33,31,28,26,23,20,18,17,16,15,..
Sudan,SDN,"Death rate, crude (per 1,000 people)",SP.DYN.CDRT.IN,18.09,17.767,17.538,18.276,16.259,17.755,19.239,18.918,18.608,18.799,18.502,15.972,15.715,13.893,13.742,13.592,13.488,13.348,13.408,13.307,13.08,12.969,12.817,17.231,17.913,17.679,14.094,19.307,25.865,15.118,14.831,14.501,17.206,16.68,10.879,13.189,12.94,12.566,14.803,10.337,9.699,9.56,9.34,9.677,10.325,10.065,8.705,8.319,8.381,7.787,7.648,7.541,7.312,7.36,7.143,7.012,6.974,6.728,6.647,6.586,6.67,6.799,6.677,..
Sudan,SDN,Number of deaths ages 10-14 years,SH.DTH.1014,..,..,..,..,..,..,..,..,..,..,..,..,..,..,..,..,..,..,..,..,..,..,..,..,..,..,..,..,..,..,4066,4115,4137,4140,4177,4186,4159,4113,4042,3957,3866,3761,3655,3566,3469,3374,3294,3222,3598,3115,3079,3058,3039,3016,2988,2957,2930,2938,2962,3005,3044,3060,3078,..
Sudan,SDN,Number of deaths ages 15-19 years,SH.DTH.1519,..,..,..,..,..,..,..,..,..,..,..,..,..,..,..,..,..,..,..,..,..,..,..,..,..,..,..,..,..,..,8368,8417,8453,8523,8801,9117,9417,9698,9923,10092,10214,10267,10234,10160,10078,9993,9914,9842,10860,9700,9617,9498,9397,9348,9324,9392,9438,9479,9527,9498,9421,9364,9353,..
Sudan,SDN,Number of deaths ages 20-24 years,SH.DTH.2024,..,..,..,..,..,..,..,..,..,..,..,..,..,..,..,..,..,..,..,..,..,..,..,..,..,..,..,..,..,..,9431,9492,9525,9545,9673,9848,10031,10261,10533,10865,11238,11588,11863,12077,12242,12408,12592,12710,14925,12799,12778,12558,12350,12250,12159,12253,12319,12406,12552,12622,12642,12669,12669,..
Sudan,SDN,Number of deaths ages 5-9 years,SH.DTH.0509,..,..,..,..,..,..,..,..,..,..,..,..,..,..,..,..,..,..,..,..,..,..,..,..,..,..,..,..,..,..,12928,12793,12525,12198,11904,11566,11153,10753,10349,9929,9538,9140,8761,8397,8056,7744,7482,7239,8023,6808,6603,6418,6282,6211,6165,6162,6148,6093,6023,5932,5850,5789,5769,..
Sudan,SDN,Number of under-five deaths,SH.DTH.MORT,66405,67183,68324,69769,71345,72966,74686,76573,78359,80207,82239,84399,86401,88036,89772,91948,94538,97355,100592,104135,107743,111535,115479,152123,153912,154704,121575,121616,120961,119929,118626,117135,115537,113629,111722,109988,108174,106184,104125,102310,100610,98928,97009,94877,92573,90369,89373,89515,89980,90265,90386,89855,88438,87413,86752,86437,85880,85015,84352,83474,82180,80391,78436,..
Suriname,SUR,"Death rate, crude (per 1,000 people)",SP.DYN.CDRT.IN,12.051,11.659,11.277,11.494,11.641,11.68,11.283,10.898,10.578,10.287,10.019,9.893,9.709,9.587,9.519,9.436,9.385,9.359,9.342,9.375,9.46,9.23,8.991,8.814,8.578,8.403,8.361,8.19,8.014,7.708,7.567,7.432,7.314,7.145,7.004,6.975,6.942,7.077,7.306,7.594,7.801,8.084,8.351,8.64,8.494,8.209,7.954,7.69,7.452,7.197,7.109,7.217,7.418,7.582,7.646,7.215,6.941,6.672,6.753,7.06,7.036,8.667,8.637,..
Suriname,SUR,Number of deaths ages 10-14 years,SH.DTH.1014,..,..,..,..,..,..,..,..,..,..,..,..,..,..,..,..,..,..,..,..,..,..,..,..,..,..,..,..,..,..,23,21,21,21,21,22,22,22,22,21,21,21,20,20,20,19,19,20,20,20,20,21,21,21,21,22,22,22,23,22,23,23,23,..
Suriname,SUR,Number of deaths ages 15-19 years,SH.DTH.1519,..,..,..,..,..,..,..,..,..,..,..,..,..,..,..,..,..,..,..,..,..,..,..,..,..,..,..,..,..,..,50,49,50,48,45,42,41,40,40,40,41,41,41,41,41,41,42,44,44,45,45,46,46,46,47,47,49,50,51,53,53,53,53,..
Suriname,SUR,Number of deaths ages 20-24 years,SH.DTH.2024,..,..,..,..,..,..,..,..,..,..,..,..,..,..,..,..,..,..,..,..,..,..,..,..,..,..,..,..,..,..,75,76,75,75,72,69,66,63,61,60,61,64,66,69,74,75,77,77,76,75,72,68,65,62,61,59,60,61,63,66,68,70,70,..
Suriname,SUR,Number of deaths ages 5-9 years,SH.DTH.0509,..,..,..,..,..,..,..,..,..,..,..,..,..,..,..,..,..,..,..,..,..,..,..,..,..,..,..,..,..,..,24,24,24,22,22,22,22,21,21,21,20,20,20,19,19,19,19,19,19,19,19,19,19,19,19,19,19,19,19,20,20,20,20,..
Suriname,SUR,Number of under-five deaths,SH.DTH.MORT,..,..,..,..,..,..,..,..,..,..,..,..,..,..,..,..,..,..,..,..,..,..,..,..,..,..,..,..,599,583,567,547,524,499,474,449,428,409,390,373,359,347,336,326,315,305,295,285,275,267,258,251,244,237,231,225,219,213,207,201,196,190,184,..
Sweden,SWE,"Death rate, crude (per 1,000 people)",SP.DYN.CDRT.IN,10,9.8,10.2,10.1,10,10.1,10,10.1,10.4,10.5,9.9,10.2,10.3,10.5,10.6,10.8,11,10.7,10.8,11,11,11.1,10.9,10.9,10.9,11.3,11.1,11.1,11.5,10.8,11.1,11,10.9,11.1,10.5,10.6,10.6,10.6,10.5,10.7,10.5,10.5,10.6,10.4,10.1,10.2,10,10,9.9,9.7,9.6,9.5,9.7,9.4,9.2,9.3,9.2,9.1,9.1,8.6,9.5,8.8,9,..
Sweden,SWE,Number of deaths ages 10-14 years,SH.DTH.1014,..,..,..,..,..,..,..,..,..,..,..,..,..,..,..,..,..,..,..,..,..,..,..,..,..,..,..,..,..,..,73,72,70,69,67,67,67,67,68,70,72,72,74,74,72,69,65,60,55,52,50,48,47,47,47,48,49,49,49,50,50,50,50,..
Sweden,SWE,Number of deaths ages 15-19 years,SH.DTH.1519,..,..,..,..,..,..,..,..,..,..,..,..,..,..,..,..,..,..,..,..,..,..,..,..,..,..,..,..,..,..,243,225,206,188,173,164,159,158,160,163,166,171,176,181,185,187,188,187,183,178,169,159,148,139,132,128,127,130,133,136,138,139,140,..
Sweden,SWE,Number of deaths ages 20-24 years,SH.DTH.2024,..,..,..,..,..,..,..,..,..,..,..,..,..,..,..,..,..,..,..,..,..,..,..,..,..,..,..,..,..,..,362,336,312,291,278,269,262,257,256,256,257,262,267,270,271,270,269,269,271,275,279,283,288,291,290,287,281,273,265,258,250,245,242,..
Sweden,SWE,Number of deaths ages 5-9 years,SH.DTH.0509,..,..,..,..,..,..,..,..,..,..,..,..,..,..,..,..,..,..,..,..,..,..,..,..,..,..,..,..,..,..,67,67,66,66,67,68,68,69,69,66,64,60,55,51,47,45,43,42,40,40,40,40,41,39,39,39,39,39,38,37,36,36,35,..
Sweden,SWE,Number of under-five deaths,SH.DTH.MORT,2010,1962,1944,1940,1969,1953,1887,1814,1696,1560,1482,1449,1386,1290,1211,1118,1010,930,870,834,814,781,747,726,720,731,748,763,786,808,819,802,747,677,599,523,458,413,386,372,367,367,369,372,369,360,354,350,344,341,342,338,332,331,330,329,326,320,310,303,293,286,283,..
Switzerland,CHE,"Death rate, crude (per 1,000 people)",SP.DYN.CDRT.IN,9.8,9.4,9.9,10,9.3,9.5,9.4,9.2,9.5,9.5,9.2,9.3,9,9,8.9,8.8,9.1,8.9,9.2,9.1,9.4,9.4,9.3,9.5,9.1,9.2,9.2,9.3,9,9.2,9.5,9.2,9.1,9,8.9,9,8.9,8.9,8.8,8.7,8.7,8.5,8.5,8.6,8.1,8.2,8.1,8.1,8,8.1,8,7.8,8,8,7.8,8.2,7.8,7.9,7.9,7.9,8.8,8.2,8.5,..
Switzerland,CHE,Number of deaths ages 10-14 years,SH.DTH.1014,..,..,..,..,..,..,..,..,..,..,..,..,..,..,..,..,..,..,..,..,..,..,..,..,..,..,..,..,..,..,74,72,70,70,69,66,65,63,61,59,58,58,56,54,52,50,48,46,44,42,40,40,38,36,35,34,33,33,33,33,32,32,32,..
Switzerland,CHE,Number of deaths ages 15-19 years,SH.DTH.1519,..,..,..,..,..,..,..,..,..,..,..,..,..,..,..,..,..,..,..,..,..,..,..,..,..,..,..,..,..,..,270,257,241,229,217,207,199,190,182,176,171,167,161,158,156,153,150,145,138,130,122,115,108,103,100,98,97,97,96,96,96,97,97,..
Switzerland,CHE,Number of deaths ages 20-24 years,SH.DTH.2024,..,..,..,..,..,..,..,..,..,..,..,..,..,..,..,..,..,..,..,..,..,..,..,..,..,..,..,..,..,..,532,515,493,460,425,390,356,324,299,280,266,255,248,240,232,222,211,200,191,183,173,168,161,155,151,147,146,145,144,144,143,142,139,..
Switzerland,CHE,Number of deaths ages 5-9 years,SH.DTH.0509,..,..,..,..,..,..,..,..,..,..,..,..,..,..,..,..,..,..,..,..,..,..,..,..,..,..,..,..,..,..,73,70,69,67,65,64,62,61,58,56,53,50,47,44,42,40,37,35,34,32,32,31,30,30,29,29,29,29,29,28,27,27,27,..
Switzerland,CHE,Number of under-five deaths,SH.DTH.MORT,2451,2467,2505,2545,2544,2473,2356,2231,2110,1989,1868,1737,1584,1430,1290,1151,1018,915,839,785,754,730,710,692,677,669,665,663,667,669,659,645,628,595,555,526,506,487,466,451,440,417,394,383,374,366,358,352,351,352,354,355,355,356,358,360,361,357,353,349,347,349,349,..
Syrian Arab Republic,SYR,"Death rate, crude (per 1,000 people)",SP.DYN.CDRT.IN,16.314,15.485,14.843,14.211,13.602,13.081,12.628,12.172,11.547,11.006,10.54,9.984,9.574,9.796,8.733,8.418,8.131,8.054,7.177,6.932,6.732,7.425,8.709,5.877,5.44,5.424,5.215,5.124,4.94,4.851,4.784,4.67,4.574,4.588,4.599,4.503,4.521,4.54,4.575,4.509,4.413,4.157,4.091,3.971,3.986,3.924,3.775,3.67,3.721,3.678,3.701,3.934,6.417,7.696,8.072,7.297,6.999,6.033,5.554,5.033,4.99,5.117,5.047,..
Syrian Arab Republic,SYR,Number of deaths ages 10-14 years,SH.DTH.1014,..,..,..,..,..,..,..,..,..,..,..,..,..,..,..,..,..,..,..,..,..,..,..,..,..,..,..,..,..,..,1250,1267,1276,1278,1276,1269,1256,1236,1203,1155,1089,1016,941,879,841,830,837,862,891,909,929,1316,2936,3342,3101,2998,2256,2517,2828,1687,1341,1285,1302,..
Syrian Arab Republic,SYR,Number of deaths ages 15-19 years,SH.DTH.1519,..,..,..,..,..,..,..,..,..,..,..,..,..,..,..,..,..,..,..,..,..,..,..,..,..,..,..,..,..,..,2319,2287,2258,2227,2172,2095,1991,1857,1705,1540,1381,1249,1157,1108,1101,1136,1181,1247,1298,1277,1293,2260,6730,7447,6525,7183,5648,5970,5676,3017,2162,1690,1952,..
Syrian Arab Republic,SYR,Number of deaths ages 20-24 years,SH.DTH.2024,..,..,..,..,..,..,..,..,..,..,..,..,..,..,..,..,..,..,..,..,..,..,..,..,..,..,..,..,..,..,1357,1378,1396,1406,1407,1390,1366,1331,1283,1225,1160,1100,1058,1039,1045,1078,1117,1215,1301,1241,1215,3213,12732,13323,10219,10770,8021,8349,7419,3800,2582,1627,2323,..
Syrian Arab Republic,SYR,Number of deaths ages 5-9 years,SH.DTH.0509,..,..,..,..,..,..,..,..,..,..,..,..,..,..,..,..,..,..,..,..,..,..,..,..,..,..,..,..,..,..,2262,2253,2232,2197,2143,2070,1981,1881,1775,1667,1553,1441,1333,1239,1173,1139,1132,1151,1185,1207,1233,2106,5875,6855,6256,5843,3958,4335,4674,2108,1307,1101,1042,..
Syrian Arab Republic,SYR,Number of under-five deaths,SH.DTH.MORT,35070,34155,33388,32792,32290,31872,31466,31004,30472,29965,29458,28818,28122,27458,26792,26156,25554,24951,24270,23502,22709,24299,27605,20287,19690,19163,18688,18195,17627,16972,16326,15638,15013,14543,14129,13645,13127,12607,12133,11735,11390,11213,11115,11001,10954,10972,11024,11404,12126,12345,12184,15169,27946,29843,25513,21615,14903,14889,15170,9808,8703,8806,9136,..
Tajikistan,TJK,"Death rate, crude (per 1,000 people)",SP.DYN.CDRT.IN,16.625,16.341,16.056,15.69,15.27,14.869,14.47,14.057,13.65,13.262,12.953,12.6,12.255,11.972,11.614,11.334,11.139,10.996,10.904,10.866,10.911,10.924,10.788,10.716,10.558,10.375,10.269,10.121,9.859,9.743,9.681,9.804,12.63,13.525,11.096,10.013,9.858,9.058,8.448,7.882,7.54,7.161,6.795,6.476,6.289,6.116,5.958,5.936,5.816,5.75,5.934,5.808,5.7,5.563,5.512,5.43,5.325,5.172,5.014,4.843,6.121,4.548,4.695,..
Tajikistan,TJK,Number of deaths ages 10-14 years,SH.DTH.1014,..,..,..,..,..,..,..,..,..,..,..,..,..,..,..,..,..,..,..,..,..,..,..,..,..,..,..,..,..,..,414,461,558,549,575,583,646,540,489,434,382,343,311,287,269,257,248,242,238,235,232,230,229,227,225,223,220,217,217,217,218,218,219,..
Tajikistan,TJK,Number of deaths ages 15-19 years,SH.DTH.1519,..,..,..,..,..,..,..,..,..,..,..,..,..,..,..,..,..,..,..,..,..,..,..,..,..,..,..,..,..,..,491,584,696,781,827,818,919,675,601,539,538,463,445,434,426,417,402,384,362,342,365,346,288,278,271,267,271,278,289,300,307,309,309,..
Tajikistan,TJK,Number of deaths ages 20-24 years,SH.DTH.2024,..,..,..,..,..,..,..,..,..,..,..,..,..,..,..,..,..,..,..,..,..,..,..,..,..,..,..,..,..,..,668,809,980,1111,1186,1185,1424,989,861,753,780,606,559,528,509,498,493,488,480,469,578,559,418,402,391,388,389,396,408,421,429,436,441,..
Tajikistan,TJK,Number of deaths ages 5-9 years,SH.DTH.0509,..,..,..,..,..,..,..,..,..,..,..,..,..,..,..,..,..,..,..,..,..,..,..,..,..,..,..,..,..,..,679,771,986,925,958,946,1077,790,664,550,458,400,356,326,303,285,275,269,263,259,255,252,250,250,252,255,258,260,261,259,255,249,240,..
Tajikistan,TJK,Number of under-five deaths,SH.DTH.MORT,..,..,..,..,..,..,..,..,..,..,..,..,..,..,..,..,..,18856,19157,19612,20144,20679,21144,21545,21807,21836,21757,21619,21616,21908,22506,23415,24366,24855,24829,24279,22956,21333,19867,18289,16659,15258,13966,12730,11696,10894,10286,9908,9723,9715,9784,9821,9802,9806,9843,9812,9611,9240,8943,8766,8497,8174,7860,..
Tanzania,TZA,"Death rate, crude (per 1,000 people)",SP.DYN.CDRT.IN,20.985,20.894,20.775,20.629,20.443,20.225,19.957,19.664,19.241,18.848,18.544,18.258,17.991,17.586,17.365,17.082,16.725,16.325,16.003,15.608,15.388,15.199,15.145,15.118,15.05,14.974,14.796,14.658,14.484,14.436,14.477,14.502,14.609,14.6,14.491,14.355,14.346,14.459,14.2,13.688,13.251,12.731,12.277,11.682,11.275,10.879,10.522,10.154,9.825,9.41,8.88,8.435,7.992,7.615,7.252,6.959,6.65,6.402,6.177,6.012,6.179,6.222,5.959,..
Tanzania,TZA,Number of deaths ages 10-14 years,SH.DTH.1014,..,..,..,..,..,..,..,..,..,..,..,..,..,..,..,..,..,..,..,..,..,..,..,..,..,..,..,..,..,..,5555,5590,5599,5575,5630,5660,5550,5327,5187,5031,4908,4800,4682,4574,4461,4376,4333,4324,4361,4437,4513,4673,4859,5071,5280,5466,5677,5838,5938,6009,6060,6065,6064,..
Tanzania,TZA,Number of deaths ages 15-19 years,SH.DTH.1519,..,..,..,..,..,..,..,..,..,..,..,..,..,..,..,..,..,..,..,..,..,..,..,..,..,..,..,..,..,..,7270,7902,8492,9015,9604,10076,10275,10245,10333,10292,10234,10104,9850,9535,9170,8789,8409,8058,7733,7445,7199,7109,7083,7138,7223,7326,7517,7712,7966,8168,8391,8608,8765,..
Tanzania,TZA,Number of deaths ages 20-24 years,SH.DTH.2024,..,..,..,..,..,..,..,..,..,..,..,..,..,..,..,..,..,..,..,..,..,..,..,..,..,..,..,..,..,..,6973,7673,8362,9006,9707,10309,10668,10814,11044,11119,11113,11019,10795,10489,10117,9705,9268,8828,8434,8089,7798,7600,7451,7337,7220,7137,7171,7242,7398,7567,7775,8002,8227,..
Tanzania,TZA,Number of deaths ages 5-9 years,SH.DTH.0509,..,..,..,..,..,..,..,..,..,..,..,..,..,..,..,..,..,..,..,..,..,..,..,..,..,..,..,..,..,..,15563,15651,15686,15644,15805,15924,15647,15080,14741,14305,13960,13688,13409,13202,13098,13012,12947,12962,13111,13338,13651,14114,14626,15167,15656,15963,16242,16350,16444,16494,16577,16665,16794,..
Tanzania,TZA,Number of under-five deaths,SH.DTH.MORT,112747,115488,118182,120738,123130,125297,127420,129360,131373,133617,136235,138919,141427,143769,146258,148450,150071,151606,153377,155384,158038,161292,165253,169687,173699,176864,179245,180955,182360,183591,184622,185859,187324,188526,190015,192030,193228,192107,189211,184803,178705,171987,164635,157547,151548,146101,141153,135277,130275,124867,120494,115698,111649,109050,107437,106836,105106,103434,101181,99407,97423,94536,92691,..
Thailand,THA,"Death rate, crude (per 1,000 people)",SP.DYN.CDRT.IN,14.737,13.929,13.625,13.297,12.817,12.342,11.958,11.597,11.26,10.802,10.33,9.859,9.531,9.108,8.73,8.378,8.045,7.863,7.702,7.535,7.27,7.08,6.89,6.69,6.395,6.153,5.935,5.665,5.663,5.615,5.602,5.612,5.654,5.695,5.747,5.964,5.818,5.614,5.588,5.822,6.043,6.088,6.138,6.23,6.419,6.323,6.033,6.122,6.189,6.236,6.307,6.393,6.464,6.547,6.627,6.724,6.814,6.897,7.027,7.14,7.264,7.922,7.487,..
Thailand,THA,Number of deaths ages 10-14 years,SH.DTH.1014,..,..,..,..,..,..,..,..,..,..,..,..,..,..,..,..,..,..,..,..,..,..,..,..,..,..,..,..,..,..,3310,3199,3142,3094,3064,3038,3005,2972,2973,3021,3092,3145,3170,3155,3557,3030,2960,2895,2829,2749,2647,2512,2376,2263,2181,2128,2094,2082,2087,2096,2097,2089,2067,..
Thailand,THA,Number of deaths ages 15-19 years,SH.DTH.1519,..,..,..,..,..,..,..,..,..,..,..,..,..,..,..,..,..,..,..,..,..,..,..,..,..,..,..,..,..,..,8413,8605,8935,9289,9653,9667,9115,8228,7530,7241,7304,7587,7885,8010,7876,7599,7325,7066,6826,6629,6460,6304,6160,6080,6060,6019,5906,5737,5511,5258,5012,4798,4616,..
Thailand,THA,Number of deaths ages 20-24 years,SH.DTH.2024,..,..,..,..,..,..,..,..,..,..,..,..,..,..,..,..,..,..,..,..,..,..,..,..,..,..,..,..,..,..,10718,11570,12579,13639,14673,15156,14749,13650,12487,11605,11058,11029,11137,11020,10570,9926,9232,8558,7998,7580,7274,7092,6931,6822,6800,6845,6904,6945,6891,6714,6442,6136,5844,..
Thailand,THA,Number of deaths ages 5-9 years,SH.DTH.0509,..,..,..,..,..,..,..,..,..,..,..,..,..,..,..,..,..,..,..,..,..,..,..,..,..,..,..,..,..,..,3938,3797,3683,3593,3502,3409,3309,3215,3168,3188,3247,3278,3264,3190,3688,2849,2646,2457,2289,2147,2018,1895,1789,1704,1634,1574,1526,1485,1442,1392,1336,1274,1206,..
Thailand,THA,Number of under-five deaths,SH.DTH.MORT,163675,162140,160787,159254,157174,154388,151096,147200,142700,137466,131533,125303,118940,112419,105840,99423,93123,87044,81638,77184,73784,70369,66229,61984,58085,54556,51320,48157,45098,42609,40318,38024,35994,33948,31810,29633,27697,25862,23631,21064,18844,17278,16049,15036,14180,13455,12713,11973,11346,10732,10190,9789,9410,8908,8376,7883,7403,6962,6564,6164,5806,5499,5219,..
Timor-Leste,TLS,"Death rate, crude (per 1,000 people)",SP.DYN.CDRT.IN,30.571,30.225,29.853,29.542,29.165,28.337,27.641,26.857,26.317,25.776,25.261,24.635,23.964,23.22,24.954,39.775,37.854,39.866,43.774,42.273,33.565,32.474,31.347,30.635,28.423,28.543,28.068,26.729,26.634,19.077,18.691,18.434,17.472,16.774,16.121,16.323,15.81,15.372,15.703,17.983,10.187,9.884,9.604,9.342,9.065,8.796,8.504,8.274,8.096,7.987,7.951,7.895,7.747,7.644,7.579,7.549,7.343,7.163,7.012,6.888,6.831,7.233,6.535,..
Timor-Leste,TLS,Number of deaths ages 10-14 years,SH.DTH.1014,..,..,..,..,..,..,..,..,..,..,..,..,..,..,..,..,..,..,..,..,..,..,..,..,..,..,..,..,..,..,148,152,152,153,155,156,156,156,155,153,152,150,149,147,145,144,140,138,136,136,136,139,141,142,143,143,142,139,135,131,126,122,118,..
Timor-Leste,TLS,Number of deaths ages 15-19 years,SH.DTH.1519,..,..,..,..,..,..,..,..,..,..,..,..,..,..,..,..,..,..,..,..,..,..,..,..,..,..,..,..,..,..,134,142,154,165,175,185,191,194,191,179,164,147,132,119,111,106,104,105,109,116,129,147,177,219,276,347,412,454,475,486,488,486,479,..
Timor-Leste,TLS,Number of deaths ages 20-24 years,SH.DTH.2024,..,..,..,..,..,..,..,..,..,..,..,..,..,..,..,..,..,..,..,..,..,..,..,..,..,..,..,..,..,..,179,191,205,220,232,239,239,229,212,190,168,150,135,124,116,109,105,105,108,114,126,142,165,198,240,290,338,373,397,416,430,443,454,..
Timor-Leste,TLS,Number of deaths ages 5-9 years,SH.DTH.0509,..,..,..,..,..,..,..,..,..,..,..,..,..,..,..,..,..,..,..,..,..,..,..,..,..,..,..,..,..,..,361,366,361,356,348,337,326,315,305,296,288,278,270,261,252,247,243,242,241,239,236,233,227,221,214,207,199,191,184,178,172,168,163,..
Timor-Leste,TLS,Number of under-five deaths,SH.DTH.MORT,..,..,..,..,..,..,..,..,..,..,..,..,..,..,..,..,..,..,..,..,..,..,..,..,..,..,..,..,..,..,5401,5266,5109,4941,4766,4595,4422,4249,4086,3928,3780,3645,3521,3384,3234,3079,2925,2785,2654,2541,2439,2351,2271,2199,2129,2055,1974,1901,1829,1758,1700,1645,1592,..
Togo,TGO,"Death rate, crude (per 1,000 people)",SP.DYN.CDRT.IN,22.426,22.209,21.951,21.745,21.441,21.185,20.831,20.436,20.028,19.695,19.311,18.923,18.517,18.11,17.711,17.24,16.795,16.443,16.059,15.635,15.259,14.85,14.468,14.158,13.818,13.546,13.319,13.076,12.854,12.761,12.707,12.698,12.617,12.603,12.615,12.537,12.428,12.306,12.258,12.044,11.898,11.8,11.526,11.316,11.304,11.071,10.919,10.775,10.663,10.488,10.326,9.98,9.866,9.537,9.438,9.165,9.092,8.803,8.766,8.465,8.417,8.168,8.213,..
Togo,TGO,Number of deaths ages 10-14 years,SH.DTH.1014,..,..,..,..,..,..,..,..,..,..,..,..,..,..,..,..,..,..,..,..,..,..,..,..,..,..,..,..,..,..,738,753,769,783,742,771,795,816,829,841,852,863,873,881,889,895,900,906,912,922,931,942,956,970,978,984,990,999,1006,1016,1024,1033,1030,..
Togo,TGO,Number of deaths ages 15-19 years,SH.DTH.1519,..,..,..,..,..,..,..,..,..,..,..,..,..,..,..,..,..,..,..,..,..,..,..,..,..,..,..,..,..,..,983,1019,1063,1107,1073,1142,1202,1259,1306,1348,1383,1415,1439,1455,1467,1472,1470,1469,1456,1440,1412,1380,1348,1325,1310,1303,1307,1303,1304,1299,1299,1288,1284,..
Togo,TGO,Number of deaths ages 20-24 years,SH.DTH.2024,..,..,..,..,..,..,..,..,..,..,..,..,..,..,..,..,..,..,..,..,..,..,..,..,..,..,..,..,..,..,876,906,942,983,957,1021,1083,1140,1198,1252,1300,1340,1371,1395,1413,1429,1439,1460,1470,1480,1473,1462,1450,1442,1439,1446,1455,1461,1475,1493,1521,1546,1572,..
Togo,TGO,Number of deaths ages 5-9 years,SH.DTH.0509,..,..,..,..,..,..,..,..,..,..,..,..,..,..,..,..,..,..,..,..,..,..,..,..,..,..,..,..,..,..,3034,3004,2972,2943,2712,2735,2733,2718,2676,2630,2581,2531,2474,2416,2360,2308,2254,2205,2146,2084,2013,1950,1893,1841,1795,1751,1707,1663,1616,1572,1529,1490,1457,..
Togo,TGO,Number of under-five deaths,SH.DTH.MORT,19500,19663,19831,20013,20162,20314,20535,20802,21118,21522,21935,22282,22561,22773,22910,22980,22984,22933,22819,22661,22494,22376,22289,22247,22274,22338,22436,22562,22707,22842,22995,23156,23295,23377,22893,22435,22419,22315,22191,22153,22122,22030,21925,21755,21529,21323,21204,21177,21125,21021,20936,20696,20284,19859,19452,19056,18702,18344,17981,17588,17221,16860,16496,..
Tonga,TON,"Death rate, crude (per 1,000 people)",SP.DYN.CDRT.IN,10.716,10.426,10.061,9.725,9.382,9.03,8.678,8.388,8.029,7.672,7.367,7.122,6.951,6.835,6.691,6.645,6.6,6.611,6.575,6.573,6.585,6.604,6.729,6.696,6.746,6.784,6.828,6.866,6.848,6.841,6.842,6.811,6.811,6.813,6.819,6.827,6.837,6.838,6.819,6.789,6.759,6.737,6.698,6.68,6.648,6.648,6.627,6.588,6.581,6.684,6.605,6.624,6.636,6.686,6.744,6.782,6.817,6.855,6.888,6.909,6.946,6.97,6.885,..
Tonga,TON,Number of deaths ages 10-14 years,SH.DTH.1014,..,..,..,..,..,..,..,..,..,..,..,..,..,..,..,..,..,..,..,..,..,..,..,..,..,..,..,..,..,..,3,4,5,5,5,5,5,5,5,5,5,5,5,5,5,5,5,5,5,4,3,3,3,3,3,3,3,2,2,2,2,2,2,..
Tonga,TON,Number of deaths ages 15-19 years,SH.DTH.1519,..,..,..,..,..,..,..,..,..,..,..,..,..,..,..,..,..,..,..,..,..,..,..,..,..,..,..,..,..,..,5,5,5,6,6,7,7,7,8,8,8,9,10,10,10,10,10,10,10,10,9,8,8,8,7,7,7,7,7,7,7,7,7,..
Tonga,TON,Number of deaths ages 20-24 years,SH.DTH.2024,..,..,..,..,..,..,..,..,..,..,..,..,..,..,..,..,..,..,..,..,..,..,..,..,..,..,..,..,..,..,9,9,9,9,9,9,8,8,9,9,9,9,10,10,10,10,10,10,10,10,9,9,9,9,9,9,10,10,10,10,10,11,11,..
Tonga,TON,Number of deaths ages 5-9 years,SH.DTH.0509,..,..,..,..,..,..,..,..,..,..,..,..,..,..,..,..,..,..,..,..,..,..,..,..,..,..,..,..,..,..,5,5,5,5,5,5,6,6,6,6,7,7,7,7,7,7,7,7,7,7,6,6,5,5,5,5,5,5,3,3,3,3,3,..
Tonga,TON,Number of under-five deaths,SH.DTH.MORT,..,..,..,..,..,..,..,..,187,173,159,146,135,126,119,114,110,107,105,102,100,98,95,92,89,85,81,76,73,70,68,66,64,62,60,58,56,54,53,52,50,48,47,47,46,45,44,43,42,40,39,38,37,36,35,34,33,32,31,30,29,28,27,..
Trinidad and Tobago,TTO,"Death rate, crude (per 1,000 people)",SP.DYN.CDRT.IN,8.037,8.105,7.907,7.758,7.785,7.68,7.613,7.476,7.642,7.725,7.687,7.588,7.798,7.486,6.888,6.943,7.23,7.111,6.809,6.726,6.879,6.895,6.921,6.805,6.969,7.004,6.657,6.651,6.595,6.59,6.694,6.443,6.724,6.559,6.766,6.503,6.659,6.906,6.757,7.287,6.98,6.809,6.505,7.048,6.493,6.543,6.744,6.717,6.983,6.316,6.708,6.618,6.596,6.662,6.739,6.797,7.134,7.386,7.783,7.701,7.9,9.131,8.097,..
Trinidad and Tobago,TTO,Number of deaths ages 10-14 years,SH.DTH.1014,..,..,..,..,..,..,..,..,..,..,..,..,..,..,..,..,..,..,..,..,..,..,..,..,..,..,..,..,..,..,54,55,56,57,58,58,56,56,54,51,49,46,43,41,39,37,35,33,32,31,29,29,29,29,27,27,27,27,27,27,27,26,26,..
Trinidad and Tobago,TTO,Number of deaths ages 15-19 years,SH.DTH.1519,..,..,..,..,..,..,..,..,..,..,..,..,..,..,..,..,..,..,..,..,..,..,..,..,..,..,..,..,..,..,94,95,97,99,102,105,110,113,115,117,119,122,123,126,127,129,130,132,131,124,114,104,97,93,90,92,93,96,99,104,100,99,97,..
Trinidad and Tobago,TTO,Number of deaths ages 20-24 years,SH.DTH.2024,..,..,..,..,..,..,..,..,..,..,..,..,..,..,..,..,..,..,..,..,..,..,..,..,..,..,..,..,..,..,145,143,144,147,151,155,158,160,161,166,172,182,194,207,220,233,248,261,266,256,236,215,198,186,179,176,175,176,178,189,181,181,180,..
Trinidad and Tobago,TTO,Number of deaths ages 5-9 years,SH.DTH.0509,..,..,..,..,..,..,..,..,..,..,..,..,..,..,..,..,..,..,..,..,..,..,..,..,..,..,..,..,..,..,62,60,58,55,52,50,47,43,40,38,35,33,31,29,29,28,26,26,26,24,24,23,22,22,22,21,21,20,20,19,19,18,17,..
Trinidad and Tobago,TTO,Number of under-five deaths,SH.DTH.MORT,2091,2061,2013,1943,1859,1766,1664,1567,1495,1422,1366,1360,1376,1374,1344,1310,1289,1279,1277,1282,1282,1281,1266,1230,1179,1133,1090,1030,960,889,823,769,728,690,654,623,598,579,567,563,560,557,552,543,533,521,516,509,499,482,466,453,439,423,405,387,370,351,332,320,305,287,273,..
Tunisia,TUN,"Death rate, crude (per 1,000 people)",SP.DYN.CDRT.IN,21.537,21.238,20.205,19.371,18.681,17.886,17.168,16.235,15.321,14.514,13.535,12.796,11.968,11.319,10.719,10.104,9.612,9.073,8.663,8.233,7.88,7.607,7.33,7.062,6.807,6.481,6.242,5.97,5.713,5.659,5.5,5.366,5.341,5.171,5.074,4.979,4.887,4.774,4.751,4.725,4.773,4.847,4.863,4.884,4.939,4.937,5.007,5.076,5.169,5.271,5.329,5.441,5.519,5.591,5.715,5.811,5.883,5.974,6.04,6.145,6.752,7.884,7.601,..
Tunisia,TUN,Number of deaths ages 10-14 years,SH.DTH.1014,..,..,..,..,..,..,..,..,..,..,..,..,..,..,..,..,..,..,..,..,..,..,..,..,..,..,..,..,..,..,611,591,571,553,539,525,515,505,493,479,463,447,430,412,397,380,362,341,323,304,289,276,268,264,264,269,275,282,289,295,300,304,311,..
Tunisia,TUN,Number of deaths ages 15-19 years,SH.DTH.1519,..,..,..,..,..,..,..,..,..,..,..,..,..,..,..,..,..,..,..,..,..,..,..,..,..,..,..,..,..,..,680,693,708,719,724,725,723,721,719,716,712,705,695,679,656,628,599,571,546,526,508,489,474,460,451,449,458,474,495,511,520,523,522,..
Tunisia,TUN,Number of deaths ages 20-24 years,SH.DTH.2024,..,..,..,..,..,..,..,..,..,..,..,..,..,..,..,..,..,..,..,..,..,..,..,..,..,..,..,..,..,..,823,822,824,829,838,853,866,878,882,876,864,848,834,824,817,811,806,797,786,772,756,744,744,738,740,748,758,769,774,765,746,730,714,..
Tunisia,TUN,Number of deaths ages 5-9 years,SH.DTH.0509,..,..,..,..,..,..,..,..,..,..,..,..,..,..,..,..,..,..,..,..,..,..,..,..,..,..,..,..,..,..,844,813,778,741,698,655,614,578,547,520,495,467,438,409,382,356,336,319,307,300,297,295,295,295,297,301,308,318,327,334,338,336,331,..
Tunisia,TUN,Number of under-five deaths,SH.DTH.MORT,..,..,..,..,..,..,..,43760,41701,39562,37466,35464,33639,32050,30590,29172,27784,26241,24490,22805,21338,20203,19258,18318,17500,16733,15950,15068,14102,13117,12327,11671,10953,10208,9427,8588,7728,6920,6185,5527,5006,4610,4287,4059,3891,3756,3649,3578,3552,3566,3629,3744,3848,3898,3909,3862,3746,3565,3314,3027,2740,2475,2251,..
Turkiye,TUR,"Death rate, crude (per 1,000 people)",SP.DYN.CDRT.IN,17.766,17.023,16.487,15.815,15.382,14.919,14.479,14.312,13.985,13.886,13.227,12.806,12.473,12.209,11.904,11.617,11.317,10.895,10.478,10.129,9.754,9.393,9,8.643,8.314,8.015,7.737,7.484,7.244,7.046,6.841,6.664,6.546,6.414,6.308,6.229,6.081,5.963,5.832,6.002,5.616,5.551,5.464,5.413,5.367,5.35,5.33,5.288,5.292,5.269,5.251,5.44,5.205,5.04,5.046,5.125,5.234,5.129,5.065,5.084,6.378,6.398,5.101,..
Turkiye,TUR,Number of deaths ages 10-14 years,SH.DTH.1014,..,..,..,..,..,..,..,..,..,..,..,..,..,..,..,..,..,..,..,..,..,..,..,..,..,..,..,..,..,..,3017,3089,3152,3213,3266,3310,3349,3387,3415,4899,3442,3427,3397,3349,3287,3212,3120,3005,2858,2671,2458,2238,2019,1812,1643,1519,1426,1366,1338,1332,1339,1356,1382,..
Turkiye,TUR,Number of deaths ages 15-19 years,SH.DTH.1519,..,..,..,..,..,..,..,..,..,..,..,..,..,..,..,..,..,..,..,..,..,..,..,..,..,..,..,..,..,..,9631,9368,9071,8775,8505,8211,7891,7521,7177,8053,6389,6024,5657,5295,4948,4623,4322,4055,3832,3658,3535,3443,3369,3322,3287,3248,3343,2986,2778,2620,2542,2541,2608,..
Turkiye,TUR,Number of deaths ages 20-24 years,SH.DTH.2024,..,..,..,..,..,..,..,..,..,..,..,..,..,..,..,..,..,..,..,..,..,..,..,..,..,..,..,..,..,..,8216,7923,7733,7443,7127,6937,6725,6495,6253,7209,5778,5528,5256,4973,4702,4448,4210,3993,3813,3673,3574,3502,3452,3449,3482,3551,4155,3523,3417,3332,3288,3312,3369,..
Turkiye,TUR,Number of deaths ages 5-9 years,SH.DTH.0509,..,..,..,..,..,..,..,..,..,..,..,..,..,..,..,..,..,..,..,..,..,..,..,..,..,..,..,..,..,..,8400,8219,8039,7861,7686,7483,7269,7054,6828,8326,6406,6200,5989,5742,5449,5106,4729,4306,3841,3380,2961,2579,2250,1992,1786,1619,1484,1384,1311,1264,1240,1230,1221,..
Turkiye,TUR,Number of under-five deaths,SH.DTH.MORT,299913,296618,291621,285198,278425,271496,264560,256388,250720,247904,245616,244176,241851,238097,232824,225335,216567,207838,200179,192974,184884,176146,166881,157712,149226,140995,133173,125525,118356,111598,104440,97709,91190,85324,80473,75569,71248,66797,61993,57185,52287,48452,43892,38925,35637,33221,31055,28880,26805,24970,23261,21824,20692,19805,19172,18614,17935,17140,16056,14763,13640,12752,12038,..
Turkmenistan,TKM,"Death rate, crude (per 1,000 people)",SP.DYN.CDRT.IN,17.041,16.619,16.193,15.658,15.131,14.619,14.071,13.502,13.085,12.598,12.155,11.827,11.499,11.198,10.915,10.728,10.628,10.488,10.249,10.055,9.824,9.632,9.586,9.525,9.364,9.318,9.1,8.905,8.66,8.495,8.257,8.064,8.027,7.961,7.866,7.788,7.735,7.637,7.372,7.166,6.949,6.932,6.88,6.797,6.741,6.869,6.769,6.691,6.562,6.418,6.377,6.356,6.379,6.447,6.567,6.53,6.574,6.537,6.639,6.583,6.836,6.585,6.585,..
Turkmenistan,TKM,Number of deaths ages 10-14 years,SH.DTH.1014,..,..,..,..,..,..,..,..,..,..,..,..,..,..,..,..,..,..,..,..,..,..,..,..,..,..,..,..,..,..,274,282,291,301,311,319,327,332,335,336,335,330,324,318,310,298,286,270,253,238,223,213,205,199,196,196,197,200,203,207,212,218,223,..
Turkmenistan,TKM,Number of deaths ages 15-19 years,SH.DTH.1519,..,..,..,..,..,..,..,..,..,..,..,..,..,..,..,..,..,..,..,..,..,..,..,..,..,..,..,..,..,..,399,419,438,456,475,492,506,517,529,540,551,564,581,600,614,623,616,598,573,548,527,510,496,482,469,455,441,425,410,399,390,384,381,..
Turkmenistan,TKM,Number of deaths ages 20-24 years,SH.DTH.2024,..,..,..,..,..,..,..,..,..,..,..,..,..,..,..,..,..,..,..,..,..,..,..,..,..,..,..,..,..,..,547,564,583,606,633,665,700,729,757,781,794,798,803,808,813,821,828,824,812,798,785,769,753,738,718,694,672,647,623,602,581,565,548,..
Turkmenistan,TKM,Number of deaths ages 5-9 years,SH.DTH.0509,..,..,..,..,..,..,..,..,..,..,..,..,..,..,..,..,..,..,..,..,..,..,..,..,..,..,..,..,..,..,403,420,437,451,460,461,454,440,425,407,388,369,350,333,315,297,281,264,247,234,224,218,216,217,222,227,234,241,246,249,251,248,243,..
Turkmenistan,TKM,Number of under-five deaths,SH.DTH.MORT,..,..,..,..,..,..,..,..,..,..,..,..,..,..,..,..,..,..,..,..,..,..,11232,11130,11101,11103,11117,11046,10836,10558,10251,10038,10015,10047,9982,9799,9517,9126,8646,8123,7581,7019,6483,6077,5775,5547,5392,5307,5293,5368,5507,5679,5867,6045,6209,6316,6377,6374,6291,6138,5934,5718,5467,..
Turks and Caicos Islands,TCA,"Death rate, crude (per 1,000 people)",SP.DYN.CDRT.IN,15.065,14.795,14.124,12.983,11.761,11.193,11.321,11.795,12.432,13.021,13.368,13.233,12.495,10.962,8.706,6.983,6.077,5.749,5.961,6.429,6.82,6.924,6.875,6.685,6.507,6.3,6.079,5.802,5.675,5.847,6.216,6.22,5.818,5.752,6.21,6.222,5.035,4.671,4.165,4.212,4.463,4.384,3.978,4.095,3.763,3.802,4.108,4.67,4.687,4.849,5.592,6.047,6.157,6.408,6.559,6.833,7.083,7.328,7.651,8.458,8.823,9.241,9.04,..
Turks and Caicos Islands,TCA,Number of deaths ages 10-14 years,SH.DTH.1014,..,..,..,..,..,..,..,..,..,..,..,..,..,..,..,..,..,..,..,..,..,..,..,..,..,..,..,..,..,..,0,0,0,0,0,0,0,0,0,0,0,0,0,0,0,0,0,0,0,0,0,0,0,0,0,0,0,0,0,0,0,0,0,..
Turks and Caicos Islands,TCA,Number of deaths ages 15-19 years,SH.DTH.1519,..,..,..,..,..,..,..,..,..,..,..,..,..,..,..,..,..,..,..,..,..,..,..,..,..,..,..,..,..,..,1,1,1,1,1,1,1,1,1,1,1,1,1,1,1,1,1,1,1,1,1,1,1,1,1,1,1,1,1,1,1,1,1,..
Turks and Caicos Islands,TCA,Number of deaths ages 20-24 years,SH.DTH.2024,..,..,..,..,..,..,..,..,..,..,..,..,..,..,..,..,..,..,..,..,..,..,..,..,..,..,..,..,..,..,1,1,1,1,1,1,1,1,1,1,1,1,1,1,1,1,1,1,1,1,1,1,1,1,1,1,2,2,2,2,2,2,2,..
Turks and Caicos Islands,TCA,Number of deaths ages 5-9 years,SH.DTH.0509,..,..,..,..,..,..,..,..,..,..,..,..,..,..,..,..,..,..,..,..,..,..,..,..,..,..,..,..,..,..,0,0,0,0,0,0,0,0,0,0,0,0,0,0,0,0,0,0,0,0,0,0,0,0,0,0,0,0,0,0,0,0,0,..
Turks and Caicos Islands,TCA,Number of under-five deaths,SH.DTH.MORT,..,..,..,..,..,..,..,..,..,..,..,11,11,10,10,9,9,9,8,8,8,7,7,7,7,7,7,7,7,6,6,6,6,6,6,5,5,5,5,5,5,4,4,4,4,4,4,3,3,3,3,3,3,3,3,3,3,3,3,3,3,3,3,..
Tuvalu,TUV,"Death rate, crude (per 1,000 people)",SP.DYN.CDRT.IN,19.042,18.29,17.993,17.855,17.669,16.868,16.143,15.457,14.7,13.904,13.367,12.842,13.517,11.908,11.491,11.128,10.725,10.431,10.178,10.03,9.926,9.863,9.876,9.961,10.109,10.286,10.363,10.464,10.503,10.467,10.413,10.311,11.058,10.005,9.921,9.899,9.922,9.928,9.973,10.039,10.043,10.034,10.007,9.969,9.957,9.902,9.892,9.915,9.935,9.973,9.988,10.021,10.055,10.046,10.098,10.126,10.111,10.082,10.107,10.161,10.188,10.159,10.103,..
Tuvalu,TUV,Number of deaths ages 10-14 years,SH.DTH.1014,..,..,..,..,..,..,..,..,..,..,..,..,..,..,..,..,..,..,..,..,..,..,..,..,..,..,..,..,..,..,0,0,0,0,0,0,0,0,0,0,0,0,0,0,0,0,0,0,0,0,0,0,0,0,0,0,0,0,0,0,0,0,0,..
Tuvalu,TUV,Number of deaths ages 15-19 years,SH.DTH.1519,..,..,..,..,..,..,..,..,..,..,..,..,..,..,..,..,..,..,..,..,..,..,..,..,..,..,..,..,..,..,1,1,1,1,1,1,1,1,1,1,1,1,1,1,1,1,1,1,1,1,1,1,1,1,1,1,1,1,1,1,1,1,1,..
Tuvalu,TUV,Number of deaths ages 20-24 years,SH.DTH.2024,..,..,..,..,..,..,..,..,..,..,..,..,..,..,..,..,..,..,..,..,..,..,..,..,..,..,..,..,..,..,1,1,1,1,1,1,1,1,1,1,1,1,1,1,1,1,1,1,1,1,1,1,1,1,1,1,1,1,1,1,1,1,1,..
Tuvalu,TUV,Number of deaths ages 5-9 years,SH.DTH.0509,..,..,..,..,..,..,..,..,..,..,..,..,..,..,..,..,..,..,..,..,..,..,..,..,..,..,..,..,..,..,2,2,2,2,2,2,2,2,1,1,1,1,1,1,1,1,1,1,1,0,0,0,0,0,0,0,0,0,0,0,0,0,0,..
Tuvalu,TUV,Number of under-five deaths,SH.DTH.MORT,35,32,29,26,23,21,19,18,18,18,18,17,16,15,14,14,13,13,14,14,14,15,15,16,16,16,16,16,16,16,16,16,16,16,15,14,14,13,12,12,11,10,10,9,9,9,8,8,8,7,7,7,7,7,7,6,6,6,6,6,6,5,5,..
Uganda,UGA,"Death rate, crude (per 1,000 people)",SP.DYN.CDRT.IN,19.285,18.687,18.148,17.771,17.431,17.175,17.095,16.716,16.578,16.407,16.361,18.071,18.068,18.096,18.374,18.568,18.903,19.198,19.497,19.674,21.131,20.981,20.639,20.314,20.078,18.874,18.923,18.181,18.113,18.177,18.094,18.005,17.825,17.746,17.534,17.294,17.08,16.728,16.413,15.844,15.297,14.677,14.083,13.434,12.571,11.637,10.77,10.157,9.687,9.229,8.832,8.319,7.843,7.35,6.99,6.648,6.368,6.169,5.939,5.823,5.852,5.877,5.579,..
Uganda,UGA,Number of deaths ages 10-14 years,SH.DTH.1014,..,..,..,..,..,..,..,..,..,..,..,..,..,..,..,..,..,..,..,..,..,..,..,..,..,..,..,..,..,..,4059,4079,4118,4175,4243,4327,4427,4541,4659,4797,4921,5039,5153,5261,5363,5463,5540,5602,5669,5725,5787,5843,5918,5995,6065,6127,6183,6224,6252,6246,6252,6249,6244,..
Uganda,UGA,Number of deaths ages 15-19 years,SH.DTH.1519,..,..,..,..,..,..,..,..,..,..,..,..,..,..,..,..,..,..,..,..,..,..,..,..,..,..,..,..,..,..,7212,7644,8060,8456,8772,8991,9018,9117,9117,9132,9099,9057,8952,8859,8743,8624,8545,8531,8603,8783,9083,9509,10076,10711,11457,12238,12940,13497,13887,14132,14278,14390,14372,..
Uganda,UGA,Number of deaths ages 20-24 years,SH.DTH.2024,..,..,..,..,..,..,..,..,..,..,..,..,..,..,..,..,..,..,..,..,..,..,..,..,..,..,..,..,..,..,9863,10597,11294,11918,12381,12631,12454,12414,12130,11933,11608,11228,10775,10403,10009,9669,9411,9244,9165,9179,9286,9449,9700,10016,10390,10834,11246,11733,12159,12574,12929,13280,13560,..
Uganda,UGA,Number of deaths ages 5-9 years,SH.DTH.0509,..,..,..,..,..,..,..,..,..,..,..,..,..,..,..,..,..,..,..,..,..,..,..,..,..,..,..,..,..,..,10843,11026,11217,11429,11631,11818,11938,12054,12139,12223,12293,12322,12301,12252,12176,12101,12030,11975,11936,11901,11864,11817,11749,11654,11581,11506,11413,11335,11223,11094,10965,10822,10661,..
Uganda,UGA,Number of under-five deaths,SH.DTH.MORT,78896,79225,79781,80412,81252,82328,83709,85213,86977,89011,91519,94558,97937,101588,105715,110779,116202,121612,126826,131638,135920,137890,137992,137250,137074,138421,141232,145027,148991,152288,154636,156259,157776,159539,161651,164495,166486,167329,167217,165691,162881,158712,153242,146834,139949,132879,125937,119478,113355,108236,103066,98280,92969,88127,84300,80885,77193,74748,72907,71288,69818,68792,67724,..
Ukraine,UKR,"Death rate, crude (per 1,000 people)",SP.DYN.CDRT.IN,7.512,7.602,7.892,7.732,7.624,7.979,8.217,8.453,8.634,9.116,9.402,9.409,9.682,9.736,9.938,9.988,10.15,10.441,10.661,11.11,11.369,11.3,11.3,11.5,12,12.135,11.1,11.4,11.6,11.6,12.1,12.9,13.4,14.2,14.7,15.4,15.2,14.9,14.4,14.9,15.4,15.3,15.7,16,16,16.6,16.2,16.4,16.3,15.3,15.2,14.5,14.5,14.6,14.7,14.9,14.7,14.5,14.8,14.7,15.9,18.5,21.4,..
Ukraine,UKR,Number of deaths ages 10-14 years,SH.DTH.1014,..,..,..,..,..,..,..,..,..,..,..,..,..,..,..,..,..,..,..,..,..,..,..,..,..,..,..,..,..,..,1494,1504,1517,1549,1572,1565,1549,1525,1476,1407,1338,1259,1175,1092,1010,932,855,780,708,642,582,529,487,459,442,432,428,430,435,442,448,451,770,..
Ukraine,UKR,Number of deaths ages 15-19 years,SH.DTH.1519,..,..,..,..,..,..,..,..,..,..,..,..,..,..,..,..,..,..,..,..,..,..,..,..,..,..,..,..,..,..,3273,3379,3429,3567,3716,3717,3526,3327,3297,3381,3435,3419,3325,3119,2890,2743,2663,2536,2282,1972,1722,1559,1442,1350,1383,1159,1052,967,926,930,969,1047,3341,..
Ukraine,UKR,Number of deaths ages 20-24 years,SH.DTH.2024,..,..,..,..,..,..,..,..,..,..,..,..,..,..,..,..,..,..,..,..,..,..,..,..,..,..,..,..,..,..,4767,4998,5273,5717,6156,6338,6179,5915,5854,5987,6116,6095,5955,5795,5655,5610,5724,5754,5370,4744,4196,3791,3460,3176,3340,2571,2269,2007,1810,1685,1611,1583,7077,..
Ukraine,UKR,Number of deaths ages 5-9 years,SH.DTH.0509,..,..,..,..,..,..,..,..,..,..,..,..,..,..,..,..,..,..,..,..,..,..,..,..,..,..,..,..,..,..,1814,1846,1870,1858,1794,1695,1574,1443,1316,1197,1094,1001,919,847,781,719,660,608,568,538,515,498,486,477,468,454,440,426,411,393,374,351,525,..
Ukraine,UKR,Number of under-five deaths,SH.DTH.MORT,..,..,..,..,..,..,..,..,..,..,..,..,..,..,..,..,20813,20339,20019,19887,19510,19056,18968,18910,18193,17278,16573,15869,15093,14124,13221,12843,12632,12256,11738,10907,10085,9430,8712,7904,7230,6746,6441,6324,6260,6143,6129,6178,6232,6201,5895,5600,5437,5204,4903,4635,4348,3971,3578,3234,2977,2834,2879,..
United Arab Emirates,ARE,"Death rate, crude (per 1,000 people)",SP.DYN.CDRT.IN,15.546,14.963,14.29,13.61,12.667,11.812,10.966,10.177,9.381,8.418,7.668,7.072,6.592,6.193,5.847,5.638,5.46,4.992,4.597,4.249,3.913,3.632,3.446,3.348,3.184,3.108,3.058,2.864,2.801,2.745,2.704,2.608,2.598,2.557,2.566,2.559,2.58,2.52,2.473,2.298,2.107,2.047,1.987,1.661,1.613,1.563,1.449,1.229,1.011,0.867,0.795,0.82,0.85,0.896,0.948,1.014,1.102,1.202,1.324,1.471,1.766,1.874,1.865,..
United Arab Emirates,ARE,Number of deaths ages 10-14 years,SH.DTH.1014,..,..,..,..,..,..,..,..,..,..,..,..,..,..,..,..,..,..,..,..,..,..,..,..,..,..,..,..,..,..,53,52,52,52,52,54,55,60,60,59,57,54,53,51,53,54,58,64,69,74,74,76,75,71,66,60,55,52,53,54,55,57,57,..
United Arab Emirates,ARE,Number of deaths ages 15-19 years,SH.DTH.1519,..,..,..,..,..,..,..,..,..,..,..,..,..,..,..,..,..,..,..,..,..,..,..,..,..,..,..,..,..,..,94,98,98,97,95,92,92,120,144,161,169,171,165,154,141,126,147,211,285,343,358,326,304,287,272,255,235,210,184,157,137,127,125,..
United Arab Emirates,ARE,Number of deaths ages 20-24 years,SH.DTH.2024,..,..,..,..,..,..,..,..,..,..,..,..,..,..,..,..,..,..,..,..,..,..,..,..,..,..,..,..,..,..,144,159,170,175,176,170,157,175,201,233,266,296,316,328,327,306,343,488,682,855,943,842,753,678,619,576,542,519,499,480,454,390,309,..
United Arab Emirates,ARE,Number of deaths ages 5-9 years,SH.DTH.0509,..,..,..,..,..,..,..,..,..,..,..,..,..,..,..,..,..,..,..,..,..,..,..,..,..,..,..,..,..,..,61,61,61,61,61,60,58,58,56,56,56,58,59,61,61,62,63,66,69,72,74,72,71,72,76,80,84,85,84,82,78,75,71,..
United Arab Emirates,ARE,Number of under-five deaths,SH.DTH.MORT,..,..,..,..,..,..,..,..,..,..,..,..,..,..,..,..,..,..,..,..,..,894,882,860,836,811,792,771,745,724,707,685,663,641,626,595,568,561,550,545,552,565,579,595,608,605,606,649,735,834,919,946,928,899,858,807,750,695,636,581,561,543,502,..
United Kingdom,GBR,"Death rate, crude (per 1,000 people)",SP.DYN.CDRT.IN,11.5,12,11.9,12.2,11.3,11.6,11.8,11.2,11.9,11.9,11.8,11.5,12,11.9,11.9,11.8,12.1,11.7,11.9,12,11.7,11.7,11.8,11.7,11.4,11.9,11.7,11.3,11.4,11.5,11.2,11.3,11,11.4,10.8,11.1,10.9,10.8,10.8,10.8,10.3,10.2,10.2,10.2,9.7,9.6,9.4,9.4,9.4,9,8.9,8.7,8.9,9,8.8,9.2,9.1,9.2,9.2,9,10.1,9.7,9.1,..
United Kingdom,GBR,Number of deaths ages 10-14 years,SH.DTH.1014,..,..,..,..,..,..,..,..,..,..,..,..,..,..,..,..,..,..,..,..,..,..,..,..,..,..,..,..,..,..,664,658,651,643,630,616,602,593,584,574,563,551,537,521,502,482,462,442,425,407,391,374,357,344,333,327,325,325,326,326,324,322,319,..
United Kingdom,GBR,Number of deaths ages 15-19 years,SH.DTH.1519,..,..,..,..,..,..,..,..,..,..,..,..,..,..,..,..,..,..,..,..,..,..,..,..,..,..,..,..,..,..,1967,1821,1675,1566,1514,1514,1533,1548,1552,1544,1531,1521,1509,1495,1478,1458,1436,1400,1342,1256,1149,1052,987,951,933,926,918,907,892,873,851,831,821,..
United Kingdom,GBR,Number of deaths ages 20-24 years,SH.DTH.2024,..,..,..,..,..,..,..,..,..,..,..,..,..,..,..,..,..,..,..,..,..,..,..,..,..,..,..,..,..,..,2825,2750,2647,2524,2416,2333,2249,2159,2089,2059,2063,2076,2085,2082,2064,2038,2010,1978,1931,1845,1731,1629,1565,1532,1524,1529,1539,1548,1547,1523,1473,1411,1353,..
United Kingdom,GBR,Number of deaths ages 5-9 years,SH.DTH.0509,..,..,..,..,..,..,..,..,..,..,..,..,..,..,..,..,..,..,..,..,..,..,..,..,..,..,..,..,..,..,624,603,585,570,554,537,521,505,487,468,449,430,413,398,383,369,354,339,327,318,311,308,307,307,305,303,300,295,287,279,269,260,248,..
United Kingdom,GBR,Number of under-five deaths,SH.DTH.MORT,23721,24142,24295,24183,23970,23404,22458,21602,20877,20105,19291,18643,17475,15830,14423,13149,12017,11112,10618,10532,10358,9808,9196,8797,8546,8429,8315,8191,8033,7680,7280,6864,6395,5960,5610,5342,5156,5023,4878,4712,4524,4361,4260,4254,4296,4284,4273,4290,4278,4186,4074,3968,3852,3691,3549,3493,3458,3383,3263,3135,2984,2863,2787,..
United States,USA,"Death rate, crude (per 1,000 people)",SP.DYN.CDRT.IN,9.5,9.3,9.5,9.6,9.4,9.4,9.5,9.4,9.8,9.5,9.5,9.3,9.4,9.3,9.1,8.8,8.8,8.6,8.7,8.5,8.8,8.6,8.5,8.6,8.7,8.7,8.7,8.6,8.9,8.8,8.6,8.6,8.5,8.8,8.8,8.8,8.8,8.7,8.6,8.6,8.5,8.5,8.5,8.4,8.2,8.3,8.1,8,8.1,7.9,7.995,8.073,8.102,8.215,8.237,8.44,8.493,8.638,8.678,8.697,10.27,10.4,9.8,..
United States,USA,Number of deaths ages 10-14 years,SH.DTH.1014,..,..,..,..,..,..,..,..,..,..,..,..,..,..,..,..,..,..,..,..,..,..,..,..,..,..,..,..,..,..,4504,4570,4622,4655,4649,4607,4537,4451,4363,4282,4216,4155,4090,4012,3902,3760,3594,3428,3276,3153,3068,3016,2992,3000,3033,3080,3147,3240,3338,3426,3506,3545,3552,..
United States,USA,Number of deaths ages 15-19 years,SH.DTH.1519,..,..,..,..,..,..,..,..,..,..,..,..,..,..,..,..,..,..,..,..,..,..,..,..,..,..,..,..,..,..,15405,15056,14871,14959,15091,15098,14851,14480,14121,13829,13648,13609,13671,13788,13881,13907,13756,13379,12735,11921,11127,10493,10084,9974,10081,10297,10515,10731,10992,11429,12247,13540,14957,..
United States,USA,Number of deaths ages 20-24 years,SH.DTH.2024,..,..,..,..,..,..,..,..,..,..,..,..,..,..,..,..,..,..,..,..,..,..,..,..,..,..,..,..,..,..,21554,21357,21162,20864,20383,19590,18599,17864,17573,17619,17962,18567,19247,19818,20255,20536,20609,20443,19983,19379,18878,18704,18875,19316,19842,20240,20408,20511,20705,21269,22648,25002,27537,..
United States,USA,Number of deaths ages 5-9 years,SH.DTH.0509,..,..,..,..,..,..,..,..,..,..,..,..,..,..,..,..,..,..,..,..,..,..,..,..,..,..,..,..,..,..,3937,3880,3829,3804,3792,3779,3744,3686,3600,3486,3351,3211,3076,2961,2863,2779,2703,2633,2567,2508,2456,2415,2408,2418,2431,2441,2439,2427,2409,2396,2399,2399,2387,..
United States,USA,Number of under-five deaths,SH.DTH.MORT,119298,117472,114498,110560,106708,100628,93681,88441,84544,82346,81865,78519,71176,64749,60930,57841,54901,53470,52355,51463,51258,50328,49194,48021,46883,46398,45826,45216,45134,45302,45294,44297,42561,40732,38924,37252,35884,34872,34256,33927,33858,33653,33188,33061,33027,32895,33004,33084,32549,31455,30173,29085,28356,27781,27396,27089,26605,25913,25154,24519,23851,23470,23296,..
Uruguay,URY,"Death rate, crude (per 1,000 people)",SP.DYN.CDRT.IN,9.727,9.686,9.663,9.649,9.629,9.604,9.579,9.559,9.549,9.559,9.585,9.652,9.761,9.78,9.832,9.846,9.816,9.742,9.667,9.591,9.525,9.49,9.467,9.448,9.434,9.423,9.41,9.395,9.395,9.393,9.388,9.395,9.401,9.4,9.39,9.363,9.321,9.269,9.214,9.165,9.124,9.103,9.101,9.111,9.133,9.166,9.206,9.249,9.29,9.332,9.369,9.402,9.434,9.468,9.508,9.559,9.628,9.724,9.863,10.057,9.432,12.162,9.879,..
Uruguay,URY,Number of deaths ages 10-14 years,SH.DTH.1014,..,..,..,..,..,..,..,..,..,..,..,..,..,..,..,..,..,..,..,..,..,..,..,..,..,..,..,..,..,..,93,90,87,84,81,80,79,77,76,75,74,73,73,71,70,68,67,66,65,62,60,59,56,54,52,50,49,47,46,44,44,43,41,..
Uruguay,URY,Number of deaths ages 15-19 years,SH.DTH.1519,..,..,..,..,..,..,..,..,..,..,..,..,..,..,..,..,..,..,..,..,..,..,..,..,..,..,..,..,..,..,199,205,211,216,220,219,216,210,203,194,183,174,166,161,160,162,165,172,181,190,198,203,204,200,195,188,183,179,177,176,176,177,177,..
Uruguay,URY,Number of deaths ages 20-24 years,SH.DTH.2024,..,..,..,..,..,..,..,..,..,..,..,..,..,..,..,..,..,..,..,..,..,..,..,..,..,..,..,..,..,..,207,209,216,226,239,253,266,272,272,265,251,234,219,207,200,200,204,211,223,237,250,259,265,266,266,266,269,274,279,284,288,291,294,..
Uruguay,URY,Number of deaths ages 5-9 years,SH.DTH.0509,..,..,..,..,..,..,..,..,..,..,..,..,..,..,..,..,..,..,..,..,..,..,..,..,..,..,..,..,..,..,79,77,76,76,74,73,71,71,70,67,65,64,62,60,59,56,54,51,49,47,46,44,43,41,39,38,36,36,34,34,33,32,31,..
Uruguay,URY,Number of under-five deaths,SH.DTH.MORT,3427,3403,3366,3330,3290,3250,3218,3179,3126,3052,2950,2923,2987,3068,3192,3307,3300,3124,2854,2542,2214,1962,1791,1662,1576,1523,1473,1402,1360,1347,1306,1277,1266,1244,1221,1191,1138,1074,1006,946,896,858,834,806,764,723,676,624,580,544,516,495,479,464,446,428,403,364,323,289,263,248,239,..
Uzbekistan,UZB,"Death rate, crude (per 1,000 people)",SP.DYN.CDRT.IN,14.995,14.727,14.427,13.948,13.446,12.995,12.557,12.1,11.624,11.184,10.979,10.69,10.468,10.394,10.153,10.004,9.765,9.795,9.588,7,7.5,7.2,7.4,7.5,7.5,7.2,7.1,7,6.9,6.3,6.1,6.2,6.5,6.6,6.6,6.4,6.2,5.8,5.9,5.4,5.5,5.3,5.4,5.3,5,5.4,5.3,5.1,5.1,4.8,4.8,4.9,4.9,4.8,4.9,4.9,4.9,5,4.7,4.6,5.1,5,4.8,..
Uzbekistan,UZB,Number of deaths ages 10-14 years,SH.DTH.1014,..,..,..,..,..,..,..,..,..,..,..,..,..,..,..,..,..,..,..,..,..,..,..,..,..,..,..,..,..,..,1478,1525,1571,1617,1658,1692,1712,1714,1686,1629,1556,1478,1401,1333,1279,1233,1193,1159,1130,1103,1079,1057,1042,1033,1031,1031,1033,1036,1039,1040,1035,1022,1002,..
Uzbekistan,UZB,Number of deaths ages 15-19 years,SH.DTH.1519,..,..,..,..,..,..,..,..,..,..,..,..,..,..,..,..,..,..,..,..,..,..,..,..,..,..,..,..,..,..,1843,1944,2045,2119,2172,2214,2251,2280,2307,2322,2312,2269,2190,2072,1945,1852,1810,1802,1814,1839,1871,1901,1928,1951,1964,1965,1951,1913,1845,1776,1750,1789,1858,..
Uzbekistan,UZB,Number of deaths ages 20-24 years,SH.DTH.2024,..,..,..,..,..,..,..,..,..,..,..,..,..,..,..,..,..,..,..,..,..,..,..,..,..,..,..,..,..,..,2567,2617,2695,2781,2871,2968,3073,3176,3260,3307,3298,3219,3091,2936,2792,2698,2669,2678,2691,2693,2694,2699,2708,2727,2749,2753,2712,2609,2441,2252,2106,2035,2002,..
Uzbekistan,UZB,Number of deaths ages 5-9 years,SH.DTH.0509,..,..,..,..,..,..,..,..,..,..,..,..,..,..,..,..,..,..,..,..,..,..,..,..,..,..,..,..,..,..,2025,2104,2180,2234,2253,2239,2196,2123,2025,1907,1774,1630,1487,1357,1243,1148,1078,1030,1005,997,1001,1012,1033,1065,1102,1131,1147,1142,1116,1082,1047,1016,987,..
Uzbekistan,UZB,Number of under-five deaths,SH.DTH.MORT,..,..,..,..,..,..,..,..,..,..,..,..,..,..,..,..,..,..,..,..,..,..,..,..,53806,52643,51671,50472,48937,47919,48099,48828,48959,48517,47773,46793,45258,42937,40101,37218,34721,32574,30622,28450,26533,24946,23590,22745,21971,20898,19393,17745,16381,15441,14747,14057,13289,12539,12256,12144,11908,11345,10517,..
Vanuatu,VUT,"Death rate, crude (per 1,000 people)",SP.DYN.CDRT.IN,16.655,16.138,15.624,15.102,14.636,14.109,13.614,13.127,12.637,12.155,11.626,11.112,10.652,10.107,9.65,9.218,8.82,8.458,8.1,8.183,9.198,8.823,8.471,8.138,7.827,7.68,7.315,7.544,6.893,6.852,6.635,6.406,6.314,6.214,6.095,6.01,5.725,5.675,5.635,5.835,5.512,5.642,5.645,5.673,5.718,5.751,5.793,5.832,5.876,5.93,6.056,6.061,6.072,6.041,6.048,6.001,5.921,5.829,5.739,5.663,5.487,5.395,5.312,..
Vanuatu,VUT,Number of deaths ages 10-14 years,SH.DTH.1014,..,..,..,..,..,..,..,..,..,..,..,..,..,..,..,..,..,..,..,..,..,..,..,..,..,..,..,..,..,..,11,11,11,12,12,13,13,13,13,13,13,13,13,14,14,14,14,14,13,13,13,13,13,13,13,13,13,13,14,14,14,14,14,..
Vanuatu,VUT,Number of deaths ages 15-19 years,SH.DTH.1519,..,..,..,..,..,..,..,..,..,..,..,..,..,..,..,..,..,..,..,..,..,..,..,..,..,..,..,..,..,..,19,19,19,19,19,19,19,19,21,21,21,22,23,23,24,25,25,25,25,25,25,25,24,24,23,23,23,23,24,24,24,26,26,..
Vanuatu,VUT,Number of deaths ages 20-24 years,SH.DTH.2024,..,..,..,..,..,..,..,..,..,..,..,..,..,..,..,..,..,..,..,..,..,..,..,..,..,..,..,..,..,..,20,20,20,20,21,21,21,22,22,22,22,23,23,24,25,26,27,28,28,28,28,29,29,30,30,30,30,30,29,29,28,29,29,..
Vanuatu,VUT,Number of deaths ages 5-9 years,SH.DTH.0509,..,..,..,..,..,..,..,..,..,..,..,..,..,..,..,..,..,..,..,..,..,..,..,..,..,..,..,..,..,..,19,18,18,18,18,18,18,18,18,18,18,18,18,18,18,18,18,18,18,17,17,17,17,17,18,18,18,18,19,20,19,18,18,..
Vanuatu,VUT,Number of under-five deaths,SH.DTH.MORT,417,415,414,410,406,402,397,392,386,380,374,367,361,354,347,340,333,326,318,309,299,288,277,266,255,245,235,226,218,211,205,201,197,194,190,188,185,184,182,181,181,182,183,184,185,185,186,187,187,187,187,187,187,186,186,186,186,185,183,180,177,174,171,..
"Venezuela, RB",VEN,"Death rate, crude (per 1,000 people)",SP.DYN.CDRT.IN,9.938,9.501,9.338,8.985,8.712,8.38,8.088,7.814,7.528,7.355,6.912,6.642,6.441,6.244,6.036,5.854,5.704,5.58,5.481,5.406,5.362,5.154,5.079,4.948,4.897,4.879,4.776,4.811,4.777,4.779,4.753,4.688,4.741,4.745,4.82,4.766,4.835,4.677,4.758,4.982,4.964,5.557,5.01,5.384,5.217,5.189,5.289,5.242,5.6,5.62,5.568,5.649,5.683,5.711,5.971,5.996,6.574,6.735,6.864,7.017,7.575,8.124,8.1,..
"Venezuela, RB",VEN,Number of deaths ages 10-14 years,SH.DTH.1014,..,..,..,..,..,..,..,..,..,..,..,..,..,..,..,..,..,..,..,..,..,..,..,..,..,..,..,..,..,..,1064,1058,1051,1046,1042,1042,1046,1057,1076,1103,1136,1170,1202,1222,1230,1226,1213,1195,1172,1146,1124,1107,1097,1094,1098,1106,1116,1263,1268,1121,1119,1119,1117,..
"Venezuela, RB",VEN,Number of deaths ages 15-19 years,SH.DTH.1519,..,..,..,..,..,..,..,..,..,..,..,..,..,..,..,..,..,..,..,..,..,..,..,..,..,..,..,..,..,..,2145,2349,2554,2722,2812,2785,2666,2583,2651,2888,3264,3728,4152,4355,4394,4468,4690,4977,5218,5371,5438,5453,5480,5591,5775,5989,6177,6417,6343,5982,5870,5871,5865,..
"Venezuela, RB",VEN,Number of deaths ages 20-24 years,SH.DTH.2024,..,..,..,..,..,..,..,..,..,..,..,..,..,..,..,..,..,..,..,..,..,..,..,..,..,..,..,..,..,..,2666,2927,3178,3379,3501,3523,3477,3492,3695,4108,4701,5395,6030,6392,6518,6627,6858,7145,7385,7550,7667,7765,7883,8083,8306,8436,8413,8382,7918,7075,6697,6660,6673,..
"Venezuela, RB",VEN,Number of deaths ages 5-9 years,SH.DTH.0509,..,..,..,..,..,..,..,..,..,..,..,..,..,..,..,..,..,..,..,..,..,..,..,..,..,..,..,..,..,..,1080,1062,1047,1037,1028,1020,1013,1007,1004,1007,1016,1028,1041,1047,1044,1033,1016,993,965,935,906,883,865,853,845,841,836,965,954,797,775,759,738,..
"Venezuela, RB",VEN,Number of under-five deaths,SH.DTH.MORT,28465,28049,27769,27580,27419,27294,27210,27115,26937,26676,26310,25862,25393,24981,24605,24265,23919,23511,23049,22523,21955,21345,20734,20162,19684,19228,18861,18457,17908,17295,16707,16207,15805,15502,15262,14973,14548,14016,13446,12920,12477,12137,11877,11603,11276,10953,10653,10401,10239,10182,10203,10266,10368,10528,10724,11243,14167,13998,13560,12730,11859,11304,10922,..
Viet Nam,VNM,"Death rate, crude (per 1,000 people)",SP.DYN.CDRT.IN,11.467,10.9,11.054,11.813,11.437,11.676,11.701,11.792,14.001,12.817,12.773,12.508,14.57,12.523,13,9.48,8.649,8.534,8.339,8.157,8.122,7.954,7.763,7.754,7.685,7.554,7.358,7.19,7.142,6.875,6.816,6.549,6.504,6.228,6.173,5.924,5.893,5.817,5.753,5.729,5.755,5.769,5.8,5.812,5.835,5.865,5.927,5.966,6.066,6.117,6.193,6.195,6.275,6.327,6.373,6.444,6.495,6.577,6.663,6.706,6.169,7.317,6.831,..
Viet Nam,VNM,Number of deaths ages 10-14 years,SH.DTH.1014,..,..,..,..,..,..,..,..,..,..,..,..,..,..,..,..,..,..,..,..,..,..,..,..,..,..,..,..,..,..,4114,4135,4170,4202,4215,4219,4200,4150,4085,4009,3928,3834,3736,3638,3526,3380,3205,3022,2845,2686,2570,2495,2455,2439,2433,2426,2405,2381,2357,2333,2309,2292,2277,..
Viet Nam,VNM,Number of deaths ages 15-19 years,SH.DTH.1519,..,..,..,..,..,..,..,..,..,..,..,..,..,..,..,..,..,..,..,..,..,..,..,..,..,..,..,..,..,..,8093,8053,7976,7823,7682,7574,7482,7426,7383,7346,7310,7192,7042,6896,6755,6617,6484,6361,6213,6024,5814,5534,5224,4907,4615,4386,4222,4121,4052,4001,3944,3870,3782,..
Viet Nam,VNM,Number of deaths ages 20-24 years,SH.DTH.2024,..,..,..,..,..,..,..,..,..,..,..,..,..,..,..,..,..,..,..,..,..,..,..,..,..,..,..,..,..,..,7735,7714,7796,7910,7985,8051,8099,8116,8101,8106,8111,8061,8004,7935,7858,7748,7616,7461,7294,7127,6984,6871,6765,6650,6492,6265,5976,5651,5319,5004,4751,4588,4502,..
Viet Nam,VNM,Number of deaths ages 5-9 years,SH.DTH.0509,..,..,..,..,..,..,..,..,..,..,..,..,..,..,..,..,..,..,..,..,..,..,..,..,..,..,..,..,..,..,12886,12249,11565,10872,10188,9545,8916,8312,7719,7110,6493,5864,5254,4691,4206,3815,3514,3283,3099,2944,2797,2653,2511,2389,2276,2171,2084,2005,1929,1849,1772,1694,1617,..
Viet Nam,VNM,Number of under-five deaths,SH.DTH.MORT,..,..,..,..,..,..,..,..,..,116888,117298,118869,121260,123809,123912,122604,121787,120880,120240,119977,119483,119404,119511,119154,118284,116741,114416,111136,107093,102700,98017,93024,87417,81143,74351,67012,59903,53900,49054,45321,42818,40999,39708,38553,37499,36493,35299,34551,34347,34120,33805,33690,33819,34024,33996,33746,33314,32749,32235,31773,31256,30523,29663,..
Virgin Islands (U.S.),VIR,"Death rate, crude (per 1,000 people)",SP.DYN.CDRT.IN,10,9.68,9.36,9.04,8.72,8.4,8.1,7.8,7.5,7.2,6.8,6.5,6.2,5.9,5.6,5.2,5.4,5.35,5.3,5.3,5.2,5.2,5.1,5.1,5,5,5,5,4.875,4.75,4.625,4.5,4.5,4.675,4.85,5.025,5.2,5.3,5,5.3,6,5.6,5.7,5.8,5.8,6.1,5.8,6.7,6.7,6.6,6.6,6.6,6.7,6.9,7.1,7.3,7.5,7.7,7.9,8.2,8.4,8.6,8.8,..
Virgin Islands (U.S.),VIR,Number of deaths ages 10-14 years,SH.DTH.1014,..,..,..,..,..,..,..,..,..,..,..,..,..,..,..,..,..,..,..,..,..,..,..,..,..,..,..,..,..,..,..,..,..,..,..,..,..,..,..,..,..,..,..,..,..,..,..,..,..,..,..,..,..,..,..,..,..,..,..,..,..,..,..,..
Virgin Islands (U.S.),VIR,Number of deaths ages 15-19 years,SH.DTH.1519,..,..,..,..,..,..,..,..,..,..,..,..,..,..,..,..,..,..,..,..,..,..,..,..,..,..,..,..,..,..,..,..,..,..,..,..,..,..,..,..,..,..,..,..,..,..,..,..,..,..,..,..,..,..,..,..,..,..,..,..,..,..,..,..
Virgin Islands (U.S.),VIR,Number of deaths ages 20-24 years,SH.DTH.2024,..,..,..,..,..,..,..,..,..,..,..,..,..,..,..,..,..,..,..,..,..,..,..,..,..,..,..,..,..,..,..,..,..,..,..,..,..,..,..,..,..,..,..,..,..,..,..,..,..,..,..,..,..,..,..,..,..,..,..,..,..,..,..,..
Virgin Islands (U.S.),VIR,Number of deaths ages 5-9 years,SH.DTH.0509,..,..,..,..,..,..,..,..,..,..,..,..,..,..,..,..,..,..,..,..,..,..,..,..,..,..,..,..,..,..,..,..,..,..,..,..,..,..,..,..,..,..,..,..,..,..,..,..,..,..,..,..,..,..,..,..,..,..,..,..,..,..,..,..
Virgin Islands (U.S.),VIR,Number of under-five deaths,SH.DTH.MORT,..,..,..,..,..,..,..,..,..,..,..,..,..,..,..,..,..,..,..,..,..,..,..,..,..,..,..,..,..,..,..,..,..,..,..,..,..,..,..,..,..,..,..,..,..,..,..,..,..,..,..,..,..,..,..,..,..,..,..,..,..,..,..,..
West Bank and Gaza,PSE,"Death rate, crude (per 1,000 people)",SP.DYN.CDRT.IN,..,..,..,..,..,..,..,..,..,..,..,..,..,..,..,..,..,..,..,..,..,..,..,..,..,..,..,..,..,..,6.72,6.46,6.2,5.94,5.68,5.42,5.16,4.9,4.8,4.6,4.5,4.4,4.3,4.2,4.1,4,3.9,3.675,3.566,3.554,3.484,3.459,3.436,3.309,3.829,3.304,3.302,3.26,3.317,3.225,3.489,3.815,3.854,..
West Bank and Gaza,PSE,Number of deaths ages 10-14 years,SH.DTH.1014,..,..,..,..,..,..,..,..,..,..,..,..,..,..,..,..,..,..,..,..,..,..,..,..,..,..,..,..,..,..,138,142,146,151,156,160,166,171,177,181,187,192,197,201,204,207,207,207,207,206,206,206,206,208,247,209,209,207,209,209,210,211,211,..
West Bank and Gaza,PSE,Number of deaths ages 15-19 years,SH.DTH.1519,..,..,..,..,..,..,..,..,..,..,..,..,..,..,..,..,..,..,..,..,..,..,..,..,..,..,..,..,..,..,248,236,241,247,252,258,265,272,280,287,293,300,307,314,321,328,337,344,350,354,354,353,350,345,514,337,335,333,375,333,334,336,339,..
West Bank and Gaza,PSE,Number of deaths ages 20-24 years,SH.DTH.2024,..,..,..,..,..,..,..,..,..,..,..,..,..,..,..,..,..,..,..,..,..,..,..,..,..,..,..,..,..,..,248,211,216,222,228,235,243,249,257,263,268,275,281,286,292,300,307,315,323,331,339,346,354,361,777,366,366,363,477,353,351,350,352,..
West Bank and Gaza,PSE,Number of deaths ages 5-9 years,SH.DTH.0509,..,..,..,..,..,..,..,..,..,..,..,..,..,..,..,..,..,..,..,..,..,..,..,..,..,..,..,..,..,..,202,205,207,211,215,219,224,229,234,236,238,239,237,235,233,232,231,232,232,232,233,233,233,235,323,235,235,233,233,232,230,228,225,..
West Bank and Gaza,PSE,Number of under-five deaths,SH.DTH.MORT,..,..,..,..,..,..,..,..,..,..,..,..,..,..,..,..,..,..,..,..,5297,5103,4926,4768,4640,4537,4409,4279,4239,4224,4189,4160,4138,4096,4036,3967,3889,3807,3741,3683,3615,3550,3482,3392,3304,3232,3148,3053,2978,2931,2904,2864,2798,2727,2986,2641,2583,2484,2388,2300,2219,2144,2078,..
"Yemen, Rep.",YEM,"Death rate, crude (per 1,000 people)",SP.DYN.CDRT.IN,33.038,32.711,33.206,33.593,32.144,31.544,30.847,30.091,29.151,27.538,26.538,25.58,24.718,23.866,22.951,22.125,21.245,20.342,19.391,18.569,17.608,16.739,16.108,15.009,14.221,13.592,14.067,12.484,11.981,11.588,11.198,10.878,10.562,10.236,10.104,9.642,9.343,8.932,8.666,8.306,7.94,7.565,7.203,6.898,6.662,6.413,6.208,5.954,5.77,5.651,5.602,5.554,5.582,5.507,5.566,6.137,6.052,6.082,6.629,6.416,6.509,6.845,6.824,..
"Yemen, Rep.",YEM,Number of deaths ages 10-14 years,SH.DTH.1014,..,..,..,..,..,..,..,..,..,..,..,..,..,..,..,..,..,..,..,..,..,..,..,..,..,..,..,..,..,..,2333,2372,2409,2452,2489,2524,2555,2585,2606,2620,2627,2629,2632,2632,2631,2623,2598,2565,2532,2503,2487,2509,2547,2540,2622,2889,2934,2998,3254,3363,3208,3554,3308,..
"Yemen, Rep.",YEM,Number of deaths ages 15-19 years,SH.DTH.1519,..,..,..,..,..,..,..,..,..,..,..,..,..,..,..,..,..,..,..,..,..,..,..,..,..,..,..,..,..,..,2117,2186,2261,2344,2598,2542,2642,2738,2830,2914,2986,3050,3109,3159,3205,3246,3287,3326,3362,3402,3453,3632,3720,3601,3741,4952,4837,5042,6371,5964,5421,5872,4592,..
"Yemen, Rep.",YEM,Number of deaths ages 20-24 years,SH.DTH.2024,..,..,..,..,..,..,..,..,..,..,..,..,..,..,..,..,..,..,..,..,..,..,..,..,..,..,..,..,..,..,1726,1785,1849,1915,2364,2059,2126,2189,2252,2321,2392,2462,2532,2604,2674,2742,2821,2904,2984,3069,3168,3600,3832,3650,4027,7130,6820,7313,10578,9129,7821,8264,5104,..
"Yemen, Rep.",YEM,Number of deaths ages 5-9 years,SH.DTH.0509,..,..,..,..,..,..,..,..,..,..,..,..,..,..,..,..,..,..,..,..,..,..,..,..,..,..,..,..,..,..,5130,5127,5124,5116,5097,5072,5031,4979,4919,4832,4718,4571,4412,4244,4090,3952,3844,3758,3698,3656,3625,3658,3731,3674,3792,4316,4298,4316,4745,4823,4380,5035,4388,..
"Yemen, Rep.",YEM,Number of under-five deaths,SH.DTH.MORT,..,..,..,..,..,..,..,..,..,119097,117267,115658,114226,112778,111175,109681,107880,105676,103069,100653,98216,95311,92454,89760,87272,85336,83910,82808,82041,81456,81115,80960,80963,81017,80861,80248,78211,75892,73796,71479,68831,65641,62667,60162,57910,55681,53808,52043,50331,48868,47645,46831,46349,45508,45386,46779,46033,45369,46186,45660,43331,44665,41396,..
Zambia,ZMB,"Death rate, crude (per 1,000 people)",SP.DYN.CDRT.IN,17.285,17.019,16.789,16.558,16.685,16.234,16.14,16.042,15.975,15.775,15.527,15.171,14.751,14.302,13.909,13.656,13.444,13.371,13.394,13.436,13.52,13.533,13.614,13.828,14.157,14.602,15.053,15.438,15.836,16.239,16.597,17.001,17.243,17.315,17.392,17.434,17.483,17.511,17.509,17.4,16.876,16.145,15.292,14.32,13.45,12.659,11.933,11.351,10.67,9.961,9.219,8.763,8.267,7.788,7.408,7.196,6.941,6.809,6.748,6.571,6.602,6.973,6.716,..
Zambia,ZMB,Number of deaths ages 10-14 years,SH.DTH.1014,..,..,..,..,..,..,..,..,..,..,..,..,..,..,..,..,..,..,..,..,..,..,..,..,..,..,..,..,..,..,1896,1884,1870,1857,1848,1842,1838,1830,1825,1813,1797,1781,1768,1760,1757,1762,1769,1779,1785,1789,1802,1817,1833,1847,1863,1876,1888,1897,1907,1909,1909,1909,1899,..
Zambia,ZMB,Number of deaths ages 15-19 years,SH.DTH.1519,..,..,..,..,..,..,..,..,..,..,..,..,..,..,..,..,..,..,..,..,..,..,..,..,..,..,..,..,..,..,3302,3447,3572,3686,3774,3830,3857,3861,3859,3854,3858,3860,3855,3832,3794,3749,3712,3679,3662,3652,3648,3637,3637,3625,3608,3605,3599,3596,3592,3606,3630,3653,3674,..
Zambia,ZMB,Number of deaths ages 20-24 years,SH.DTH.2024,..,..,..,..,..,..,..,..,..,..,..,..,..,..,..,..,..,..,..,..,..,..,..,..,..,..,..,..,..,..,4535,4786,5028,5256,5451,5609,5721,5801,5863,5882,5879,5856,5845,5796,5738,5658,5604,5519,5442,5340,5236,5104,4967,4831,4703,4595,4485,4387,4316,4313,4336,4385,4449,..
Zambia,ZMB,Number of deaths ages 5-9 years,SH.DTH.0509,..,..,..,..,..,..,..,..,..,..,..,..,..,..,..,..,..,..,..,..,..,..,..,..,..,..,..,..,..,..,4366,4476,4562,4632,4688,4732,4759,4772,4778,4780,4783,4763,4730,4682,4629,4564,4502,4434,4376,4333,4287,4246,4203,4156,4094,4018,3933,3848,3768,3692,3624,3554,3475,..
Zambia,ZMB,Number of under-five deaths,SH.DTH.MORT,29872,30382,30930,31517,32148,32891,33718,34577,35405,36051,36476,36518,36335,36137,36023,36258,36884,37798,38869,39987,41129,42325,43911,45894,48332,51111,54002,56790,59310,61611,63615,65374,66853,67869,68399,68658,68890,69106,69226,69017,67833,65187,61663,58140,54684,51720,49303,47857,46555,44959,43524,43260,42901,42022,41121,40943,39673,39456,40102,39602,38252,37473,37015,..
Zimbabwe,ZWE,"Death rate, crude (per 1,000 people)",SP.DYN.CDRT.IN,14.221,13.919,13.585,13.235,12.899,12.566,12.259,12.02,11.813,11.629,11.441,11.373,11.302,11.339,11.308,11.3,11.561,11.821,12.592,12.561,11.069,10.122,9.776,9.442,8.91,8.492,8.17,8.117,8.17,8.424,8.747,9.259,9.947,10.829,11.755,12.825,13.755,14.357,15.15,16.301,16.801,19.048,16.953,17.805,16.989,16.82,16.436,16.27,15.604,14.804,13.281,11.857,10.691,9.787,9.123,8.774,8.441,8.266,7.972,8.043,8.132,9.057,8.943,..
Zimbabwe,ZWE,Number of deaths ages 10-14 years,SH.DTH.1014,..,..,..,..,..,..,..,..,..,..,..,..,..,..,..,..,..,..,..,..,..,..,..,..,..,..,..,..,..,..,1393,1467,1554,1668,1747,1818,1874,1904,1921,1927,1933,1936,1957,1989,2044,2109,2177,2260,2333,2410,2500,2583,2652,2716,2770,2792,2793,2787,2782,2791,2813,2863,2910,..
Zimbabwe,ZWE,Number of deaths ages 15-19 years,SH.DTH.1519,..,..,..,..,..,..,..,..,..,..,..,..,..,..,..,..,..,..,..,..,..,..,..,..,..,..,..,..,..,..,1809,1996,2195,2378,2518,2683,2907,3144,3374,3583,3716,3747,3697,3584,3438,3273,3121,3046,2962,2907,2875,2868,2885,2957,3066,3190,3317,3397,3431,3403,3352,3290,3215,..
Zimbabwe,ZWE,Number of deaths ages 20-24 years,SH.DTH.2024,..,..,..,..,..,..,..,..,..,..,..,..,..,..,..,..,..,..,..,..,..,..,..,..,..,..,..,..,..,..,2649,2988,3379,3715,4060,4460,4941,5401,5817,6157,6418,6618,6781,6880,6892,6742,6450,6174,5753,5334,4951,4622,4368,4229,4154,4118,4111,4134,4205,4300,4429,4582,4701,..
Zimbabwe,ZWE,Number of deaths ages 5-9 years,SH.DTH.0509,..,..,..,..,..,..,..,..,..,..,..,..,..,..,..,..,..,..,..,..,..,..,..,..,..,..,..,..,..,..,2914,2933,2911,2941,2851,2768,2712,2674,2654,2661,2676,2704,2752,2805,2894,2993,3068,3111,3097,3039,2932,2788,2631,2480,2368,2288,2236,2200,2166,2116,2037,1966,1886,..
Zimbabwe,ZWE,Number of under-five deaths,SH.DTH.MORT,25883,25927,25863,25796,25705,25635,25590,25619,25781,26097,26581,27203,27965,28933,30028,31165,32301,33317,34053,34153,33906,34145,33981,32817,31324,29770,28480,27631,27267,27434,28332,29780,31430,32854,34177,35325,36211,36959,37412,37689,37913,38130,38345,38474,38876,39287,40129,40617,40682,40258,39049,37426,34138,31768,30172,29020,27603,26747,25614,25193,24794,23750,23203,..
Africa Eastern and Southern,AFE,"Death rate, crude (per 1,000 people)",SP.DYN.CDRT.IN,20.9091906464858,20.6712039350453,20.3813924003288,20.2448741057085,19.7929837585173,19.7843048592924,20.0363687659832,19.4585210086971,19.2317535913467,19.090469171833,18.8718981705522,18.4607771375082,18.8080961881638,18.1029298209748,18.2090146858446,18.0675698291648,17.5419474387862,17.3413312089098,17.2308700447643,16.8890731292609,16.667233353127,16.4251588915459,16.2189143424871,17.5786842907697,17.5523355225819,17.2223893919002,16.7223652605472,16.321565135337,17.2179831437481,15.6143984986871,15.5798072024658,15.804425339201,16.0649253159176,15.6053021641486,16.2609252340584,14.8107370509244,14.8266013315332,14.629155954301,15.1401855480903,14.2348156104158,13.7657643045894,13.5826702245458,13.3002361384401,12.976006293222,12.6270375852672,12.2337341365809,11.7300787774155,11.2890409334747,10.8661061699106,10.3649077449207,9.94306979962962,9.50196583487185,9.10336923111703,8.77871461155644,8.47902808209954,8.24300208271378,7.97715113624097,7.77693089797363,7.59315332577477,7.44119818996751,7.62983137493464,8.04924628908896,7.85756094074036,..
Africa Eastern and Southern,AFE,Number of deaths ages 10-14 years,SH.DTH.1014,..,..,..,..,..,..,..,..,..,..,..,..,..,..,..,..,..,..,..,..,..,..,..,..,..,..,..,..,..,..,85235,86187,88837,94152,133895,91433,92678,94230,94537,94465,94213,93698,93045,92354,91548,90813,90095,89099,88430,86895,86368,85433,84183,83911,83915,83971,84244,84752,85267,85925,86656,87204,87682,..
Africa Eastern and Southern,AFE,Number of deaths ages 15-19 years,SH.DTH.1519,..,..,..,..,..,..,..,..,..,..,..,..,..,..,..,..,..,..,..,..,..,..,..,..,..,..,..,..,..,..,118250,119861,123467,131016,234385,135135,140964,142606,144284,147663,145713,145954,146076,146120,145874,145115,143962,142687,142641,140657,140259,140466,140837,141310,141898,142305,142780,142991,143663,144334,145396,146595,148169,..
Africa Eastern and Southern,AFE,Number of deaths ages 20-24 years,SH.DTH.2024,..,..,..,..,..,..,..,..,..,..,..,..,..,..,..,..,..,..,..,..,..,..,..,..,..,..,..,..,..,..,145844,147595,152480,160862,313800,163962,170582,169242,170822,178653,175039,177137,178932,180086,180396,180022,178960,177561,177911,173505,170902,168095,165445,163484,162159,161587,162154,162059,162747,164119,166028,168228,172218,..
Africa Eastern and Southern,AFE,Number of deaths ages 5-9 years,SH.DTH.0509,..,..,..,..,..,..,..,..,..,..,..,..,..,..,..,..,..,..,..,..,..,..,..,..,..,..,..,..,..,..,243459,243201,248070,252679,285466,244472,242205,239902,234736,228886,223524,218718,213775,208554,203169,197374,191234,185203,180632,174158,170200,165811,160821,157617,155021,152622,150603,148767,147164,145667,144211,142773,141459,..
Africa Eastern and Southern,AFE,Number of under-five deaths,SH.DTH.MORT,..,..,..,..,..,..,..,..,..,..,..,..,..,..,..,..,..,..,..,..,..,..,..,..,..,..,..,..,..,..,2176319,2195203,2212237,2231358,2303946,2245929,2251401,2242132,2219658,2190352,2153237,2107019,2055663,2000933,1947321,1897277,1850218,1799931,1748627,1694297,1642941,1594907,1548050,1504595,1469929,1441616,1412521,1389667,1368646,1350115,1330431,1309310,1290806,..
Africa Western and Central,AFW,"Death rate, crude (per 1,000 people)",SP.DYN.CDRT.IN,26.3632040712407,26.0942267285939,25.644341477152,25.3751197497915,25.1537090242511,24.9173650534079,24.7223370856099,25.0477476833762,24.4866574233441,24.2603993541349,23.6931040240506,23.2410360851893,22.6461872239617,22.1486681087391,21.639283231719,21.0947536706416,20.4819835355844,19.9403605854812,19.5381296804572,19.2244610692484,18.9453844065182,18.6823550616264,18.452190301068,18.2330176215823,18.0743240076585,17.9348415541079,17.819936750283,17.6246223042975,17.3745808826325,17.2050227591015,17.1784074796549,17.1170625543766,17.0139562068186,16.8989730757151,16.9366697313222,16.8126019394594,16.6654818867239,16.4796686305178,16.2450054828847,15.9241610642378,15.5766179780788,15.3020760471726,15.0228065213805,14.6764506241725,14.3666037520404,14.0035127943223,13.6684526431817,13.3760584952795,13.1124753438886,12.7767261182926,12.5196263195042,12.2223100987664,11.9946784769961,11.7608668724025,11.5750988450052,11.3835998664691,11.1456803979459,10.9397067072385,10.7406920063243,10.5150851922965,10.6232215069827,10.6989966794129,10.2813066390412,..
Africa Western and Central,AFW,Number of deaths ages 10-14 years,SH.DTH.1014,..,..,..,..,..,..,..,..,..,..,..,..,..,..,..,..,..,..,..,..,..,..,..,..,..,..,..,..,..,..,60946,61701,62466,63213,63802,64284,64677,65109,65427,65770,66222,66750,67345,68026,68642,69329,70051,70782,71497,72360,73360,74416,75563,76775,78070,79150,80076,81041,81983,83054,83494,83994,84370,..
Africa Western and Central,AFW,Number of deaths ages 15-19 years,SH.DTH.1519,..,..,..,..,..,..,..,..,..,..,..,..,..,..,..,..,..,..,..,..,..,..,..,..,..,..,..,..,..,..,71969,71232,72211,73212,74103,75228,75842,76405,77113,77529,77740,78078,78361,78791,78863,79212,79586,79908,80267,80689,81137,81711,82435,83286,84284,85634,86607,87850,88652,89747,90101,90821,91588,..
Africa Western and Central,AFW,Number of deaths ages 20-24 years,SH.DTH.2024,..,..,..,..,..,..,..,..,..,..,..,..,..,..,..,..,..,..,..,..,..,..,..,..,..,..,..,..,..,..,73326,70208,71583,73141,74835,77094,78547,80379,82573,84271,85578,86996,88036,89349,89674,90197,90458,90502,90488,90570,90755,90990,91309,91596,92010,92565,92937,93959,94372,95840,97115,99407,102334,..
Africa Western and Central,AFW,Number of deaths ages 5-9 years,SH.DTH.0509,..,..,..,..,..,..,..,..,..,..,..,..,..,..,..,..,..,..,..,..,..,..,..,..,..,..,..,..,..,..,159803,159771,159768,159635,159388,159506,159724,160167,160550,160649,160604,160616,160557,160449,160082,160121,160493,160982,161650,162219,162764,163329,164049,164748,165605,166323,166545,166708,166495,166237,164821,163265,161649,..
Africa Western and Central,AFW,Number of under-five deaths,SH.DTH.MORT,..,..,..,..,..,..,..,..,..,..,..,..,..,..,..,..,..,..,..,..,..,..,..,..,..,..,..,..,..,..,1746870,1769211,1793183,1818969,1841710,1858241,1870130,1874363,1872211,1870028,1866045,1855152,1839668,1821668,1800778,1780370,1762741,1745505,1731938,1722037,1714406,1708685,1703078,1694501,1688908,1682581,1671107,1659448,1644509,1627240,1607625,1585740,1561320,..
Arab World,ARB,"Death rate, crude (per 1,000 people)",SP.DYN.CDRT.IN,21.1876025789382,20.600822911871,20.3441910998935,19.710522254702,19.0324098504902,18.7234514449384,18.4907834636268,18.0742534670995,17.6240538361193,17.261351598874,16.8227259021996,16.1410595451534,15.695334087144,15.163857047096,14.7008884135589,14.291411376556,14.1612055647107,13.2452536101709,12.7425523853783,12.2722959874073,11.8853094443642,11.5471618687086,11.2902844163297,10.9501947335123,10.5500793577892,10.1121626220327,9.43739183227409,9.56683556460777,10.154806665417,8.74918001930721,8.4875568850378,8.72539806169478,8.60313592806108,7.77134539402221,7.14213382356544,7.23047262992111,7.05307156935753,6.94035731054194,7.10866600628525,6.56422890407843,6.39759334421123,6.28066942618811,6.18044265170454,6.24854355680174,6.27365476492614,6.19734637900239,6.04724514371034,5.93656729076028,5.82490073039728,5.65247186995682,5.63362328649431,5.57731159739438,5.62359396513101,5.65670836191202,5.56789038173424,5.49178317724523,5.44025309929466,5.28713285114529,5.27482762693256,5.25082252377641,5.65665191102103,5.80168841190391,5.66654257725265,..
Arab World,ARB,Number of deaths ages 10-14 years,SH.DTH.1014,..,..,..,..,..,..,..,..,..,..,..,..,..,..,..,..,..,..,..,..,..,..,..,..,..,..,..,..,..,..,27382,26780,26252,25894,25831,25595,25370,25052,24681,24247,23724,23161,22649,22504,22069,21988,22010,21959,22308,21793,22266,22688,23550,23898,23757,23810,23028,23321,23897,22894,22434,22773,22624,..
Arab World,ARB,Number of deaths ages 15-19 years,SH.DTH.1519,..,..,..,..,..,..,..,..,..,..,..,..,..,..,..,..,..,..,..,..,..,..,..,..,..,..,..,..,..,..,37182,36101,35682,35790,36803,37381,38048,38588,38900,38985,39039,39162,39201,39123,38974,38791,38754,38529,39645,38689,38866,40094,44524,45257,44270,45918,44207,44872,46252,43652,42233,42339,42426,..
Arab World,ARB,Number of deaths ages 20-24 years,SH.DTH.2024,..,..,..,..,..,..,..,..,..,..,..,..,..,..,..,..,..,..,..,..,..,..,..,..,..,..,..,..,..,..,38388,36307,35880,35950,37057,37342,38025,38736,39568,40444,41372,42335,43145,43732,44075,44351,45124,45368,47994,46124,46190,48123,57170,57737,54695,57998,55117,56323,59126,54827,52025,51503,51259,..
Arab World,ARB,Number of deaths ages 5-9 years,SH.DTH.0509,..,..,..,..,..,..,..,..,..,..,..,..,..,..,..,..,..,..,..,..,..,..,..,..,..,..,..,..,..,..,52328,50736,48988,47533,46597,45251,43905,42566,41448,40437,39509,38657,37814,37177,36210,35676,35349,34984,35678,34370,35091,35855,38078,38868,38442,38421,36472,36801,37433,34737,33202,33230,32033,..
Arab World,ARB,Number of under-five deaths,SH.DTH.MORT,..,..,..,..,..,..,..,..,..,..,..,..,..,..,..,..,..,..,..,..,..,..,..,..,..,..,..,..,..,..,647332,627689,610091,592396,575665,558865,540277,523458,509097,496068,484016,473039,462695,453576,445552,438271,433064,428984,424728,420223,416836,417335,424665,421326,413775,406605,391478,382131,376470,363385,352385,346105,335436,..
Caribbean small states,CSS,"Death rate, crude (per 1,000 people)",SP.DYN.CDRT.IN,11.3825981738118,11.1254403910882,10.4962830228945,10.2497175204234,9.88346952385379,9.67867733599543,9.45684956428344,9.21978065602224,9.03495607932028,8.88474301844769,8.7488489249289,8.67104028798099,8.55357397304828,8.4832162714152,8.36729372600523,8.26426869362134,8.20361052625915,8.18108447829142,8.14045973491867,8.11853281841523,8.08152140850105,8.01044087691062,7.96453789153822,7.94906410985425,7.82955051570467,7.83468008931361,7.82085717171049,7.81048540732416,7.75819736362338,7.71064882194943,7.66949159064585,7.64566595918023,7.55831610748757,7.42640004766386,7.36131561181435,7.40430331124927,7.39538236278288,7.40594795325367,7.37085095663841,7.35951850071308,7.33188053693312,7.34508018726141,7.37254962938977,7.4676831714708,7.40764776657116,7.3132185414454,7.18739896287728,7.09587316801321,7.07008046892836,7.04747565049688,7.0918895129991,7.17234225196026,7.21368435541887,7.270208900887,7.28114407540044,7.2070561155855,7.17373766350967,7.1725835852849,7.16588662457991,7.38409064127783,7.65597770855827,8.98326150939916,8.68614038808816,..
Caribbean small states,CSS,Number of deaths ages 10-14 years,SH.DTH.1014,..,..,..,..,..,..,..,..,..,..,..,..,..,..,..,..,..,..,..,..,..,..,..,..,..,..,..,..,..,..,121,115,113,113,111,111,113,112,112,113,115,116,116,118,118,118,117,119,118,116,116,115,111,110,106,105,104,105,98,120,97,95,92,..
Caribbean small states,CSS,Number of deaths ages 15-19 years,SH.DTH.1519,..,..,..,..,..,..,..,..,..,..,..,..,..,..,..,..,..,..,..,..,..,..,..,..,..,..,..,..,..,..,246,239,236,233,234,236,234,235,236,236,236,236,237,237,238,241,244,251,256,264,269,275,275,278,277,272,265,255,245,256,230,222,216,..
Caribbean small states,CSS,Number of deaths ages 20-24 years,SH.DTH.2024,..,..,..,..,..,..,..,..,..,..,..,..,..,..,..,..,..,..,..,..,..,..,..,..,..,..,..,..,..,..,374,371,374,380,388,392,399,401,402,397,389,384,380,379,384,383,384,381,382,385,390,396,410,418,420,413,407,396,381,395,364,358,349,..
Caribbean small states,CSS,Number of deaths ages 5-9 years,SH.DTH.0509,..,..,..,..,..,..,..,..,..,..,..,..,..,..,..,..,..,..,..,..,..,..,..,..,..,..,..,..,..,..,136,133,129,125,123,122,123,123,121,121,119,118,116,113,111,108,105,103,100,99,95,92,88,86,84,82,77,83,75,109,68,67,65,..
Caribbean small states,CSS,Number of under-five deaths,SH.DTH.MORT,..,..,..,..,..,..,..,..,..,..,..,..,..,..,..,..,..,..,..,..,..,..,..,..,..,..,..,..,..,..,2698,2586,2484,2393,2293,2201,2118,2042,1967,1888,1817,1754,1688,1623,1566,1518,1468,1420,1384,1350,1308,1268,1234,1200,1170,1138,1104,1068,1036,1060,983,949,919,..
Central Europe and the Baltics,CEB,"Death rate, crude (per 1,000 people)",SP.DYN.CDRT.IN,8.632179424896,8.49502251033684,9.11482855009066,8.51122842093292,8.5057399011432,8.67903437986204,8.51306874034181,9.02137213739809,9.19753865651332,9.71148515267178,9.62541169199662,9.85595952187929,9.52753926747689,9.82208767485938,9.6654065743982,9.97306587769185,10.0735586821424,10.1723757677585,10.4360201444996,10.3748173095531,10.9398403798579,10.5512597084468,10.6022492179086,10.9492993881309,11.0292390705962,11.2973762849856,11.0427294581049,11.1044736409181,10.968745417021,11.0488326950756,11.1751433470436,11.4146375713028,11.4216329738049,11.4844267326696,11.4337373679571,11.4948485633807,11.5200571644401,11.4090142282431,11.2773899337906,11.2557640956203,11.0069233625195,11.0038623624526,11.1644498611445,11.3194437927004,11.1167788912576,11.3449858605434,11.2858738457596,11.3894110866263,11.3721251360797,11.434333580072,11.4294836462092,11.3167231657085,11.4966871249716,11.4104797721104,11.3748936046287,11.8375558023478,11.6167153702132,11.9755736011805,12.1166434778312,11.9809865041268,13.7015249858766,15.4079464235965,13.276046102818,..
Central Europe and the Baltics,CEB,Number of deaths ages 10-14 years,SH.DTH.1014,..,..,..,..,..,..,..,..,..,..,..,..,..,..,..,..,..,..,..,..,..,..,..,..,..,..,..,..,..,..,2930,2854,2731,2604,2490,2394,2334,2331,2365,2394,2339,2163,1920,1676,1479,1329,1217,1132,1069,1010,961,912,866,820,783,757,737,725,718,713,710,706,700,..
Central Europe and the Baltics,CEB,Number of deaths ages 15-19 years,SH.DTH.1519,..,..,..,..,..,..,..,..,..,..,..,..,..,..,..,..,..,..,..,..,..,..,..,..,..,..,..,..,..,..,6025,6260,6192,6102,5942,5737,5535,5344,5146,4901,4644,4426,4276,4154,4054,3964,3864,3736,3540,3269,2964,2688,2473,2293,2149,2038,1953,1891,1846,1818,1806,1800,1800,..
Central Europe and the Baltics,CEB,Number of deaths ages 20-24 years,SH.DTH.2024,..,..,..,..,..,..,..,..,..,..,..,..,..,..,..,..,..,..,..,..,..,..,..,..,..,..,..,..,..,..,8017,8482,8231,8075,7951,7864,7751,7618,7440,7201,6921,6664,6384,6123,5892,5706,5615,5584,5541,5389,5136,4817,4485,4159,3834,3528,3272,3083,2953,2876,2847,2831,2810,..
Central Europe and the Baltics,CEB,Number of deaths ages 5-9 years,SH.DTH.0509,..,..,..,..,..,..,..,..,..,..,..,..,..,..,..,..,..,..,..,..,..,..,..,..,..,..,..,..,..,..,3072,2933,2801,2764,2840,2953,2925,2721,2383,1993,1664,1444,1310,1226,1146,1084,1027,982,931,875,816,765,729,709,698,686,665,644,613,584,563,544,536,..
Central Europe and the Baltics,CEB,Number of under-five deaths,SH.DTH.MORT,..,..,..,..,..,..,..,..,..,..,..,..,..,..,..,..,..,..,..,..,..,..,..,..,..,..,..,..,..,..,30103,27909,25940,24055,22193,20118,18165,16647,15265,13996,13005,12185,11521,11085,10704,10336,9910,9442,9165,8894,8373,7676,7124,6669,6307,6044,5799,5620,5380,5077,4829,4683,4620,..
Early-demographic dividend,EAR,"Death rate, crude (per 1,000 people)",SP.DYN.CDRT.IN,18.8953921202965,18.5325260516675,18.195164966686,17.8347566082702,17.4639423607893,18.1511813701113,17.4396511910725,16.9583542977024,16.2025026229589,15.911233755344,15.9429582286219,16.7449085128881,15.0517905763352,14.7309864513325,14.4391407316191,14.3668849083824,13.9999263842097,13.4408426079865,13.1206208573912,12.7606100380079,12.4702488349946,12.2086180485138,11.9243515665763,11.7411839052453,11.4084213618538,11.0889344229257,10.8130737248274,10.4065757942883,10.169783167921,9.91886041178833,9.70000452130492,9.52511254599785,9.25698653185917,9.10165752106683,9.18108055288414,8.76120466438988,8.61649764040465,8.43384085208417,8.2630609789763,8.09906179052695,7.97785616445784,7.88646387641617,7.74791225340004,7.66176992506546,7.60052124019091,7.46184779064385,7.3370263901479,7.27011397456623,7.24853871884601,7.11350953147266,7.04050629885202,6.91815406686069,6.81809065988196,6.72153413525773,6.6192845346955,6.542568745788,6.49347573284928,6.45676486804361,6.45420340035567,6.47190732894393,7.16221733431458,8.31012576138975,7.82533927678611,..
Early-demographic dividend,EAR,Number of deaths ages 10-14 years,SH.DTH.1014,..,..,..,..,..,..,..,..,..,..,..,..,..,..,..,..,..,..,..,..,..,..,..,..,..,..,..,..,..,..,290597,301920,289190,290857,334055,289918,288831,286765,283994,277699,270526,265294,260317,258738,263219,254985,242580,236972,241462,223508,224377,209823,204673,198927,191546,186109,178361,172834,167841,161426,156173,152402,148228,..
Early-demographic dividend,EAR,Number of deaths ages 15-19 years,SH.DTH.1519,..,..,..,..,..,..,..,..,..,..,..,..,..,..,..,..,..,..,..,..,..,..,..,..,..,..,..,..,..,..,411780,411019,401750,400494,503062,399404,400771,401514,401095,401007,394730,393004,392021,392453,398061,390913,382077,378479,379571,365423,363843,348015,341949,332933,324156,319531,310608,303475,296089,283293,272362,263900,256141,..
Early-demographic dividend,EAR,Number of deaths ages 20-24 years,SH.DTH.2024,..,..,..,..,..,..,..,..,..,..,..,..,..,..,..,..,..,..,..,..,..,..,..,..,..,..,..,..,..,..,465872,463498,458090,457400,610396,454821,456524,459355,462837,472283,468730,471911,474976,476623,483519,474772,465546,460378,459257,446082,443907,429047,426124,413068,397641,389733,376056,366573,361243,349504,342325,339441,336049,..
Early-demographic dividend,EAR,Number of deaths ages 5-9 years,SH.DTH.0509,..,..,..,..,..,..,..,..,..,..,..,..,..,..,..,..,..,..,..,..,..,..,..,..,..,..,..,..,..,..,654069,668477,627977,616585,639341,582423,564345,544758,524922,497978,473790,453473,434515,419678,418754,394372,368574,351712,355072,314829,305242,277465,262874,248147,231061,218070,202767,191773,181726,169046,158547,151111,143096,..
Early-demographic dividend,EAR,Number of under-five deaths,SH.DTH.MORT,..,..,..,..,..,..,..,..,..,..,..,..,..,..,..,..,..,..,..,..,..,..,..,..,..,..,..,..,..,..,7184920,7006832,6838257,6655531,6542192,6282515,6080527,5883204,5691841,5483242,5290450,5113574,4928923,4726551,4557909,4337826,4145124,3967858,3834409,3633719,3483186,3312656,3172660,3027226,2870916,2726237,2598358,2474727,2363088,2252429,2143722,2053263,1972254,..
East Asia & Pacific,EAS,"Death rate, crude (per 1,000 people)",SP.DYN.CDRT.IN,20.890993893168,13.5899567962373,10.8575230161129,10.7705640990763,11.561794724648,10.6762809505242,9.80192843440329,9.33491648403966,9.19875351807027,8.95815481508644,8.6553576504203,8.34546940012549,8.50193014856249,8.06106806672686,8.18763327836691,8.30102744895243,8.15280083889595,7.59107951793129,7.12021510576214,7.01711206560431,7.08052219030193,7.0205491503294,7.11857543022274,7.28863756904101,7.17927407165084,7.10429832607771,7.1065245763838,6.98215879592994,6.92438871991771,6.80585834310897,6.87326641687807,6.85876499898247,6.79597904724464,6.76127484146538,6.66707845413839,6.76119989569626,6.72858152154465,6.68032193141484,6.67223121801482,6.67084387231891,6.65442546158887,6.62797275016857,6.61235725230433,6.57435104727263,6.68704761180088,6.6911610486275,6.86274232761127,6.95357316198513,7.12885113291515,7.06744381012996,7.11597018133848,7.16035547345565,7.1693437186261,7.16737698850868,7.16238633176483,7.152174963688,7.16253617045755,7.20253348520039,7.22110427784248,7.2523964362758,7.38421107176169,7.82028020130018,7.83712295856962,..
East Asia & Pacific,EAS,Number of deaths ages 10-14 years,SH.DTH.1014,..,..,..,..,..,..,..,..,..,..,..,..,..,..,..,..,..,..,..,..,..,..,..,..,..,..,..,..,..,..,96420,95206,94000,93400,91939,91863,90200,88717,87690,86371,85166,82813,78943,73488,81139,64931,61199,58421,70911,53486,51364,50002,47750,46906,45072,43951,43078,42472,42040,41702,41283,40749,40279,..
East Asia & Pacific,EAS,Number of deaths ages 15-19 years,SH.DTH.1519,..,..,..,..,..,..,..,..,..,..,..,..,..,..,..,..,..,..,..,..,..,..,..,..,..,..,..,..,..,..,203988,192751,181407,170846,162563,158598,154714,152373,150242,146913,144064,141631,139199,135076,142771,129788,125557,119513,119906,107146,100777,95613,90865,87181,84075,81546,79381,77323,75242,73257,71580,70630,70147,..
East Asia & Pacific,EAS,Number of deaths ages 20-24 years,SH.DTH.2024,..,..,..,..,..,..,..,..,..,..,..,..,..,..,..,..,..,..,..,..,..,..,..,..,..,..,..,..,..,..,178048,179649,180849,180492,177866,175365,168583,161141,153918,148357,145654,145369,146726,146086,155776,144851,144052,143227,147974,142441,142030,140364,135272,130138,125193,119713,115266,112357,109496,106633,104506,103373,102288,..
East Asia & Pacific,EAS,Number of deaths ages 5-9 years,SH.DTH.0509,..,..,..,..,..,..,..,..,..,..,..,..,..,..,..,..,..,..,..,..,..,..,..,..,..,..,..,..,..,..,203555,197666,189144,182166,175615,171813,163060,152171,141578,130614,120145,110965,103453,94181,105955,82506,77607,73166,94941,65509,62156,59862,56689,55973,53036,51531,50098,48825,47504,45985,44584,43069,41652,..
East Asia & Pacific,EAS,Number of under-five deaths,SH.DTH.MORT,..,..,..,..,..,..,..,..,..,..,..,..,..,..,..,..,..,..,..,..,..,..,..,..,..,..,..,..,..,..,2379585,2241070,2031849,1899737,1783337,1702122,1593612,1494336,1399911,1310995,1243366,1167857,1084378,988676,955976,875399,828924,790686,790014,723468,687614,652501,629002,600493,568731,537805,511347,490952,459958,429257,402165,375193,355050,..
East Asia & Pacific (excluding high income),EAP,"Death rate, crude (per 1,000 people)",SP.DYN.CDRT.IN,22.9261457890522,14.4794621394425,11.2944941827152,11.2560465922745,12.2085939626127,11.179602772396,10.2057056963302,9.68823153622285,9.52650718613478,9.2637756839194,8.90186635955315,8.60063823611285,8.81714878836175,8.2561188896598,8.42621925656885,8.56836655639,8.40230111264063,7.79382809820056,7.25582531814618,7.15770295956443,7.18742879412526,7.16164621159118,7.27756734881802,7.44863061826528,7.34257388355945,7.25110401679418,7.25526710324443,7.10656003260039,7.02356235514858,6.8944603886701,6.95024050101322,6.93645858745774,6.84966247194706,6.80396054235369,6.68988696186452,6.77619305691667,6.75524556347376,6.69421790173095,6.67558300540817,6.64879885920709,6.64267290663929,6.61692536279687,6.58995184514499,6.53361507456579,6.64698452748568,6.62428221565596,6.82305479660429,6.90586191093764,7.08201272853884,7.01747649895554,7.04324311752301,7.06330720951412,7.06302544879761,7.05834646818749,7.04718894600961,7.02189860205873,7.01632546437844,7.04284918410968,7.04989445353613,7.06998321727706,7.22553864647044,7.65694017371121,7.55252632085728,..
East Asia & Pacific (excluding high income),EAP,Number of deaths ages 10-14 years,SH.DTH.1014,..,..,..,..,..,..,..,..,..,..,..,..,..,..,..,..,..,..,..,..,..,..,..,..,..,..,..,..,..,..,93267,92160,91064,90587,89279,89197,87922,86617,85751,84572,83483,81217,77415,72019,79722,63563,59879,57149,69684,52307,50231,48405,46708,45910,44118,43039,42203,41619,41200,40871,40459,39934,39476,..
East Asia & Pacific (excluding high income),EAP,Number of deaths ages 15-19 years,SH.DTH.1519,..,..,..,..,..,..,..,..,..,..,..,..,..,..,..,..,..,..,..,..,..,..,..,..,..,..,..,..,..,..,194865,183969,173031,162863,154913,151213,147578,145536,143863,141104,138822,136878,134824,131000,138926,126117,122002,116040,116498,103801,97515,92009,87882,84350,81382,78960,76866,74854,72796,70814,69141,68195,67694,..
East Asia & Pacific (excluding high income),EAP,Number of deaths ages 20-24 years,SH.DTH.2024,..,..,..,..,..,..,..,..,..,..,..,..,..,..,..,..,..,..,..,..,..,..,..,..,..,..,..,..,..,..,166964,168609,169902,169681,167144,164791,158327,151407,144866,140008,137888,138043,139778,139454,149405,138692,138061,137394,142293,136924,136721,134812,130419,125489,120706,115341,110972,108088,105214,102312,100143,98994,97943,..
East Asia & Pacific (excluding high income),EAP,Number of deaths ages 5-9 years,SH.DTH.0509,..,..,..,..,..,..,..,..,..,..,..,..,..,..,..,..,..,..,..,..,..,..,..,..,..,..,..,..,..,..,199821,194197,185933,179190,172850,169040,160652,149897,139431,128591,118239,109175,101777,92614,104491,81132,76314,71959,93811,64453,61164,58217,55793,55111,52201,50720,49309,48061,46765,45271,43893,42403,41013,..
East Asia & Pacific (excluding high income),EAP,Number of under-five deaths,SH.DTH.MORT,..,..,..,..,..,..,..,..,..,..,..,..,..,..,..,..,..,..,..,..,..,..,..,..,..,..,..,..,..,..,2357367,2219824,2011533,1880578,1765268,1685101,1577681,1479409,1385977,1298013,1231143,1156445,1073843,978820,946674,866610,820508,782458,782010,715795,680225,645236,622101,593865,562409,531714,505495,485441,454779,424381,397557,370776,350778,..
East Asia & Pacific (IDA & IBRD countries),TEA,"Death rate, crude (per 1,000 people)",SP.DYN.CDRT.IN,23.0721454195889,14.5178537151167,11.292015514624,11.2546572258037,12.2238205427628,11.1852752484444,10.2025847871787,9.68196640521547,9.52407035571311,9.26368337567983,8.90168052395328,8.60118017657334,8.8247528609516,8.26164542223041,8.43877890298209,8.58651808299378,8.42212983010812,7.80804790221611,7.26503051954874,7.16735480068775,7.19925973897491,7.17482832528906,7.29404724247621,7.46901985406673,7.36301694564123,7.27159259314259,7.27694290833447,7.12656621096999,7.04306925861394,6.91234356834344,6.96859319228301,6.95404344308241,6.86698737867271,6.82458366212555,6.70061178685695,6.73497466854877,6.7121247861548,6.64853564684476,6.62716714688466,6.59701289831853,6.58836792402978,6.55974160810346,6.53041502150803,6.51579288400144,6.6268830954396,6.59986797714247,6.79685040039889,6.87686198028309,7.05292847620432,6.99264100360584,7.02188647147548,7.043571004918,7.04517209121336,7.04258215866587,7.03286435916022,7.00847590666037,6.9998852438217,7.02460068701479,7.02901247075411,7.04744186775676,7.20244302234716,7.63628790896753,7.53005757324741,..
East Asia & Pacific (IDA & IBRD countries),TEA,Number of deaths ages 10-14 years,SH.DTH.1014,..,..,..,..,..,..,..,..,..,..,..,..,..,..,..,..,..,..,..,..,..,..,..,..,..,..,..,..,..,..,92069,90864,89779,89310,88010,86722,85450,84145,83270,82084,80993,78725,74922,70818,78530,62382,58710,55987,68560,51222,49199,47435,45802,45067,43331,42299,41494,40958,40567,40272,39889,39393,38910,..
East Asia & Pacific (IDA & IBRD countries),TEA,Number of deaths ages 15-19 years,SH.DTH.1519,..,..,..,..,..,..,..,..,..,..,..,..,..,..,..,..,..,..,..,..,..,..,..,..,..,..,..,..,..,..,192021,181104,170400,160429,152600,147423,143838,141786,140080,137293,134991,133034,130980,128825,136762,123960,119836,113840,114299,101608,95364,89929,85897,82470,79597,77260,75226,73305,71307,69398,67785,66897,66365,..
East Asia & Pacific (IDA & IBRD countries),TEA,Number of deaths ages 20-24 years,SH.DTH.2024,..,..,..,..,..,..,..,..,..,..,..,..,..,..,..,..,..,..,..,..,..,..,..,..,..,..,..,..,..,..,163230,164571,165898,165782,163422,159107,153001,146479,140262,135589,133583,133784,135512,136906,146856,136142,135498,134801,139709,134350,134181,132318,127976,123101,118371,113058,108728,105940,103137,100324,98232,97159,96068,..
East Asia & Pacific (IDA & IBRD countries),TEA,Number of deaths ages 5-9 years,SH.DTH.0509,..,..,..,..,..,..,..,..,..,..,..,..,..,..,..,..,..,..,..,..,..,..,..,..,..,..,..,..,..,..,198121,192285,184049,177333,171023,164665,156302,145547,135061,124215,113890,104895,97612,91063,103001,79698,74924,70591,92503,63200,59987,57125,54790,54189,51346,49923,48551,47360,46094,44636,43277,41802,40356,..
East Asia & Pacific (IDA & IBRD countries),TEA,Number of under-five deaths,SH.DTH.MORT,..,..,..,..,..,..,..,..,..,..,..,..,..,..,..,..,..,..,..,..,..,..,..,..,..,..,..,..,..,..,2339837,2199663,1991556,1860857,1745871,1634731,1528557,1431746,1339661,1253021,1187749,1114746,1034159,965861,934321,854782,809117,771223,771167,705316,670591,636436,613854,586108,555043,524658,498597,478972,448526,418442,391886,365376,344968,..
Euro area,EMU,"Death rate, crude (per 1,000 people)",SP.DYN.CDRT.IN,10.4859163207248,10.2408285569455,10.5703962241431,10.595462021043,10.2750520272694,10.5030339219908,10.365385922388,10.3994763755281,10.7104566150667,10.8797172689025,10.6215415285032,10.6349022547816,10.493459223604,10.5539408038169,10.4309027916108,10.61236559026,10.5105930573877,10.26882351195,10.321158181495,10.2060559000315,10.2984955798794,10.2552559992705,10.0822760421316,10.2905914448264,10.0794796253147,10.2206467453706,10.097066680949,9.93852674529332,9.93294368508324,9.9367860546573,10.0225014373495,10.0063294366672,9.84849756457219,9.97070641777352,9.83558057395086,9.86119428693214,9.83801553374808,9.73975779601556,9.80600960494778,9.76739538061953,9.62636169806767,9.50369627474735,9.57976411268824,9.78558834964804,9.25681615178366,9.4609892483397,9.25893586717572,9.35083625835876,9.43068954177204,9.44703566292901,9.44953984452378,9.44974725322525,9.7314820573017,9.69046136705683,9.50375568144509,10.0933890820662,9.86890161956919,10.1486608496622,10.1677460146635,10.0747179073682,11.1503687196979,11.1133181656321,11.1852683553019,..
Euro area,EMU,Number of deaths ages 10-14 years,SH.DTH.1014,..,..,..,..,..,..,..,..,..,..,..,..,..,..,..,..,..,..,..,..,..,..,..,..,..,..,..,..,..,..,4389,4281,4139,3998,3838,3665,3478,3296,3136,2999,2877,2753,2631,2504,2368,2234,2119,2021,1944,1880,1827,1780,1727,1673,1629,1584,1548,1522,1504,1481,1464,1446,1422,..
Euro area,EMU,Number of deaths ages 15-19 years,SH.DTH.1519,..,..,..,..,..,..,..,..,..,..,..,..,..,..,..,..,..,..,..,..,..,..,..,..,..,..,..,..,..,..,13550,13238,12549,11907,11330,10878,10569,10314,10056,9743,9355,8886,8384,7933,7520,7147,6810,6482,6137,5755,5360,4983,4666,4411,4241,4139,4064,3983,3910,3846,3813,3817,3863,..
Euro area,EMU,Number of deaths ages 20-24 years,SH.DTH.2024,..,..,..,..,..,..,..,..,..,..,..,..,..,..,..,..,..,..,..,..,..,..,..,..,..,..,..,..,..,..,21314,21297,20434,19520,18519,17562,16682,15923,15305,14754,14238,13714,13116,12494,11856,11221,10624,10096,9666,9220,8757,8291,7836,7407,7019,6701,6461,6279,6151,6079,6075,6105,6172,..
Euro area,EMU,Number of deaths ages 5-9 years,SH.DTH.0509,..,..,..,..,..,..,..,..,..,..,..,..,..,..,..,..,..,..,..,..,..,..,..,..,..,..,..,..,..,..,4150,3988,3769,3602,3448,3301,3127,2967,2800,2628,2465,2315,2183,2081,1988,1916,1844,1777,1715,1657,1598,1546,1499,1467,1436,1410,1379,1346,1305,1265,1239,1205,1181,..
Euro area,EMU,Number of under-five deaths,SH.DTH.MORT,..,..,..,..,..,..,..,..,..,..,..,..,..,..,..,..,..,..,..,..,..,..,..,..,..,..,..,..,..,..,35423,33708,31564,29270,26832,24780,23319,22215,21198,20348,19746,19006,18157,17483,16946,16415,15930,15551,15295,14954,14526,14095,13637,13220,12951,12787,12628,12400,12033,11641,11252,10949,10685,..
Europe & Central Asia,ECS,"Death rate, crude (per 1,000 people)",SP.DYN.CDRT.IN,10.0716993215433,9.95375589496269,10.1834304949092,10.0557218856316,9.74857460239313,9.92387489638343,9.85574111498889,9.92590321533295,10.137893768545,10.3589919624176,10.2228872285217,10.227367003085,10.1874600141684,10.2538831219751,10.1890236759564,10.3547924424614,10.3931307669139,10.2854560674922,10.3819485057614,10.3265287450438,10.4595369746949,10.3158722147477,10.200771506054,10.3843604947853,10.4006271599057,10.4538291322232,10.0895624079337,10.0284402128213,10.0725293773149,10.0093737040786,10.1404457840682,10.2445435007284,10.4203186200055,10.9776447228659,11.0478628359865,11.0048277094503,10.8053556762937,10.6171171454289,10.5124638199468,10.7030325164382,10.6845009149734,10.6370998763017,10.8084552586282,10.9232149821516,10.5346942306393,10.6997616190329,10.3850142663289,10.3331987756775,10.3134610035851,10.143649377096,10.1382669113547,9.96373819924728,10.0337368109119,9.92817125090451,9.84236609002836,10.1234926445093,9.96705834623261,10.0033008905199,10.0273661844415,9.90483429480502,11.2822343942532,11.8589398931656,10.8776574679525,..
Europe & Central Asia,ECS,Number of deaths ages 10-14 years,SH.DTH.1014,..,..,..,..,..,..,..,..,..,..,..,..,..,..,..,..,..,..,..,..,..,..,..,..,..,..,..,..,..,..,22320,22510,23183,23228,22723,22561,22306,22027,21679,22686,20643,19789,18690,17485,16320,15250,14270,13408,12645,11941,11288,10716,10215,9796,9479,9233,9036,8913,8847,8808,8795,8760,9073,..
Europe & Central Asia,ECS,Number of deaths ages 15-19 years,SH.DTH.1519,..,..,..,..,..,..,..,..,..,..,..,..,..,..,..,..,..,..,..,..,..,..,..,..,..,..,..,..,..,..,53029,54017,57412,58681,56969,56365,53064,51884,51637,52664,50649,49330,47546,45256,42943,41070,39170,36769,33994,31062,28516,26433,24703,23374,22447,21393,20734,19751,19119,18816,19188,19170,22388,..
Europe & Central Asia,ECS,Number of deaths ages 20-24 years,SH.DTH.2024,..,..,..,..,..,..,..,..,..,..,..,..,..,..,..,..,..,..,..,..,..,..,..,..,..,..,..,..,..,..,71992,73942,82475,84985,82507,84692,78782,77769,77923,79426,77980,76615,74418,72139,69882,67880,66098,63913,60970,57140,53855,50491,47027,43496,40594,36942,34717,31787,30005,28877,29308,28176,37067,..
Europe & Central Asia,ECS,Number of deaths ages 5-9 years,SH.DTH.0509,..,..,..,..,..,..,..,..,..,..,..,..,..,..,..,..,..,..,..,..,..,..,..,..,..,..,..,..,..,..,31079,31055,32164,31632,30022,29230,27965,26152,24270,24179,20869,19475,18243,17135,16101,15094,14146,13272,12442,11688,11023,10439,9980,9655,9405,9176,8955,8736,8469,8206,8019,7756,7710,..
Europe & Central Asia,ECS,Number of under-five deaths,SH.DTH.MORT,..,..,..,..,..,..,..,..,..,..,..,..,..,..,..,..,..,..,..,..,..,..,..,..,..,..,..,..,..,..,394192,377529,363571,345844,326336,309513,291086,272297,253589,235021,217997,204046,190733,178287,168687,160321,152946,147394,143068,138594,133033,127289,122482,118076,113844,109460,104343,98285,92629,87810,83254,79124,75426,..
Europe & Central Asia (excluding high income),ECA,"Death rate, crude (per 1,000 people)",SP.DYN.CDRT.IN,11.883415574199,11.6515027828048,11.5485193025849,11.2229082959539,10.9474147957354,10.8370509808285,10.6976777896104,10.665624860945,10.5723862033982,10.6276140714438,10.5174095560098,10.3543359116348,10.3041801040908,10.2179059849926,10.1613678192137,10.096800295642,10.0604206812231,10.0339184465294,9.98927302977876,9.6479267875081,9.7080818225717,9.44894167667526,9.34790377128446,9.36087433913636,9.46685880793847,9.35431764851334,8.86266241487033,8.8763338530658,8.96050494271562,8.6611814255166,8.72792868193842,8.94690696488829,9.42269539449478,9.76542029732571,9.67002835017413,9.80830347650756,9.63370421077319,9.40889763985881,9.20611340632986,9.2724671799036,9.22763350938723,9.0983761060183,9.21882159950638,9.22801808678216,9.11462829775286,9.31345638139827,9.1420468147243,9.11081073640555,9.00650733957319,8.66438176101299,8.64244477131105,8.52871211644081,8.38887063188481,8.26559370429418,8.25318214353631,8.25758768720081,8.18683560850056,8.08676514017165,8.04756749629829,7.97788633146116,9.27831046376471,9.8692346792274,9.20841911506012,..
Europe & Central Asia (excluding high income),ECA,Number of deaths ages 10-14 years,SH.DTH.1014,..,..,..,..,..,..,..,..,..,..,..,..,..,..,..,..,..,..,..,..,..,..,..,..,..,..,..,..,..,..,9447,9644,10381,10493,10146,10271,10293,10200,10024,11244,9516,9214,8882,8544,8206,7868,7515,7153,6767,6365,5955,5574,5234,4941,4725,4580,4481,4443,4448,4479,4540,4556,4909,..
Europe & Central Asia (excluding high income),ECA,Number of deaths ages 15-19 years,SH.DTH.1519,..,..,..,..,..,..,..,..,..,..,..,..,..,..,..,..,..,..,..,..,..,..,..,..,..,..,..,..,..,..,20482,20913,23861,24483,22616,21256,20284,19433,18950,19742,17975,17361,16741,16025,15321,14737,14213,13605,12930,12100,11491,10963,10515,10137,9964,9557,9403,8800,8409,8201,8526,8401,10891,..
Europe & Central Asia (excluding high income),ECA,Number of deaths ages 20-24 years,SH.DTH.2024,..,..,..,..,..,..,..,..,..,..,..,..,..,..,..,..,..,..,..,..,..,..,..,..,..,..,..,..,..,..,24005,24664,31884,32563,28993,27127,26342,25540,25113,25896,24267,23472,22717,22057,21560,21292,21214,20968,20386,19070,18105,17143,16257,15436,15254,14209,14126,12779,12025,11469,12125,11006,16445,..
Europe & Central Asia (excluding high income),ECA,Number of deaths ages 5-9 years,SH.DTH.0509,..,..,..,..,..,..,..,..,..,..,..,..,..,..,..,..,..,..,..,..,..,..,..,..,..,..,..,..,..,..,17049,17121,18373,18056,16775,16434,15879,14987,14123,15022,12559,11856,11188,10538,9883,9231,8596,7969,7349,6780,6292,5868,5534,5302,5136,5003,4886,4778,4661,4551,4487,4354,4442,..
Europe & Central Asia (excluding high income),ECA,Number of under-five deaths,SH.DTH.MORT,..,..,..,..,..,..,..,..,..,..,..,..,..,..,..,..,..,..,..,..,..,..,..,..,..,..,..,..,..,..,276639,268120,262315,252449,239481,228278,214944,200421,185468,170423,156196,144493,133262,122543,114776,108699,103530,99424,95844,92158,87653,83099,79343,76246,73640,70983,67812,64159,61018,58410,55780,53038,50367,..
Europe & Central Asia (IDA & IBRD countries),TEC,"Death rate, crude (per 1,000 people)",SP.DYN.CDRT.IN,9.49515558309825,9.38983113283641,9.53945517648857,9.22131368571583,9.0198477683303,9.11027367095683,9.06396008607217,9.27227975527722,9.31203762949454,9.62701163126096,9.57025752473494,9.60369966134389,9.59509967533719,9.66801527549683,9.62404044078719,9.83552461356945,9.93458348200038,9.99405148902707,10.0972682290486,10.0602218130069,10.2598260534257,10.0195495033353,9.91757247927421,10.1248178347201,10.3730537979185,10.2818748964716,9.68768760614764,9.76368119826748,9.84512612154736,9.69757618025669,9.90798007761869,10.1436397747734,10.6450806597201,11.5860287027657,11.9300897519913,11.7826347103774,11.4662328940481,11.1997858526934,10.9577740459355,11.3491436214468,11.5126652501065,11.541466087412,11.8237487590872,11.9028943156312,11.6373551850268,11.8246121029385,11.4023329332408,11.2362997323729,11.1558136564453,10.8578733890746,10.8679407589956,10.5585642199005,10.4468259725916,10.2610328016777,10.2842288302045,10.3172443563589,10.2092529192314,10.0464304306184,10.0775313771894,9.94938914287569,11.6452420021189,12.8575184859214,10.9902889323503,..
Europe & Central Asia (IDA & IBRD countries),TEC,Number of deaths ages 10-14 years,SH.DTH.1014,..,..,..,..,..,..,..,..,..,..,..,..,..,..,..,..,..,..,..,..,..,..,..,..,..,..,..,..,..,..,16696,17047,17880,18099,17791,17842,17792,17716,17542,18701,16797,16086,15128,14077,13083,12185,11362,10639,9993,9390,8819,8320,7898,7552,7294,7105,6947,6850,6802,6783,6794,6780,7125,..
Europe & Central Asia (IDA & IBRD countries),TEC,Number of deaths ages 15-19 years,SH.DTH.1519,..,..,..,..,..,..,..,..,..,..,..,..,..,..,..,..,..,..,..,..,..,..,..,..,..,..,..,..,..,..,35850,37430,41630,43720,42722,42660,39726,38846,38905,40296,38710,37892,36645,34836,32962,31497,29972,27957,25613,23186,21192,19639,18342,17357,16656,15738,15175,14287,13744,13523,13950,13945,17121,..
Europe & Central Asia (IDA & IBRD countries),TEC,Number of deaths ages 20-24 years,SH.DTH.2024,..,..,..,..,..,..,..,..,..,..,..,..,..,..,..,..,..,..,..,..,..,..,..,..,..,..,..,..,..,..,45692,48083,57390,60986,59644,62872,57919,57768,58637,60767,59898,59120,57586,56014,54489,53214,52105,50518,48082,44805,42120,39348,36432,33387,30910,27603,25640,22915,21291,20278,20778,19687,28571,..
Europe & Central Asia (IDA & IBRD countries),TEC,Number of deaths ages 5-9 years,SH.DTH.0509,..,..,..,..,..,..,..,..,..,..,..,..,..,..,..,..,..,..,..,..,..,..,..,..,..,..,..,..,..,..,25826,26031,27361,27021,25586,24974,23900,22271,20587,20706,17597,16398,15340,14375,13470,12566,11717,10934,10190,9508,8913,8387,7980,7690,7476,7280,7096,6918,6707,6498,6352,6134,6125,..
Europe & Central Asia (IDA & IBRD countries),TEC,Number of under-five deaths,SH.DTH.MORT,..,..,..,..,..,..,..,..,..,..,..,..,..,..,..,..,..,..,..,..,..,..,..,..,..,..,..,..,..,..,346012,331688,320595,306039,289795,275752,259377,242128,224764,207336,191186,178230,165971,154287,145253,137492,130665,125523,121518,117532,112575,107434,103253,99451,95645,91494,86585,80860,75742,71493,67520,63845,60513,..
European Union,EUU,"Death rate, crude (per 1,000 people)",SP.DYN.CDRT.IN,10.0532539419378,9.84380158129781,10.2311725469331,10.121227704119,9.87439138605753,10.0908522795719,9.95260808433899,10.0927796573179,10.3575549314318,10.597003359958,10.3732378787267,10.452540609151,10.2548422664155,10.3836392699671,10.2560180602495,10.461887567803,10.420664550396,10.2472420570658,10.3485636862301,10.2537959145188,10.4597633365424,10.3312796886995,10.2132936005701,10.4444744703165,10.3055306826577,10.4965009037185,10.3546788688496,10.2487297588058,10.2208408761958,10.2303527045357,10.3256957950517,10.3552753080872,10.2391060539783,10.3319586766745,10.1975256103515,10.2441395363859,10.2471148771661,10.1375213768441,10.1400638744214,10.1184616323347,9.94637777647221,9.84475178636199,9.93845304861381,10.1176637104717,9.6575431436768,9.84949972102216,9.67585990585969,9.75906195964201,9.81840302515558,9.84646207422835,9.83908697482067,9.81195961557313,10.067463844683,10.0090857200435,9.85010146481908,10.396082640808,10.1770502453908,10.4606525720654,10.5097550024137,10.4015377977704,11.601065863335,11.8610332279177,11.5103824520112,..
European Union,EUU,Number of deaths ages 10-14 years,SH.DTH.1014,..,..,..,..,..,..,..,..,..,..,..,..,..,..,..,..,..,..,..,..,..,..,..,..,..,..,..,..,..,..,6960,6769,6524,6268,6003,5744,5518,5349,5244,5158,5003,4723,4380,4028,3709,3441,3227,3056,2922,2809,2713,2623,2529,2437,2363,2296,2245,2210,2186,2162,2140,2120,2093,..
European Union,EUU,Number of deaths ages 15-19 years,SH.DTH.1519,..,..,..,..,..,..,..,..,..,..,..,..,..,..,..,..,..,..,..,..,..,..,..,..,..,..,..,..,..,..,18800,18539,17822,17073,16355,15747,15290,14898,14482,13957,13343,12685,12064,11525,11054,10628,10230,9814,9317,8707,8047,7429,6923,6509,6208,6009,5864,5737,5635,5555,5518,5521,5571,..
European Union,EUU,Number of deaths ages 20-24 years,SH.DTH.2024,..,..,..,..,..,..,..,..,..,..,..,..,..,..,..,..,..,..,..,..,..,..,..,..,..,..,..,..,..,..,28149,28188,27238,26136,25028,24045,23143,22331,21601,20864,20110,19374,18542,17702,16866,16082,15432,14920,14504,13980,13334,12617,11900,11206,10552,9983,9534,9201,8973,8846,8828,8859,8923,..
European Union,EUU,Number of deaths ages 5-9 years,SH.DTH.0509,..,..,..,..,..,..,..,..,..,..,..,..,..,..,..,..,..,..,..,..,..,..,..,..,..,..,..,..,..,..,6783,6467,6155,5976,5925,5911,5749,5416,4944,4410,3944,3594,3346,3171,3011,2882,2763,2660,2553,2445,2333,2236,2159,2107,2067,2028,1980,1929,1860,1795,1750,1701,1670,..
European Union,EUU,Number of under-five deaths,SH.DTH.MORT,..,..,..,..,..,..,..,..,..,..,..,..,..,..,..,..,..,..,..,..,..,..,..,..,..,..,..,..,..,..,62751,58822,54869,50873,46855,42990,39761,37294,35065,33104,31632,30199,28799,27758,26881,26008,25132,24326,23815,23232,22340,21273,20309,19483,18884,18486,18112,17735,17145,16469,15848,15418,15113,..
Fragile and conflict affected situations,FCS,"Death rate, crude (per 1,000 people)",SP.DYN.CDRT.IN,20.669036193296,20.4491004995908,20.2038436329512,19.9989334144467,19.6178294190045,19.5450670929323,19.6099234679141,19.4355511497689,19.0992377389351,19.0059106843776,18.7197182916092,18.2757316160386,18.3341399214882,17.8081203412871,17.7297972127175,17.5263658810222,17.1622621274057,16.7805377313464,16.6848398464593,16.5141673934072,16.3076785423709,16.1510625861321,16.1379356538937,16.7715393402928,16.9087530457341,16.727215273013,16.1471576223554,15.8224429296435,16.3289523974113,15.2079328497982,15.1723587288236,15.3044891477331,15.3520416000697,14.9780912605396,14.4253809603499,14.5685625582829,14.4415998186086,14.178053561546,14.3513176459871,13.6991805882534,13.3172444767681,13.1337636792665,12.8789286609857,12.6607164715409,12.4414991082588,12.1940610591949,11.851817662801,11.5764672572907,11.4869308150102,10.9090362938403,10.7847029167551,10.3699830746622,10.2124468832287,10.0337851675468,9.89024284720682,9.72874316155659,9.56742332681505,9.37036060672735,9.2134029714429,9.05836635168544,9.27620830476807,9.57907153255536,9.28786807358812,..
Fragile and conflict affected situations,FCS,Number of deaths ages 10-14 years,SH.DTH.1014,..,..,..,..,..,..,..,..,..,..,..,..,..,..,..,..,..,..,..,..,..,..,..,..,..,..,..,..,..,..,116400,117221,117902,123079,119844,120795,121312,121778,122965,122372,122587,122479,122440,122639,123051,122977,123313,123445,134690,123465,132223,124615,125787,126692,127226,127929,127968,129380,130958,131206,131798,133460,134442,..
Fragile and conflict affected situations,FCS,Number of deaths ages 15-19 years,SH.DTH.1519,..,..,..,..,..,..,..,..,..,..,..,..,..,..,..,..,..,..,..,..,..,..,..,..,..,..,..,..,..,..,157167,155554,157844,163924,163267,166164,169089,167023,167343,170077,167966,168040,168101,168094,167743,167426,167492,167411,175258,168143,176305,171917,178352,181330,182786,186250,186020,188083,190127,188208,187320,188513,191637,..
Fragile and conflict affected situations,FCS,Number of deaths ages 20-24 years,SH.DTH.2024,..,..,..,..,..,..,..,..,..,..,..,..,..,..,..,..,..,..,..,..,..,..,..,..,..,..,..,..,..,..,172280,166761,170001,177038,176063,180385,185493,181792,183014,190467,186375,187819,189041,190087,190638,191237,192290,192637,199779,192280,198987,194812,205273,207655,207109,211622,210342,213306,216785,214096,213564,217002,226547,..
Fragile and conflict affected situations,FCS,Number of deaths ages 5-9 years,SH.DTH.0509,..,..,..,..,..,..,..,..,..,..,..,..,..,..,..,..,..,..,..,..,..,..,..,..,..,..,..,..,..,..,322103,320338,319290,322241,315619,313384,309650,305650,302872,297307,293090,288909,284447,279831,275711,270533,266069,261789,280315,254006,260884,248470,247695,245870,243372,241955,239029,238702,238675,235444,232510,231423,228898,..
Fragile and conflict affected situations,FCS,Number of under-five deaths,SH.DTH.MORT,..,..,..,..,..,..,..,..,..,..,..,..,..,..,..,..,..,..,..,..,..,..,..,..,..,..,..,..,..,..,3005422,3023451,3040872,3069063,3084974,3107770,3121016,3109462,3083169,3058647,3034522,3000618,2962866,2924776,2883235,2838678,2798031,2758227,2752775,2685442,2675095,2637188,2622104,2594471,2567663,2543310,2515075,2488904,2461571,2427310,2393027,2361738,2323711,..
Heavily indebted poor countries (HIPC),HPC,"Death rate, crude (per 1,000 people)",SP.DYN.CDRT.IN,23.842808870038,23.5611724498732,23.1090508693325,22.9631736602769,22.5988100556988,22.4391595627632,22.4765121451289,21.9282818755873,21.6608233832275,21.4531461230944,21.195586168401,20.9221512663338,21.1131125266819,20.4722655051474,20.4502807238073,20.1465421582984,19.5634622671757,19.2862510648645,19.1438495987148,18.8381757611759,18.551322821088,18.3151438117655,18.1302664327401,19.1414930686799,19.2125830582098,18.8626725859465,18.1413617884041,17.4000938202245,17.5884301769608,16.6830446099847,16.5923093842207,16.6816170107514,16.5851440139975,15.9940560964879,16.7872074362934,15.2627049354547,15.1147319450169,14.8334259166009,14.818499187724,14.2484981633896,13.7081742833435,13.3567093768919,12.9912921144356,12.5769632383017,12.2138282370532,11.7936310994506,11.3116465631294,10.9164734817156,10.5431695356295,10.1313009557623,9.95173703916377,9.45983490696785,9.13096028200617,8.82862266895869,8.56368464834803,8.32772546569099,8.06187400473303,7.87010122085816,7.68385803349503,7.51201792762017,7.71848077265389,7.8862387264205,7.61690484795043,..
Heavily indebted poor countries (HIPC),HPC,Number of deaths ages 10-14 years,SH.DTH.1014,..,..,..,..,..,..,..,..,..,..,..,..,..,..,..,..,..,..,..,..,..,..,..,..,..,..,..,..,..,..,106195,107538,109135,115423,155087,112477,113607,115177,117963,115520,115367,114930,114538,114347,114182,113662,113660,113584,113917,113427,122008,113796,113371,113808,114619,115429,116315,117657,118954,120562,121754,123098,123818,..
Heavily indebted poor countries (HIPC),HPC,Number of deaths ages 15-19 years,SH.DTH.1519,..,..,..,..,..,..,..,..,..,..,..,..,..,..,..,..,..,..,..,..,..,..,..,..,..,..,..,..,..,..,143325,142891,146515,154440,257582,157940,162650,163155,164980,166460,163574,163018,162736,163094,162885,162661,162533,162469,163829,163677,172260,167262,169797,172338,174924,177430,178970,180504,181643,182733,183477,184624,186268,..
Heavily indebted poor countries (HIPC),HPC,Number of deaths ages 20-24 years,SH.DTH.2024,..,..,..,..,..,..,..,..,..,..,..,..,..,..,..,..,..,..,..,..,..,..,..,..,..,..,..,..,..,..,165041,160415,164088,172448,325108,175235,180701,178349,179629,184995,178946,178371,177733,177803,176855,176444,176377,176479,178782,177446,185026,179031,180329,181804,183762,186588,189150,192499,195118,198349,201292,204968,210704,..
Heavily indebted poor countries (HIPC),HPC,Number of deaths ages 5-9 years,SH.DTH.0509,..,..,..,..,..,..,..,..,..,..,..,..,..,..,..,..,..,..,..,..,..,..,..,..,..,..,..,..,..,..,302493,302227,303617,309722,341583,299872,297127,294525,294008,283217,277677,272557,267641,262851,258092,252327,247056,242044,238499,233043,239761,226525,222466,219924,218033,216316,214543,213225,212214,211647,210327,209606,208393,..
Heavily indebted poor countries (HIPC),HPC,Number of under-five deaths,SH.DTH.MORT,..,..,..,..,..,..,..,..,..,..,..,..,..,..,..,..,..,..,..,..,..,..,..,..,..,..,..,..,..,..,2855340,2869573,2882083,2906145,2984665,2926968,2932325,2923179,2906951,2870415,2829782,2773819,2709872,2647254,2585347,2524509,2469523,2415628,2359723,2306263,2277033,2215210,2169013,2122906,2084400,2053231,2018536,1991076,1966308,1944329,1917669,1891842,1866274,..
High income,HIC,"Death rate, crude (per 1,000 people)",SP.DYN.CDRT.IN,9.42608298801763,9.28558279051569,9.49959936326003,9.4070744628314,9.12680800814161,9.2567670315375,9.18862720984082,9.18007520573955,9.42089554664486,9.48306396958166,9.39950437822124,9.30884613223048,9.26064478516643,9.34247626512867,9.21976952014907,9.25617235085179,9.27454674201448,9.09588758087835,9.17713789474459,9.11449625397955,9.3050005280928,9.13235177189874,9.0327232647806,9.20268781647526,9.18128063273888,9.23515588643461,9.04923000390016,8.97943296190991,9.07688221827926,9.05040304429213,9.11295543140019,9.12522678985731,9.15063181199951,9.55632998859915,9.62022143787676,9.58630749543895,9.44105927314876,9.32201435278508,9.26541393265042,9.41099331942071,9.34520219679765,9.31635192849069,9.41219924203734,9.47811933841747,9.19418086658658,9.32579517886006,9.07034148034262,9.04131283041179,9.0819377252906,8.95792996686517,9.02273862360018,8.97485144008164,9.0617081862924,9.0337146160517,8.990609196804,9.23893593940497,9.17944942248887,9.28953240118946,9.35222207019302,9.31168379988891,10.3955872336438,10.8155870362731,10.3070408246119,..
High income,HIC,Number of deaths ages 10-14 years,SH.DTH.1014,..,..,..,..,..,..,..,..,..,..,..,..,..,..,..,..,..,..,..,..,..,..,..,..,..,..,..,..,..,..,18509,18111,17758,17337,16796,16372,15572,15032,14580,14182,13766,13271,12730,12183,11645,11130,10639,10199,9796,9437,9126,9372,8614,8410,8260,8135,8070,8072,8118,8192,8210,8211,8164,..
High income,HIC,Number of deaths ages 15-19 years,SH.DTH.1519,..,..,..,..,..,..,..,..,..,..,..,..,..,..,..,..,..,..,..,..,..,..,..,..,..,..,..,..,..,..,51247,49967,48394,47225,46358,45603,44707,43661,42365,40876,39412,38139,37114,36321,35689,35150,34671,33967,32862,31365,29681,28542,26798,25955,25477,25257,25018,24890,25016,25357,26082,27193,28648,..
High income,HIC,Number of deaths ages 20-24 years,SH.DTH.2024,..,..,..,..,..,..,..,..,..,..,..,..,..,..,..,..,..,..,..,..,..,..,..,..,..,..,..,..,..,..,70731,70224,68728,67040,65313,63405,61154,59057,57361,56012,55074,54508,53897,53164,52325,51449,50925,50462,49805,48745,47401,46495,44982,44277,43799,43400,43022,42800,42897,43480,44899,46884,49304,..
High income,HIC,Number of deaths ages 5-9 years,SH.DTH.0509,..,..,..,..,..,..,..,..,..,..,..,..,..,..,..,..,..,..,..,..,..,..,..,..,..,..,..,..,..,..,18334,17470,16771,16226,15824,15683,15012,14387,13605,12745,11943,11256,10681,10206,9766,9376,9012,8679,8337,8025,7731,8188,7319,7217,7147,7081,6999,6890,6749,6648,6512,6391,6268,..
High income,HIC,Number of under-five deaths,SH.DTH.MORT,..,..,..,..,..,..,..,..,..,..,..,..,..,..,..,..,..,..,..,..,..,..,..,..,..,..,..,..,..,..,181336,172112,162382,152660,143307,134568,126999,120885,115557,110868,107174,103448,99532,96634,94202,91757,90019,88896,87412,85010,82129,79408,76844,74561,72644,71107,69379,67337,65032,62853,60655,58950,57614,..
IBRD only,IBD,"Death rate, crude (per 1,000 people)",SP.DYN.CDRT.IN,18.9843295537698,14.87879658512,13.3402344777754,13.1474383434093,13.4715940146809,13.1745880011297,12.6018245185388,12.2928445399482,11.8849267456588,11.7053029284219,11.4217150872305,11.1399292160844,11.1314908297011,10.7392101668404,10.6608379543983,10.4655643487091,10.3262028444091,10.0243138766447,9.6894394477745,9.53742772933264,9.49301782618585,9.35329682009658,9.2844201377648,9.2502259765847,9.1050104909434,8.93765705406071,8.74569299343431,8.58457636641392,8.45755525995663,8.28107284506334,8.25812474434005,8.16741652107597,8.10360414704132,8.12582267914711,8.03907190936723,7.97329282209701,7.86382428054497,7.74979695015521,7.6662001668119,7.64461415034181,7.60877530075788,7.5643104982613,7.52678192052633,7.50260869766631,7.47082915842289,7.42205585252326,7.43064284037991,7.42087768012197,7.42751289343943,7.37324654748419,7.35209331990807,7.28524997218559,7.2205684618788,7.15287457994577,7.09038341706192,7.05237310585616,7.02680235257367,7.00896132802538,7.03636028103152,7.05702729431575,7.66409206999603,8.68476126641779,8.26116974327149,..
IBRD only,IBD,Number of deaths ages 10-14 years,SH.DTH.1014,..,..,..,..,..,..,..,..,..,..,..,..,..,..,..,..,..,..,..,..,..,..,..,..,..,..,..,..,..,..,289667,283213,283167,281687,279942,278328,276540,274686,272591,271445,266640,261484,253997,248969,249735,229744,221792,214453,211442,200140,193205,186767,180362,174916,168535,162941,157432,152348,147650,143178,139174,135548,132824,..
IBRD only,IBD,Number of deaths ages 15-19 years,SH.DTH.1519,..,..,..,..,..,..,..,..,..,..,..,..,..,..,..,..,..,..,..,..,..,..,..,..,..,..,..,..,..,..,493887,476885,467014,457050,447486,443247,438474,438331,439381,440988,439369,438298,435754,433619,434946,417654,408433,396433,383330,369491,355131,341218,328109,316277,305285,295440,286443,276897,267359,258546,250764,244180,242259,..
IBRD only,IBD,Number of deaths ages 20-24 years,SH.DTH.2024,..,..,..,..,..,..,..,..,..,..,..,..,..,..,..,..,..,..,..,..,..,..,..,..,..,..,..,..,..,..,536733,533026,541109,543358,539370,539620,529941,525972,523203,524379,525868,530294,534776,539773,547081,534873,532146,527634,521192,512082,501287,487056,469036,450908,433352,416013,401555,387716,375447,364566,355644,348527,353680,..
IBRD only,IBD,Number of deaths ages 5-9 years,SH.DTH.0509,..,..,..,..,..,..,..,..,..,..,..,..,..,..,..,..,..,..,..,..,..,..,..,..,..,..,..,..,..,..,574864,554970,543443,527346,512164,497040,478733,457802,436418,417124,394800,375743,358139,343866,343342,310088,295003,280276,270091,251198,236582,222143,208210,196895,184027,173244,163150,153829,144725,135852,127927,120804,114810,..
IBRD only,IBD,Number of under-five deaths,SH.DTH.MORT,..,..,..,..,..,..,..,..,..,..,..,..,..,..,..,..,..,..,..,..,..,..,..,..,..,..,..,..,..,..,7070290,6787453,6452078,6182835,5928196,5684287,5438767,5198678,4967948,4743251,4549760,4360835,4153286,3946671,3783912,3572769,3389589,3219541,3063728,2914116,2762223,2615738,2485286,2355173,2217107,2088844,1984197,1872919,1761902,1652859,1547082,1457384,1386922,..
IDA & IBRD total,IBT,"Death rate, crude (per 1,000 people)",SP.DYN.CDRT.IN,19.5899157942465,16.1333927293006,14.7888307669095,14.5820280384197,14.7572158195432,14.4844674620139,13.953219037666,13.6436751463939,13.2392148713919,13.0472416394957,12.8800939371483,13.0926914034216,12.4450491102796,12.0487915155853,11.9753687848952,11.8864566990728,11.6913031975484,11.2962754494704,10.9795053972787,10.8007007842772,10.7168677194694,10.563360608154,10.4835252527885,10.51278630335,10.3852707625234,10.2119277381207,9.98973790051607,9.80587418922254,9.73903150392386,9.4620733970049,9.41444668486831,9.37707618967509,9.29139728286788,9.261243249826,9.23203562394269,9.05502123201618,8.94977034654823,8.80450943266577,8.73392765776238,8.58918366614936,8.50773638085089,8.43054133656112,8.35455216299325,8.28324759111816,8.21570619895249,8.12970611418604,8.06400036307636,8.01582043325215,7.9981254865216,7.87895750914544,7.81732648380206,7.70262200042055,7.61674963082362,7.52788755102329,7.44821581234535,7.38464933092814,7.32260566900077,7.27113361373973,7.25623730135705,7.23954269209878,7.74402503472105,8.53390687165759,8.13513545565369,..
IDA & IBRD total,IBT,Number of deaths ages 10-14 years,SH.DTH.1014,..,..,..,..,..,..,..,..,..,..,..,..,..,..,..,..,..,..,..,..,..,..,..,..,..,..,..,..,..,..,489242,499139,488387,494604,533656,490030,488954,486842,484780,477877,470526,463446,454885,449605,452848,438297,423265,415977,423752,400893,401317,386533,380895,375901,369733,365436,358899,355002,351622,347161,343261,340653,337862,..
IDA & IBRD total,IBT,Number of deaths ages 15-19 years,SH.DTH.1519,..,..,..,..,..,..,..,..,..,..,..,..,..,..,..,..,..,..,..,..,..,..,..,..,..,..,..,..,..,..,757676,748446,736292,735155,830074,726576,726141,724370,724385,723965,716948,713956,710751,708305,712017,699285,685512,674910,670391,649299,642476,623582,616783,608397,600393,596987,588360,581043,572679,559563,548163,539789,535967,..
IDA & IBRD total,IBT,Number of deaths ages 20-24 years,SH.DTH.2024,..,..,..,..,..,..,..,..,..,..,..,..,..,..,..,..,..,..,..,..,..,..,..,..,..,..,..,..,..,..,825132,823740,832593,844242,994459,845443,842967,838174,839256,848184,845303,849859,854457,857388,864655,852357,842195,835278,834402,817318,813518,795097,786790,768703,748129,735239,717641,706537,699139,688115,682530,682334,693823,..
IDA & IBRD total,IBT,Number of deaths ages 5-9 years,SH.DTH.0509,..,..,..,..,..,..,..,..,..,..,..,..,..,..,..,..,..,..,..,..,..,..,..,..,..,..,..,..,..,..,1103341,1111404,1069475,1056802,1070666,1010493,985100,955232,925974,887495,853000,823943,797715,776118,772421,738827,708400,687635,693482,646192,634175,604320,587371,572056,554903,541963,526229,514795,503845,489958,477118,466964,456381,..
IDA & IBRD total,IBT,Number of under-five deaths,SH.DTH.MORT,..,..,..,..,..,..,..,..,..,..,..,..,..,..,..,..,..,..,..,..,..,..,..,..,..,..,..,..,..,..,12658449,12375033,12034625,11766785,11568510,11238651,10958739,10664739,10366975,10054348,9770318,9477805,9161010,8840744,8567196,8236732,7950121,7687778,7476351,7211094,6997794,6766935,6577981,6376858,6169573,5976609,5798009,5626689,5457200,5285467,5116984,4966671,4831443,..
IDA blend,IDB,"Death rate, crude (per 1,000 people)",SP.DYN.CDRT.IN,22.3204147501327,21.8201461571585,21.1651296511394,20.605107227341,20.1283640709853,19.6822936767455,19.1572746205842,19.1508789208649,18.4636464150068,18.0476140934215,17.4242762250418,17.9988926836617,16.6186161324692,16.2761976812942,16.0005242328152,15.6766367325324,15.303771171415,15.0353257069337,14.803649405189,14.4102052508797,14.1740084129232,13.8831244206444,13.7724093593327,13.5882325809107,13.4426844101516,13.3695100250976,13.3433860605946,13.3100767542497,13.1853758030399,13.019237097307,12.9242387506667,12.9503129343665,12.9882287132386,12.9930687848369,13.0129857710665,13.047348451201,12.9087319063258,12.7837239627771,12.6115775919708,12.3240882388649,12.0818964320105,11.9443104986104,11.7311407423021,11.5311669146895,11.3051102013505,11.24241127674,10.8355613934286,10.6883577254808,10.5391695010826,10.3264476787728,10.1498427011295,9.96117778539492,9.85466832399534,9.68773059724495,9.60249472892704,9.48863270986803,9.39201269489177,9.25469916771855,9.13987666145669,9.0152940562231,9.19112878169977,9.36006781174243,9.01836507687084,..
IDA blend,IDB,Number of deaths ages 10-14 years,SH.DTH.1014,..,..,..,..,..,..,..,..,..,..,..,..,..,..,..,..,..,..,..,..,..,..,..,..,..,..,..,..,..,..,55775,57125,58481,59792,60870,61639,62048,62251,62488,62276,62280,62262,62194,62184,62425,70277,63232,63772,64291,64911,65578,66296,67012,67709,68220,68512,68716,68808,68880,69179,68936,68853,68738,..
IDA blend,IDB,Number of deaths ages 15-19 years,SH.DTH.1519,..,..,..,..,..,..,..,..,..,..,..,..,..,..,..,..,..,..,..,..,..,..,..,..,..,..,..,..,..,..,71445,72252,73020,73410,74003,74576,75172,75642,76220,76288,76333,76299,76063,75966,76472,83360,79077,80984,82421,83316,83723,83851,83851,83923,84167,84534,84886,85205,85612,85909,85554,85432,85191,..
IDA blend,IDB,Number of deaths ages 20-24 years,SH.DTH.2024,..,..,..,..,..,..,..,..,..,..,..,..,..,..,..,..,..,..,..,..,..,..,..,..,..,..,..,..,..,..,72555,74327,76231,77753,80048,82321,84833,87227,89695,91726,93589,95684,97290,97921,98078,102550,96555,95059,93511,92502,92054,91756,91342,90968,90758,90704,90538,90390,90452,91322,92196,93945,95440,..
IDA blend,IDB,Number of deaths ages 5-9 years,SH.DTH.0509,..,..,..,..,..,..,..,..,..,..,..,..,..,..,..,..,..,..,..,..,..,..,..,..,..,..,..,..,..,..,124745,126639,128193,129315,130026,130433,130418,130278,130286,129403,128724,128098,127285,126521,126161,135473,126496,127195,128025,128570,128879,128974,129060,129135,129175,129224,129166,128782,127934,127024,124914,122787,120774,..
IDA blend,IDB,Number of under-five deaths,SH.DTH.MORT,..,..,..,..,..,..,..,..,..,..,..,..,..,..,..,..,..,..,..,..,..,..,..,..,..,..,..,..,..,..,1774350,1800626,1824660,1840536,1853009,1861343,1862183,1853701,1838260,1824141,1809708,1795398,1781516,1761417,1738134,1715559,1696678,1684555,1675636,1667106,1659806,1652130,1640532,1623998,1605886,1584124,1562025,1540340,1515887,1490547,1464110,1433848,1402970,..
IDA only,IDX,"Death rate, crude (per 1,000 people)",SP.DYN.CDRT.IN,22.5639312099539,22.166287938578,21.7661481005003,21.6013217013513,21.035415845228,20.9721337994087,20.6903343230827,20.2096773676081,19.9179157297561,19.7114644699961,20.4889323920402,23.7868266159603,19.2282064476381,18.7384549306857,18.7364371081141,19.3903463052299,18.8607352109709,17.755930118017,17.4543385662535,17.1335042977946,16.8108170688764,16.5836308500786,16.3937415500248,16.854381870897,16.7809631307121,16.4601798501757,15.900440856405,15.4493456969211,15.7137412089581,14.726584554276,14.4985606399772,14.6805335148398,14.3312123072372,13.9014519593485,14.0948781375307,13.1124788186682,12.9734905273072,12.5771374212449,12.559572361737,11.7629819693609,11.4608909756937,11.1846388901443,10.9211344473712,10.6195634859384,10.4013715139256,10.0710942502731,9.76650603916884,9.53861681041254,9.4311201920085,9.01681429934668,8.79286178576382,8.46769344065509,8.27379360076154,8.11154202275171,7.94108796584463,7.77418096385977,7.55599262348463,7.3901853654001,7.23419076871798,7.10556324462166,7.34536997436599,7.51273377656557,7.19530658445449,..
IDA only,IDX,Number of deaths ages 10-14 years,SH.DTH.1014,..,..,..,..,..,..,..,..,..,..,..,..,..,..,..,..,..,..,..,..,..,..,..,..,..,..,..,..,..,..,143800,158801,146739,153125,192844,150063,150366,149905,149701,144156,141606,139700,138694,138452,140688,138276,138241,137752,148019,135842,142534,133470,133521,133276,132978,133983,132751,133846,135092,134804,135151,136252,136300,..
IDA only,IDX,Number of deaths ages 15-19 years,SH.DTH.1519,..,..,..,..,..,..,..,..,..,..,..,..,..,..,..,..,..,..,..,..,..,..,..,..,..,..,..,..,..,..,192344,199309,196258,204695,308585,208753,212495,210397,208784,206689,201246,199359,198934,198720,200599,198271,198002,197493,204640,196492,203622,198513,204823,208197,210941,217013,217031,218941,219708,215108,211845,210177,208517,..
IDA only,IDX,Number of deaths ages 20-24 years,SH.DTH.2024,..,..,..,..,..,..,..,..,..,..,..,..,..,..,..,..,..,..,..,..,..,..,..,..,..,..,..,..,..,..,215844,216387,215253,223131,375041,223502,228193,224975,226358,232079,225846,223881,222391,219694,219496,214934,213494,212585,219699,212734,220177,216285,226412,226827,224019,228522,225548,228431,233240,232227,234690,239862,244703,..
IDA only,IDX,Number of deaths ages 5-9 years,SH.DTH.0509,..,..,..,..,..,..,..,..,..,..,..,..,..,..,..,..,..,..,..,..,..,..,..,..,..,..,..,..,..,..,403732,429795,397839,400141,428476,383020,375949,367152,359270,340968,329476,320102,312291,305731,302918,293266,286901,280164,295366,266424,268714,253203,250101,246026,241701,239495,233913,232184,231186,227082,224277,223373,220797,..
IDA only,IDX,Number of under-five deaths,SH.DTH.MORT,..,..,..,..,..,..,..,..,..,..,..,..,..,..,..,..,..,..,..,..,..,..,..,..,..,..,..,..,..,..,3813809,3786954,3757887,3743414,3787305,3693021,3657789,3612360,3560767,3486956,3410850,3321572,3226208,3132656,3045150,2948404,2863854,2783682,2736987,2629872,2575765,2499067,2452163,2397687,2346580,2303641,2251787,2213430,2179411,2142061,2105792,2075439,2041551,..
IDA total,IDA,"Death rate, crude (per 1,000 people)",SP.DYN.CDRT.IN,22.4895489969294,22.0605341664547,21.5824612505699,21.2966829492433,20.7578987792816,20.577306987305,20.2208107584052,19.8853175472062,19.4723339653959,19.2014351049856,19.5485053481627,22.0072842713067,18.4244131641048,17.9793239742441,17.8919029383342,18.2411512490067,17.7563487815202,16.9077756538504,16.6250422985783,16.2784127833048,15.9762213391855,15.7210371351679,15.5520460423844,15.8030732922269,15.7043072394714,15.4603164316226,15.070267364334,14.7523759698862,14.8870324727315,14.1664743139584,13.9801584745758,14.1087851448343,13.8869587617864,13.6010980483603,13.7371900350721,13.0909394904826,12.9520620269789,12.6455407539023,12.5768049840305,11.9490507377415,11.6671435388928,11.4374663849428,11.1908924178951,10.9233049569743,10.7029087228896,10.4623867577115,10.1239827831856,9.92383496811219,9.80330694540806,9.45777602133909,9.25080312629921,8.97242730923136,8.80833394701427,8.64479621177672,8.50300639140493,8.35342206357107,8.17503453646782,8.01749682142709,7.87401789522876,7.7451723220142,7.96213713577166,8.12892666613102,7.80233335847154,..
IDA total,IDA,Number of deaths ages 10-14 years,SH.DTH.1014,..,..,..,..,..,..,..,..,..,..,..,..,..,..,..,..,..,..,..,..,..,..,..,..,..,..,..,..,..,..,199575,215926,205220,212917,253714,211702,212414,212156,212189,206432,203886,201962,200888,200636,203113,208553,201473,201524,212310,200753,208112,199766,200533,200985,201198,202495,201467,202654,203972,203983,204087,205105,205038,..
IDA total,IDA,Number of deaths ages 15-19 years,SH.DTH.1519,..,..,..,..,..,..,..,..,..,..,..,..,..,..,..,..,..,..,..,..,..,..,..,..,..,..,..,..,..,..,263789,271561,269278,278105,382588,283329,287667,286039,285004,282977,277579,275658,274997,274686,277071,281631,277079,278477,287061,279808,287345,282364,288674,292120,295108,301547,301917,304146,305320,301017,297399,295609,293708,..
IDA total,IDA,Number of deaths ages 20-24 years,SH.DTH.2024,..,..,..,..,..,..,..,..,..,..,..,..,..,..,..,..,..,..,..,..,..,..,..,..,..,..,..,..,..,..,288399,290714,291484,300884,455089,305823,313026,312202,316053,323805,319435,319565,319681,317615,317574,317484,310049,307644,313210,305236,312231,308041,317754,317795,314777,319226,316086,318821,323692,323549,326886,333807,340143,..
IDA total,IDA,Number of deaths ages 5-9 years,SH.DTH.0509,..,..,..,..,..,..,..,..,..,..,..,..,..,..,..,..,..,..,..,..,..,..,..,..,..,..,..,..,..,..,528477,556434,526032,529456,558502,513453,506367,497430,489556,470371,458200,448200,439576,432252,429079,428739,413397,407359,423391,394994,397593,382177,379161,375161,370876,368719,363079,360966,359120,354106,349191,346160,341571,..
IDA total,IDA,Number of under-five deaths,SH.DTH.MORT,..,..,..,..,..,..,..,..,..,..,..,..,..,..,..,..,..,..,..,..,..,..,..,..,..,..,..,..,..,..,5588159,5587580,5582547,5583950,5640314,5554364,5519972,5466061,5399027,5311097,5220558,5116970,5007724,4894073,4783284,4663963,4560532,4468237,4412623,4296978,4235571,4151197,4092695,4021685,3952466,3887765,3813812,3753770,3695298,3632608,3569902,3509287,3444521,..
Late-demographic dividend,LTE,"Death rate, crude (per 1,000 people)",SP.DYN.CDRT.IN,19.8166459496598,12.8701110731527,10.317841210247,10.2438046744805,11.0058330917178,9.77797323934444,9.31545337756811,9.06213968145472,8.95876656195158,8.82248367800413,8.4946366605488,8.27463794802981,8.46968400178967,8.02911654046718,8.17583449814042,8.0646793255763,8.02601872135619,7.72338651952432,7.3250948735881,7.26667687045478,7.34700045302886,7.27110687398544,7.37239508024266,7.55570663330049,7.51820958249634,7.4514504679379,7.35010504077963,7.23983968478378,7.19086288609412,7.08179092841785,7.1869447506472,7.20642754623565,7.2160695439344,7.37488523680687,7.3623478612935,7.39737773158275,7.30723670253043,7.20744590189248,7.15621802303486,7.20136414917663,7.24293725840897,7.23064292840127,7.26036364364461,7.22765125419817,7.20892388789191,7.24501556231059,7.35132034410973,7.39419363485469,7.46278646171801,7.45351520675896,7.46585690285207,7.43409075868582,7.42446562671445,7.39225415015825,7.38500917068726,7.37607826048036,7.35761135154291,7.35042890122475,7.38884695520489,7.3930174980509,7.72643695280495,8.21180405094763,7.89060630490881,..
Late-demographic dividend,LTE,Number of deaths ages 10-14 years,SH.DTH.1014,..,..,..,..,..,..,..,..,..,..,..,..,..,..,..,..,..,..,..,..,..,..,..,..,..,..,..,..,..,..,85330,83606,83132,82681,81456,81449,80429,79523,78761,78091,77161,74725,70486,64589,62665,55407,51489,48641,50290,44359,41888,40130,38521,37218,36190,35252,34469,33895,33529,33297,32971,32573,32349,..
Late-demographic dividend,LTE,Number of deaths ages 15-19 years,SH.DTH.1519,..,..,..,..,..,..,..,..,..,..,..,..,..,..,..,..,..,..,..,..,..,..,..,..,..,..,..,..,..,..,197495,187315,179002,171730,164994,162415,156704,154708,153335,151315,149361,147369,144770,139724,138028,132443,127392,120206,112943,105763,98465,92362,88075,84654,81877,79350,76698,73751,70640,67875,65859,63739,62945,..
Late-demographic dividend,LTE,Number of deaths ages 20-24 years,SH.DTH.2024,..,..,..,..,..,..,..,..,..,..,..,..,..,..,..,..,..,..,..,..,..,..,..,..,..,..,..,..,..,..,195904,196623,200948,204620,204049,206452,195862,189921,184743,181368,179790,179458,179651,177365,177168,172727,171144,169406,167978,165972,163745,159181,152022,144198,136911,129103,122476,117719,113538,109946,108302,105662,107527,..
Late-demographic dividend,LTE,Number of deaths ages 5-9 years,SH.DTH.0509,..,..,..,..,..,..,..,..,..,..,..,..,..,..,..,..,..,..,..,..,..,..,..,..,..,..,..,..,..,..,145682,141091,136705,132420,128475,126732,119935,110454,100733,91593,82581,74977,69163,61559,60776,53258,49989,47154,49114,43508,40368,38465,36984,35846,34914,34055,33200,32467,31719,30835,30011,29018,28162,..
Late-demographic dividend,LTE,Number of under-five deaths,SH.DTH.MORT,..,..,..,..,..,..,..,..,..,..,..,..,..,..,..,..,..,..,..,..,..,..,..,..,..,..,..,..,..,..,2145344,2006294,1796854,1665104,1547703,1465552,1355108,1253724,1160590,1074467,1009559,936926,856507,765139,715166,661820,617709,581391,551854,528827,496533,467562,449530,427170,402302,377578,358034,337117,309766,281618,256247,231846,215168,..
Latin America & Caribbean,LCN,"Death rate, crude (per 1,000 people)",SP.DYN.CDRT.IN,13.273673685417,12.9071140112621,12.5992693849201,12.3295243676988,11.9995940118355,11.7158889088395,11.4321692797646,11.1619468188496,10.9134395932201,10.6920034882375,10.6443556938844,10.1698535353814,9.98278450842068,9.71004296853614,9.5093862671762,9.25528307411035,9.17803692013375,8.91707102861032,8.77018536618413,8.63746236288363,8.47782907639687,8.26802236260625,8.13649366295937,7.88698707258192,7.71615356000199,7.57960239410322,7.34234338520852,7.17894398437742,7.02742522120045,6.91353860094662,6.82911347505354,6.71086556218785,6.61426331387587,6.52809261617213,6.42279436467666,6.37169867293036,6.28683868648967,6.2169868736646,6.19252142751392,6.10608693614662,6.06150130507667,6.04119374163157,5.98866238163637,6.02003293038585,5.97765262013943,5.91897776634483,5.93686822310534,5.9999149058351,6.01071379743331,6.0411183882738,6.24652612714226,6.10879109616387,6.13168672759638,6.13542422422379,6.16375065779861,6.26061648929569,6.41605352557472,6.45468036945792,6.52690584240836,6.56974099622554,7.77135605041071,8.43592472801294,7.5758982956289,..
Latin America & Caribbean,LCN,Number of deaths ages 10-14 years,SH.DTH.1014,..,..,..,..,..,..,..,..,..,..,..,..,..,..,..,..,..,..,..,..,..,..,..,..,..,..,..,..,..,..,26809,26158,25580,25101,24692,24343,24026,23725,25216,23163,22912,22753,22383,22132,22159,21810,21417,21143,20807,20415,28070,19460,18985,18500,18050,17643,17318,17091,16799,16425,16219,16303,16005,..
Latin America & Caribbean,LCN,Number of deaths ages 15-19 years,SH.DTH.1519,..,..,..,..,..,..,..,..,..,..,..,..,..,..,..,..,..,..,..,..,..,..,..,..,..,..,..,..,..,..,55896,55505,55552,55857,56322,56845,57134,57220,58301,57575,57899,58029,57832,57212,56337,55681,55603,56121,56866,57491,64930,57781,57395,57048,56936,56779,56171,55130,53450,51462,49801,48418,47179,..
Latin America & Caribbean,LCN,Number of deaths ages 20-24 years,SH.DTH.2024,..,..,..,..,..,..,..,..,..,..,..,..,..,..,..,..,..,..,..,..,..,..,..,..,..,..,..,..,..,..,74127,73184,73034,73240,73619,74046,74365,74634,75787,76033,77198,78251,78896,78846,78163,77476,77341,77916,78750,79379,86384,79479,78756,78057,77857,77949,77973,78020,77625,76879,76419,76238,76015,..
Latin America & Caribbean,LCN,Number of deaths ages 5-9 years,SH.DTH.0509,..,..,..,..,..,..,..,..,..,..,..,..,..,..,..,..,..,..,..,..,..,..,..,..,..,..,..,..,..,..,33269,31947,30720,29616,28624,27732,26903,26099,29164,24563,23824,23255,22460,21837,21793,21009,20149,19565,18937,18307,27338,16898,16270,15700,15183,14722,14364,14079,13710,13265,12926,12923,12420,..
Latin America & Caribbean,LCN,Number of under-five deaths,SH.DTH.MORT,..,..,..,..,..,..,..,..,..,..,..,..,..,..,..,..,..,..,..,..,..,..,..,..,..,..,..,..,..,..,648327,619763,590554,561993,534080,506408,478864,451940,433080,403072,380482,358907,338290,318749,301743,286954,272903,259802,248139,238178,245315,221453,213930,206663,200420,195025,194503,184936,179373,172508,165011,158291,152462,..
Latin America & Caribbean (excluding high income),LAC,"Death rate, crude (per 1,000 people)",SP.DYN.CDRT.IN,13.6985983467258,13.316187990539,12.9879255249587,12.6841333943388,12.3597662258962,12.0767680654837,11.7775553491553,11.5125338182141,11.2598553889418,11.020968316215,10.9980094735634,10.4846415062924,10.2745653320137,10.0110333701622,9.81230753639964,9.56079480160985,9.46760382595018,9.20964532716662,9.05948593405391,8.91150430638494,8.74349041770711,8.53275094343056,8.39226872356792,8.11199306233625,7.92682125176344,7.77864680300201,7.52674550294486,7.35012121917432,7.17882751396102,7.04734929574742,6.95578174279537,6.83875813617745,6.73122508644626,6.63164934258491,6.51541099381825,6.45503022333896,6.3592484676206,6.29965420023459,6.26586190892345,6.15930250588711,6.12428502116617,6.06579665296216,6.04386812788362,6.05085173059057,6.0120146294994,5.94733341327562,5.96269877281105,6.02138145115031,6.01781342280754,6.04936678933845,6.26778595284016,6.11395537228748,6.1283617689896,6.13221772378004,6.14407564745292,6.25283042207229,6.38871160916887,6.41910223718243,6.48648453765988,6.52343986109888,7.78980294541234,8.46601098190559,7.53842196630831,..
Latin America & Caribbean (excluding high income),LAC,Number of deaths ages 10-14 years,SH.DTH.1014,..,..,..,..,..,..,..,..,..,..,..,..,..,..,..,..,..,..,..,..,..,..,..,..,..,..,..,..,..,..,25007,24380,23824,23363,22969,22628,22317,22013,23494,21424,21148,20964,20571,20310,20340,20008,19642,19396,19094,18741,26431,17847,17394,16921,16480,16076,15750,15385,15095,14846,14667,14755,14466,..
Latin America & Caribbean (excluding high income),LAC,Number of deaths ages 15-19 years,SH.DTH.1519,..,..,..,..,..,..,..,..,..,..,..,..,..,..,..,..,..,..,..,..,..,..,..,..,..,..,..,..,..,..,52238,51653,51497,51634,52005,52558,52980,53180,54232,53303,53276,52954,52340,51519,50600,49854,49525,49704,50155,50599,57980,50846,50476,50062,49815,49484,48725,47470,45884,44245,42724,41354,40138,..
Latin America & Caribbean (excluding high income),LAC,Number of deaths ages 20-24 years,SH.DTH.2024,..,..,..,..,..,..,..,..,..,..,..,..,..,..,..,..,..,..,..,..,..,..,..,..,..,..,..,..,..,..,69291,68091,67678,67663,67895,68285,68653,68944,69949,69841,70460,70857,70894,70500,69696,68889,68485,68704,69218,69634,76520,69542,68735,67876,67493,67487,67554,67641,67707,67760,67693,67555,67333,..
Latin America & Caribbean (excluding high income),LAC,Number of deaths ages 5-9 years,SH.DTH.0509,..,..,..,..,..,..,..,..,..,..,..,..,..,..,..,..,..,..,..,..,..,..,..,..,..,..,..,..,..,..,31416,30133,28939,27862,26895,26025,25218,24438,27525,22942,22217,21659,20872,20265,20241,19488,18662,18116,17529,16940,26011,15606,15005,14455,13955,13504,13161,12751,12401,12084,11812,11834,11362,..
Latin America & Caribbean (excluding high income),LAC,Number of under-five deaths,SH.DTH.MORT,..,..,..,..,..,..,..,..,..,..,..,..,..,..,..,..,..,..,..,..,..,..,..,..,..,..,..,..,..,..,620260,592789,564578,536871,509670,482701,455943,429852,411850,382691,360903,339994,319896,300870,284419,270145,256561,243838,232413,222599,229830,206020,198498,191179,184842,179037,175737,166532,161601,155690,149290,143303,138020,..
Latin America & the Caribbean (IDA & IBRD countries),TLA,"Death rate, crude (per 1,000 people)",SP.DYN.CDRT.IN,13.5173215439069,13.1335769344168,12.8156932631241,12.5268587517917,12.1913242256218,11.905141719785,11.6142908704587,11.3404119958841,11.0829607798372,10.8565337943805,10.8105733150911,10.3238395010379,10.1322071338645,9.85354677150913,9.64656931900702,9.38637039941881,9.30560312697501,9.03421729409875,8.87908201997448,8.7349113311949,8.56383874737419,8.33880083081211,8.202682995948,7.94344578323668,7.76434219222195,7.61693082786983,7.36830396440443,7.19599633159461,7.03653950018638,6.91582778215385,6.82675091025027,6.70052442755287,6.59642880181728,6.50320663095027,6.39378155487689,6.33676455913759,6.25033043908971,6.18172713296413,6.15723544977261,6.06960727671751,6.02500713156228,6.00278485999378,5.94815770342876,5.97777331398518,5.93063136843228,5.86747684272736,5.88674120503894,5.94904224795761,5.95739876960078,5.98645495162645,6.19563302204141,6.05100648029469,6.07171666709773,6.07439263454468,6.09869184067635,6.19679436803757,6.34727791968285,6.3808436578946,6.45348747548242,6.49572746680907,7.71524230498628,8.31712063607286,7.51864032041907,..
Latin America & the Caribbean (IDA & IBRD countries),TLA,Number of deaths ages 10-14 years,SH.DTH.1014,..,..,..,..,..,..,..,..,..,..,..,..,..,..,..,..,..,..,..,..,..,..,..,..,..,..,..,..,..,..,26478,25855,25294,24820,24414,24064,23744,23442,24936,22888,22646,22498,22143,21908,21951,21617,21238,20972,20640,20251,27906,19297,18824,18341,17895,17492,17173,16952,16664,16266,16081,16160,15856,..
Latin America & the Caribbean (IDA & IBRD countries),TLA,Number of deaths ages 15-19 years,SH.DTH.1519,..,..,..,..,..,..,..,..,..,..,..,..,..,..,..,..,..,..,..,..,..,..,..,..,..,..,..,..,..,..,54863,54528,54648,55036,55583,56184,56543,56681,57796,57093,57431,57572,57389,56783,55917,55270,55203,55732,56492,57133,64589,57451,57073,56729,56621,56465,55859,54820,53144,51143,49499,48119,46878,..
Latin America & the Caribbean (IDA & IBRD countries),TLA,Number of deaths ages 20-24 years,SH.DTH.2024,..,..,..,..,..,..,..,..,..,..,..,..,..,..,..,..,..,..,..,..,..,..,..,..,..,..,..,..,..,..,72671,71736,71608,71853,72293,72815,73247,73643,74921,75278,76533,77658,78349,78324,77649,76963,76826,77401,78235,78861,85861,78953,78232,77542,77361,77473,77512,77569,77177,76415,75959,75763,75526,..
Latin America & the Caribbean (IDA & IBRD countries),TLA,Number of deaths ages 5-9 years,SH.DTH.0509,..,..,..,..,..,..,..,..,..,..,..,..,..,..,..,..,..,..,..,..,..,..,..,..,..,..,..,..,..,..,32980,31654,30422,29317,28324,27434,26611,25820,28902,24320,23601,23052,22272,21662,21625,20849,19994,19415,18792,18167,27205,16770,16149,15582,15066,14605,14246,13958,13587,13104,12803,12799,12296,..
Latin America & the Caribbean (IDA & IBRD countries),TLA,Number of under-five deaths,SH.DTH.MORT,..,..,..,..,..,..,..,..,..,..,..,..,..,..,..,..,..,..,..,..,..,..,..,..,..,..,..,..,..,..,645682,617308,588322,559953,532214,504677,477257,450399,431579,401644,379139,357652,337092,317609,300685,285975,272000,258952,247283,237299,244439,220582,213069,205821,199585,194187,193670,184112,178530,171601,164152,157427,151582,..
Least developed countries: UN classification,LDC,"Death rate, crude (per 1,000 people)",SP.DYN.CDRT.IN,23.5208999545625,23.1679207595513,22.7679032814951,22.6269972798108,22.0342147864157,22.009380537947,21.7378821993129,21.2366474451381,20.9454349875891,20.746914990679,21.680227316417,25.4481036227819,20.3053279683809,19.798345222777,19.8367195592621,20.6772523270543,20.1214074590391,18.9009024968175,18.60657164904,18.258921409199,17.9305867365745,17.6843229366281,17.4591876113736,18.0714419430388,18.0051707849062,17.6608903324111,17.060598352219,16.6048428637953,16.924213499721,15.8078902035741,15.5836804408516,15.7611391921292,15.3748735722808,14.8756249590417,15.079303892779,13.9499563054622,13.7963840655351,13.352780962999,13.3222464139522,12.4624010907593,12.07281512454,11.7703405906303,11.4775674289277,11.1203618308467,10.8263263138406,10.511017357151,10.1743026042053,9.92307863673205,9.80095934659358,9.31190529803052,9.09600083388738,8.7272275093524,8.45035207219063,8.24348998553021,8.05219185108917,7.88410275693261,7.65797076235923,7.48930596519283,7.32635626769766,7.20255652004082,7.42295285098522,7.60815490398764,7.27558394232191,..
Least developed countries: UN classification,LDC,Number of deaths ages 10-14 years,SH.DTH.1014,..,..,..,..,..,..,..,..,..,..,..,..,..,..,..,..,..,..,..,..,..,..,..,..,..,..,..,..,..,..,138442,152591,141347,146966,186826,144243,144701,144576,142908,139329,136956,135185,134238,134056,134161,133861,133734,133105,143189,130317,137313,127697,125952,125188,125067,126153,125665,126524,127504,128405,129156,130375,130477,..
Least developed countries: UN classification,LDC,Number of deaths ages 15-19 years,SH.DTH.1519,..,..,..,..,..,..,..,..,..,..,..,..,..,..,..,..,..,..,..,..,..,..,..,..,..,..,..,..,..,..,183854,190832,187749,196147,300050,200293,204028,202336,200050,199336,194347,192977,192959,193056,193116,192689,192253,191458,198256,189885,196976,191070,193259,196187,200080,205625,207312,209066,210308,208577,206427,205490,203838,..
Least developed countries: UN classification,LDC,Number of deaths ages 20-24 years,SH.DTH.2024,..,..,..,..,..,..,..,..,..,..,..,..,..,..,..,..,..,..,..,..,..,..,..,..,..,..,..,..,..,..,205167,205721,204477,212177,363917,212324,216711,213851,214604,221203,215212,213806,212851,210681,208947,206826,205680,204889,212004,205144,212727,207247,208529,208911,209779,214141,214239,217086,223046,225795,229616,235816,240073,..
Least developed countries: UN classification,LDC,Number of deaths ages 5-9 years,SH.DTH.0509,..,..,..,..,..,..,..,..,..,..,..,..,..,..,..,..,..,..,..,..,..,..,..,..,..,..,..,..,..,..,395802,420632,391461,392479,421505,376683,369994,361913,350790,336732,325641,316609,308952,302486,296517,289698,282997,275906,290784,260499,263689,247143,240098,234939,231192,229397,225777,223744,222520,221102,219246,218727,216410,..
Least developed countries: UN classification,LDC,Number of under-five deaths,SH.DTH.MORT,..,..,..,..,..,..,..,..,..,..,..,..,..,..,..,..,..,..,..,..,..,..,..,..,..,..,..,..,..,..,3700647,3677764,3652136,3641122,3689045,3598990,3568405,3527855,3473665,3410073,3338152,3252868,3161144,3070615,2980164,2889614,2805206,2725139,2677926,2567127,2516311,2435464,2375330,2319605,2274299,2236521,2192848,2156753,2124707,2094788,2061679,2033222,2000690,..
Low & middle income,LMY,"Death rate, crude (per 1,000 people)",SP.DYN.CDRT.IN,20.6140941518847,16.8596840785412,15.3669151969902,15.1618564421338,15.3590542782868,15.0375706261907,14.4520824119847,14.0811499503341,13.6273352017279,13.3734115922358,13.1897646249077,13.3980380025995,12.6948204603393,12.2534473868835,12.1746691689497,12.0484403999838,11.8217562955777,11.3921453494177,11.0390832271559,10.8336202307352,10.72467131527,10.5776919257338,10.4989255512459,10.5062089686045,10.3487214306334,10.1700672519985,9.9759827552708,9.77454431903538,9.69957494625336,9.40740367419089,9.33842682435801,9.28870755929877,9.17235801783308,9.06347312198779,9.00068141653513,8.85953748758089,8.77503984794117,8.64253596756013,8.58511811415929,8.40363476205181,8.30746635482588,8.21996568447957,8.1293884057699,8.0346550828091,7.98810979626491,7.89653404115635,7.8600991742395,7.82574120444629,7.81164967733124,7.69771462254178,7.63217259539436,7.53413340075504,7.44824571183927,7.36606565758088,7.2810869122381,7.21375291759416,7.15457822649349,7.11089410666544,7.09288539675733,7.08321894917288,7.53186879566584,8.29199970052347,7.98334567999387,..
Low & middle income,LMY,Number of deaths ages 10-14 years,SH.DTH.1014,..,..,..,..,..,..,..,..,..,..,..,..,..,..,..,..,..,..,..,..,..,..,..,..,..,..,..,..,..,..,481855,491696,480846,486966,525988,483656,482664,480538,478476,471623,464422,457722,449755,443874,447754,433756,419195,412281,420309,397647,398214,383511,377911,372919,366781,362442,355926,351894,348539,344243,340371,337774,335031,..
Low & middle income,LMY,Number of deaths ages 15-19 years,SH.DTH.1519,..,..,..,..,..,..,..,..,..,..,..,..,..,..,..,..,..,..,..,..,..,..,..,..,..,..,..,..,..,..,742771,732151,718240,715193,808950,705589,707135,705472,704923,703713,696177,692946,689944,686714,691538,679588,666572,657068,653914,634220,628665,610728,604688,596729,589188,585856,577423,570082,561942,549086,537648,529108,524659,..
Low & middle income,LMY,Number of deaths ages 20-24 years,SH.DTH.2024,..,..,..,..,..,..,..,..,..,..,..,..,..,..,..,..,..,..,..,..,..,..,..,..,..,..,..,..,..,..,804039,800918,807370,815743,963353,811080,812357,806417,805613,812550,808164,811936,816672,818434,826607,815205,805827,799933,800590,785255,783035,766315,759909,743829,725711,714502,698773,688978,682951,672986,667867,667625,675726,..
Low & middle income,LMY,Number of deaths ages 5-9 years,SH.DTH.0509,..,..,..,..,..,..,..,..,..,..,..,..,..,..,..,..,..,..,..,..,..,..,..,..,..,..,..,..,..,..,1094899,1103087,1061092,1048447,1062465,1005135,980257,951142,922734,885042,851162,822524,796562,772667,769171,735795,705566,684969,690916,643720,631768,601960,585015,569696,552628,539615,523925,512380,501515,487856,475106,465046,454644,..
Low & middle income,LMY,Number of under-five deaths,SH.DTH.MORT,..,..,..,..,..,..,..,..,..,..,..,..,..,..,..,..,..,..,..,..,..,..,..,..,..,..,..,..,..,..,12585347,12311241,11976691,11713906,11519061,11223515,10945983,10653934,10357987,10047137,9764081,9471639,9154251,8808592,8536090,8207148,7922065,7660831,7449605,7184407,6970778,6739679,6550521,6349471,6143153,5950621,5770759,5601335,5434162,5264687,5098247,4949260,4815599,..
Low income,LIC,"Death rate, crude (per 1,000 people)",SP.DYN.CDRT.IN,23.6798962580851,23.3990622965937,23.1390538742916,23.0233619714547,22.5040704905933,22.458032847776,22.6424384500592,22.0158714977927,21.7161740251748,21.4890792871854,21.2128484001314,20.7838275226374,21.0303381074409,20.3045941028483,20.2877724084115,20.0428385323375,19.4266834316185,19.1698920826106,19.022043687578,18.7065066161347,18.4500276179857,18.2577520792094,18.1460291731043,19.3613419720773,19.5367885893974,19.1728264731969,18.4040053716432,17.8397586398564,18.5951200323909,16.8059715463294,16.71691854686,16.848399166077,16.9237450452465,16.1930206581918,16.8505471801791,15.4486424286136,15.2858786706132,14.9152322301051,15.3045719629727,14.2094616324042,13.5951408444214,13.2383544319539,12.8953162945277,12.2939620002258,11.9491869952007,11.567035866755,11.0809461447877,10.6819693049922,10.3267084915951,9.91257657420477,9.61782601608129,9.29052694615729,9.09318147288467,8.87081812097601,8.65714317426846,8.43220684601317,8.18329121461007,7.98367801760768,7.81689057038356,7.63545561154721,7.79096673505319,7.95998292349422,7.70566361479831,..
Low income,LIC,Number of deaths ages 10-14 years,SH.DTH.1014,..,..,..,..,..,..,..,..,..,..,..,..,..,..,..,..,..,..,..,..,..,..,..,..,..,..,..,..,..,..,86504,87569,88817,94815,134139,92494,93495,95054,95987,95209,94996,94514,94126,92732,92399,92237,92291,92239,92495,91879,92150,92236,93164,93695,94056,94745,94656,96060,97779,98016,98926,100418,101304,..
Low income,LIC,Number of deaths ages 15-19 years,SH.DTH.1519,..,..,..,..,..,..,..,..,..,..,..,..,..,..,..,..,..,..,..,..,..,..,..,..,..,..,..,..,..,..,119365,117850,120101,126687,228672,129365,133273,133264,133566,135635,132517,131828,131616,130433,130475,130621,130910,131362,133166,133333,135078,138450,145498,148439,149979,153838,153335,154915,156714,154347,153854,154832,155507,..
Low income,LIC,Number of deaths ages 20-24 years,SH.DTH.2024,..,..,..,..,..,..,..,..,..,..,..,..,..,..,..,..,..,..,..,..,..,..,..,..,..,..,..,..,..,..,138077,132475,134790,141641,292960,143378,147369,143677,143018,148160,141562,140635,140064,138581,137976,138117,138669,139525,142407,141494,142688,146267,157752,160050,159635,165795,165171,168717,173006,170486,170911,173729,176814,..
Low income,LIC,Number of deaths ages 5-9 years,SH.DTH.0509,..,..,..,..,..,..,..,..,..,..,..,..,..,..,..,..,..,..,..,..,..,..,..,..,..,..,..,..,..,..,249451,249288,250506,256446,287915,248511,245840,243720,239769,233164,227983,223220,218642,211722,206783,201888,196966,192303,188955,183611,180550,177790,177281,175452,173094,171672,168359,167960,168285,165475,163854,163797,162552,..
Low income,LIC,Number of under-five deaths,SH.DTH.MORT,..,..,..,..,..,..,..,..,..,..,..,..,..,..,..,..,..,..,..,..,..,..,..,..,..,..,..,..,..,..,2308027,2318784,2324420,2341668,2413344,2380605,2379450,2366211,2342566,2314257,2279802,2234530,2184367,2110411,2061805,2012777,1968243,1926229,1882109,1840632,1805828,1773494,1751779,1719133,1687381,1661181,1627316,1605825,1587738,1565192,1545136,1530843,1511697,..
Lower middle income,LMC,"Death rate, crude (per 1,000 people)",SP.DYN.CDRT.IN,19.7651903904265,19.4234658126769,19.0595289407091,18.7887882977382,18.443196465167,18.7884831430646,18.3859226818858,18.159002679405,17.3713098140073,17.0618817219518,17.1052189125426,18.1896925350147,16.2838855921276,15.8892304151005,15.5792726983638,15.42736633215,15.0812055974785,14.4331102930162,14.0837805196062,13.7602879155682,13.4759562358693,13.1978310899936,12.9472859118128,12.6547089772164,12.3840869887591,12.1251877595298,11.8797434773341,11.6344721955459,11.3926749027517,11.1478180301117,10.9035687067573,10.7813801477713,10.5261537575608,10.3644211963858,10.1971652415316,10.0253833562251,9.87142883752086,9.66848950632477,9.47208714482984,9.24283364536421,9.11789475991069,8.98415871641464,8.81019597890336,8.64712166144209,8.51561104924027,8.37215898493283,8.21556984402534,8.12935755388826,8.09183401466531,7.93677009245557,7.83040857654179,7.67624965781382,7.54680019578549,7.42291763310204,7.29340378886121,7.1955352600772,7.1085160895224,7.05062832359057,7.03181240154898,7.0332847366919,7.4442292360773,8.63418675444054,8.22894556069342,..
Lower middle income,LMC,Number of deaths ages 10-14 years,SH.DTH.1014,..,..,..,..,..,..,..,..,..,..,..,..,..,..,..,..,..,..,..,..,..,..,..,..,..,..,..,..,..,..,289264,300362,288713,289640,291224,291803,291006,288374,286139,279253,274433,270026,266062,265391,261628,263544,252568,248582,254911,239635,242463,229988,225815,222228,217308,213736,208337,203663,198996,194711,190176,186384,182968,..
Lower middle income,LMC,Number of deaths ages 15-19 years,SH.DTH.1519,..,..,..,..,..,..,..,..,..,..,..,..,..,..,..,..,..,..,..,..,..,..,..,..,..,..,..,..,..,..,393704,395797,387331,386438,386905,388038,388883,388532,388939,386511,385091,383905,382753,382716,379653,380698,371815,368141,369378,355409,354092,338046,329094,321433,315315,310906,305682,300576,294364,287136,279082,271937,268012,..
Lower middle income,LMC,Number of deaths ages 20-24 years,SH.DTH.2024,..,..,..,..,..,..,..,..,..,..,..,..,..,..,..,..,..,..,..,..,..,..,..,..,..,..,..,..,..,..,442123,443153,438804,439749,441568,444148,447275,450410,455193,458644,461972,464287,466011,466647,465087,464388,455384,449629,448073,434858,433089,416692,405728,394074,382722,371716,360617,351753,344610,339780,336442,336132,342358,..
Lower middle income,LMC,Number of deaths ages 5-9 years,SH.DTH.0509,..,..,..,..,..,..,..,..,..,..,..,..,..,..,..,..,..,..,..,..,..,..,..,..,..,..,..,..,..,..,654875,669803,631615,618700,607179,594296,579488,562196,547575,524084,506134,489742,474342,462600,451004,444848,424216,412674,421566,387744,382215,357957,344058,332405,319247,309351,298460,288696,278908,269592,259853,251413,243802,..
Lower middle income,LMC,Number of under-five deaths,SH.DTH.MORT,..,..,..,..,..,..,..,..,..,..,..,..,..,..,..,..,..,..,..,..,..,..,..,..,..,..,..,..,..,..,7517428,7397165,7285401,7157156,7026115,6890332,6736849,6572697,6409651,6230378,6063675,5905095,5734442,5544620,5358850,5161767,4972063,4801003,4678338,4499627,4368827,4211458,4073776,3939393,3799819,3668331,3552115,3433741,3319617,3207946,3094114,2991595,2901037,..
Middle East & North Africa,MEA,"Death rate, crude (per 1,000 people)",SP.DYN.CDRT.IN,21.4811817131081,20.8355770023997,20.6157794382564,19.7401218263492,19.1751048841049,18.6596137704777,18.2011142327489,17.7490533257278,17.3453945293307,16.8123405693048,16.3158362063633,15.7690785947593,15.2869071652733,14.7753910161416,14.1994553017959,13.7431031752252,13.5356246401097,12.6915588133836,12.3058276863109,11.5931403144305,11.2434553407329,11.1042996144879,10.7722702358379,9.93851751612521,9.25997800742435,8.79968554355905,8.45029498051978,8.04624104682886,7.81109399878265,7.39185975108062,7.32741834514875,6.7718579812844,6.5032914615145,6.34729465451418,6.2428503380787,6.08902511417805,5.92504019885206,5.84195760367733,5.79505253694371,5.66139440365631,5.55871211600314,5.46476630797715,5.37780957583309,5.4794806724676,5.3473982600148,5.29479181687471,5.26467120038348,5.18620506601282,5.12947672732075,5.05191784463443,5.01565567672645,4.97053549886702,5.05968529695277,5.09909425975983,5.04482880575803,4.9876885646994,4.92283961497652,4.80505148033301,4.81115967080197,4.8350562492351,5.31809277259342,5.5874197145464,5.44010009326094,..
Middle East & North Africa,MEA,Number of deaths ages 10-14 years,SH.DTH.1014,..,..,..,..,..,..,..,..,..,..,..,..,..,..,..,..,..,..,..,..,..,..,..,..,..,..,..,..,..,..,29209,24756,24348,23997,23706,23376,23043,22641,22156,21624,21053,20492,19978,22411,19129,18805,18518,18193,17879,17668,17468,17759,19144,19368,19089,19096,18288,18457,18928,17809,17244,17519,17304,..
Middle East & North Africa,MEA,Number of deaths ages 15-19 years,SH.DTH.1519,..,..,..,..,..,..,..,..,..,..,..,..,..,..,..,..,..,..,..,..,..,..,..,..,..,..,..,..,..,..,36184,32413,31996,31873,32174,32445,32755,33068,33239,33241,33279,33429,33524,35953,33150,32950,32994,32884,32736,32382,31726,31931,35413,35316,33764,35197,33495,34099,35465,32866,31434,31516,30999,..
Middle East & North Africa,MEA,Number of deaths ages 20-24 years,SH.DTH.2024,..,..,..,..,..,..,..,..,..,..,..,..,..,..,..,..,..,..,..,..,..,..,..,..,..,..,..,..,..,..,35894,31623,31171,30869,30938,30819,31122,31598,32254,33031,33948,35004,36051,39042,37469,38126,39313,40023,40654,40690,40090,41263,49385,48790,44690,46874,43087,43573,45836,41133,37989,37177,35379,..
Middle East & North Africa,MEA,Number of deaths ages 5-9 years,SH.DTH.0509,..,..,..,..,..,..,..,..,..,..,..,..,..,..,..,..,..,..,..,..,..,..,..,..,..,..,..,..,..,..,45832,38488,37110,35678,34319,32926,31609,30347,29105,27869,26611,25346,24134,25523,22229,21676,21389,21211,21098,21116,21085,22051,25630,26466,26006,25985,24031,24297,24940,22279,20777,20844,19638,..
Middle East & North Africa,MEA,Number of under-five deaths,SH.DTH.MORT,..,..,..,..,..,..,..,..,..,..,..,..,..,..,..,..,..,..,..,..,..,..,..,..,..,..,..,..,..,..,561707,538242,517109,494122,468046,441472,415578,392547,373441,356717,341664,328022,315270,303911,294135,285408,278048,271874,266063,261108,257850,259320,269514,268879,262664,255987,241225,232672,226873,212847,201720,196654,187586,..
Middle East & North Africa (excluding high income),MNA,"Death rate, crude (per 1,000 people)",SP.DYN.CDRT.IN,21.8845026472353,21.2247389671384,21.0236469409484,20.1186201790177,19.5456708026825,19.0256747094096,18.5645943214303,18.1125741628851,17.7070157532113,17.1673449780779,16.667965261954,16.1239829772182,15.6394451912832,15.1368462892165,14.5554753809496,14.0978832147951,13.9210241418479,13.0464450822844,12.6698531151704,11.940737124245,11.5988485888434,11.4851630890764,11.145907633272,10.2682104022318,9.56134587303083,9.08693872258205,8.72567928053366,8.30968691505651,8.07719608481281,7.62848325458764,7.56127068448893,6.96868845621501,6.69986912709321,6.53860395969228,6.43794000594333,6.28412947127522,6.11757226757559,6.03337529990351,5.9943542574817,5.86004707219984,5.76298944462713,5.68018421819698,5.59736208625247,5.72780963623913,5.60110955264882,5.55462711562451,5.53951473513114,5.47241431832549,5.43635575045802,5.37030043879115,5.33861799142421,5.30014786164338,5.41333879815306,5.47199822517795,5.41304018385974,5.35239645581693,5.28307878766849,5.14055132907274,5.13938050196867,5.15509512285093,5.66114922384866,5.95224680349106,5.81228113727999,..
Middle East & North Africa (excluding high income),MNA,Number of deaths ages 10-14 years,SH.DTH.1014,..,..,..,..,..,..,..,..,..,..,..,..,..,..,..,..,..,..,..,..,..,..,..,..,..,..,..,..,..,..,27005,22690,22310,22014,21811,21581,21336,21016,20606,20141,19628,19118,18647,21116,17862,17561,17301,16997,16720,16545,16391,16725,18159,18431,18195,18247,17474,17670,18153,17040,16479,16757,16546,..
Middle East & North Africa (excluding high income),MNA,Number of deaths ages 15-19 years,SH.DTH.1519,..,..,..,..,..,..,..,..,..,..,..,..,..,..,..,..,..,..,..,..,..,..,..,..,..,..,..,..,..,..,33070,29377,28977,28791,28953,29095,29354,29641,29846,29917,30017,30222,30370,32845,30050,29806,29663,29382,29107,28680,28028,28306,31853,31807,30307,31809,30309,31061,32405,29813,28393,28638,28150,..
Middle East & North Africa (excluding high income),MNA,Number of deaths ages 20-24 years,SH.DTH.2024,..,..,..,..,..,..,..,..,..,..,..,..,..,..,..,..,..,..,..,..,..,..,..,..,..,..,..,..,..,..,32912,28716,28294,27922,27854,27568,27763,28096,28600,29241,30070,31108,32234,35368,33965,34764,35718,36066,36332,36084,35356,36666,44964,44551,40601,42899,39171,39687,41889,37151,33981,33576,31896,..
Middle East & North Africa (excluding high income),MNA,Number of deaths ages 5-9 years,SH.DTH.0509,..,..,..,..,..,..,..,..,..,..,..,..,..,..,..,..,..,..,..,..,..,..,..,..,..,..,..,..,..,..,43610,36441,35095,33726,32457,31152,29911,28719,27538,26350,25132,23901,22723,24141,20884,20373,20131,19987,19934,19997,20012,21020,24625,25481,25026,25012,23058,23336,23993,21349,19862,19955,18777,..
Middle East & North Africa (excluding high income),MNA,Number of under-five deaths,SH.DTH.MORT,..,..,..,..,..,..,..,..,..,..,..,..,..,..,..,..,..,..,..,..,..,..,..,..,..,..,..,..,..,..,531816,510561,491332,469968,445404,420243,395589,373663,355547,339683,325389,312528,300616,290088,281124,273146,266246,260234,254598,249861,246808,248535,259066,258809,253000,246760,232443,224262,218770,205029,194165,189522,180926,..
Middle East & North Africa (IDA & IBRD countries),TMN,"Death rate, crude (per 1,000 people)",SP.DYN.CDRT.IN,21.8845026472353,21.2247389671384,21.0236469409484,20.1186201790177,19.5456708026825,19.0256747094096,18.5645943214303,18.1125741628851,17.7070157532113,17.1673449780779,16.667965261954,16.1239829772182,15.6394451912832,15.1368462892165,14.5554753809496,14.0978832147951,13.9210241418479,13.0464450822844,12.6698531151704,11.940737124245,11.5988485888434,11.4851630890764,11.145907633272,10.2682104022318,9.56134587303083,9.08693872258205,8.72567928053366,8.30968691505651,8.07719608481281,7.62848325458764,7.56847074719413,6.9731244129188,6.70431967563571,6.54406223600168,6.44502589874036,6.29240755384465,6.12697858650356,6.04479373808367,6.00645644545976,5.87288879710207,5.77593686593054,5.69338718719822,5.61084755896532,5.74380813137919,5.61690783713699,5.57106325804752,5.55693190601931,5.49162593831821,5.45652419183479,5.39003647270194,5.3589073624898,5.32041940718511,5.43523830884704,5.49606603123496,5.43074775695855,5.37541688570138,5.30545551808673,5.16184913368494,5.16018630309858,5.17730589474772,5.68637154808257,5.97729366266798,5.83540179425691,..
Middle East & North Africa (IDA & IBRD countries),TMN,Number of deaths ages 10-14 years,SH.DTH.1014,..,..,..,..,..,..,..,..,..,..,..,..,..,..,..,..,..,..,..,..,..,..,..,..,..,..,..,..,..,..,26867,22548,22164,21863,21655,21421,21170,20845,20429,19960,19441,18926,18450,20915,17658,17354,17094,16790,16513,16339,16185,16519,17953,18223,17948,18038,17265,17463,17944,16831,16269,16546,16335,..
Middle East & North Africa (IDA & IBRD countries),TMN,Number of deaths ages 15-19 years,SH.DTH.1519,..,..,..,..,..,..,..,..,..,..,..,..,..,..,..,..,..,..,..,..,..,..,..,..,..,..,..,..,..,..,32822,29141,28736,28544,28701,28837,29089,29369,29566,29630,29724,29922,30063,32531,29729,29478,29326,29038,28757,28326,27674,27953,31503,31462,29793,31472,29974,30728,32030,29480,28059,28302,27811,..
Middle East & North Africa (IDA & IBRD countries),TMN,Number of deaths ages 20-24 years,SH.DTH.2024,..,..,..,..,..,..,..,..,..,..,..,..,..,..,..,..,..,..,..,..,..,..,..,..,..,..,..,..,..,..,32664,28505,28078,27700,27626,27333,27520,27847,28343,28978,29802,30833,31953,35082,33673,34464,35411,35751,36009,35753,35017,36320,44610,44190,39824,42533,38805,39324,41412,36798,33630,33226,31544,..
Middle East & North Africa (IDA & IBRD countries),TMN,Number of deaths ages 5-9 years,SH.DTH.0509,..,..,..,..,..,..,..,..,..,..,..,..,..,..,..,..,..,..,..,..,..,..,..,..,..,..,..,..,..,..,43408,36236,34888,33515,32242,30933,29687,28490,27304,26114,24894,23662,22486,23906,20651,20141,19900,19755,19702,19765,19779,20787,24392,25246,24703,24777,22823,23103,23760,21117,19632,19727,18552,..
Middle East & North Africa (IDA & IBRD countries),TMN,Number of under-five deaths,SH.DTH.MORT,..,..,..,..,..,..,..,..,..,..,..,..,..,..,..,..,..,..,..,..,..,..,..,..,..,..,..,..,..,..,527627,506401,487194,465872,441368,416276,391700,369856,351806,336000,321774,308978,297134,286696,277820,269914,263098,257181,251620,246930,243904,245671,256268,256082,250014,244119,229860,221778,216382,202729,191946,187378,178848,..
Middle income,MIC,"Death rate, crude (per 1,000 people)",SP.DYN.CDRT.IN,20.4022807393777,16.4033248174179,14.8222636870213,14.611415027434,14.8586835374814,14.5174346352393,13.8778749706903,13.524049104001,13.0583274663576,12.8016683592104,12.6237335827762,12.8761127308261,12.1046538794483,11.6818931952999,11.5965663996041,11.4764223233741,11.2749747592699,10.8303978632637,10.4586696473638,10.2571384064286,10.1582234490363,10.0154067697292,9.93767426743057,9.8525779875937,9.66633213355502,9.49745354511407,9.34301940339909,9.16546454866848,9.02380345246419,8.84148282337569,8.77071281881665,8.70294129409921,8.56477354933153,8.49665754774971,8.36878975636211,8.32267741031024,8.23760552296758,8.11837803981201,8.01659648958775,7.90591295821709,7.84865074656988,7.77904755111398,7.70414007883983,7.64842589211771,7.62345418858976,7.5533090637246,7.55379975390987,7.54952185076891,7.56450714185829,7.47659848053127,7.43081002870326,7.35325483456934,7.2764246779778,7.20688549693985,7.13372900521461,7.08155167463824,7.04131619054438,7.01327893812671,7.01052624867964,7.0192495129372,7.50129322014454,8.33191605658171,8.01736231092355,..
Middle income,MIC,Number of deaths ages 10-14 years,SH.DTH.1014,..,..,..,..,..,..,..,..,..,..,..,..,..,..,..,..,..,..,..,..,..,..,..,..,..,..,..,..,..,..,395351,404127,392029,392151,391849,391162,389169,385484,382489,376414,369426,363208,355629,351142,355355,341519,326904,320042,327814,305768,306064,291275,284747,279224,272725,267697,261270,255834,250760,246227,241445,237356,233727,..
Middle income,MIC,Number of deaths ages 15-19 years,SH.DTH.1519,..,..,..,..,..,..,..,..,..,..,..,..,..,..,..,..,..,..,..,..,..,..,..,..,..,..,..,..,..,..,623406,614301,598139,588506,580278,576224,573862,572208,571357,568078,563660,561118,558328,556281,561063,548967,535662,525706,520748,500887,493587,472278,459190,448290,439209,432018,424088,415167,405228,394739,383794,374276,369152,..
Middle income,MIC,Number of deaths ages 20-24 years,SH.DTH.2024,..,..,..,..,..,..,..,..,..,..,..,..,..,..,..,..,..,..,..,..,..,..,..,..,..,..,..,..,..,..,665962,668443,672580,674102,670393,667702,664988,662740,662595,664390,666602,671301,676608,679853,688631,677088,667158,660408,658183,643761,640347,620048,602157,583779,566076,548707,533602,520261,509945,502500,496956,493896,498912,..
Middle income,MIC,Number of deaths ages 5-9 years,SH.DTH.0509,..,..,..,..,..,..,..,..,..,..,..,..,..,..,..,..,..,..,..,..,..,..,..,..,..,..,..,..,..,..,845448,853799,810586,792001,774550,756624,734417,707422,682965,651878,623179,599304,577920,560945,562388,533907,508600,492666,501961,460109,451218,424170,407734,394244,379534,367943,355566,344420,333230,322381,311252,301249,292092,..
Middle income,MIC,Number of under-five deaths,SH.DTH.MORT,..,..,..,..,..,..,..,..,..,..,..,..,..,..,..,..,..,..,..,..,..,..,..,..,..,..,..,..,..,..,10277320,9992457,9652271,9372238,9105717,8842910,8566533,8287723,8015421,7732880,7484279,7237109,6969884,6698181,6474285,6194371,5953822,5734602,5567496,5343775,5164950,4966185,4798742,4630338,4455772,4289440,4143443,3995510,3846424,3699495,3553111,3418417,3303902,..
North America,NAC,"Death rate, crude (per 1,000 people)",SP.DYN.CDRT.IN,9.34679977245687,9.15525197809489,9.3362635589047,9.43605083426991,9.2261597242607,9.23446941550885,9.314417652412,9.21369452912506,9.57518356288101,9.29320265528263,9.29237634102379,9.10850415006356,9.20812190681524,9.11716331584975,8.93557400253744,8.65447456397893,8.64422281381807,8.4537182324111,8.54393700935493,8.35398103007163,8.63416170752687,8.44382987158373,8.36305946801924,8.443391865311,8.53318396911953,8.53344487962965,8.55294694452134,8.46222427820421,8.74198946822171,8.65052862141788,8.4699459732548,8.44021405937725,8.34056825533072,8.63094660762749,8.63112610785949,8.64123495846739,8.64120459641634,8.55173689542448,8.46203929187443,8.46245597363501,8.36260956999251,8.36233382935032,8.36204290124023,8.27194398401456,8.09156544788829,8.18174519515683,7.991572099929,7.9210788380285,8.01107156985582,7.82084784692054,7.90625950699827,7.97619506560423,8.00199937307027,8.11350271402976,8.14310061728885,8.33571131599463,8.38299342521294,8.53293252548502,8.57831956764572,8.58419914595826,10.0464818015655,10.1730019559773,9.67436125347651,..
North America,NAC,Number of deaths ages 10-14 years,SH.DTH.1014,..,..,..,..,..,..,..,..,..,..,..,..,..,..,..,..,..,..,..,..,..,..,..,..,..,..,..,..,..,..,4913,4972,5017,5044,5030,4979,4900,4803,4704,4612,4537,4469,4397,4314,4196,4045,3870,3693,3531,3398,3303,3242,3212,3215,3247,3292,3360,3454,3554,3644,3724,3762,3767,..
North America,NAC,Number of deaths ages 15-19 years,SH.DTH.1519,..,..,..,..,..,..,..,..,..,..,..,..,..,..,..,..,..,..,..,..,..,..,..,..,..,..,..,..,..,..,16719,16307,16063,16108,16213,16203,15943,15561,15190,14885,14686,14626,14669,14773,14860,14882,14720,14323,13652,12805,11976,11308,10862,10714,10793,10998,11223,11453,11720,12159,12989,14298,15745,..
North America,NAC,Number of deaths ages 20-24 years,SH.DTH.2024,..,..,..,..,..,..,..,..,..,..,..,..,..,..,..,..,..,..,..,..,..,..,..,..,..,..,..,..,..,..,23306,23000,22710,22336,21793,20954,19930,19175,18870,18907,19245,19846,20528,21112,21566,21854,21918,21734,21250,20627,20116,19937,20105,20543,21069,21480,21682,21836,22077,22687,24126,26548,29141,..
North America,NAC,Number of deaths ages 5-9 years,SH.DTH.0509,..,..,..,..,..,..,..,..,..,..,..,..,..,..,..,..,..,..,..,..,..,..,..,..,..,..,..,..,..,..,4317,4249,4184,4147,4124,4101,4056,3988,3891,3764,3615,3461,3312,3184,3074,2979,2893,2815,2743,2677,2621,2577,2569,2580,2593,2603,2601,2588,2568,2552,2552,2548,2532,..
North America,NAC,Number of under-five deaths,SH.DTH.MORT,..,..,..,..,..,..,..,..,..,..,..,..,..,..,..,..,..,..,..,..,..,..,..,..,..,..,..,..,..,..,48717,47581,45652,43671,41722,39917,38403,37235,36493,36082,35931,35682,35208,35081,35051,34920,35052,35185,34694,33607,32304,31190,30450,29854,29444,29101,28573,27865,27083,26403,25715,25333,25144,..
Not classified,INX,"Death rate, crude (per 1,000 people)",SP.DYN.CDRT.IN,..,..,..,..,..,..,..,..,..,..,..,..,..,..,..,..,..,..,..,..,..,..,..,..,..,..,..,..,..,..,..,..,..,..,..,..,..,..,..,..,..,..,..,..,..,..,..,..,..,..,..,..,..,..,..,..,..,..,..,..,..,..,..,..
Not classified,INX,Number of deaths ages 10-14 years,SH.DTH.1014,..,..,..,..,..,..,..,..,..,..,..,..,..,..,..,..,..,..,..,..,..,..,..,..,..,..,..,..,..,..,..,..,..,..,..,..,..,..,..,..,..,..,..,..,..,..,..,..,..,..,..,..,..,..,..,..,..,..,..,..,..,..,..,..
Not classified,INX,Number of deaths ages 15-19 years,SH.DTH.1519,..,..,..,..,..,..,..,..,..,..,..,..,..,..,..,..,..,..,..,..,..,..,..,..,..,..,..,..,..,..,..,..,..,..,..,..,..,..,..,..,..,..,..,..,..,..,..,..,..,..,..,..,..,..,..,..,..,..,..,..,..,..,..,..
Not classified,INX,Number of deaths ages 20-24 years,SH.DTH.2024,..,..,..,..,..,..,..,..,..,..,..,..,..,..,..,..,..,..,..,..,..,..,..,..,..,..,..,..,..,..,..,..,..,..,..,..,..,..,..,..,..,..,..,..,..,..,..,..,..,..,..,..,..,..,..,..,..,..,..,..,..,..,..,..
Not classified,INX,Number of deaths ages 5-9 years,SH.DTH.0509,..,..,..,..,..,..,..,..,..,..,..,..,..,..,..,..,..,..,..,..,..,..,..,..,..,..,..,..,..,..,..,..,..,..,..,..,..,..,..,..,..,..,..,..,..,..,..,..,..,..,..,..,..,..,..,..,..,..,..,..,..,..,..,..
Not classified,INX,Number of under-five deaths,SH.DTH.MORT,..,..,..,..,..,..,..,..,..,..,..,..,..,..,..,..,..,..,..,..,..,..,..,..,..,..,..,..,..,..,..,..,..,..,..,..,..,..,..,..,..,..,..,..,..,..,..,..,..,..,..,..,..,..,..,..,..,..,..,..,..,..,..,..
OECD members,OED,"Death rate, crude (per 1,000 people)",SP.DYN.CDRT.IN,10.2503458858342,10.0552010088571,10.1988939153999,10.1121224793197,9.81220280544788,9.87311152097458,9.76205849862809,9.66008519168559,9.86706261160043,9.83506682538442,9.7108812127779,9.55733654519874,9.44783864987376,9.48546006379029,9.32162732738381,9.2700090002012,9.2286219743786,8.9831163643987,9.0127437517748,8.86534176286416,8.99740188100405,8.80412411319508,8.6868345244852,8.76639915237921,8.65336909407648,8.72701587654155,8.61571890413451,8.49329148570692,8.55005459137291,8.51371716412763,8.49540308371691,8.45738863594674,8.35610884205329,8.47410433811975,8.37609196949397,8.40876565248656,8.33224158274875,8.25336974744501,8.23499910606409,8.2700306433402,8.10623580755052,8.04448702080693,8.06096487019337,8.10945260236514,7.89451224232067,8.01092698429176,7.89093511736578,7.93793092530268,8.01098955640107,7.94509956155205,8.00043470323285,8.04682265211864,8.15224466842483,8.17134965592422,8.11707200989254,8.40613969637565,8.39371009436841,8.57416119365876,8.63739364009706,8.62398085137251,9.76520810362653,9.93907943402933,9.54515108816978,..
OECD members,OED,Number of deaths ages 10-14 years,SH.DTH.1014,..,..,..,..,..,..,..,..,..,..,..,..,..,..,..,..,..,..,..,..,..,..,..,..,..,..,..,..,..,..,25203,24617,24041,23502,22949,22571,21815,21269,20765,21770,19894,19491,19097,18677,18205,17691,17135,16569,16003,15426,14879,14887,13893,13449,13099,12806,12606,12527,12527,12560,12626,12683,12708,..
OECD members,OED,Number of deaths ages 15-19 years,SH.DTH.1519,..,..,..,..,..,..,..,..,..,..,..,..,..,..,..,..,..,..,..,..,..,..,..,..,..,..,..,..,..,..,71019,69382,67420,65694,64263,63006,61677,60239,58712,58309,55364,53641,51864,50156,48562,47222,46193,45433,44655,43689,42463,41395,39115,37558,36591,36174,36279,36218,36461,36861,37637,38844,40197,..
OECD members,OED,Number of deaths ages 20-24 years,SH.DTH.2024,..,..,..,..,..,..,..,..,..,..,..,..,..,..,..,..,..,..,..,..,..,..,..,..,..,..,..,..,..,..,94949,93504,91669,89290,86775,84247,81507,78985,76964,76658,74467,73700,72672,71322,69695,68113,66843,65978,65291,64538,63677,63183,61462,60410,59837,59682,60329,60198,60956,62078,63927,66541,69082,..
OECD members,OED,Number of deaths ages 5-9 years,SH.DTH.0509,..,..,..,..,..,..,..,..,..,..,..,..,..,..,..,..,..,..,..,..,..,..,..,..,..,..,..,..,..,..,30524,29210,27963,26878,25951,25299,24288,23516,22709,23578,21006,20144,19306,18507,17724,16970,16232,15467,14678,13897,13160,13185,11899,11439,11057,10733,10447,10195,9960,9763,9641,9529,9417,..
OECD members,OED,Number of under-five deaths,SH.DTH.MORT,..,..,..,..,..,..,..,..,..,..,..,..,..,..,..,..,..,..,..,..,..,..,..,..,..,..,..,..,..,..,380165,362587,344253,325821,308371,291236,275723,261214,247345,234897,223552,213198,202035,191557,183506,176454,170344,164854,159195,153008,146692,141153,136179,131741,127696,123767,119625,115265,110423,105321,100698,96821,93468,..
Other small states,OSS,"Death rate, crude (per 1,000 people)",SP.DYN.CDRT.IN,15.0457717779043,14.5830747336945,14.3383192235667,14.2937270311047,13.8124167981183,13.5088028855825,13.3229846145762,13.08172791478,13.0506700008374,12.9822776491907,12.779486456631,12.5117887102756,12.344511764448,12.1476463388111,12.7501370411911,13.4244433177392,13.1146208190099,13.1099072266082,13.3657685710555,13.0964195463883,12.2566597356021,12.0254671557306,11.7160570266876,11.6400746875001,11.2849456277935,11.1420226339258,10.7771928032728,10.5064654104182,10.3595800364911,9.66880474632711,9.64349377742667,9.64696218396806,9.61737617883058,9.64575484678969,9.78818722666295,9.63825241929901,9.43167524820392,9.43846087923774,9.5712337669306,9.65225181700078,9.00447706317739,8.94992949675024,8.99875876858133,9.0054515534882,8.92830407331975,8.87976689411053,8.78512347246651,8.56512522426306,8.41745595202996,8.28206895892844,8.0217234879255,7.89186622701226,7.79519344326123,7.6422772212114,7.54849787410291,7.45856722117482,7.3870255145518,7.26312230527114,7.26404725764242,7.22422662117995,7.47530381000706,8.29273768164744,7.89952191448726,..
Other small states,OSS,Number of deaths ages 10-14 years,SH.DTH.1014,..,..,..,..,..,..,..,..,..,..,..,..,..,..,..,..,..,..,..,..,..,..,..,..,..,..,..,..,..,..,705,727,737,725,734,746,727,722,717,712,714,698,693,683,685,663,651,634,616,600,592,587,578,571,565,555,545,530,517,500,484,474,458,..
Other small states,OSS,Number of deaths ages 15-19 years,SH.DTH.1519,..,..,..,..,..,..,..,..,..,..,..,..,..,..,..,..,..,..,..,..,..,..,..,..,..,..,..,..,..,..,1271,1304,1333,1310,1318,1326,1318,1324,1326,1317,1295,1276,1254,1238,1234,1216,1206,1190,1180,1168,1155,1151,1150,1163,1194,1251,1301,1327,1332,1331,1320,1302,1280,..
Other small states,OSS,Number of deaths ages 20-24 years,SH.DTH.2024,..,..,..,..,..,..,..,..,..,..,..,..,..,..,..,..,..,..,..,..,..,..,..,..,..,..,..,..,..,..,1479,1535,1583,1563,1576,1564,1547,1543,1546,1546,1546,1544,1544,1538,1546,1532,1528,1527,1527,1528,1527,1532,1544,1562,1584,1607,1624,1623,1607,1590,1580,1573,1575,..
Other small states,OSS,Number of deaths ages 5-9 years,SH.DTH.0509,..,..,..,..,..,..,..,..,..,..,..,..,..,..,..,..,..,..,..,..,..,..,..,..,..,..,..,..,..,..,1446,1482,1494,1440,1439,1447,1411,1399,1390,1373,1370,1322,1292,1259,1229,1189,1164,1144,1123,1102,1073,1048,1024,997,969,943,915,884,856,828,802,779,754,..
Other small states,OSS,Number of under-five deaths,SH.DTH.MORT,..,..,..,..,..,..,..,..,..,..,..,..,..,..,..,..,..,..,..,..,..,..,..,..,..,..,..,..,..,..,18764,18513,18305,17859,17381,16985,16538,16135,15734,15406,15118,14800,14476,14159,13839,13466,12736,12227,11854,11347,10664,9949,9467,9113,8854,8470,8115,7905,7542,7219,6994,6694,6456,..
Pacific island small states,PSS,"Death rate, crude (per 1,000 people)",SP.DYN.CDRT.IN,13.0572571134879,12.5581040563633,12.0562041915497,11.5517996750338,11.3132667591761,10.5870355114824,10.2455642791921,9.96717287955715,9.6255491988987,9.40933594459503,9.12287003159373,8.89955782584665,8.70426108315311,8.67334345974624,8.36420307009257,8.36773843354483,8.06248591055338,7.9363558327535,7.70774916929301,7.55142547505243,7.61015585995056,7.52033105651662,7.42817874578988,7.24929440217652,7.06314602266349,6.89279486726147,6.86969614499526,6.78389008224566,6.62964613687996,6.55720213442679,6.46920449626522,6.37829560912357,6.30779500217523,6.25385626566254,6.20153136862642,6.13840767133141,6.09468842656185,6.05209926830591,6.02198325674519,6.04112520447662,6.12619484701857,6.15510017510054,6.33920583857092,6.26287793502946,6.26426923171934,6.28128448467739,6.2916247795959,6.38366185968092,6.40060096111149,6.48012531293426,6.37529581082197,6.35434045729694,6.38000614858303,6.44296233168313,6.48083914306945,6.59127037202539,6.50002765968438,6.3988602848049,6.39416171421895,6.4339887618272,6.46582812474716,6.71997262418906,6.45963164798541,..
Pacific island small states,PSS,Number of deaths ages 10-14 years,SH.DTH.1014,..,..,..,..,..,..,..,..,..,..,..,..,..,..,..,..,..,..,..,..,..,..,..,..,..,..,..,..,..,..,171,175,174,176,174,173,169,166,163,158,156,153,152,145,142,137,135,137,129,139,123,122,120,118,118,117,122,119,120,121,126,124,123,..
Pacific island small states,PSS,Number of deaths ages 15-19 years,SH.DTH.1519,..,..,..,..,..,..,..,..,..,..,..,..,..,..,..,..,..,..,..,..,..,..,..,..,..,..,..,..,..,..,248,245,245,245,247,250,248,251,254,256,253,255,254,252,252,250,246,240,238,246,229,225,221,220,213,212,209,208,205,204,204,206,206,..
Pacific island small states,PSS,Number of deaths ages 20-24 years,SH.DTH.2024,..,..,..,..,..,..,..,..,..,..,..,..,..,..,..,..,..,..,..,..,..,..,..,..,..,..,..,..,..,..,330,322,312,305,298,292,289,288,289,291,292,296,297,299,297,296,293,289,284,287,276,275,273,272,271,270,268,269,268,264,262,262,260,..
Pacific island small states,PSS,Number of deaths ages 5-9 years,SH.DTH.0509,..,..,..,..,..,..,..,..,..,..,..,..,..,..,..,..,..,..,..,..,..,..,..,..,..,..,..,..,..,..,269,264,256,249,243,236,230,224,219,214,206,200,207,190,185,180,175,179,166,181,157,154,150,149,150,150,155,149,147,146,152,140,138,..
Pacific island small states,PSS,Number of under-five deaths,SH.DTH.MORT,..,..,..,..,..,..,..,..,..,..,..,..,..,..,..,..,..,..,..,..,..,..,..,..,..,..,..,..,..,..,2115,2057,1998,1945,1894,1853,1818,1784,1750,1725,1705,1688,1694,1675,1674,1680,1688,1692,1684,1701,1642,1618,1596,1577,1563,1552,1543,1536,1531,1545,1519,1504,1481,..
Post-demographic dividend,PST,"Death rate, crude (per 1,000 people)",SP.DYN.CDRT.IN,9.64861123777851,9.48965071939556,9.70657413081602,9.65897328936092,9.37025234652902,9.49757278014009,9.4247321900601,9.36224229378297,9.63075503019855,9.63244397945449,9.55509418394267,9.41976140022468,9.37893010584216,9.44046195636334,9.31903122199237,9.29356591796947,9.27569128751014,9.06802732026262,9.14179252451494,9.05250225951914,9.24330579272166,9.09344844676745,9.00990656791996,9.14721892392332,9.07899484243816,9.17969744468454,9.05292768897517,8.97267397929322,9.08654796962912,9.05876022895183,9.09140702775697,9.11613913861328,9.11200264121359,9.32111193596678,9.22624933158558,9.3246364747137,9.25155381645625,9.18225846000048,9.15042321654302,9.20513265359849,9.08774548104323,9.02304390600592,9.09503770120154,9.16235176403337,8.90889842300138,9.07892889586787,8.90145714920967,8.94322137435809,9.01883319851461,8.88895592453515,8.95829576857447,8.97943874247474,9.10256999171462,9.13119166542391,9.07425971079096,9.38954891568956,9.33305389017193,9.51174759596021,9.56979467911199,9.54628752184516,10.5505780460055,10.8201127440825,10.8496814642131,..
Post-demographic dividend,PST,Number of deaths ages 10-14 years,SH.DTH.1014,..,..,..,..,..,..,..,..,..,..,..,..,..,..,..,..,..,..,..,..,..,..,..,..,..,..,..,..,..,..,15888,15665,15895,15648,14800,14594,13823,13312,12813,12341,11915,11507,11104,10687,10228,9746,9262,8805,8400,8043,7755,8028,7313,7163,7067,6993,6970,7012,7082,7147,7206,7221,7505,..
Post-demographic dividend,PST,Number of deaths ages 15-19 years,SH.DTH.1519,..,..,..,..,..,..,..,..,..,..,..,..,..,..,..,..,..,..,..,..,..,..,..,..,..,..,..,..,..,..,48025,46882,47500,46282,43853,42551,41186,39925,38707,37519,36355,35265,34266,33347,32504,31765,30996,29955,28477,26696,24930,23865,22213,21447,21173,20897,20832,20832,20941,21298,22108,23479,27286,..
Post-demographic dividend,PST,Number of deaths ages 20-24 years,SH.DTH.2024,..,..,..,..,..,..,..,..,..,..,..,..,..,..,..,..,..,..,..,..,..,..,..,..,..,..,..,..,..,..,68132,67907,72290,70219,65406,62305,59368,56850,54989,53748,52978,52440,51853,51199,50490,49773,49089,48134,46559,44557,42645,41637,40129,39479,39469,38554,38049,37665,37541,37943,39289,41672,49747,..
Post-demographic dividend,PST,Number of deaths ages 5-9 years,SH.DTH.0509,..,..,..,..,..,..,..,..,..,..,..,..,..,..,..,..,..,..,..,..,..,..,..,..,..,..,..,..,..,..,15803,15293,15757,15258,13748,13568,12676,12117,11523,10896,10285,9686,9134,8657,8237,7875,7539,7227,6942,6689,6469,6987,6160,6088,6026,5962,5887,5796,5677,5565,5478,5376,5467,..
Post-demographic dividend,PST,Number of under-five deaths,SH.DTH.MORT,..,..,..,..,..,..,..,..,..,..,..,..,..,..,..,..,..,..,..,..,..,..,..,..,..,..,..,..,..,..,138287,133053,129491,122318,112329,105921,99912,95402,91435,87961,85310,82526,79601,77731,76341,74811,73851,73323,72298,70350,67793,65557,63596,61826,60317,59192,57874,56041,53943,52006,50159,48955,48285,..
Pre-demographic dividend,PRE,"Death rate, crude (per 1,000 people)",SP.DYN.CDRT.IN,24.6400265549877,24.4195400366552,24.0332252226519,23.8051008370162,23.4376684177022,23.2983228712109,23.1146453809185,23.0994555601759,22.6345752634045,22.3900583516654,21.9272968213521,21.3926039800502,21.1978727430998,20.4478885880625,20.0660478577259,19.7180962814322,19.2798910073272,18.8669666192412,18.6512186622384,18.3979388494137,18.2040761492851,18.0005002113245,17.84484300368,17.9479289294026,18.1142107339769,17.9441403947938,17.4281803959501,17.785402656064,18.302664979364,17.015712360245,16.921015229808,17.0663512745778,17.1360852892693,16.6369041399873,15.9171756594332,15.9771251351418,15.9015598421371,15.6663367818216,15.9277768339237,15.0011777600608,14.5073572515754,14.165160056015,13.8330109697191,13.445141038772,13.1109668673473,12.7149864136713,12.3145868810177,11.9885135443748,11.662158813948,11.2612891291558,10.9683059161719,10.636592477224,10.3515975109884,10.0851834551792,9.84894039549971,9.64242558735029,9.41930035289134,9.19583055809107,8.98621986160777,8.79724407532251,8.94838538315564,9.08003767588609,8.72918669077287,..
Pre-demographic dividend,PRE,Number of deaths ages 10-14 years,SH.DTH.1014,..,..,..,..,..,..,..,..,..,..,..,..,..,..,..,..,..,..,..,..,..,..,..,..,..,..,..,..,..,..,114796,115048,116995,121912,119386,120966,122017,122837,124313,124410,125203,125851,126583,127574,128341,129356,130707,131937,133581,134607,136602,138083,139144,141125,143331,145300,147241,149365,151307,153476,155094,156624,157935,..
Pre-demographic dividend,PRE,Number of deaths ages 15-19 years,SH.DTH.1519,..,..,..,..,..,..,..,..,..,..,..,..,..,..,..,..,..,..,..,..,..,..,..,..,..,..,..,..,..,..,150369,151755,154791,162022,162538,167300,171640,171395,173263,174867,176011,176727,177166,177858,177901,178123,178558,179128,181218,181882,184182,187275,190815,194827,198390,202046,204852,207463,209648,211985,213408,215319,217759,..
Pre-demographic dividend,PRE,Number of deaths ages 20-24 years,SH.DTH.2024,..,..,..,..,..,..,..,..,..,..,..,..,..,..,..,..,..,..,..,..,..,..,..,..,..,..,..,..,..,..,163955,163838,168155,177228,177973,185245,191942,190266,192916,195643,197768,199488,200937,202835,203397,204219,205033,205441,207916,206968,208278,209596,211580,214535,216827,219932,222897,226206,228646,232928,236178,241050,248491,..
Pre-demographic dividend,PRE,Number of deaths ages 5-9 years,SH.DTH.0509,..,..,..,..,..,..,..,..,..,..,..,..,..,..,..,..,..,..,..,..,..,..,..,..,..,..,..,..,..,..,305233,303481,305380,308340,304384,305323,305001,304309,304744,302477,301261,300152,298655,296947,294939,293221,291842,290778,291235,289734,290352,290084,289110,289576,290473,291248,291652,291885,291716,291397,289834,288098,286241,..
Pre-demographic dividend,PRE,Number of under-five deaths,SH.DTH.MORT,..,..,..,..,..,..,..,..,..,..,..,..,..,..,..,..,..,..,..,..,..,..,..,..,..,..,..,..,..,..,3357067,3392131,3425932,3471923,3506353,3548718,3580104,3583103,3568472,3549670,3522250,3477645,3423634,3369906,3313737,3255583,3204993,3155951,3106934,3064893,3033788,3001820,2970271,2936324,2910117,2885882,2854452,2827274,2796662,2763539,2728814,2692798,2655133,..
Small states,SST,"Death rate, crude (per 1,000 people)",SP.DYN.CDRT.IN,14.0390626704775,13.611616968265,13.2523285928926,13.1076951910008,12.6757916667002,12.3404098243799,12.1237276938909,11.8738336145549,11.7672064966678,11.658390164978,11.4572680813316,11.2436369860994,11.0874987174696,10.9437150221938,11.2881884647973,11.7236353239599,11.4746917162087,11.460073292418,11.6042502970152,11.4076201011133,10.8473592473429,10.6709115003499,10.4451972799484,10.3718091661115,10.0868242890773,9.97238874096941,9.72187916922205,9.52847167067068,9.40360921625506,8.91461527753941,8.88137287671261,8.87148224132446,8.82478809151604,8.81138302581646,8.89084073758816,8.78369838545113,8.63308139968442,8.63439061924775,8.71654018945633,8.76700645599572,8.32214936777702,8.29393290033079,8.361517443726,8.37493990083025,8.3140161095516,8.26881903664546,8.18594357537155,8.03207213143197,7.92906720736235,7.843139065146,7.65431112100981,7.57192798590743,7.51367476360444,7.42344597173092,7.3642728644744,7.303606931767,7.23573510093589,7.13465707416314,7.13346464688181,7.14500499420549,7.36998253604067,8.19259340486098,7.83148387834967,..
Small states,SST,Number of deaths ages 10-14 years,SH.DTH.1014,..,..,..,..,..,..,..,..,..,..,..,..,..,..,..,..,..,..,..,..,..,..,..,..,..,..,..,..,..,..,997,1017,1024,1014,1019,1030,1009,1000,992,983,985,967,961,946,945,918,903,890,863,855,831,824,809,799,789,777,771,754,735,741,707,693,673,..
Small states,SST,Number of deaths ages 15-19 years,SH.DTH.1519,..,..,..,..,..,..,..,..,..,..,..,..,..,..,..,..,..,..,..,..,..,..,..,..,..,..,..,..,..,..,1765,1788,1814,1788,1799,1812,1800,1810,1816,1809,1784,1767,1745,1727,1724,1707,1696,1681,1674,1678,1653,1651,1646,1661,1684,1735,1775,1790,1782,1791,1754,1730,1702,..
Small states,SST,Number of deaths ages 20-24 years,SH.DTH.2024,..,..,..,..,..,..,..,..,..,..,..,..,..,..,..,..,..,..,..,..,..,..,..,..,..,..,..,..,..,..,2183,2228,2269,2248,2262,2248,2235,2232,2237,2234,2227,2224,2221,2216,2227,2211,2205,2197,2193,2200,2193,2203,2227,2252,2275,2290,2299,2288,2256,2249,2206,2193,2184,..
Small states,SST,Number of deaths ages 5-9 years,SH.DTH.0509,..,..,..,..,..,..,..,..,..,..,..,..,..,..,..,..,..,..,..,..,..,..,..,..,..,..,..,..,..,..,1851,1879,1879,1814,1805,1805,1764,1746,1730,1708,1695,1640,1615,1562,1525,1477,1444,1426,1389,1382,1325,1294,1262,1232,1203,1175,1147,1116,1078,1083,1022,986,957,..
Small states,SST,Number of under-five deaths,SH.DTH.MORT,..,..,..,..,..,..,..,..,..,..,..,..,..,..,..,..,..,..,..,..,..,..,..,..,..,..,..,..,..,..,23577,23156,22787,22197,21568,21039,20474,19961,19451,19019,18640,18242,17858,17457,17079,16664,15892,15339,14922,14398,13614,12835,12297,11890,11587,11160,10762,10509,10109,9824,9496,9147,8856,..
South Asia,SAS,"Death rate, crude (per 1,000 people)",SP.DYN.CDRT.IN,20.0327513047826,19.7389294005816,19.4031043056693,19.1264604255611,18.8069272303962,19.459756192678,19.0061604582462,18.7019043056832,17.6071476914826,17.3262835796732,17.4892120349528,19.2516616524311,16.4643593116154,16.1381154417111,15.7918417387013,15.3642394457012,15.0321497778685,14.7168459242124,14.3974860441822,14.117453556929,13.8196639544773,13.5096592099484,13.2191242160445,12.8892818193531,12.6331856841178,12.3423198077408,11.9915617604558,11.7167786015499,11.4167551231496,11.1605457268111,10.8433256286689,10.7151304067397,10.3294041637018,10.1121860239395,9.88754268077342,9.68510884510174,9.4917735474921,9.23183538717438,8.9638775651067,8.69426965582196,8.56482808498118,8.4134928536657,8.23334793928526,8.06816226967763,7.94569284399497,7.81378166825253,7.65261554888789,7.59549043339706,7.51163667350233,7.45190357062632,7.30092597849602,7.19886390784551,7.05661774406468,6.92546705252171,6.78377382506559,6.66842072239181,6.58611397850918,6.54581347423025,6.56092178102889,6.59818939129428,7.16751094575845,8.73593795280445,8.37778465316779,..
South Asia,SAS,Number of deaths ages 10-14 years,SH.DTH.1014,..,..,..,..,..,..,..,..,..,..,..,..,..,..,..,..,..,..,..,..,..,..,..,..,..,..,..,..,..,..,180951,194937,181967,183147,184089,184264,183443,181355,178639,174009,170214,166763,163852,161507,161436,164617,154715,151708,148119,144436,139480,135113,130672,126032,121280,117381,111700,106986,102395,98030,94078,90576,87584,..
South Asia,SAS,Number of deaths ages 15-19 years,SH.DTH.1519,..,..,..,..,..,..,..,..,..,..,..,..,..,..,..,..,..,..,..,..,..,..,..,..,..,..,..,..,..,..,251901,255150,245200,243198,241980,241109,240139,238677,236641,234461,232639,231504,231237,230419,231910,234753,227627,225748,222322,217700,212261,206433,200696,195783,191544,188113,182739,177062,170139,161938,153373,145110,138035,..
South Asia,SAS,Number of deaths ages 20-24 years,SH.DTH.2024,..,..,..,..,..,..,..,..,..,..,..,..,..,..,..,..,..,..,..,..,..,..,..,..,..,..,..,..,..,..,291705,293042,285556,283918,282839,282260,282151,282816,283698,284648,284870,284331,284089,281627,281918,281355,272937,268744,263968,259474,254682,249073,242786,235403,227494,220420,211865,204771,199003,194341,190788,188864,187562,..
South Asia,SAS,Number of deaths ages 5-9 years,SH.DTH.0509,..,..,..,..,..,..,..,..,..,..,..,..,..,..,..,..,..,..,..,..,..,..,..,..,..,..,..,..,..,..,399744,422226,384917,377302,368637,358509,346671,333035,318834,302605,288890,276602,265673,256109,250423,248078,230138,220755,210013,199175,185327,172111,159190,146984,135686,126433,116365,107981,100038,92699,86022,80464,75944,..
South Asia,SAS,Number of under-five deaths,SH.DTH.MORT,..,..,..,..,..,..,..,..,..,..,..,..,..,..,..,..,..,..,..,..,..,..,..,..,..,..,..,..,..,..,4876102,4755559,4641538,4523737,4413606,4303045,4180317,4054115,3927296,3795967,3671188,3556028,3431323,3293690,3161018,3010922,2862282,2729463,2604198,2487683,2368938,2253220,2140409,2030300,1910449,1797954,1705669,1611852,1524865,1443847,1363424,1297595,1243406,..
South Asia (IDA & IBRD),TSA,"Death rate, crude (per 1,000 people)",SP.DYN.CDRT.IN,20.0327513047826,19.7389294005816,19.4031043056693,19.1264604255611,18.8069272303962,19.459756192678,19.0061604582462,18.7019043056832,17.6071476914826,17.3262835796732,17.4892120349528,19.2516616524311,16.4643593116154,16.1381154417111,15.7918417387013,15.3642394457012,15.0321497778685,14.7168459242124,14.3974860441822,14.117453556929,13.8196639544773,13.5096592099484,13.2191242160445,12.8892818193531,12.6331856841178,12.3423198077408,11.9915617604558,11.7167786015499,11.4167551231496,11.1605457268111,10.8433256286689,10.7151304067397,10.3294041637018,10.1121860239395,9.88754268077342,9.68510884510174,9.4917735474921,9.23183538717438,8.9638775651067,8.69426965582196,8.56482808498118,8.4134928536657,8.23334793928526,8.06816226967763,7.94569284399497,7.81378166825253,7.65261554888789,7.59549043339706,7.51163667350233,7.45190357062632,7.30092597849602,7.19886390784551,7.05661774406468,6.92546705252171,6.78377382506559,6.66842072239181,6.58611397850918,6.54581347423025,6.56092178102889,6.59818939129428,7.16751094575845,8.73593795280445,8.37778465316779,..
South Asia (IDA & IBRD),TSA,Number of deaths ages 10-14 years,SH.DTH.1014,..,..,..,..,..,..,..,..,..,..,..,..,..,..,..,..,..,..,..,..,..,..,..,..,..,..,..,..,..,..,180951,194937,181967,183147,184089,184264,183443,181355,178639,174009,170214,166763,163852,161507,161436,164617,154715,151708,148119,144436,139480,135113,130672,126032,121280,117381,111700,106986,102395,98030,94078,90576,87584,..
South Asia (IDA & IBRD),TSA,Number of deaths ages 15-19 years,SH.DTH.1519,..,..,..,..,..,..,..,..,..,..,..,..,..,..,..,..,..,..,..,..,..,..,..,..,..,..,..,..,..,..,251901,255150,245200,243198,241980,241109,240139,238677,236641,234461,232639,231504,231237,230419,231910,234753,227627,225748,222322,217700,212261,206433,200696,195783,191544,188113,182739,177062,170139,161938,153373,145110,138035,..
South Asia (IDA & IBRD),TSA,Number of deaths ages 20-24 years,SH.DTH.2024,..,..,..,..,..,..,..,..,..,..,..,..,..,..,..,..,..,..,..,..,..,..,..,..,..,..,..,..,..,..,291705,293042,285556,283918,282839,282260,282151,282816,283698,284648,284870,284331,284089,281627,281918,281355,272937,268744,263968,259474,254682,249073,242786,235403,227494,220420,211865,204771,199003,194341,190788,188864,187562,..
South Asia (IDA & IBRD),TSA,Number of deaths ages 5-9 years,SH.DTH.0509,..,..,..,..,..,..,..,..,..,..,..,..,..,..,..,..,..,..,..,..,..,..,..,..,..,..,..,..,..,..,399744,422226,384917,377302,368637,358509,346671,333035,318834,302605,288890,276602,265673,256109,250423,248078,230138,220755,210013,199175,185327,172111,159190,146984,135686,126433,116365,107981,100038,92699,86022,80464,75944,..
South Asia (IDA & IBRD),TSA,Number of under-five deaths,SH.DTH.MORT,..,..,..,..,..,..,..,..,..,..,..,..,..,..,..,..,..,..,..,..,..,..,..,..,..,..,..,..,..,..,4876102,4755559,4641538,4523737,4413606,4303045,4180317,4054115,3927296,3795967,3671188,3556028,3431323,3293690,3161018,3010922,2862282,2729463,2604198,2487683,2368938,2253220,2140409,2030300,1910449,1797954,1705669,1611852,1524865,1443847,1363424,1297595,1243406,..
Sub-Saharan Africa,SSF,"Death rate, crude (per 1,000 people)",SP.DYN.CDRT.IN,23.2481053585017,22.9898770117886,22.6244716171389,22.4245714411067,22.0629451392286,21.9504264120316,22.0074091761766,21.8015946979624,21.4271432357667,21.2434707463946,20.8738316581254,20.439891522923,20.3934916672653,19.770187763299,19.6195159331448,19.3105206250411,18.7474449862783,18.406302787923,18.1751957509808,17.8432299655301,17.597087878788,17.3451163351886,17.1274341665088,17.8442422131681,17.7636796375335,17.5103735230669,17.1653661850724,16.8466921563854,17.2810325091875,16.2546066063191,16.2224368991432,16.3317594579771,16.4464033003303,16.1251001396483,16.5324322705011,15.6156754168254,15.5663379006196,15.374263688005,15.5854946792174,14.9161659633003,14.4968012542122,14.2776712891163,13.9973585068532,13.6649737064569,13.3326408993251,12.9523651472155,12.5178999268571,12.1379331976665,11.7803698328394,11.3468295608508,10.9923876307944,10.6107499893157,10.2824495982652,9.99471786872818,9.74167875756055,9.52383110635664,9.26961762034306,9.0669300331584,8.87541276760117,8.69136359367892,8.84501737700215,9.1231049593998,8.83830583985278,..
Sub-Saharan Africa,SSF,Number of deaths ages 10-14 years,SH.DTH.1014,..,..,..,..,..,..,..,..,..,..,..,..,..,..,..,..,..,..,..,..,..,..,..,..,..,..,..,..,..,..,146181,147888,151303,157365,197697,155717,157355,159339,159964,160235,160435,160448,160390,160380,160190,160142,160146,159881,159927,159255,159728,159849,159746,160686,161985,163121,164320,165793,167250,168979,170150,171198,172052,..
Sub-Saharan Africa,SSF,Number of deaths ages 15-19 years,SH.DTH.1519,..,..,..,..,..,..,..,..,..,..,..,..,..,..,..,..,..,..,..,..,..,..,..,..,..,..,..,..,..,..,190219,191093,195678,204228,308488,210363,216806,219011,221397,225192,223453,224032,224437,224911,224737,224327,223548,222595,222908,221346,221396,222177,223272,224596,226182,227939,229387,230841,232315,234081,235497,237416,239757,..
Sub-Saharan Africa,SSF,Number of deaths ages 20-24 years,SH.DTH.2024,..,..,..,..,..,..,..,..,..,..,..,..,..,..,..,..,..,..,..,..,..,..,..,..,..,..,..,..,..,..,219170,217803,224063,234003,388635,241056,249129,249621,253395,262924,260617,264133,266968,269435,270070,270219,269418,268063,268399,264075,261657,259085,256754,255080,254169,254152,255091,256018,257119,259959,263143,267635,274552,..
Sub-Saharan Africa,SSF,Number of deaths ages 5-9 years,SH.DTH.0509,..,..,..,..,..,..,..,..,..,..,..,..,..,..,..,..,..,..,..,..,..,..,..,..,..,..,..,..,..,..,403262,402972,407838,412314,444854,403978,401929,400069,395286,389535,384128,379334,374332,369003,363251,357495,351727,346185,342282,336377,332964,329140,324870,322365,320626,318945,317148,315475,313659,311904,309032,306038,303108,..
Sub-Saharan Africa,SSF,Number of under-five deaths,SH.DTH.MORT,..,..,..,..,..,..,..,..,..,..,..,..,..,..,..,..,..,..,..,..,..,..,..,..,..,..,..,..,..,..,3923189,3964414,4005420,4050327,4145656,4104170,4121531,4116495,4091869,4060380,4019282,3962171,3895331,3822601,3748099,3677647,3612959,3545436,3480565,3416334,3357347,3303592,3251128,3199096,3158837,3124197,3083628,3049115,3013155,2977355,2938056,2895050,2852126,..
Sub-Saharan Africa (excluding high income),SSA,"Death rate, crude (per 1,000 people)",SP.DYN.CDRT.IN,23.2481053585017,22.9898770117886,22.6244716171389,22.4245714411067,22.0629451392286,21.9504264120316,22.0074091761766,21.8015946979624,21.4271432357667,21.2434707463946,20.8738316581254,20.442053657544,20.39547703474,19.772233943163,19.6214621504903,19.3126311010548,18.7493708105968,18.4081563633918,18.1770015124869,17.845025156255,17.5988072665231,17.3467812191076,17.1289308307303,17.8458767172803,17.7651917557235,17.5118611295719,17.1667153994156,16.8480427818333,17.2824247290096,16.255719239614,16.2235733489673,16.3328947602027,16.4475667804741,16.1260999423594,16.5335736507513,15.6167634383987,15.5673567902757,15.3751950753805,15.5865185871884,14.9171257961608,14.4977181541548,14.2785393312253,13.9980922245996,13.6655977287778,13.3333076658887,12.9528808814677,12.5183981069895,12.1384224393566,11.7807992223468,11.3471853523718,10.9927481237183,10.6110077880989,10.2827189747005,9.99490262306973,9.74184737069042,9.52401553093742,9.26974079661152,9.06704237700496,8.87545421447058,8.69141427043367,8.84518963602727,9.12309031425639,8.83840711002797,..
Sub-Saharan Africa (excluding high income),SSA,Number of deaths ages 10-14 years,SH.DTH.1014,..,..,..,..,..,..,..,..,..,..,..,..,..,..,..,..,..,..,..,..,..,..,..,..,..,..,..,..,..,..,146178,147885,151300,157362,197694,155715,157353,159337,159962,160233,160433,160446,160388,160378,160188,160139,160143,159878,159925,159253,159726,159847,159744,160684,161983,163119,164318,165791,167248,168977,170148,171196,172050,..
Sub-Saharan Africa (excluding high income),SSA,Number of deaths ages 15-19 years,SH.DTH.1519,..,..,..,..,..,..,..,..,..,..,..,..,..,..,..,..,..,..,..,..,..,..,..,..,..,..,..,..,..,..,190215,191089,195674,204224,308483,210358,216800,219005,221391,225186,223448,224027,224432,224906,224731,224321,223542,222589,222902,221340,221390,222171,223266,224590,226176,227933,229381,230835,232309,234075,235491,237410,239751,..
Sub-Saharan Africa (excluding high income),SSA,Number of deaths ages 20-24 years,SH.DTH.2024,..,..,..,..,..,..,..,..,..,..,..,..,..,..,..,..,..,..,..,..,..,..,..,..,..,..,..,..,..,..,219162,217796,224056,233996,388628,241049,249121,249614,253387,262916,260609,264125,266960,269428,270063,270213,269412,268057,268393,264069,261651,259079,256748,255074,254163,254146,255085,256012,257113,259953,263137,267630,274547,..
Sub-Saharan Africa (excluding high income),SSA,Number of deaths ages 5-9 years,SH.DTH.0509,..,..,..,..,..,..,..,..,..,..,..,..,..,..,..,..,..,..,..,..,..,..,..,..,..,..,..,..,..,..,403259,402969,407835,412311,444851,403975,401926,400066,395283,389532,384125,379331,374329,369000,363249,357493,351725,346183,342280,336375,332962,329138,324868,322363,320624,318943,317146,315473,313657,311902,309030,306036,303106,..
Sub-Saharan Africa (excluding high income),SSA,Number of under-five deaths,SH.DTH.MORT,..,..,..,..,..,..,..,..,..,..,..,..,..,..,..,..,..,..,..,..,..,..,..,..,..,..,..,..,..,..,3923163,3964388,4005395,4050303,4145632,4104147,4121509,4116474,4091849,4060360,4019262,3962151,3895311,3822581,3748079,3677626,3612938,3545414,3480542,3416311,3357324,3303569,3251104,3199072,3158813,3124173,3083603,3049089,3013129,2977330,2938031,2895026,2852102,..
Sub-Saharan Africa (IDA & IBRD countries),TSS,"Death rate, crude (per 1,000 people)",SP.DYN.CDRT.IN,23.2481053585017,22.9898770117886,22.6244716171389,22.4245714411067,22.0629451392286,21.9504264120316,22.0074091761766,21.8015946979624,21.4271432357667,21.2434707463946,20.8738316581254,20.439891522923,20.3934916672653,19.770187763299,19.6195159331448,19.3105206250411,18.7474449862783,18.406302787923,18.1751957509808,17.8432299655301,17.597087878788,17.3451163351886,17.1274341665088,17.8442422131681,17.7636796375335,17.5103735230669,17.1653661850724,16.8466921563854,17.2810325091875,16.2546066063191,16.2224368991432,16.3317594579771,16.4464033003303,16.1251001396483,16.5324322705011,15.6156754168254,15.5663379006196,15.374263688005,15.5854946792174,14.9161659633003,14.4968012542122,14.2776712891163,13.9973585068532,13.6649737064569,13.3326408993251,12.9523651472155,12.5178999268571,12.1379331976665,11.7803698328394,11.3468295608507,10.9923876307944,10.6107499893157,10.2824495982652,9.99471786872818,9.74167875756055,9.52383110635664,9.26961762034306,9.0669300331584,8.87541276760117,8.69136359367892,8.84501737700214,9.1231049593998,8.83830583985278,..
Sub-Saharan Africa (IDA & IBRD countries),TSS,Number of deaths ages 10-14 years,SH.DTH.1014,..,..,..,..,..,..,..,..,..,..,..,..,..,..,..,..,..,..,..,..,..,..,..,..,..,..,..,..,..,..,146181,147888,151303,157365,197697,155717,157355,159339,159964,160235,160435,160448,160390,160380,160190,160142,160146,159881,159927,159255,159728,159849,159746,160686,161985,163121,164320,165793,167250,168979,170150,171198,172052,..
Sub-Saharan Africa (IDA & IBRD countries),TSS,Number of deaths ages 15-19 years,SH.DTH.1519,..,..,..,..,..,..,..,..,..,..,..,..,..,..,..,..,..,..,..,..,..,..,..,..,..,..,..,..,..,..,190219,191093,195678,204228,308488,210363,216806,219011,221397,225192,223453,224032,224437,224911,224737,224327,223548,222595,222908,221346,221396,222177,223272,224596,226182,227939,229387,230841,232315,234081,235497,237416,239757,..
Sub-Saharan Africa (IDA & IBRD countries),TSS,Number of deaths ages 20-24 years,SH.DTH.2024,..,..,..,..,..,..,..,..,..,..,..,..,..,..,..,..,..,..,..,..,..,..,..,..,..,..,..,..,..,..,219170,217803,224063,234003,388635,241056,249129,249621,253395,262924,260617,264133,266968,269435,270070,270219,269418,268063,268399,264075,261657,259085,256754,255080,254169,254152,255091,256018,257119,259959,263143,267635,274552,..
Sub-Saharan Africa (IDA & IBRD countries),TSS,Number of deaths ages 5-9 years,SH.DTH.0509,..,..,..,..,..,..,..,..,..,..,..,..,..,..,..,..,..,..,..,..,..,..,..,..,..,..,..,..,..,..,403262,402972,407838,412314,444854,403978,401929,400069,395286,389535,384128,379334,374332,369003,363251,357495,351727,346185,342282,336377,332964,329140,324870,322365,320626,318945,317148,315475,313659,311904,309032,306038,303108,..
Sub-Saharan Africa (IDA & IBRD countries),TSS,Number of under-five deaths,SH.DTH.MORT,..,..,..,..,..,..,..,..,..,..,..,..,..,..,..,..,..,..,..,..,..,..,..,..,..,..,..,..,..,..,3923189,3964414,4005420,4050327,4145656,4104170,4121531,4116495,4091869,4060380,4019282,3962171,3895331,3822601,3748099,3677647,3612959,3545436,3480565,3416334,3357347,3303592,3251128,3199096,3158837,3124197,3083628,3049115,3013155,2977355,2938056,2895050,2852126,..
Upper middle income,UMC,"Death rate, crude (per 1,000 people)",SP.DYN.CDRT.IN,20.8555348307213,14.2120191509631,11.7202799304446,11.5544284388196,12.2344753309493,11.3904659734505,10.5860363262809,10.1444872560969,9.91860578992352,9.70817107723451,9.37652650948236,9.03635080567643,9.08741655882026,8.64072497740189,8.70960950379085,8.59887937638969,8.48650780836004,8.17206121937187,7.76451831695823,7.63353314886227,7.65062621860249,7.58874740790868,7.62563364042983,7.68337363545412,7.54509662023919,7.42983318439057,7.33216106079714,7.19519708309512,7.12098076527456,6.97612288694716,7.03031263505424,6.99269994217176,6.93669501078652,6.93162403459726,6.82212096670402,6.86846167702813,6.82887431804604,6.76906453187956,6.73725218792455,6.71910093504655,6.71048307103318,6.68712848978637,6.69168619486547,6.72510012738293,6.79051073918853,6.78163969416941,6.92420443517482,6.99217774189293,7.05285790000049,7.0260442630586,7.03594924722903,7.03130670835309,7.00491266599545,6.98845135232231,6.97110755485001,6.96465673164749,6.97192125032088,6.97445553001373,6.98825194762902,7.00445865634473,7.56191697997631,8.00800550755939,7.78842419378598,..
Upper middle income,UMC,Number of deaths ages 10-14 years,SH.DTH.1014,..,..,..,..,..,..,..,..,..,..,..,..,..,..,..,..,..,..,..,..,..,..,..,..,..,..,..,..,..,..,111462,109327,109059,108444,106675,105392,104154,103090,102266,102953,100629,98546,94513,90189,97667,81463,77424,74232,75445,68502,65838,63438,61034,59076,57480,55995,54921,54108,53652,53357,53062,52735,52511,..
Upper middle income,UMC,Number of deaths ages 15-19 years,SH.DTH.1519,..,..,..,..,..,..,..,..,..,..,..,..,..,..,..,..,..,..,..,..,..,..,..,..,..,..,..,..,..,..,241474,231272,224927,217718,209961,206137,201026,199754,199126,199021,196385,194981,192809,189775,196497,182514,177133,169506,161760,154454,147293,141185,136336,132594,129195,125975,122918,118861,115014,111758,108975,106726,106218,..
Upper middle income,UMC,Number of deaths ages 20-24 years,SH.DTH.2024,..,..,..,..,..,..,..,..,..,..,..,..,..,..,..,..,..,..,..,..,..,..,..,..,..,..,..,..,..,..,240645,243464,254357,258033,254854,254736,244785,240116,236576,236400,236201,238722,241672,243501,252936,241178,239239,236857,234294,231179,227969,222473,213740,205023,196604,188183,182458,176710,172730,169688,167330,164606,166855,..
Upper middle income,UMC,Number of deaths ages 5-9 years,SH.DTH.0509,..,..,..,..,..,..,..,..,..,..,..,..,..,..,..,..,..,..,..,..,..,..,..,..,..,..,..,..,..,..,197317,190979,186137,180445,174248,168778,160839,150550,140175,132129,121006,113192,106901,101397,114229,91692,86839,82320,82633,74534,71112,68260,65675,63796,62202,60450,58908,57470,55992,54378,52918,51282,49644,..
Upper middle income,UMC,Number of under-five deaths,SH.DTH.MORT,..,..,..,..,..,..,..,..,..,..,..,..,..,..,..,..,..,..,..,..,..,..,..,..,..,..,..,..,..,..,2808321,2639890,2407685,2252445,2114755,1986169,1861545,1745156,1634459,1529811,1446782,1357503,1260315,1177727,1138576,1054317,1002136,953311,908643,863521,815414,773939,744148,709746,673821,637667,606311,574776,537989,501306,467581,434548,409930,..
World,WLD,"Death rate, crude (per 1,000 people)",SP.DYN.CDRT.IN,17.2275599569144,14.5694433678419,13.6009950797615,13.4444861604241,13.5154897489647,13.3413924714402,12.9230454314249,12.6714114066462,12.4282605382888,12.2753941972759,12.1304497268894,12.2662753070372,11.7520669100832,11.4602137275182,11.3773223773946,11.3008537337355,11.1445658347789,10.7860973522061,10.5491866031566,10.3842592143881,10.3538442635239,10.2036688923392,10.1235534571021,10.1732642468315,10.0517670563762,9.93125120018593,9.74167565029768,9.57361486467878,9.53985460734875,9.30989203204855,9.27110964612953,9.23535045575377,9.15080073452057,9.15359415324311,9.11740423902218,8.99805442586223,8.89986879620969,8.76871365155451,8.7106549032942,8.59646045394671,8.50493521210288,8.4301462932142,8.37315669213372,8.31012677276029,8.21421802882549,8.16470946612431,8.08442157014335,8.0495979467883,8.04615292487093,7.92927051758757,7.88654614461594,7.79654190532986,7.7414829769369,7.66788555772905,7.59007472284187,7.57906121222209,7.52035608692087,7.50271647345377,7.49683044423118,7.47935648799639,8.03848543207749,8.73325951763906,8.38886857290187,..
World,WLD,Number of deaths ages 10-14 years,SH.DTH.1014,..,..,..,..,..,..,..,..,..,..,..,..,..,..,..,..,..,..,..,..,..,..,..,..,..,..,..,..,..,..,506806,516430,505401,511285,549879,507106,505275,502609,500050,492702,484962,477529,468635,461719,464571,449602,434137,426449,433821,410601,410703,396143,389726,384505,378204,373719,367101,363167,359814,355398,351494,348868,346065,..
World,WLD,Number of deaths ages 15-19 years,SH.DTH.1519,..,..,..,..,..,..,..,..,..,..,..,..,..,..,..,..,..,..,..,..,..,..,..,..,..,..,..,..,..,..,807942,797242,783313,780795,874713,771933,770560,767799,766652,764936,756674,752585,748448,743604,746712,733455,719223,707957,702388,679936,671586,651679,643209,634015,625744,621968,613132,605661,597453,584582,573865,566561,564252,..
World,WLD,Number of deaths ages 20-24 years,SH.DTH.2024,..,..,..,..,..,..,..,..,..,..,..,..,..,..,..,..,..,..,..,..,..,..,..,..,..,..,..,..,..,..,894250,892250,899864,909849,1058204,909198,904068,896759,895850,903330,899515,903551,907678,908289,914846,901763,891079,883622,881968,863830,858818,839696,830089,811511,791070,777534,759685,748366,741164,730512,726282,728014,742007,..
World,WLD,Number of deaths ages 5-9 years,SH.DTH.0509,..,..,..,..,..,..,..,..,..,..,..,..,..,..,..,..,..,..,..,..,..,..,..,..,..,..,..,..,..,..,1121062,1128607,1086081,1072859,1086199,1028292,1002196,971864,942132,903133,868085,838440,811609,786974,782828,748839,718051,696971,702458,654851,642516,613080,595200,579725,562537,549397,533564,521983,510890,496892,483914,473644,463006,..
World,WLD,Number of under-five deaths,SH.DTH.MORT,..,..,..,..,..,..,..,..,..,..,..,..,..,..,..,..,..,..,..,..,..,..,..,..,..,..,..,..,..,..,12831840,12544179,12195714,11919451,11712802,11406664,11119407,10818979,10515692,10198246,9909921,9612723,9290543,8941003,8664717,8331577,8043121,7779847,7566748,7298979,7082406,6848570,6656920,6453366,6244394,6049534,5869293,5695681,5523940,5350031,5179349,5027244,4891204,..
,,,,,,,,,,,,,,,,,,,,,,,,,,,,,,,,,,,,,,,,,,,,,,,,,,,,,,,,,,,,,,,,,,,
,,,,,,,,,,,,,,,,,,,,,,,,,,,,,,,,,,,,,,,,,,,,,,,,,,,,,,,,,,,,,,,,,,,
,,,,,,,,,,,,,,,,,,,,,,,,,,,,,,,,,,,,,,,,,,,,,,,,,,,,,,,,,,,,,,,,,,,
Data from database: World Development Indicators,,,,,,,,,,,,,,,,,,,,,,,,,,,,,,,,,,,,,,,,,,,,,,,,,,,,,,,,,,,,,,,,,,,
Last Updated: 01/28/2025,,,,,,,,,,,,,,,,,,,,,,,,,,,,,,,,,,,,,,,,,,,,,,,,,,,,,,,,,,,,,,,,,,,
