Country Name,Year,Death Rate
Viet Nam,1974 [YR1974],13.0
Afghanistan,1974 [YR1974],24.773
Albania,1974 [YR1974],7.417
Algeria,1974 [YR1974],18.903
Angola,1974 [YR1974],22.61
Antigua and Barbuda,1974 [YR1974],5.8
Argentina,1974 [YR1974],9.154
Armenia,1974 [YR1974],8.046
Aruba,1974 [YR1974],5.657
Australia,1974 [YR1974],8.4
Austria,1974 [YR1974],12.4
Azerbaijan,1974 [YR1974],9.291
"Bahamas, The",1974 [YR1974],6.206
Bahrain,1974 [YR1974],5.247
Bangladesh,1974 [YR1974],17.429
Barbados,1974 [YR1974],8.535
Belarus,1974 [YR1974],8.361
Belgium,1974 [YR1974],11.9
Belize,1974 [YR1974],8.222
Benin,1974 [YR1974],22.128
Bermuda,1974 [YR1974],6.3
Bhutan,1974 [YR1974],20.637
Bolivia,1974 [YR1974],17.684
Bosnia and Herzegovina,1974 [YR1974],6.618
Botswana,1974 [YR1974],11.291
Brazil,1974 [YR1974],9.954
British Virgin Islands,1974 [YR1974],6.199
Brunei Darussalam,1974 [YR1974],5.595
Bulgaria,1974 [YR1974],9.8
Burkina Faso,1974 [YR1974],23.435
Burundi,1974 [YR1974],21.549
Cabo Verde,1974 [YR1974],12.541
Cambodia,1974 [YR1974],21.628
Cameroon,1974 [YR1974],17.144
Canada,1974 [YR1974],7.4
Central African Republic,1974 [YR1974],18.271
Chad,1974 [YR1974],23.463
Channel Islands,1974 [YR1974],12.0172768276939
Chile,1974 [YR1974],7.374
China,1974 [YR1974],7.34
Colombia,1974 [YR1974],7.404
Comoros,1974 [YR1974],18.655
"Congo, Dem. Rep.",1974 [YR1974],20.068
"Congo, Rep.",1974 [YR1974],12.769
Costa Rica,1974 [YR1974],5.706
Cote d'Ivoire,1974 [YR1974],18.518
Croatia,1974 [YR1974],10.0
Cuba,1974 [YR1974],6.183
Curacao,1974 [YR1974],6.299
Cyprus,1974 [YR1974],17.101
Czechia,1974 [YR1974],12.7
Denmark,1974 [YR1974],10.2
Djibouti,1974 [YR1974],15.963
Dominica,1974 [YR1974],7.566
Dominican Republic,1974 [YR1974],10.208
Ecuador,1974 [YR1974],10.475
"Egypt, Arab Rep.",1974 [YR1974],15.772
El Salvador,1974 [YR1974],12.826
Equatorial Guinea,1974 [YR1974],24.196
Eritrea,1974 [YR1974],21.052
Estonia,1974 [YR1974],10.9
Eswatini,1974 [YR1974],13.94
Ethiopia,1974 [YR1974],24.867
Faroe Islands,1974 [YR1974],7.6
Fiji,1974 [YR1974],7.433
Finland,1974 [YR1974],9.5
France,1974 [YR1974],10.5
French Polynesia,1974 [YR1974],6.788
Gabon,1974 [YR1974],16.005
"Gambia, The",1974 [YR1974],22.353
Georgia,1974 [YR1974],10.13
Germany,1974 [YR1974],12.1
Ghana,1974 [YR1974],16.892
Gibraltar,1974 [YR1974],8.511
Greece,1974 [YR1974],8.5
Grenada,1974 [YR1974],7.827
Guam,1974 [YR1974],5.233
Guatemala,1974 [YR1974],13.02
Guinea,1974 [YR1974],24.641
Guinea-Bissau,1974 [YR1974],22.154
Guyana,1974 [YR1974],8.784
Haiti,1974 [YR1974],17.092
Honduras,1974 [YR1974],14.265
"Hong Kong SAR, China",1974 [YR1974],5.0
Hungary,1974 [YR1974],12.0
Iceland,1974 [YR1974],7.0
India,1974 [YR1974],15.786
Indonesia,1974 [YR1974],12.094
"Iran, Islamic Rep.",1974 [YR1974],13.594
Iraq,1974 [YR1974],10.366
Ireland,1974 [YR1974],11.1
Isle of Man,1974 [YR1974],17.34
Israel,1974 [YR1974],7.1
Italy,1974 [YR1974],9.7
Jamaica,1974 [YR1974],8.249
Japan,1974 [YR1974],6.5
Jordan,1974 [YR1974],7.92
Kazakhstan,1974 [YR1974],9.939
Kenya,1974 [YR1974],12.111
Kiribati,1974 [YR1974],12.013
"Korea, Dem. People's Rep.",1974 [YR1974],7.513
"Korea, Rep.",1974 [YR1974],7.2
Kosovo,1974 [YR1974],7.705
Kuwait,1974 [YR1974],4.898
Kyrgyz Republic,1974 [YR1974],11.0
Lao PDR,1974 [YR1974],19.255
Latvia,1974 [YR1974],11.5
Lebanon,1974 [YR1974],7.41
Lesotho,1974 [YR1974],14.571
Liberia,1974 [YR1974],22.436
Libya,1974 [YR1974],10.14
Liechtenstein,1974 [YR1974],6.3
Lithuania,1974 [YR1974],9.0
Luxembourg,1974 [YR1974],12.2
"Macao SAR, China",1974 [YR1974],5.682
Madagascar,1974 [YR1974],16.741
Malawi,1974 [YR1974],26.04
Malaysia,1974 [YR1974],6.281
Maldives,1974 [YR1974],16.642
Mali,1974 [YR1974],29.331
Malta,1974 [YR1974],9.1
Marshall Islands,1974 [YR1974],10.566
Mauritania,1974 [YR1974],14.4
Mauritius,1974 [YR1974],7.3
Mexico,1974 [YR1974],8.625
"Micronesia, Fed. Sts.",1974 [YR1974],8.368
Moldova,1974 [YR1974],10.858
Mongolia,1974 [YR1974],14.525
Montenegro,1974 [YR1974],7.096
Morocco,1974 [YR1974],14.906
Mozambique,1974 [YR1974],22.149
Myanmar,1974 [YR1974],14.322
Namibia,1974 [YR1974],12.786
Nauru,1974 [YR1974],7.9
Nepal,1974 [YR1974],19.739
Netherlands,1974 [YR1974],8.1
New Caledonia,1974 [YR1974],7.9
New Zealand,1974 [YR1974],8.3
Nicaragua,1974 [YR1974],12.029
Niger,1974 [YR1974],28.157
Nigeria,1974 [YR1974],21.906
North Macedonia,1974 [YR1974],7.587
Norway,1974 [YR1974],9.9
Oman,1974 [YR1974],16.007
Pakistan,1974 [YR1974],13.205
Panama,1974 [YR1974],6.498
Papua New Guinea,1974 [YR1974],10.668
Paraguay,1974 [YR1974],8.828
Peru,1974 [YR1974],12.524
Philippines,1974 [YR1974],8.555
Poland,1974 [YR1974],8.2
Portugal,1974 [YR1974],11.1
Puerto Rico,1974 [YR1974],6.7
Qatar,1974 [YR1974],4.527
Romania,1974 [YR1974],9.1
Russian Federation,1974 [YR1974],9.373
Rwanda,1974 [YR1974],19.926
Samoa,1974 [YR1974],7.532
Sao Tome and Principe,1974 [YR1974],12.018
Saudi Arabia,1974 [YR1974],12.246
Senegal,1974 [YR1974],21.545
Serbia,1974 [YR1974],8.814
Seychelles,1974 [YR1974],8.6
Sierra Leone,1974 [YR1974],24.773
Singapore,1974 [YR1974],5.2
Sint Maarten (Dutch part),1974 [YR1974],4.575
Slovak Republic,1974 [YR1974],9.6
Slovenia,1974 [YR1974],9.7
Solomon Islands,1974 [YR1974],10.339
Somalia,1974 [YR1974],20.748
South Africa,1974 [YR1974],11.318
South Sudan,1974 [YR1974],27.52
Spain,1974 [YR1974],8.3
Sri Lanka,1974 [YR1974],7.25
St. Kitts and Nevis,1974 [YR1974],12.233
St. Lucia,1974 [YR1974],7.78
St. Martin (French part),1974 [YR1974],4.936
St. Vincent and the Grenadines,1974 [YR1974],6.65
Sudan,1974 [YR1974],13.742
Suriname,1974 [YR1974],9.519
Sweden,1974 [YR1974],10.6
Switzerland,1974 [YR1974],8.9
Syrian Arab Republic,1974 [YR1974],8.733
Tajikistan,1974 [YR1974],11.614
Tanzania,1974 [YR1974],17.365
Thailand,1974 [YR1974],8.73
Timor-Leste,1974 [YR1974],24.954
Togo,1974 [YR1974],17.711
Tonga,1974 [YR1974],6.691
Trinidad and Tobago,1974 [YR1974],6.888
Tunisia,1974 [YR1974],10.719
Turkiye,1974 [YR1974],11.904
Turkmenistan,1974 [YR1974],10.915
Turks and Caicos Islands,1974 [YR1974],8.706
Tuvalu,1974 [YR1974],11.491
Uganda,1974 [YR1974],18.374
Ukraine,1974 [YR1974],9.938
United Arab Emirates,1974 [YR1974],5.847
United Kingdom,1974 [YR1974],11.9
United States,1974 [YR1974],9.1
Uruguay,1974 [YR1974],9.832
Uzbekistan,1974 [YR1974],10.153
Vanuatu,1974 [YR1974],9.65
"Venezuela, RB",1974 [YR1974],6.036
Virgin Islands (U.S.),1974 [YR1974],5.6
"Yemen, Rep.",1974 [YR1974],22.951
Zambia,1974 [YR1974],13.909
Zimbabwe,1974 [YR1974],11.308
Africa Eastern and Southern,1974 [YR1974],18.2090146858446
Africa Western and Central,1974 [YR1974],21.639283231719
Arab World,1974 [YR1974],14.7008884135589
Caribbean small states,1974 [YR1974],8.36729372600523
Central Europe and the Baltics,1974 [YR1974],9.6654065743982
Early-demographic dividend,1974 [YR1974],14.4391407316191
East Asia & Pacific,1974 [YR1974],8.18763327836691
East Asia & Pacific (excluding high income),1974 [YR1974],8.42621925656885
East Asia & Pacific (IDA & IBRD countries),1974 [YR1974],8.43877890298209
Euro area,1974 [YR1974],10.4309027916108
Europe & Central Asia,1974 [YR1974],10.1890236759564
Europe & Central Asia (excluding high income),1974 [YR1974],10.1613678192137
Europe & Central Asia (IDA & IBRD countries),1974 [YR1974],9.62404044078719
European Union,1974 [YR1974],10.2560180602495
Fragile and conflict affected situations,1974 [YR1974],17.7297972127175
Heavily indebted poor countries (HIPC),1974 [YR1974],20.4502807238073
High income,1974 [YR1974],9.21976952014907
IBRD only,1974 [YR1974],10.6608379543983
IDA & IBRD total,1974 [YR1974],11.9753687848952
IDA blend,1974 [YR1974],16.0005242328152
IDA only,1974 [YR1974],18.7364371081141
IDA total,1974 [YR1974],17.8919029383342
Late-demographic dividend,1974 [YR1974],8.17583449814042
Latin America & Caribbean,1974 [YR1974],9.5093862671762
Latin America & Caribbean (excluding high income),1974 [YR1974],9.81230753639964
Latin America & the Caribbean (IDA & IBRD countries),1974 [YR1974],9.64656931900702
Least developed countries: UN classification,1974 [YR1974],19.8367195592621
Low & middle income,1974 [YR1974],12.1746691689497
Low income,1974 [YR1974],20.2877724084115
Lower middle income,1974 [YR1974],15.5792726983638
Middle East & North Africa,1974 [YR1974],14.1994553017959
Middle East & North Africa (excluding high income),1974 [YR1974],14.5554753809496
Middle East & North Africa (IDA & IBRD countries),1974 [YR1974],14.5554753809496
Middle income,1974 [YR1974],11.5965663996041
North America,1974 [YR1974],8.93557400253744
OECD members,1974 [YR1974],9.32162732738381
Other small states,1974 [YR1974],12.7501370411911
Pacific island small states,1974 [YR1974],8.36420307009257
Post-demographic dividend,1974 [YR1974],9.31903122199237
Pre-demographic dividend,1974 [YR1974],20.0660478577259
Small states,1974 [YR1974],11.2881884647973
South Asia,1974 [YR1974],15.7918417387013
South Asia (IDA & IBRD),1974 [YR1974],15.7918417387013
Sub-Saharan Africa,1974 [YR1974],19.6195159331448
Sub-Saharan Africa (excluding high income),1974 [YR1974],19.6214621504903
Sub-Saharan Africa (IDA & IBRD countries),1974 [YR1974],19.6195159331448
Upper middle income,1974 [YR1974],8.70960950379085
World,1974 [YR1974],11.3773223773946
Viet Nam,1975 [YR1975],9.48
Afghanistan,1975 [YR1975],24.241
Albania,1975 [YR1975],7.137
Algeria,1975 [YR1975],18.065
Angola,1975 [YR1975],22.884
Antigua and Barbuda,1975 [YR1975],5.908
Argentina,1975 [YR1975],8.983
Armenia,1975 [YR1975],8.036
Aruba,1975 [YR1975],5.699
Australia,1975 [YR1975],7.8
Austria,1975 [YR1975],12.7
Azerbaijan,1975 [YR1975],9.238
"Bahamas, The",1975 [YR1975],6.131
Bahrain,1975 [YR1975],4.944
Bangladesh,1975 [YR1975],16.628
Barbados,1975 [YR1975],8.482
Belarus,1975 [YR1975],8.746
Belgium,1975 [YR1975],12.2
Belize,1975 [YR1975],7.861
Benin,1975 [YR1975],21.569
Bermuda,1975 [YR1975],7.1
Bhutan,1975 [YR1975],19.946
Bolivia,1975 [YR1975],17.344
Bosnia and Herzegovina,1975 [YR1975],6.518
Botswana,1975 [YR1975],10.857
Brazil,1975 [YR1975],9.744
British Virgin Islands,1975 [YR1975],6.438
Brunei Darussalam,1975 [YR1975],5.339
Bulgaria,1975 [YR1975],10.3
Burkina Faso,1975 [YR1975],22.706
Burundi,1975 [YR1975],21.573
Cabo Verde,1975 [YR1975],11.983
Cambodia,1975 [YR1975],85.733
Cameroon,1975 [YR1975],17.03
Canada,1975 [YR1975],7.3
Central African Republic,1975 [YR1975],17.833
Chad,1975 [YR1975],23.374
Channel Islands,1975 [YR1975],12.4136621490114
Chile,1975 [YR1975],6.806
China,1975 [YR1975],7.32
Colombia,1975 [YR1975],7.127
Comoros,1975 [YR1975],19.267
"Congo, Dem. Rep.",1975 [YR1975],19.962
"Congo, Rep.",1975 [YR1975],12.556
Costa Rica,1975 [YR1975],5.402
Cote d'Ivoire,1975 [YR1975],17.851
Croatia,1975 [YR1975],10.1
Cuba,1975 [YR1975],6.054
Curacao,1975 [YR1975],6.34
Cyprus,1975 [YR1975],9.44
Czechia,1975 [YR1975],12.4
Denmark,1975 [YR1975],10.1
Djibouti,1975 [YR1975],15.701
Dominica,1975 [YR1975],7.346
Dominican Republic,1975 [YR1975],9.898
Ecuador,1975 [YR1975],10.029
"Egypt, Arab Rep.",1975 [YR1975],15.31
El Salvador,1975 [YR1975],12.543
Equatorial Guinea,1975 [YR1975],27.975
Eritrea,1975 [YR1975],20.967
Estonia,1975 [YR1975],11.6
Eswatini,1975 [YR1975],13.483
Ethiopia,1975 [YR1975],24.881
Faroe Islands,1975 [YR1975],6.9
Fiji,1975 [YR1975],7.426
Finland,1975 [YR1975],9.3
France,1975 [YR1975],10.4
French Polynesia,1975 [YR1975],6.573
Gabon,1975 [YR1975],15.698
"Gambia, The",1975 [YR1975],22.1
Georgia,1975 [YR1975],10.049
Germany,1975 [YR1975],12.6
Ghana,1975 [YR1975],16.421
Gibraltar,1975 [YR1975],8.041
Greece,1975 [YR1975],8.9
Grenada,1975 [YR1975],7.756
Guam,1975 [YR1975],5.123
Guatemala,1975 [YR1975],12.602
Guinea,1975 [YR1975],24.258
Guinea-Bissau,1975 [YR1975],22.7
Guyana,1975 [YR1975],8.73
Haiti,1975 [YR1975],16.975
Honduras,1975 [YR1975],11.109
"Hong Kong SAR, China",1975 [YR1975],4.8
Hungary,1975 [YR1975],12.4
Iceland,1975 [YR1975],6.5
India,1975 [YR1975],15.381
Indonesia,1975 [YR1975],11.771
"Iran, Islamic Rep.",1975 [YR1975],13.039
Iraq,1975 [YR1975],10.013
Ireland,1975 [YR1975],10.4
Isle of Man,1975 [YR1975],16.819
Israel,1975 [YR1975],7.1
Italy,1975 [YR1975],10.0
Jamaica,1975 [YR1975],8.233
Japan,1975 [YR1975],6.3
Jordan,1975 [YR1975],7.58
Kazakhstan,1975 [YR1975],9.844
Kenya,1975 [YR1975],11.832
Kiribati,1975 [YR1975],11.84
"Korea, Dem. People's Rep.",1975 [YR1975],7.247
"Korea, Rep.",1975 [YR1975],7.7
Kosovo,1975 [YR1975],7.506
Kuwait,1975 [YR1975],4.805
Kyrgyz Republic,1975 [YR1975],10.891
Lao PDR,1975 [YR1975],19.002
Latvia,1975 [YR1975],12.2
Lebanon,1975 [YR1975],11.148
Lesotho,1975 [YR1975],14.211
Liberia,1975 [YR1975],22.149
Libya,1975 [YR1975],9.378
Liechtenstein,1975 [YR1975],7.5
Lithuania,1975 [YR1975],9.5
Luxembourg,1975 [YR1975],12.2
"Macao SAR, China",1975 [YR1975],5.759
Madagascar,1975 [YR1975],16.499
Malawi,1975 [YR1975],25.166
Malaysia,1975 [YR1975],6.105
Maldives,1975 [YR1975],15.841
Mali,1975 [YR1975],28.595
Malta,1975 [YR1975],9.5
Marshall Islands,1975 [YR1975],10.301
Mauritania,1975 [YR1975],14.122
Mauritius,1975 [YR1975],8.1
Mexico,1975 [YR1975],8.432
"Micronesia, Fed. Sts.",1975 [YR1975],8.168
Moldova,1975 [YR1975],10.947
Mongolia,1975 [YR1975],14.107
Montenegro,1975 [YR1975],7.24
Morocco,1975 [YR1975],14.488
Mozambique,1975 [YR1975],21.796
Myanmar,1975 [YR1975],14.127
Namibia,1975 [YR1975],12.372
Nauru,1975 [YR1975],7.991
Nepal,1975 [YR1975],19.315
Netherlands,1975 [YR1975],8.3
New Caledonia,1975 [YR1975],7.0
New Zealand,1975 [YR1975],8.1
Nicaragua,1975 [YR1975],11.866
Niger,1975 [YR1975],27.678
Nigeria,1975 [YR1975],21.269
North Macedonia,1975 [YR1975],7.528
Norway,1975 [YR1975],10.0
Oman,1975 [YR1975],15.205
Pakistan,1975 [YR1975],12.95
Panama,1975 [YR1975],6.305
Papua New Guinea,1975 [YR1975],10.293
Paraguay,1975 [YR1975],8.76
Peru,1975 [YR1975],12.257
Philippines,1975 [YR1975],8.554
Poland,1975 [YR1975],8.7
Portugal,1975 [YR1975],10.8
Puerto Rico,1975 [YR1975],6.5
Qatar,1975 [YR1975],4.217
Romania,1975 [YR1975],9.3
Russian Federation,1975 [YR1975],9.841
Rwanda,1975 [YR1975],20.422
Samoa,1975 [YR1975],7.351
Sao Tome and Principe,1975 [YR1975],11.924
Saudi Arabia,1975 [YR1975],11.533
Senegal,1975 [YR1975],20.821
Serbia,1975 [YR1975],8.947
Seychelles,1975 [YR1975],7.3
Sierra Leone,1975 [YR1975],24.362
Singapore,1975 [YR1975],5.1
Sint Maarten (Dutch part),1975 [YR1975],4.37
Slovak Republic,1975 [YR1975],9.5
Slovenia,1975 [YR1975],10.1
Solomon Islands,1975 [YR1975],10.909
Somalia,1975 [YR1975],20.436
South Africa,1975 [YR1975],11.075
South Sudan,1975 [YR1975],27.254
Spain,1975 [YR1975],8.3
Sri Lanka,1975 [YR1975],7.181
St. Kitts and Nevis,1975 [YR1975],11.69
St. Lucia,1975 [YR1975],7.61
St. Martin (French part),1975 [YR1975],4.886
St. Vincent and the Grenadines,1975 [YR1975],6.563
Sudan,1975 [YR1975],13.592
Suriname,1975 [YR1975],9.436
Sweden,1975 [YR1975],10.8
Switzerland,1975 [YR1975],8.8
Syrian Arab Republic,1975 [YR1975],8.418
Tajikistan,1975 [YR1975],11.334
Tanzania,1975 [YR1975],17.082
Thailand,1975 [YR1975],8.378
Timor-Leste,1975 [YR1975],39.775
Togo,1975 [YR1975],17.24
Tonga,1975 [YR1975],6.645
Trinidad and Tobago,1975 [YR1975],6.943
Tunisia,1975 [YR1975],10.104
Turkiye,1975 [YR1975],11.617
Turkmenistan,1975 [YR1975],10.728
Turks and Caicos Islands,1975 [YR1975],6.983
Tuvalu,1975 [YR1975],11.128
Uganda,1975 [YR1975],18.568
Ukraine,1975 [YR1975],9.988
United Arab Emirates,1975 [YR1975],5.638
United Kingdom,1975 [YR1975],11.8
United States,1975 [YR1975],8.8
Uruguay,1975 [YR1975],9.846
Uzbekistan,1975 [YR1975],10.004
Vanuatu,1975 [YR1975],9.218
"Venezuela, RB",1975 [YR1975],5.854
Virgin Islands (U.S.),1975 [YR1975],5.2
"Yemen, Rep.",1975 [YR1975],22.125
Zambia,1975 [YR1975],13.656
Zimbabwe,1975 [YR1975],11.3
Africa Eastern and Southern,1975 [YR1975],18.0675698291648
Africa Western and Central,1975 [YR1975],21.0947536706416
Arab World,1975 [YR1975],14.291411376556
Caribbean small states,1975 [YR1975],8.26426869362134
Central Europe and the Baltics,1975 [YR1975],9.97306587769185
Early-demographic dividend,1975 [YR1975],14.3668849083824
East Asia & Pacific,1975 [YR1975],8.30102744895243
East Asia & Pacific (excluding high income),1975 [YR1975],8.56836655639
East Asia & Pacific (IDA & IBRD countries),1975 [YR1975],8.58651808299378
Euro area,1975 [YR1975],10.61236559026
Europe & Central Asia,1975 [YR1975],10.3547924424614
Europe & Central Asia (excluding high income),1975 [YR1975],10.096800295642
Europe & Central Asia (IDA & IBRD countries),1975 [YR1975],9.83552461356945
European Union,1975 [YR1975],10.461887567803
Fragile and conflict affected situations,1975 [YR1975],17.5263658810222
Heavily indebted poor countries (HIPC),1975 [YR1975],20.1465421582984
High income,1975 [YR1975],9.25617235085179
IBRD only,1975 [YR1975],10.4655643487091
IDA & IBRD total,1975 [YR1975],11.8864566990728
IDA blend,1975 [YR1975],15.6766367325324
IDA only,1975 [YR1975],19.3903463052299
IDA total,1975 [YR1975],18.2411512490067
Late-demographic dividend,1975 [YR1975],8.0646793255763
Latin America & Caribbean,1975 [YR1975],9.25528307411035
Latin America & Caribbean (excluding high income),1975 [YR1975],9.56079480160985
Latin America & the Caribbean (IDA & IBRD countries),1975 [YR1975],9.38637039941881
Least developed countries: UN classification,1975 [YR1975],20.6772523270543
Low & middle income,1975 [YR1975],12.0484403999838
Low income,1975 [YR1975],20.0428385323375
Lower middle income,1975 [YR1975],15.42736633215
Middle East & North Africa,1975 [YR1975],13.7431031752252
Middle East & North Africa (excluding high income),1975 [YR1975],14.0978832147951
Middle East & North Africa (IDA & IBRD countries),1975 [YR1975],14.0978832147951
Middle income,1975 [YR1975],11.4764223233741
North America,1975 [YR1975],8.65447456397893
OECD members,1975 [YR1975],9.2700090002012
Other small states,1975 [YR1975],13.4244433177392
Pacific island small states,1975 [YR1975],8.36773843354483
Post-demographic dividend,1975 [YR1975],9.29356591796947
Pre-demographic dividend,1975 [YR1975],19.7180962814322
Small states,1975 [YR1975],11.7236353239599
South Asia,1975 [YR1975],15.3642394457012
South Asia (IDA & IBRD),1975 [YR1975],15.3642394457012
Sub-Saharan Africa,1975 [YR1975],19.3105206250411
Sub-Saharan Africa (excluding high income),1975 [YR1975],19.3126311010548
Sub-Saharan Africa (IDA & IBRD countries),1975 [YR1975],19.3105206250411
Upper middle income,1975 [YR1975],8.59887937638969
World,1975 [YR1975],11.3008537337355
Viet Nam,1976 [YR1976],8.649
Afghanistan,1976 [YR1976],23.718
Albania,1976 [YR1976],6.937
Algeria,1976 [YR1976],17.495
Angola,1976 [YR1976],22.842
Antigua and Barbuda,1976 [YR1976],5.959
Argentina,1976 [YR1976],9.026
Armenia,1976 [YR1976],7.993
Aruba,1976 [YR1976],5.741
Australia,1976 [YR1976],8.0
Austria,1976 [YR1976],12.6
Azerbaijan,1976 [YR1976],9.139
"Bahamas, The",1976 [YR1976],5.951
Bahrain,1976 [YR1976],4.644
Bangladesh,1976 [YR1976],16.431
Barbados,1976 [YR1976],8.499
Belarus,1976 [YR1976],8.8
Belgium,1976 [YR1976],12.1
Belize,1976 [YR1976],7.731
Benin,1976 [YR1976],20.869
Bermuda,1976 [YR1976],6.8
Bhutan,1976 [YR1976],19.252
Bolivia,1976 [YR1976],16.978
Bosnia and Herzegovina,1976 [YR1976],6.569
Botswana,1976 [YR1976],10.431
Brazil,1976 [YR1976],9.568
British Virgin Islands,1976 [YR1976],6.525
Brunei Darussalam,1976 [YR1976],5.13
Bulgaria,1976 [YR1976],10.1
Burkina Faso,1976 [YR1976],22.004
Burundi,1976 [YR1976],21.478
Cabo Verde,1976 [YR1976],11.576
Cambodia,1976 [YR1976],86.575
Cameroon,1976 [YR1976],16.926
Canada,1976 [YR1976],7.2
Central African Republic,1976 [YR1976],17.461
Chad,1976 [YR1976],23.139
Channel Islands,1976 [YR1976],11.9006391083966
Chile,1976 [YR1976],7.158
China,1976 [YR1976],7.25
Colombia,1976 [YR1976],6.894
Comoros,1976 [YR1976],18.013
"Congo, Dem. Rep.",1976 [YR1976],19.769
"Congo, Rep.",1976 [YR1976],12.341
Costa Rica,1976 [YR1976],5.134
Cote d'Ivoire,1976 [YR1976],17.134
Croatia,1976 [YR1976],9.9
Cuba,1976 [YR1976],5.983
Curacao,1976 [YR1976],6.28
Cyprus,1976 [YR1976],9.182
Czechia,1976 [YR1976],12.4
Denmark,1976 [YR1976],10.6
Djibouti,1976 [YR1976],15.526
Dominica,1976 [YR1976],7.461
Dominican Republic,1976 [YR1976],9.616
Ecuador,1976 [YR1976],9.621
"Egypt, Arab Rep.",1976 [YR1976],14.839
El Salvador,1976 [YR1976],12.491
Equatorial Guinea,1976 [YR1976],35.86
Eritrea,1976 [YR1976],20.598
Estonia,1976 [YR1976],12.1
Eswatini,1976 [YR1976],12.967
Ethiopia,1976 [YR1976],22.487
Faroe Islands,1976 [YR1976],7.0
Fiji,1976 [YR1976],7.443
Finland,1976 [YR1976],9.5
France,1976 [YR1976],10.4
French Polynesia,1976 [YR1976],6.332
Gabon,1976 [YR1976],15.309
"Gambia, The",1976 [YR1976],21.761
Georgia,1976 [YR1976],10.127
Germany,1976 [YR1976],12.3
Ghana,1976 [YR1976],15.934
Gibraltar,1976 [YR1976],8.341
Greece,1976 [YR1976],8.9
Grenada,1976 [YR1976],7.782
Guam,1976 [YR1976],5.075
Guatemala,1976 [YR1976],15.783
Guinea,1976 [YR1976],23.898
Guinea-Bissau,1976 [YR1976],23.193
Guyana,1976 [YR1976],8.675
Haiti,1976 [YR1976],16.857
Honduras,1976 [YR1976],10.853
"Hong Kong SAR, China",1976 [YR1976],5.0
Hungary,1976 [YR1976],12.5
Iceland,1976 [YR1976],6.1
India,1976 [YR1976],15.009
Indonesia,1976 [YR1976],11.45
"Iran, Islamic Rep.",1976 [YR1976],12.537
Iraq,1976 [YR1976],9.021
Ireland,1976 [YR1976],10.5
Isle of Man,1976 [YR1976],16.742
Israel,1976 [YR1976],6.7
Italy,1976 [YR1976],9.9
Jamaica,1976 [YR1976],8.112
Japan,1976 [YR1976],6.3
Jordan,1976 [YR1976],7.243
Kazakhstan,1976 [YR1976],10.022
Kenya,1976 [YR1976],11.604
Kiribati,1976 [YR1976],11.659
"Korea, Dem. People's Rep.",1976 [YR1976],6.957
"Korea, Rep.",1976 [YR1976],7.4
Kosovo,1976 [YR1976],7.343
Kuwait,1976 [YR1976],4.616
Kyrgyz Republic,1976 [YR1976],10.767
Lao PDR,1976 [YR1976],19.182
Latvia,1976 [YR1976],12.3
Lebanon,1976 [YR1976],31.168
Lesotho,1976 [YR1976],13.923
Liberia,1976 [YR1976],21.784
Libya,1976 [YR1976],8.649
Liechtenstein,1976 [YR1976],7.4
Lithuania,1976 [YR1976],9.6
Luxembourg,1976 [YR1976],12.5
"Macao SAR, China",1976 [YR1976],5.834
Madagascar,1976 [YR1976],16.403
Malawi,1976 [YR1976],24.29
Malaysia,1976 [YR1976],5.914
Maldives,1976 [YR1976],15.224
Mali,1976 [YR1976],27.708
Malta,1976 [YR1976],9.7
Marshall Islands,1976 [YR1976],10.037
Mauritania,1976 [YR1976],13.932
Mauritius,1976 [YR1976],7.7
Mexico,1976 [YR1976],8.274
"Micronesia, Fed. Sts.",1976 [YR1976],7.962
Moldova,1976 [YR1976],11.032
Mongolia,1976 [YR1976],14.111
Montenegro,1976 [YR1976],7.162
Morocco,1976 [YR1976],13.99
Mozambique,1976 [YR1976],21.791
Myanmar,1976 [YR1976],13.832
Namibia,1976 [YR1976],12.043
Nauru,1976 [YR1976],7.906
Nepal,1976 [YR1976],18.953
Netherlands,1976 [YR1976],8.3
New Caledonia,1976 [YR1976],7.8
New Zealand,1976 [YR1976],8.13
Nicaragua,1976 [YR1976],11.666
Niger,1976 [YR1976],27.34
Nigeria,1976 [YR1976],20.49
North Macedonia,1976 [YR1976],7.295
Norway,1976 [YR1976],10.0
Oman,1976 [YR1976],14.092
Pakistan,1976 [YR1976],12.817
Panama,1976 [YR1976],6.164
Papua New Guinea,1976 [YR1976],9.962
Paraguay,1976 [YR1976],8.685
Peru,1976 [YR1976],12.013
Philippines,1976 [YR1976],8.576
Poland,1976 [YR1976],8.9
Portugal,1976 [YR1976],10.9
Puerto Rico,1976 [YR1976],6.6
Qatar,1976 [YR1976],3.97
Romania,1976 [YR1976],9.5
Russian Federation,1976 [YR1976],10.098
Rwanda,1976 [YR1976],20.591
Samoa,1976 [YR1976],7.212
Sao Tome and Principe,1976 [YR1976],11.77
Saudi Arabia,1976 [YR1976],10.842
Senegal,1976 [YR1976],20.042
Serbia,1976 [YR1976],9.035
Seychelles,1976 [YR1976],7.7
Sierra Leone,1976 [YR1976],23.958
Singapore,1976 [YR1976],5.1
Sint Maarten (Dutch part),1976 [YR1976],4.237
Slovak Republic,1976 [YR1976],9.5
Slovenia,1976 [YR1976],10.0
Solomon Islands,1976 [YR1976],9.399
Somalia,1976 [YR1976],20.137
South Africa,1976 [YR1976],10.782
South Sudan,1976 [YR1976],27.1
Spain,1976 [YR1976],8.3
Sri Lanka,1976 [YR1976],7.116
St. Kitts and Nevis,1976 [YR1976],11.57
St. Lucia,1976 [YR1976],7.461
St. Martin (French part),1976 [YR1976],4.773
St. Vincent and the Grenadines,1976 [YR1976],6.557
Sudan,1976 [YR1976],13.488
Suriname,1976 [YR1976],9.385
Sweden,1976 [YR1976],11.0
Switzerland,1976 [YR1976],9.1
Syrian Arab Republic,1976 [YR1976],8.131
Tajikistan,1976 [YR1976],11.139
Tanzania,1976 [YR1976],16.725
Thailand,1976 [YR1976],8.045
Timor-Leste,1976 [YR1976],37.854
Togo,1976 [YR1976],16.795
Tonga,1976 [YR1976],6.6
Trinidad and Tobago,1976 [YR1976],7.23
Tunisia,1976 [YR1976],9.612
Turkiye,1976 [YR1976],11.317
Turkmenistan,1976 [YR1976],10.628
Turks and Caicos Islands,1976 [YR1976],6.077
Tuvalu,1976 [YR1976],10.725
Uganda,1976 [YR1976],18.903
Ukraine,1976 [YR1976],10.15
United Arab Emirates,1976 [YR1976],5.46
United Kingdom,1976 [YR1976],12.1
United States,1976 [YR1976],8.8
Uruguay,1976 [YR1976],9.816
Uzbekistan,1976 [YR1976],9.765
Vanuatu,1976 [YR1976],8.82
"Venezuela, RB",1976 [YR1976],5.704
Virgin Islands (U.S.),1976 [YR1976],5.4
"Yemen, Rep.",1976 [YR1976],21.245
Zambia,1976 [YR1976],13.444
Zimbabwe,1976 [YR1976],11.561
Africa Eastern and Southern,1976 [YR1976],17.5419474387862
Africa Western and Central,1976 [YR1976],20.4819835355844
Arab World,1976 [YR1976],14.1612055647107
Caribbean small states,1976 [YR1976],8.20361052625915
Central Europe and the Baltics,1976 [YR1976],10.0735586821424
Early-demographic dividend,1976 [YR1976],13.9999263842097
East Asia & Pacific,1976 [YR1976],8.15280083889595
East Asia & Pacific (excluding high income),1976 [YR1976],8.40230111264063
East Asia & Pacific (IDA & IBRD countries),1976 [YR1976],8.42212983010812
Euro area,1976 [YR1976],10.5105930573877
Europe & Central Asia,1976 [YR1976],10.3931307669139
Europe & Central Asia (excluding high income),1976 [YR1976],10.0604206812231
Europe & Central Asia (IDA & IBRD countries),1976 [YR1976],9.93458348200038
European Union,1976 [YR1976],10.420664550396
Fragile and conflict affected situations,1976 [YR1976],17.1622621274057
Heavily indebted poor countries (HIPC),1976 [YR1976],19.5634622671757
High income,1976 [YR1976],9.27454674201448
IBRD only,1976 [YR1976],10.3262028444091
IDA & IBRD total,1976 [YR1976],11.6913031975484
IDA blend,1976 [YR1976],15.303771171415
IDA only,1976 [YR1976],18.8607352109709
IDA total,1976 [YR1976],17.7563487815202
Late-demographic dividend,1976 [YR1976],8.02601872135619
Latin America & Caribbean,1976 [YR1976],9.17803692013375
Latin America & Caribbean (excluding high income),1976 [YR1976],9.46760382595018
Latin America & the Caribbean (IDA & IBRD countries),1976 [YR1976],9.30560312697501
Least developed countries: UN classification,1976 [YR1976],20.1214074590391
Low & middle income,1976 [YR1976],11.8217562955777
Low income,1976 [YR1976],19.4266834316185
Lower middle income,1976 [YR1976],15.0812055974785
Middle East & North Africa,1976 [YR1976],13.5356246401097
Middle East & North Africa (excluding high income),1976 [YR1976],13.9210241418479
Middle East & North Africa (IDA & IBRD countries),1976 [YR1976],13.9210241418479
Middle income,1976 [YR1976],11.2749747592699
North America,1976 [YR1976],8.64422281381807
OECD members,1976 [YR1976],9.2286219743786
Other small states,1976 [YR1976],13.1146208190099
Pacific island small states,1976 [YR1976],8.06248591055338
Post-demographic dividend,1976 [YR1976],9.27569128751014
Pre-demographic dividend,1976 [YR1976],19.2798910073272
Small states,1976 [YR1976],11.4746917162087
South Asia,1976 [YR1976],15.0321497778685
South Asia (IDA & IBRD),1976 [YR1976],15.0321497778685
Sub-Saharan Africa,1976 [YR1976],18.7474449862783
Sub-Saharan Africa (excluding high income),1976 [YR1976],18.7493708105968
Sub-Saharan Africa (IDA & IBRD countries),1976 [YR1976],18.7474449862783
Upper middle income,1976 [YR1976],8.48650780836004
World,1976 [YR1976],11.1445658347789
Viet Nam,1977 [YR1977],8.534
Afghanistan,1977 [YR1977],23.179
Albania,1977 [YR1977],6.711
Algeria,1977 [YR1977],16.631
Angola,1977 [YR1977],22.571
Antigua and Barbuda,1977 [YR1977],6.091
Argentina,1977 [YR1977],8.76
Armenia,1977 [YR1977],7.976
Aruba,1977 [YR1977],5.838
Australia,1977 [YR1977],7.6
Austria,1977 [YR1977],12.2
Azerbaijan,1977 [YR1977],9.335
"Bahamas, The",1977 [YR1977],6.006
Bahrain,1977 [YR1977],4.412
Bangladesh,1977 [YR1977],16.144
Barbados,1977 [YR1977],8.404
Belarus,1977 [YR1977],8.9
Belgium,1977 [YR1977],11.5
Belize,1977 [YR1977],7.629
Benin,1977 [YR1977],20.28
Bermuda,1977 [YR1977],6.6
Bhutan,1977 [YR1977],18.587
Bolivia,1977 [YR1977],16.604
Bosnia and Herzegovina,1977 [YR1977],6.54
Botswana,1977 [YR1977],9.997
Brazil,1977 [YR1977],9.392
British Virgin Islands,1977 [YR1977],6.714
Brunei Darussalam,1977 [YR1977],4.952
Bulgaria,1977 [YR1977],10.7
Burkina Faso,1977 [YR1977],21.364
Burundi,1977 [YR1977],21.197
Cabo Verde,1977 [YR1977],11.086
Cambodia,1977 [YR1977],31.701
Cameroon,1977 [YR1977],16.859
Canada,1977 [YR1977],7.1
Central African Republic,1977 [YR1977],17.212
Chad,1977 [YR1977],22.922
Channel Islands,1977 [YR1977],11.8187168922896
Chile,1977 [YR1977],6.497
China,1977 [YR1977],6.87
Colombia,1977 [YR1977],6.676
Comoros,1977 [YR1977],17.699
"Congo, Dem. Rep.",1977 [YR1977],19.629
"Congo, Rep.",1977 [YR1977],12.151
Costa Rica,1977 [YR1977],4.849
Cote d'Ivoire,1977 [YR1977],16.626
Croatia,1977 [YR1977],9.9
Cuba,1977 [YR1977],5.974
Curacao,1977 [YR1977],6.332
Cyprus,1977 [YR1977],9.114
Czechia,1977 [YR1977],12.4
Denmark,1977 [YR1977],9.9
Djibouti,1977 [YR1977],15.144
Dominica,1977 [YR1977],7.62
Dominican Republic,1977 [YR1977],9.356
Ecuador,1977 [YR1977],9.23
"Egypt, Arab Rep.",1977 [YR1977],14.38
El Salvador,1977 [YR1977],12.637
Equatorial Guinea,1977 [YR1977],23.737
Eritrea,1977 [YR1977],20.153
Estonia,1977 [YR1977],11.8
Eswatini,1977 [YR1977],12.395
Ethiopia,1977 [YR1977],22.538
Faroe Islands,1977 [YR1977],6.5
Fiji,1977 [YR1977],7.344
Finland,1977 [YR1977],9.3
France,1977 [YR1977],10.3
French Polynesia,1977 [YR1977],6.085
Gabon,1977 [YR1977],14.984
"Gambia, The",1977 [YR1977],21.56
Georgia,1977 [YR1977],9.959
Germany,1977 [YR1977],11.9
Ghana,1977 [YR1977],15.583
Gibraltar,1977 [YR1977],8.015
Greece,1977 [YR1977],9.0
Greenland,1977 [YR1977],7.6
Grenada,1977 [YR1977],8.28
Guam,1977 [YR1977],4.838
Guatemala,1977 [YR1977],12.018
Guinea,1977 [YR1977],23.599
Guinea-Bissau,1977 [YR1977],23.584
Guyana,1977 [YR1977],8.63
Haiti,1977 [YR1977],16.748
Honduras,1977 [YR1977],10.57
"Hong Kong SAR, China",1977 [YR1977],5.1
Hungary,1977 [YR1977],12.4
Iceland,1977 [YR1977],6.5
India,1977 [YR1977],14.662
Indonesia,1977 [YR1977],11.131
"Iran, Islamic Rep.",1977 [YR1977],12.072
Iraq,1977 [YR1977],8.712
Ireland,1977 [YR1977],10.2
Isle of Man,1977 [YR1977],16.731
Israel,1977 [YR1977],6.9
Italy,1977 [YR1977],9.8
Jamaica,1977 [YR1977],8.139
Japan,1977 [YR1977],6.1
Jordan,1977 [YR1977],6.937
Kazakhstan,1977 [YR1977],9.957
Kenya,1977 [YR1977],11.197
Kiribati,1977 [YR1977],11.87
"Korea, Dem. People's Rep.",1977 [YR1977],6.756
"Korea, Rep.",1977 [YR1977],6.8
Kosovo,1977 [YR1977],7.135
Kuwait,1977 [YR1977],4.361
Kyrgyz Republic,1977 [YR1977],10.544
Lao PDR,1977 [YR1977],18.89
Latvia,1977 [YR1977],12.4
Lebanon,1977 [YR1977],10.689
Lesotho,1977 [YR1977],13.594
Liberia,1977 [YR1977],21.362
Libya,1977 [YR1977],8.163
Liechtenstein,1977 [YR1977],6.1
Lithuania,1977 [YR1977],9.8
Luxembourg,1977 [YR1977],11.3
"Macao SAR, China",1977 [YR1977],5.924
Madagascar,1977 [YR1977],16.332
Malawi,1977 [YR1977],23.441
Malaysia,1977 [YR1977],5.746
Maldives,1977 [YR1977],14.598
Mali,1977 [YR1977],26.907
Malta,1977 [YR1977],9.4
Marshall Islands,1977 [YR1977],9.797
Mauritania,1977 [YR1977],13.642
Mauritius,1977 [YR1977],7.8
Mexico,1977 [YR1977],8.125
"Micronesia, Fed. Sts.",1977 [YR1977],7.775
Moldova,1977 [YR1977],11.206
Mongolia,1977 [YR1977],13.909
Montenegro,1977 [YR1977],7.382
Morocco,1977 [YR1977],13.45
Mozambique,1977 [YR1977],21.794
Myanmar,1977 [YR1977],13.626
Namibia,1977 [YR1977],11.689
Nauru,1977 [YR1977],8.014
Nepal,1977 [YR1977],18.619
Netherlands,1977 [YR1977],7.9
New Caledonia,1977 [YR1977],6.7
New Zealand,1977 [YR1977],8.26
Nicaragua,1977 [YR1977],11.584
Niger,1977 [YR1977],26.782
Nigeria,1977 [YR1977],19.886
North Macedonia,1977 [YR1977],7.055
Norway,1977 [YR1977],9.8
Oman,1977 [YR1977],13.4
Pakistan,1977 [YR1977],12.735
Panama,1977 [YR1977],6.063
Papua New Guinea,1977 [YR1977],9.68
Paraguay,1977 [YR1977],8.638
Peru,1977 [YR1977],11.77
Philippines,1977 [YR1977],8.35
Poland,1977 [YR1977],9.0
Portugal,1977 [YR1977],10.2
Puerto Rico,1977 [YR1977],6.4
Qatar,1977 [YR1977],3.738
Romania,1977 [YR1977],9.6
Russian Federation,1977 [YR1977],10.217
Rwanda,1977 [YR1977],20.543
Samoa,1977 [YR1977],7.09
Sao Tome and Principe,1977 [YR1977],11.661
Saudi Arabia,1977 [YR1977],10.12
Senegal,1977 [YR1977],19.241
Serbia,1977 [YR1977],9.097
Seychelles,1977 [YR1977],7.7
Sierra Leone,1977 [YR1977],23.582
Singapore,1977 [YR1977],5.1
Sint Maarten (Dutch part),1977 [YR1977],4.318
Slovak Republic,1977 [YR1977],9.7
Slovenia,1977 [YR1977],9.6
Solomon Islands,1977 [YR1977],9.182
Somalia,1977 [YR1977],18.345
South Africa,1977 [YR1977],10.494
South Sudan,1977 [YR1977],26.576
Spain,1977 [YR1977],8.1
Sri Lanka,1977 [YR1977],7.158
St. Kitts and Nevis,1977 [YR1977],11.742
St. Lucia,1977 [YR1977],7.185
St. Martin (French part),1977 [YR1977],4.689
St. Vincent and the Grenadines,1977 [YR1977],6.468
Sudan,1977 [YR1977],13.348
Suriname,1977 [YR1977],9.359
Sweden,1977 [YR1977],10.7
Switzerland,1977 [YR1977],8.9
Syrian Arab Republic,1977 [YR1977],8.054
Tajikistan,1977 [YR1977],10.996
Tanzania,1977 [YR1977],16.325
Thailand,1977 [YR1977],7.863
Timor-Leste,1977 [YR1977],39.866
Togo,1977 [YR1977],16.443
Tonga,1977 [YR1977],6.611
Trinidad and Tobago,1977 [YR1977],7.111
Tunisia,1977 [YR1977],9.073
Turkiye,1977 [YR1977],10.895
Turkmenistan,1977 [YR1977],10.488
Turks and Caicos Islands,1977 [YR1977],5.749
Tuvalu,1977 [YR1977],10.431
Uganda,1977 [YR1977],19.198
Ukraine,1977 [YR1977],10.441
United Arab Emirates,1977 [YR1977],4.992
United Kingdom,1977 [YR1977],11.7
United States,1977 [YR1977],8.6
Uruguay,1977 [YR1977],9.742
Uzbekistan,1977 [YR1977],9.795
Vanuatu,1977 [YR1977],8.458
"Venezuela, RB",1977 [YR1977],5.58
Virgin Islands (U.S.),1977 [YR1977],5.35
"Yemen, Rep.",1977 [YR1977],20.342
Zambia,1977 [YR1977],13.371
Zimbabwe,1977 [YR1977],11.821
Africa Eastern and Southern,1977 [YR1977],17.3413312089098
Africa Western and Central,1977 [YR1977],19.9403605854812
Arab World,1977 [YR1977],13.2452536101709
Caribbean small states,1977 [YR1977],8.18108447829142
Central Europe and the Baltics,1977 [YR1977],10.1723757677585
Early-demographic dividend,1977 [YR1977],13.4408426079865
East Asia & Pacific,1977 [YR1977],7.59107951793129
East Asia & Pacific (excluding high income),1977 [YR1977],7.79382809820056
East Asia & Pacific (IDA & IBRD countries),1977 [YR1977],7.80804790221611
Euro area,1977 [YR1977],10.26882351195
Europe & Central Asia,1977 [YR1977],10.2854560674922
Europe & Central Asia (excluding high income),1977 [YR1977],10.0339184465294
Europe & Central Asia (IDA & IBRD countries),1977 [YR1977],9.99405148902707
European Union,1977 [YR1977],10.2472420570658
Fragile and conflict affected situations,1977 [YR1977],16.7805377313464
Heavily indebted poor countries (HIPC),1977 [YR1977],19.2862510648645
High income,1977 [YR1977],9.09588758087835
IBRD only,1977 [YR1977],10.0243138766447
IDA & IBRD total,1977 [YR1977],11.2962754494704
IDA blend,1977 [YR1977],15.0353257069337
IDA only,1977 [YR1977],17.755930118017
IDA total,1977 [YR1977],16.9077756538504
Late-demographic dividend,1977 [YR1977],7.72338651952432
Latin America & Caribbean,1977 [YR1977],8.91707102861032
Latin America & Caribbean (excluding high income),1977 [YR1977],9.20964532716662
Latin America & the Caribbean (IDA & IBRD countries),1977 [YR1977],9.03421729409875
Least developed countries: UN classification,1977 [YR1977],18.9009024968175
Low & middle income,1977 [YR1977],11.3921453494177
Low income,1977 [YR1977],19.1698920826106
Lower middle income,1977 [YR1977],14.4331102930162
Middle East & North Africa,1977 [YR1977],12.6915588133836
Middle East & North Africa (excluding high income),1977 [YR1977],13.0464450822844
Middle East & North Africa (IDA & IBRD countries),1977 [YR1977],13.0464450822844
Middle income,1977 [YR1977],10.8303978632637
North America,1977 [YR1977],8.4537182324111
OECD members,1977 [YR1977],8.9831163643987
Other small states,1977 [YR1977],13.1099072266082
Pacific island small states,1977 [YR1977],7.9363558327535
Post-demographic dividend,1977 [YR1977],9.06802732026262
Pre-demographic dividend,1977 [YR1977],18.8669666192412
Small states,1977 [YR1977],11.460073292418
South Asia,1977 [YR1977],14.7168459242124
South Asia (IDA & IBRD),1977 [YR1977],14.7168459242124
Sub-Saharan Africa,1977 [YR1977],18.406302787923
Sub-Saharan Africa (excluding high income),1977 [YR1977],18.4081563633918
Sub-Saharan Africa (IDA & IBRD countries),1977 [YR1977],18.406302787923
Upper middle income,1977 [YR1977],8.17206121937187
World,1977 [YR1977],10.7860973522061
Viet Nam,1978 [YR1978],8.339
Afghanistan,1978 [YR1978],23.875
Albania,1978 [YR1978],6.595
Algeria,1978 [YR1978],15.661
Angola,1978 [YR1978],22.227
Antigua and Barbuda,1978 [YR1978],6.129
Argentina,1978 [YR1978],8.681
Armenia,1978 [YR1978],7.864
Aruba,1978 [YR1978],5.934
Australia,1978 [YR1978],7.5
Austria,1978 [YR1978],12.5
Azerbaijan,1978 [YR1978],9.558
"Bahamas, The",1978 [YR1978],6.196
Bahrain,1978 [YR1978],4.222
Bangladesh,1978 [YR1978],16.058
Barbados,1978 [YR1978],8.366
Belarus,1978 [YR1978],9.1
Belgium,1978 [YR1978],11.7
Belize,1978 [YR1978],7.48
Benin,1978 [YR1978],19.63
Bermuda,1978 [YR1978],6.0
Bhutan,1978 [YR1978],17.959
Bolivia,1978 [YR1978],16.245
Bosnia and Herzegovina,1978 [YR1978],6.669
Botswana,1978 [YR1978],9.6
Brazil,1978 [YR1978],9.203
British Virgin Islands,1978 [YR1978],7.199
Brunei Darussalam,1978 [YR1978],4.809
Bulgaria,1978 [YR1978],10.5
Burkina Faso,1978 [YR1978],20.736
Burundi,1978 [YR1978],20.999
Cabo Verde,1978 [YR1978],10.71
Cambodia,1978 [YR1978],22.627
Cameroon,1978 [YR1978],16.677
Canada,1978 [YR1978],7.1
Central African Republic,1978 [YR1978],17.003
Chad,1978 [YR1978],22.66
Channel Islands,1978 [YR1978],11.6709878042094
Chile,1978 [YR1978],6.323
China,1978 [YR1978],6.25
Colombia,1978 [YR1978],6.484
Comoros,1978 [YR1978],17.325
"Congo, Dem. Rep.",1978 [YR1978],19.722
"Congo, Rep.",1978 [YR1978],11.923
Costa Rica,1978 [YR1978],4.587
Cote d'Ivoire,1978 [YR1978],16.168
Croatia,1978 [YR1978],10.6
Cuba,1978 [YR1978],6.02
Curacao,1978 [YR1978],6.309
Cyprus,1978 [YR1978],8.906
Czechia,1978 [YR1978],12.4
Denmark,1978 [YR1978],10.4
Djibouti,1978 [YR1978],14.788
Dominica,1978 [YR1978],6.974
Dominican Republic,1978 [YR1978],9.117
Ecuador,1978 [YR1978],8.892
"Egypt, Arab Rep.",1978 [YR1978],13.876
El Salvador,1978 [YR1978],12.892
Equatorial Guinea,1978 [YR1978],23.44
Eritrea,1978 [YR1978],19.812
Estonia,1978 [YR1978],12.2
Eswatini,1978 [YR1978],11.84
Ethiopia,1978 [YR1978],22.532
Faroe Islands,1978 [YR1978],7.1
Fiji,1978 [YR1978],7.252
Finland,1978 [YR1978],9.2
France,1978 [YR1978],10.2
French Polynesia,1978 [YR1978],5.784
Gabon,1978 [YR1978],14.599
"Gambia, The",1978 [YR1978],21.542
Georgia,1978 [YR1978],9.988
Germany,1978 [YR1978],12.2
Ghana,1978 [YR1978],15.349
Gibraltar,1978 [YR1978],7.917
Greece,1978 [YR1978],8.7
Greenland,1978 [YR1978],6.3
Grenada,1978 [YR1978],8.285
Guam,1978 [YR1978],4.657
Guatemala,1978 [YR1978],11.885
Guinea,1978 [YR1978],23.233
Guinea-Bissau,1978 [YR1978],23.726
Guyana,1978 [YR1978],8.577
Haiti,1978 [YR1978],16.641
Honduras,1978 [YR1978],10.278
"Hong Kong SAR, China",1978 [YR1978],5.1
Hungary,1978 [YR1978],13.1
Iceland,1978 [YR1978],6.4
India,1978 [YR1978],14.288
Indonesia,1978 [YR1978],10.871
"Iran, Islamic Rep.",1978 [YR1978],12.398
Iraq,1978 [YR1978],8.548
Ireland,1978 [YR1978],10.2
Isle of Man,1978 [YR1978],16.668
Israel,1978 [YR1978],6.8
Italy,1978 [YR1978],9.6
Jamaica,1978 [YR1978],8.125
Japan,1978 [YR1978],6.1
Jordan,1978 [YR1978],6.644
Kazakhstan,1978 [YR1978],9.888
Kenya,1978 [YR1978],10.838
Kiribati,1978 [YR1978],11.308
"Korea, Dem. People's Rep.",1978 [YR1978],6.583
"Korea, Rep.",1978 [YR1978],6.8
Kosovo,1978 [YR1978],6.915
Kuwait,1978 [YR1978],4.103
Kyrgyz Republic,1978 [YR1978],10.344
Lao PDR,1978 [YR1978],18.678
Latvia,1978 [YR1978],12.5
Lebanon,1978 [YR1978],10.596
Lesotho,1978 [YR1978],13.181
Liberia,1978 [YR1978],20.972
Libya,1978 [YR1978],7.69
Liechtenstein,1978 [YR1978],6.5
Lithuania,1978 [YR1978],10.1
Luxembourg,1978 [YR1978],11.6
"Macao SAR, China",1978 [YR1978],6.02
Madagascar,1978 [YR1978],16.276
Malawi,1978 [YR1978],22.559
Malaysia,1978 [YR1978],5.603
Maldives,1978 [YR1978],15.432
Mali,1978 [YR1978],26.076
Malta,1978 [YR1978],10.5
Marshall Islands,1978 [YR1978],9.57
Mauritania,1978 [YR1978],13.322
Mauritius,1978 [YR1978],7.1
Mexico,1978 [YR1978],7.975
"Micronesia, Fed. Sts.",1978 [YR1978],7.567
Moldova,1978 [YR1978],11.369
Mongolia,1978 [YR1978],13.709
Montenegro,1978 [YR1978],7.617
Morocco,1978 [YR1978],12.898
Mozambique,1978 [YR1978],21.787
Myanmar,1978 [YR1978],13.507
Namibia,1978 [YR1978],11.333
Nauru,1978 [YR1978],8.126
Nepal,1978 [YR1978],18.13
Netherlands,1978 [YR1978],8.2
New Caledonia,1978 [YR1978],6.6
New Zealand,1978 [YR1978],7.85
Nicaragua,1978 [YR1978],12.768
Niger,1978 [YR1978],26.168
Nigeria,1978 [YR1978],19.539
North Macedonia,1978 [YR1978],6.781
Norway,1978 [YR1978],10.0
Oman,1978 [YR1978],12.446
Pakistan,1978 [YR1978],12.502
Panama,1978 [YR1978],5.997
Papua New Guinea,1978 [YR1978],9.395
Paraguay,1978 [YR1978],8.613
Peru,1978 [YR1978],11.509
Philippines,1978 [YR1978],8.358
Poland,1978 [YR1978],9.4
Portugal,1978 [YR1978],10.1
Puerto Rico,1978 [YR1978],6.3
Qatar,1978 [YR1978],3.55
Romania,1978 [YR1978],9.7
Russian Federation,1978 [YR1978],10.435
Rwanda,1978 [YR1978],20.065
Samoa,1978 [YR1978],6.942
Sao Tome and Principe,1978 [YR1978],11.434
Saudi Arabia,1978 [YR1978],9.463
Senegal,1978 [YR1978],18.454
Serbia,1978 [YR1978],9.393
Seychelles,1978 [YR1978],7.5
Sierra Leone,1978 [YR1978],23.242
Singapore,1978 [YR1978],5.1
Sint Maarten (Dutch part),1978 [YR1978],4.375
Slovak Republic,1978 [YR1978],9.8
Slovenia,1978 [YR1978],9.9
Solomon Islands,1978 [YR1978],8.565
Somalia,1978 [YR1978],18.392
South Africa,1978 [YR1978],10.223
South Sudan,1978 [YR1978],26.198
Spain,1978 [YR1978],8.1
Sri Lanka,1978 [YR1978],6.79
St. Kitts and Nevis,1978 [YR1978],12.215
St. Lucia,1978 [YR1978],6.991
St. Martin (French part),1978 [YR1978],4.579
St. Vincent and the Grenadines,1978 [YR1978],6.531
Sudan,1978 [YR1978],13.408
Suriname,1978 [YR1978],9.342
Sweden,1978 [YR1978],10.8
Switzerland,1978 [YR1978],9.2
Syrian Arab Republic,1978 [YR1978],7.177
Tajikistan,1978 [YR1978],10.904
Tanzania,1978 [YR1978],16.003
Thailand,1978 [YR1978],7.702
Timor-Leste,1978 [YR1978],43.774
Togo,1978 [YR1978],16.059
Tonga,1978 [YR1978],6.575
Trinidad and Tobago,1978 [YR1978],6.809
Tunisia,1978 [YR1978],8.663
Turkiye,1978 [YR1978],10.478
Turkmenistan,1978 [YR1978],10.249
Turks and Caicos Islands,1978 [YR1978],5.961
Tuvalu,1978 [YR1978],10.178
Uganda,1978 [YR1978],19.497
Ukraine,1978 [YR1978],10.661
United Arab Emirates,1978 [YR1978],4.597
United Kingdom,1978 [YR1978],11.9
United States,1978 [YR1978],8.7
Uruguay,1978 [YR1978],9.667
Uzbekistan,1978 [YR1978],9.588
Vanuatu,1978 [YR1978],8.1
"Venezuela, RB",1978 [YR1978],5.481
Virgin Islands (U.S.),1978 [YR1978],5.3
"Yemen, Rep.",1978 [YR1978],19.391
Zambia,1978 [YR1978],13.394
Zimbabwe,1978 [YR1978],12.592
Africa Eastern and Southern,1978 [YR1978],17.2308700447643
Africa Western and Central,1978 [YR1978],19.5381296804572
Arab World,1978 [YR1978],12.7425523853783
Caribbean small states,1978 [YR1978],8.14045973491867
Central Europe and the Baltics,1978 [YR1978],10.4360201444996
Early-demographic dividend,1978 [YR1978],13.1206208573912
East Asia & Pacific,1978 [YR1978],7.12021510576214
East Asia & Pacific (excluding high income),1978 [YR1978],7.25582531814618
East Asia & Pacific (IDA & IBRD countries),1978 [YR1978],7.26503051954874
Euro area,1978 [YR1978],10.321158181495
Europe & Central Asia,1978 [YR1978],10.3819485057614
Europe & Central Asia (excluding high income),1978 [YR1978],9.98927302977876
Europe & Central Asia (IDA & IBRD countries),1978 [YR1978],10.0972682290486
European Union,1978 [YR1978],10.3485636862301
Fragile and conflict affected situations,1978 [YR1978],16.6848398464593
Heavily indebted poor countries (HIPC),1978 [YR1978],19.1438495987148
High income,1978 [YR1978],9.17713789474459
IBRD only,1978 [YR1978],9.6894394477745
IDA & IBRD total,1978 [YR1978],10.9795053972787
IDA blend,1978 [YR1978],14.803649405189
IDA only,1978 [YR1978],17.4543385662535
IDA total,1978 [YR1978],16.6250422985783
Late-demographic dividend,1978 [YR1978],7.3250948735881
Latin America & Caribbean,1978 [YR1978],8.77018536618413
Latin America & Caribbean (excluding high income),1978 [YR1978],9.05948593405391
Latin America & the Caribbean (IDA & IBRD countries),1978 [YR1978],8.87908201997448
Least developed countries: UN classification,1978 [YR1978],18.60657164904
Low & middle income,1978 [YR1978],11.0390832271559
Low income,1978 [YR1978],19.022043687578
Lower middle income,1978 [YR1978],14.0837805196062
Middle East & North Africa,1978 [YR1978],12.3058276863109
Middle East & North Africa (excluding high income),1978 [YR1978],12.6698531151704
Middle East & North Africa (IDA & IBRD countries),1978 [YR1978],12.6698531151704
Middle income,1978 [YR1978],10.4586696473638
North America,1978 [YR1978],8.54393700935493
OECD members,1978 [YR1978],9.0127437517748
Other small states,1978 [YR1978],13.3657685710555
Pacific island small states,1978 [YR1978],7.70774916929301
Post-demographic dividend,1978 [YR1978],9.14179252451494
Pre-demographic dividend,1978 [YR1978],18.6512186622384
Small states,1978 [YR1978],11.6042502970152
South Asia,1978 [YR1978],14.3974860441822
South Asia (IDA & IBRD),1978 [YR1978],14.3974860441822
Sub-Saharan Africa,1978 [YR1978],18.1751957509808
Sub-Saharan Africa (excluding high income),1978 [YR1978],18.1770015124869
Sub-Saharan Africa (IDA & IBRD countries),1978 [YR1978],18.1751957509808
Upper middle income,1978 [YR1978],7.76451831695823
World,1978 [YR1978],10.5491866031566
Viet Nam,1979 [YR1979],8.157
Afghanistan,1979 [YR1979],24.797
Albania,1979 [YR1979],6.445
Algeria,1979 [YR1979],14.615
Angola,1979 [YR1979],21.936
Antigua and Barbuda,1979 [YR1979],6.254
Argentina,1979 [YR1979],8.646
Armenia,1979 [YR1979],7.738
Aruba,1979 [YR1979],6.0
Australia,1979 [YR1979],7.3
Austria,1979 [YR1979],12.2
Azerbaijan,1979 [YR1979],9.789
"Bahamas, The",1979 [YR1979],6.349
Bahrain,1979 [YR1979],4.012
Bangladesh,1979 [YR1979],15.894
Barbados,1979 [YR1979],8.265
Belarus,1979 [YR1979],9.5
Belgium,1979 [YR1979],11.4
Belize,1979 [YR1979],7.259
Benin,1979 [YR1979],19.298
Bermuda,1979 [YR1979],6.6
Bhutan,1979 [YR1979],17.338
Bolivia,1979 [YR1979],15.865
Bosnia and Herzegovina,1979 [YR1979],6.739
Botswana,1979 [YR1979],9.231
Brazil,1979 [YR1979],8.989
British Virgin Islands,1979 [YR1979],7.582
Brunei Darussalam,1979 [YR1979],4.687
Bulgaria,1979 [YR1979],10.7
Burkina Faso,1979 [YR1979],20.183
Burundi,1979 [YR1979],20.408
Cabo Verde,1979 [YR1979],10.424
Cambodia,1979 [YR1979],19.061
Cameroon,1979 [YR1979],16.472
Canada,1979 [YR1979],7.0
Central African Republic,1979 [YR1979],16.825
Chad,1979 [YR1979],22.356
Channel Islands,1979 [YR1979],12.2643723113023
Chile,1979 [YR1979],6.422
China,1979 [YR1979],6.21
Colombia,1979 [YR1979],6.343
Comoros,1979 [YR1979],16.988
"Congo, Dem. Rep.",1979 [YR1979],19.206
"Congo, Rep.",1979 [YR1979],11.697
Costa Rica,1979 [YR1979],4.577
Cote d'Ivoire,1979 [YR1979],15.7
Croatia,1979 [YR1979],10.5
Cuba,1979 [YR1979],6.136
Curacao,1979 [YR1979],6.292
Cyprus,1979 [YR1979],8.948
Czechia,1979 [YR1979],12.4
Denmark,1979 [YR1979],10.7
Djibouti,1979 [YR1979],14.446
Dominica,1979 [YR1979],6.821
Dominican Republic,1979 [YR1979],9.167
Ecuador,1979 [YR1979],8.595
"Egypt, Arab Rep.",1979 [YR1979],13.411
El Salvador,1979 [YR1979],13.339
Equatorial Guinea,1979 [YR1979],23.012
Eritrea,1979 [YR1979],19.463
Estonia,1979 [YR1979],12.3
Eswatini,1979 [YR1979],11.327
Ethiopia,1979 [YR1979],21.802
Faroe Islands,1979 [YR1979],6.3
Fiji,1979 [YR1979],7.075
Finland,1979 [YR1979],9.2
France,1979 [YR1979],10.2
French Polynesia,1979 [YR1979],5.519
Gabon,1979 [YR1979],14.309
"Gambia, The",1979 [YR1979],20.907
Georgia,1979 [YR1979],9.874
Germany,1979 [YR1979],12.1
Ghana,1979 [YR1979],15.168
Gibraltar,1979 [YR1979],7.907
Greece,1979 [YR1979],8.6
Greenland,1979 [YR1979],7.9
Grenada,1979 [YR1979],8.268
Guam,1979 [YR1979],4.471
Guatemala,1979 [YR1979],11.731
Guinea,1979 [YR1979],22.899
Guinea-Bissau,1979 [YR1979],23.532
Guyana,1979 [YR1979],8.541
Haiti,1979 [YR1979],16.506
Honduras,1979 [YR1979],9.988
"Hong Kong SAR, China",1979 [YR1979],5.2
Hungary,1979 [YR1979],12.8
Iceland,1979 [YR1979],6.6
India,1979 [YR1979],13.965
Indonesia,1979 [YR1979],10.573
"Iran, Islamic Rep.",1979 [YR1979],11.047
Iraq,1979 [YR1979],8.308
Ireland,1979 [YR1979],10.0
Isle of Man,1979 [YR1979],16.513
Israel,1979 [YR1979],6.7
Italy,1979 [YR1979],9.6
Jamaica,1979 [YR1979],8.078
Japan,1979 [YR1979],6.0
Jordan,1979 [YR1979],6.387
Kazakhstan,1979 [YR1979],7.7
Kenya,1979 [YR1979],10.395
Kiribati,1979 [YR1979],11.096
"Korea, Dem. People's Rep.",1979 [YR1979],6.451
"Korea, Rep.",1979 [YR1979],6.4
Kosovo,1979 [YR1979],6.712
Kuwait,1979 [YR1979],3.795
Kyrgyz Republic,1979 [YR1979],10.094
Lao PDR,1979 [YR1979],18.092
Latvia,1979 [YR1979],12.8
Lebanon,1979 [YR1979],10.505
Lesotho,1979 [YR1979],12.738
Liberia,1979 [YR1979],20.654
Libya,1979 [YR1979],7.281
Liechtenstein,1979 [YR1979],6.8
Lithuania,1979 [YR1979],10.3
Luxembourg,1979 [YR1979],11.0
"Macao SAR, China",1979 [YR1979],6.152
Madagascar,1979 [YR1979],16.216
Malawi,1979 [YR1979],21.895
Malaysia,1979 [YR1979],5.465
Maldives,1979 [YR1979],13.268
Mali,1979 [YR1979],25.338
Malta,1979 [YR1979],9.5
Marshall Islands,1979 [YR1979],9.334
Mauritania,1979 [YR1979],12.921
Mauritius,1979 [YR1979],7.2
Mexico,1979 [YR1979],7.786
"Micronesia, Fed. Sts.",1979 [YR1979],7.501
Moldova,1979 [YR1979],11.308
Mongolia,1979 [YR1979],13.512
Montenegro,1979 [YR1979],8.008
Morocco,1979 [YR1979],12.341
Mozambique,1979 [YR1979],21.897
Myanmar,1979 [YR1979],13.227
Namibia,1979 [YR1979],11.093
Nauru,1979 [YR1979],8.348
Nepal,1979 [YR1979],17.708
Netherlands,1979 [YR1979],8.0
New Caledonia,1979 [YR1979],6.9
New Zealand,1979 [YR1979],8.08
Nicaragua,1979 [YR1979],13.976
Niger,1979 [YR1979],25.671
Nigeria,1979 [YR1979],19.343
North Macedonia,1979 [YR1979],6.795
Norway,1979 [YR1979],10.2
Oman,1979 [YR1979],11.538
Pakistan,1979 [YR1979],12.309
Panama,1979 [YR1979],5.918
Papua New Guinea,1979 [YR1979],9.158
Paraguay,1979 [YR1979],8.525
Peru,1979 [YR1979],11.262
Philippines,1979 [YR1979],8.314
Poland,1979 [YR1979],9.2
Portugal,1979 [YR1979],9.6
Puerto Rico,1979 [YR1979],6.4
Qatar,1979 [YR1979],3.37
Romania,1979 [YR1979],9.8
Russian Federation,1979 [YR1979],10.8
Rwanda,1979 [YR1979],19.211
Samoa,1979 [YR1979],6.779
Sao Tome and Principe,1979 [YR1979],11.287
Saudi Arabia,1979 [YR1979],8.901
Senegal,1979 [YR1979],17.696
Serbia,1979 [YR1979],9.675
Seychelles,1979 [YR1979],7.0
Sierra Leone,1979 [YR1979],22.875
Singapore,1979 [YR1979],5.2
Sint Maarten (Dutch part),1979 [YR1979],4.498
Slovak Republic,1979 [YR1979],9.7
Slovenia,1979 [YR1979],9.6
Solomon Islands,1979 [YR1979],8.257
Somalia,1979 [YR1979],18.228
South Africa,1979 [YR1979],10.011
South Sudan,1979 [YR1979],25.861
Spain,1979 [YR1979],7.8
Sri Lanka,1979 [YR1979],6.636
St. Kitts and Nevis,1979 [YR1979],12.555
St. Lucia,1979 [YR1979],6.957
St. Martin (French part),1979 [YR1979],4.46
St. Vincent and the Grenadines,1979 [YR1979],6.523
Sudan,1979 [YR1979],13.307
Suriname,1979 [YR1979],9.375
Sweden,1979 [YR1979],11.0
Switzerland,1979 [YR1979],9.1
Syrian Arab Republic,1979 [YR1979],6.932
Tajikistan,1979 [YR1979],10.866
Tanzania,1979 [YR1979],15.608
Thailand,1979 [YR1979],7.535
Timor-Leste,1979 [YR1979],42.273
Togo,1979 [YR1979],15.635
Tonga,1979 [YR1979],6.573
Trinidad and Tobago,1979 [YR1979],6.726
Tunisia,1979 [YR1979],8.233
Turkiye,1979 [YR1979],10.129
Turkmenistan,1979 [YR1979],10.055
Turks and Caicos Islands,1979 [YR1979],6.429
Tuvalu,1979 [YR1979],10.03
Uganda,1979 [YR1979],19.674
Ukraine,1979 [YR1979],11.11
United Arab Emirates,1979 [YR1979],4.249
United Kingdom,1979 [YR1979],12.0
United States,1979 [YR1979],8.5
Uruguay,1979 [YR1979],9.591
Uzbekistan,1979 [YR1979],7.0
Vanuatu,1979 [YR1979],8.183
"Venezuela, RB",1979 [YR1979],5.406
Virgin Islands (U.S.),1979 [YR1979],5.3
"Yemen, Rep.",1979 [YR1979],18.569
Zambia,1979 [YR1979],13.436
Zimbabwe,1979 [YR1979],12.561
Africa Eastern and Southern,1979 [YR1979],16.8890731292609
Africa Western and Central,1979 [YR1979],19.2244610692484
Arab World,1979 [YR1979],12.2722959874073
Caribbean small states,1979 [YR1979],8.11853281841523
Central Europe and the Baltics,1979 [YR1979],10.3748173095531
Early-demographic dividend,1979 [YR1979],12.7606100380079
East Asia & Pacific,1979 [YR1979],7.01711206560431
East Asia & Pacific (excluding high income),1979 [YR1979],7.15770295956443
East Asia & Pacific (IDA & IBRD countries),1979 [YR1979],7.16735480068775
Euro area,1979 [YR1979],10.2060559000315
Europe & Central Asia,1979 [YR1979],10.3265287450438
Europe & Central Asia (excluding high income),1979 [YR1979],9.6479267875081
Europe & Central Asia (IDA & IBRD countries),1979 [YR1979],10.0602218130069
European Union,1979 [YR1979],10.2537959145188
Fragile and conflict affected situations,1979 [YR1979],16.5141673934072
Heavily indebted poor countries (HIPC),1979 [YR1979],18.8381757611759
High income,1979 [YR1979],9.11449625397955
IBRD only,1979 [YR1979],9.53742772933264
IDA & IBRD total,1979 [YR1979],10.8007007842772
IDA blend,1979 [YR1979],14.4102052508797
IDA only,1979 [YR1979],17.1335042977946
IDA total,1979 [YR1979],16.2784127833048
Late-demographic dividend,1979 [YR1979],7.26667687045478
Latin America & Caribbean,1979 [YR1979],8.63746236288363
Latin America & Caribbean (excluding high income),1979 [YR1979],8.91150430638494
Latin America & the Caribbean (IDA & IBRD countries),1979 [YR1979],8.7349113311949
Least developed countries: UN classification,1979 [YR1979],18.258921409199
Low & middle income,1979 [YR1979],10.8336202307352
Low income,1979 [YR1979],18.7065066161347
Lower middle income,1979 [YR1979],13.7602879155682
Middle East & North Africa,1979 [YR1979],11.5931403144305
Middle East & North Africa (excluding high income),1979 [YR1979],11.940737124245
Middle East & North Africa (IDA & IBRD countries),1979 [YR1979],11.940737124245
Middle income,1979 [YR1979],10.2571384064286
North America,1979 [YR1979],8.35398103007163
OECD members,1979 [YR1979],8.86534176286416
Other small states,1979 [YR1979],13.0964195463883
Pacific island small states,1979 [YR1979],7.55142547505243
Post-demographic dividend,1979 [YR1979],9.05250225951914
Pre-demographic dividend,1979 [YR1979],18.3979388494137
Small states,1979 [YR1979],11.4076201011133
South Asia,1979 [YR1979],14.117453556929
South Asia (IDA & IBRD),1979 [YR1979],14.117453556929
Sub-Saharan Africa,1979 [YR1979],17.8432299655301
Sub-Saharan Africa (excluding high income),1979 [YR1979],17.845025156255
Sub-Saharan Africa (IDA & IBRD countries),1979 [YR1979],17.8432299655301
Upper middle income,1979 [YR1979],7.63353314886227
World,1979 [YR1979],10.3842592143881
Viet Nam,1980 [YR1980],8.122
Afghanistan,1980 [YR1980],24.209
Albania,1980 [YR1980],6.05
Algeria,1980 [YR1980],13.583
Angola,1980 [YR1980],21.71
Antigua and Barbuda,1980 [YR1980],6.358
Argentina,1980 [YR1980],8.722
Armenia,1980 [YR1980],7.803
Aruba,1980 [YR1980],6.06
Australia,1980 [YR1980],7.3
Austria,1980 [YR1980],12.2
Azerbaijan,1980 [YR1980],9.77
"Bahamas, The",1980 [YR1980],6.362
Bahrain,1980 [YR1980],3.842
Bangladesh,1980 [YR1980],15.61
Barbados,1980 [YR1980],8.178
Belarus,1980 [YR1980],9.9
Belgium,1980 [YR1980],11.5
Belize,1980 [YR1980],7.092
Benin,1980 [YR1980],18.929
Bermuda,1980 [YR1980],7.3
Bhutan,1980 [YR1980],16.732
Bolivia,1980 [YR1980],15.472
Bosnia and Herzegovina,1980 [YR1980],6.817
Botswana,1980 [YR1980],8.881
Brazil,1980 [YR1980],8.779
British Virgin Islands,1980 [YR1980],7.829
Brunei Darussalam,1980 [YR1980],4.573
Bulgaria,1980 [YR1980],11.1
Burkina Faso,1980 [YR1980],19.757
Burundi,1980 [YR1980],19.821
Cabo Verde,1980 [YR1980],10.24
Cambodia,1980 [YR1980],16.53
Cameroon,1980 [YR1980],16.157
Canada,1980 [YR1980],7.1
Central African Republic,1980 [YR1980],16.68
Chad,1980 [YR1980],22.103
Channel Islands,1980 [YR1980],11.821790223778
Chile,1980 [YR1980],6.212
China,1980 [YR1980],6.34
Colombia,1980 [YR1980],6.173
Comoros,1980 [YR1980],16.642
"Congo, Dem. Rep.",1980 [YR1980],19.005
"Congo, Rep.",1980 [YR1980],11.456
Costa Rica,1980 [YR1980],4.462
Cote d'Ivoire,1980 [YR1980],15.3
Croatia,1980 [YR1980],10.9
Cuba,1980 [YR1980],6.262
Curacao,1980 [YR1980],6.337
Cyprus,1980 [YR1980],9.03
Czechia,1980 [YR1980],13.2
Denmark,1980 [YR1980],10.9
Djibouti,1980 [YR1980],14.123
Dominica,1980 [YR1980],6.689
Dominican Republic,1980 [YR1980],8.712
Ecuador,1980 [YR1980],8.328
"Egypt, Arab Rep.",1980 [YR1980],12.892
El Salvador,1980 [YR1980],15.815
Equatorial Guinea,1980 [YR1980],18.545
Eritrea,1980 [YR1980],19.024
Estonia,1980 [YR1980],12.3
Eswatini,1980 [YR1980],10.91
Ethiopia,1980 [YR1980],21.487
Faroe Islands,1980 [YR1980],7.1
Fiji,1980 [YR1980],7.185
Finland,1980 [YR1980],9.3
France,1980 [YR1980],10.2
French Polynesia,1980 [YR1980],5.214
Gabon,1980 [YR1980],14.027
"Gambia, The",1980 [YR1980],20.555
Georgia,1980 [YR1980],10.044
Germany,1980 [YR1980],12.2
Ghana,1980 [YR1980],15.111
Gibraltar,1980 [YR1980],7.407
Greece,1980 [YR1980],9.1
Greenland,1980 [YR1980],7.6
Grenada,1980 [YR1980],8.226
Guam,1980 [YR1980],4.502
Guatemala,1980 [YR1980],11.755
Guinea,1980 [YR1980],22.545
Guinea-Bissau,1980 [YR1980],23.165
Guyana,1980 [YR1980],8.502
Haiti,1980 [YR1980],16.374
Honduras,1980 [YR1980],9.686
"Hong Kong SAR, China",1980 [YR1980],5.0
Hungary,1980 [YR1980],13.6
Iceland,1980 [YR1980],6.8
India,1980 [YR1980],13.676
Indonesia,1980 [YR1980],10.264
"Iran, Islamic Rep.",1980 [YR1980],10.95
Iraq,1980 [YR1980],9.381
Ireland,1980 [YR1980],9.8
Isle of Man,1980 [YR1980],16.3
Israel,1980 [YR1980],6.7
Italy,1980 [YR1980],9.8
Jamaica,1980 [YR1980],7.984
Japan,1980 [YR1980],6.2
Jordan,1980 [YR1980],6.148
Kazakhstan,1980 [YR1980],8.0
Kenya,1980 [YR1980],9.97
Kiribati,1980 [YR1980],11.084
"Korea, Dem. People's Rep.",1980 [YR1980],6.32
"Korea, Rep.",1980 [YR1980],7.3
Kosovo,1980 [YR1980],6.676
Kuwait,1980 [YR1980],3.509
Kyrgyz Republic,1980 [YR1980],9.917
Lao PDR,1980 [YR1980],17.307
Latvia,1980 [YR1980],12.8
Lebanon,1980 [YR1980],10.374
Lesotho,1980 [YR1980],12.277
Liberia,1980 [YR1980],20.321
Libya,1980 [YR1980],6.878
Liechtenstein,1980 [YR1980],6.9
Lithuania,1980 [YR1980],10.5
Luxembourg,1980 [YR1980],11.3
"Macao SAR, China",1980 [YR1980],6.272
Madagascar,1980 [YR1980],16.176
Malawi,1980 [YR1980],21.403
Malaysia,1980 [YR1980],5.331
Maldives,1980 [YR1980],12.628
Mali,1980 [YR1980],24.673
Malta,1980 [YR1980],10.2
Marshall Islands,1980 [YR1980],9.085
Mauritania,1980 [YR1980],12.56
Mauritius,1980 [YR1980],7.2
Mexico,1980 [YR1980],7.573
"Micronesia, Fed. Sts.",1980 [YR1980],7.294
Moldova,1980 [YR1980],11.189
Mongolia,1980 [YR1980],13.37
Montenegro,1980 [YR1980],7.568
Morocco,1980 [YR1980],11.814
Mozambique,1980 [YR1980],21.891
Myanmar,1980 [YR1980],12.973
Namibia,1980 [YR1980],11.63
Nauru,1980 [YR1980],8.581
Nepal,1980 [YR1980],17.241
Netherlands,1980 [YR1980],8.1
New Caledonia,1980 [YR1980],7.2
New Zealand,1980 [YR1980],8.48
Nicaragua,1980 [YR1980],10.535
Niger,1980 [YR1980],25.448
Nigeria,1980 [YR1980],19.17
North Macedonia,1980 [YR1980],7.101
Norway,1980 [YR1980],10.1
Oman,1980 [YR1980],10.702
Pakistan,1980 [YR1980],12.109
Panama,1980 [YR1980],5.839
Papua New Guinea,1980 [YR1980],8.952
Paraguay,1980 [YR1980],8.423
Peru,1980 [YR1980],11.033
Philippines,1980 [YR1980],8.279
Poland,1980 [YR1980],9.8
Portugal,1980 [YR1980],9.7
Puerto Rico,1980 [YR1980],6.4
Qatar,1980 [YR1980],3.249
Romania,1980 [YR1980],10.4
Russian Federation,1980 [YR1980],11.0
Rwanda,1980 [YR1980],18.199
Samoa,1980 [YR1980],6.631
Sao Tome and Principe,1980 [YR1980],11.312
Saudi Arabia,1980 [YR1980],8.301
Senegal,1980 [YR1980],16.998
Serbia,1980 [YR1980],9.773
Seychelles,1980 [YR1980],7.0
Sierra Leone,1980 [YR1980],22.616
Singapore,1980 [YR1980],4.9
Sint Maarten (Dutch part),1980 [YR1980],4.722
Slovak Republic,1980 [YR1980],10.2
Slovenia,1980 [YR1980],9.9
Solomon Islands,1980 [YR1980],7.999
Somalia,1980 [YR1980],18.142
South Africa,1980 [YR1980],9.81
South Sudan,1980 [YR1980],25.328
Spain,1980 [YR1980],7.7
Sri Lanka,1980 [YR1980],6.468
St. Kitts and Nevis,1980 [YR1980],12.795
St. Lucia,1980 [YR1980],6.816
St. Martin (French part),1980 [YR1980],4.323
St. Vincent and the Grenadines,1980 [YR1980],6.396
Sudan,1980 [YR1980],13.08
Suriname,1980 [YR1980],9.46
Sweden,1980 [YR1980],11.0
Switzerland,1980 [YR1980],9.4
Syrian Arab Republic,1980 [YR1980],6.732
Tajikistan,1980 [YR1980],10.911
Tanzania,1980 [YR1980],15.388
Thailand,1980 [YR1980],7.27
Timor-Leste,1980 [YR1980],33.565
Togo,1980 [YR1980],15.259
Tonga,1980 [YR1980],6.585
Trinidad and Tobago,1980 [YR1980],6.879
Tunisia,1980 [YR1980],7.88
Turkiye,1980 [YR1980],9.754
Turkmenistan,1980 [YR1980],9.824
Turks and Caicos Islands,1980 [YR1980],6.82
Tuvalu,1980 [YR1980],9.926
Uganda,1980 [YR1980],21.131
Ukraine,1980 [YR1980],11.369
United Arab Emirates,1980 [YR1980],3.913
United Kingdom,1980 [YR1980],11.7
United States,1980 [YR1980],8.8
Uruguay,1980 [YR1980],9.525
Uzbekistan,1980 [YR1980],7.5
Vanuatu,1980 [YR1980],9.198
"Venezuela, RB",1980 [YR1980],5.362
Virgin Islands (U.S.),1980 [YR1980],5.2
"Yemen, Rep.",1980 [YR1980],17.608
Zambia,1980 [YR1980],13.52
Zimbabwe,1980 [YR1980],11.069
Africa Eastern and Southern,1980 [YR1980],16.667233353127
Africa Western and Central,1980 [YR1980],18.9453844065182
Arab World,1980 [YR1980],11.8853094443642
Caribbean small states,1980 [YR1980],8.08152140850105
Central Europe and the Baltics,1980 [YR1980],10.9398403798579
Early-demographic dividend,1980 [YR1980],12.4702488349946
East Asia & Pacific,1980 [YR1980],7.08052219030193
East Asia & Pacific (excluding high income),1980 [YR1980],7.18742879412526
East Asia & Pacific (IDA & IBRD countries),1980 [YR1980],7.19925973897491
Euro area,1980 [YR1980],10.2984955798794
Europe & Central Asia,1980 [YR1980],10.4595369746949
Europe & Central Asia (excluding high income),1980 [YR1980],9.7080818225717
Europe & Central Asia (IDA & IBRD countries),1980 [YR1980],10.2598260534257
European Union,1980 [YR1980],10.4597633365424
Fragile and conflict affected situations,1980 [YR1980],16.3076785423709
Heavily indebted poor countries (HIPC),1980 [YR1980],18.551322821088
High income,1980 [YR1980],9.3050005280928
IBRD only,1980 [YR1980],9.49301782618585
IDA & IBRD total,1980 [YR1980],10.7168677194694
IDA blend,1980 [YR1980],14.1740084129232
IDA only,1980 [YR1980],16.8108170688764
IDA total,1980 [YR1980],15.9762213391855
Late-demographic dividend,1980 [YR1980],7.34700045302886
Latin America & Caribbean,1980 [YR1980],8.47782907639687
Latin America & Caribbean (excluding high income),1980 [YR1980],8.74349041770711
Latin America & the Caribbean (IDA & IBRD countries),1980 [YR1980],8.56383874737419
Least developed countries: UN classification,1980 [YR1980],17.9305867365745
Low & middle income,1980 [YR1980],10.72467131527
Low income,1980 [YR1980],18.4500276179857
Lower middle income,1980 [YR1980],13.4759562358693
Middle East & North Africa,1980 [YR1980],11.2434553407329
Middle East & North Africa (excluding high income),1980 [YR1980],11.5988485888434
Middle East & North Africa (IDA & IBRD countries),1980 [YR1980],11.5988485888434
Middle income,1980 [YR1980],10.1582234490363
North America,1980 [YR1980],8.63416170752687
OECD members,1980 [YR1980],8.99740188100405
Other small states,1980 [YR1980],12.2566597356021
Pacific island small states,1980 [YR1980],7.61015585995056
Post-demographic dividend,1980 [YR1980],9.24330579272166
Pre-demographic dividend,1980 [YR1980],18.2040761492851
Small states,1980 [YR1980],10.8473592473429
South Asia,1980 [YR1980],13.8196639544773
South Asia (IDA & IBRD),1980 [YR1980],13.8196639544773
Sub-Saharan Africa,1980 [YR1980],17.597087878788
Sub-Saharan Africa (excluding high income),1980 [YR1980],17.5988072665231
Sub-Saharan Africa (IDA & IBRD countries),1980 [YR1980],17.597087878788
Upper middle income,1980 [YR1980],7.65062621860249
World,1980 [YR1980],10.3538442635239
Viet Nam,1981 [YR1981],7.954
Afghanistan,1981 [YR1981],23.611
Albania,1981 [YR1981],5.973
Algeria,1981 [YR1981],12.285
Angola,1981 [YR1981],21.462
Antigua and Barbuda,1981 [YR1981],6.459
Argentina,1981 [YR1981],8.582
Armenia,1981 [YR1981],7.735
Aruba,1981 [YR1981],5.935
Australia,1981 [YR1981],7.3
Austria,1981 [YR1981],12.2
Azerbaijan,1981 [YR1981],6.9
"Bahamas, The",1981 [YR1981],6.354
Bahrain,1981 [YR1981],3.686
Bangladesh,1981 [YR1981],15.351
Barbados,1981 [YR1981],8.343
Belarus,1981 [YR1981],9.6
Belgium,1981 [YR1981],11.4
Belize,1981 [YR1981],6.926
Benin,1981 [YR1981],18.61
Bhutan,1981 [YR1981],16.13
Bolivia,1981 [YR1981],15.129
Bosnia and Herzegovina,1981 [YR1981],6.926
Botswana,1981 [YR1981],8.534
Brazil,1981 [YR1981],8.558
British Virgin Islands,1981 [YR1981],7.46
Brunei Darussalam,1981 [YR1981],4.492
Bulgaria,1981 [YR1981],10.7
Burkina Faso,1981 [YR1981],19.513
Burundi,1981 [YR1981],19.091
Cabo Verde,1981 [YR1981],10.186
Cambodia,1981 [YR1981],16.694
Cameroon,1981 [YR1981],15.807
Canada,1981 [YR1981],7.0
Central African Republic,1981 [YR1981],16.535
Chad,1981 [YR1981],21.89
Channel Islands,1981 [YR1981],11.6488989183721
Chile,1981 [YR1981],5.823
China,1981 [YR1981],6.36
Colombia,1981 [YR1981],6.066
Comoros,1981 [YR1981],16.28
"Congo, Dem. Rep.",1981 [YR1981],18.814
"Congo, Rep.",1981 [YR1981],11.245
Costa Rica,1981 [YR1981],4.219
Cote d'Ivoire,1981 [YR1981],14.925
Croatia,1981 [YR1981],11.2
Cuba,1981 [YR1981],6.437
Curacao,1981 [YR1981],6.391
Cyprus,1981 [YR1981],9.15
Czechia,1981 [YR1981],12.7
Denmark,1981 [YR1981],11.0
Djibouti,1981 [YR1981],13.877
Dominica,1981 [YR1981],6.329
Dominican Republic,1981 [YR1981],8.389
Ecuador,1981 [YR1981],8.078
"Egypt, Arab Rep.",1981 [YR1981],12.521
El Salvador,1981 [YR1981],15.424
Equatorial Guinea,1981 [YR1981],18.147
Eritrea,1981 [YR1981],18.775
Estonia,1981 [YR1981],12.3
Eswatini,1981 [YR1981],10.509
Ethiopia,1981 [YR1981],21.183
Faroe Islands,1981 [YR1981],6.7
Fiji,1981 [YR1981],7.192
Finland,1981 [YR1981],9.3
France,1981 [YR1981],10.1
French Polynesia,1981 [YR1981],4.934
Gabon,1981 [YR1981],13.754
"Gambia, The",1981 [YR1981],20.99
Georgia,1981 [YR1981],9.817
Germany,1981 [YR1981],12.2
Ghana,1981 [YR1981],14.808
Gibraltar,1981 [YR1981],7.597
Greece,1981 [YR1981],8.9
Greenland,1981 [YR1981],7.5
Grenada,1981 [YR1981],8.108
Guam,1981 [YR1981],4.502
Guatemala,1981 [YR1981],11.691
Guinea,1981 [YR1981],22.216
Guinea-Bissau,1981 [YR1981],23.059
Guyana,1981 [YR1981],8.506
Haiti,1981 [YR1981],16.148
Honduras,1981 [YR1981],9.401
"Hong Kong SAR, China",1981 [YR1981],4.8
Hungary,1981 [YR1981],13.5
Iceland,1981 [YR1981],7.2
India,1981 [YR1981],13.37
Indonesia,1981 [YR1981],10.061
"Iran, Islamic Rep.",1981 [YR1981],11.621
Iraq,1981 [YR1981],10.126
Ireland,1981 [YR1981],9.5
Isle of Man,1981 [YR1981],15.872
Israel,1981 [YR1981],6.5
Italy,1981 [YR1981],9.7
Jamaica,1981 [YR1981],7.843
Japan,1981 [YR1981],6.1
Jordan,1981 [YR1981],5.888
Kazakhstan,1981 [YR1981],8.0
Kenya,1981 [YR1981],9.001
Kiribati,1981 [YR1981],11.014
"Korea, Dem. People's Rep.",1981 [YR1981],6.194
"Korea, Rep.",1981 [YR1981],6.1
Kosovo,1981 [YR1981],6.494
Kuwait,1981 [YR1981],3.226
Kyrgyz Republic,1981 [YR1981],9.81
Lao PDR,1981 [YR1981],16.853
Latvia,1981 [YR1981],12.7
Lebanon,1981 [YR1981],10.22
Lesotho,1981 [YR1981],11.744
Liberia,1981 [YR1981],19.94
Libya,1981 [YR1981],6.544
Liechtenstein,1981 [YR1981],6.3
Lithuania,1981 [YR1981],10.4
Luxembourg,1981 [YR1981],11.2
"Macao SAR, China",1981 [YR1981],6.397
Madagascar,1981 [YR1981],16.161
Malawi,1981 [YR1981],21.025
Malaysia,1981 [YR1981],5.154
Maldives,1981 [YR1981],12.1
Mali,1981 [YR1981],24.258
Malta,1981 [YR1981],9.6
Marshall Islands,1981 [YR1981],8.864
Mauritania,1981 [YR1981],12.211
Mauritius,1981 [YR1981],6.8
Mexico,1981 [YR1981],7.32
"Micronesia, Fed. Sts.",1981 [YR1981],7.159
Moldova,1981 [YR1981],11.019
Mongolia,1981 [YR1981],13.265
Montenegro,1981 [YR1981],7.865
Morocco,1981 [YR1981],11.334
Mozambique,1981 [YR1981],23.761
Myanmar,1981 [YR1981],12.796
Namibia,1981 [YR1981],11.368
Nauru,1981 [YR1981],8.632
Nepal,1981 [YR1981],16.871
Netherlands,1981 [YR1981],8.1
New Caledonia,1981 [YR1981],6.4
New Zealand,1981 [YR1981],7.97
Nicaragua,1981 [YR1981],10.292
Niger,1981 [YR1981],25.241
Nigeria,1981 [YR1981],18.982
North Macedonia,1981 [YR1981],6.978
Norway,1981 [YR1981],10.2
Oman,1981 [YR1981],9.924
Pakistan,1981 [YR1981],11.946
Panama,1981 [YR1981],5.747
Papua New Guinea,1981 [YR1981],8.788
Paraguay,1981 [YR1981],8.304
Peru,1981 [YR1981],10.678
Philippines,1981 [YR1981],8.253
Poland,1981 [YR1981],9.2
Portugal,1981 [YR1981],9.7
Puerto Rico,1981 [YR1981],6.5
Qatar,1981 [YR1981],3.064
Romania,1981 [YR1981],10.0
Russian Federation,1981 [YR1981],10.9
Rwanda,1981 [YR1981],17.073
Samoa,1981 [YR1981],6.494
Sao Tome and Principe,1981 [YR1981],11.545
Saudi Arabia,1981 [YR1981],7.819
Senegal,1981 [YR1981],16.466
Serbia,1981 [YR1981],10.042
Seychelles,1981 [YR1981],6.9
Sierra Leone,1981 [YR1981],22.38
Singapore,1981 [YR1981],4.9
Sint Maarten (Dutch part),1981 [YR1981],4.628
Slovak Republic,1981 [YR1981],9.9
Slovenia,1981 [YR1981],9.8
Solomon Islands,1981 [YR1981],7.78
Somalia,1981 [YR1981],18.068
South Africa,1981 [YR1981],9.539
South Sudan,1981 [YR1981],24.919
Spain,1981 [YR1981],7.8
Sri Lanka,1981 [YR1981],6.299
St. Kitts and Nevis,1981 [YR1981],12.605
St. Lucia,1981 [YR1981],6.487
St. Martin (French part),1981 [YR1981],4.145
St. Vincent and the Grenadines,1981 [YR1981],6.383
Sudan,1981 [YR1981],12.969
Suriname,1981 [YR1981],9.23
Sweden,1981 [YR1981],11.1
Switzerland,1981 [YR1981],9.4
Syrian Arab Republic,1981 [YR1981],7.425
Tajikistan,1981 [YR1981],10.924
Tanzania,1981 [YR1981],15.199
Thailand,1981 [YR1981],7.08
Timor-Leste,1981 [YR1981],32.474
Togo,1981 [YR1981],14.85
Tonga,1981 [YR1981],6.604
Trinidad and Tobago,1981 [YR1981],6.895
Tunisia,1981 [YR1981],7.607
Turkiye,1981 [YR1981],9.393
Turkmenistan,1981 [YR1981],9.632
Turks and Caicos Islands,1981 [YR1981],6.924
Tuvalu,1981 [YR1981],9.863
Uganda,1981 [YR1981],20.981
Ukraine,1981 [YR1981],11.3
United Arab Emirates,1981 [YR1981],3.632
United Kingdom,1981 [YR1981],11.7
United States,1981 [YR1981],8.6
Uruguay,1981 [YR1981],9.49
Uzbekistan,1981 [YR1981],7.2
Vanuatu,1981 [YR1981],8.823
"Venezuela, RB",1981 [YR1981],5.154
Virgin Islands (U.S.),1981 [YR1981],5.2
"Yemen, Rep.",1981 [YR1981],16.739
Zambia,1981 [YR1981],13.533
Zimbabwe,1981 [YR1981],10.122
Africa Eastern and Southern,1981 [YR1981],16.4251588915459
Africa Western and Central,1981 [YR1981],18.6823550616264
Arab World,1981 [YR1981],11.5471618687086
Caribbean small states,1981 [YR1981],8.01044087691062
Central Europe and the Baltics,1981 [YR1981],10.5512597084468
Early-demographic dividend,1981 [YR1981],12.2086180485138
East Asia & Pacific,1981 [YR1981],7.0205491503294
East Asia & Pacific (excluding high income),1981 [YR1981],7.16164621159118
East Asia & Pacific (IDA & IBRD countries),1981 [YR1981],7.17482832528906
Euro area,1981 [YR1981],10.2552559992705
Europe & Central Asia,1981 [YR1981],10.3158722147477
Europe & Central Asia (excluding high income),1981 [YR1981],9.44894167667526
Europe & Central Asia (IDA & IBRD countries),1981 [YR1981],10.0195495033353
European Union,1981 [YR1981],10.3312796886995
Fragile and conflict affected situations,1981 [YR1981],16.1510625861321
Heavily indebted poor countries (HIPC),1981 [YR1981],18.3151438117655
High income,1981 [YR1981],9.13235177189874
IBRD only,1981 [YR1981],9.35329682009658
IDA & IBRD total,1981 [YR1981],10.563360608154
IDA blend,1981 [YR1981],13.8831244206444
IDA only,1981 [YR1981],16.5836308500786
IDA total,1981 [YR1981],15.7210371351679
Late-demographic dividend,1981 [YR1981],7.27110687398544
Latin America & Caribbean,1981 [YR1981],8.26802236260625
Latin America & Caribbean (excluding high income),1981 [YR1981],8.53275094343056
Latin America & the Caribbean (IDA & IBRD countries),1981 [YR1981],8.33880083081211
Least developed countries: UN classification,1981 [YR1981],17.6843229366281
Low & middle income,1981 [YR1981],10.5776919257338
Low income,1981 [YR1981],18.2577520792094
Lower middle income,1981 [YR1981],13.1978310899936
Middle East & North Africa,1981 [YR1981],11.1042996144879
Middle East & North Africa (excluding high income),1981 [YR1981],11.4851630890764
Middle East & North Africa (IDA & IBRD countries),1981 [YR1981],11.4851630890764
Middle income,1981 [YR1981],10.0154067697292
North America,1981 [YR1981],8.44382987158373
OECD members,1981 [YR1981],8.80412411319508
Other small states,1981 [YR1981],12.0254671557306
Pacific island small states,1981 [YR1981],7.52033105651662
Post-demographic dividend,1981 [YR1981],9.09344844676745
Pre-demographic dividend,1981 [YR1981],18.0005002113245
Small states,1981 [YR1981],10.6709115003499
South Asia,1981 [YR1981],13.5096592099484
South Asia (IDA & IBRD),1981 [YR1981],13.5096592099484
Sub-Saharan Africa,1981 [YR1981],17.3451163351886
Sub-Saharan Africa (excluding high income),1981 [YR1981],17.3467812191076
Sub-Saharan Africa (IDA & IBRD countries),1981 [YR1981],17.3451163351886
Upper middle income,1981 [YR1981],7.58874740790868
World,1981 [YR1981],10.2036688923392
Viet Nam,1982 [YR1982],7.763
Afghanistan,1982 [YR1982],25.622
Albania,1982 [YR1982],5.899
Algeria,1982 [YR1982],10.959
Angola,1982 [YR1982],21.247
Antigua and Barbuda,1982 [YR1982],6.584
Argentina,1982 [YR1982],8.695
Armenia,1982 [YR1982],7.717
Aruba,1982 [YR1982],6.118
Australia,1982 [YR1982],7.5
Austria,1982 [YR1982],12.1
Azerbaijan,1982 [YR1982],6.7
"Bahamas, The",1982 [YR1982],6.14
Bahrain,1982 [YR1982],3.588
Bangladesh,1982 [YR1982],15.032
Barbados,1982 [YR1982],8.554
Belarus,1982 [YR1982],9.6
Belgium,1982 [YR1982],11.4
Belize,1982 [YR1982],6.937
Benin,1982 [YR1982],18.219
Bhutan,1982 [YR1982],15.535
Bolivia,1982 [YR1982],14.791
Bosnia and Herzegovina,1982 [YR1982],7.018
Botswana,1982 [YR1982],8.208
Brazil,1982 [YR1982],8.346
British Virgin Islands,1982 [YR1982],6.682
Brunei Darussalam,1982 [YR1982],4.405
Bulgaria,1982 [YR1982],11.2
Burkina Faso,1982 [YR1982],18.982
Burundi,1982 [YR1982],18.467
Cabo Verde,1982 [YR1982],10.185
Cambodia,1982 [YR1982],16.469
Cameroon,1982 [YR1982],15.412
Canada,1982 [YR1982],7.1
Central African Republic,1982 [YR1982],16.448
Chad,1982 [YR1982],21.378
Channel Islands,1982 [YR1982],11.032758806919
Chile,1982 [YR1982],5.77
China,1982 [YR1982],6.6
Colombia,1982 [YR1982],5.96
Comoros,1982 [YR1982],15.865
"Congo, Dem. Rep.",1982 [YR1982],18.648
"Congo, Rep.",1982 [YR1982],11.056
Costa Rica,1982 [YR1982],4.005
Cote d'Ivoire,1982 [YR1982],14.663
Croatia,1982 [YR1982],11.0
Cuba,1982 [YR1982],6.392
Curacao,1982 [YR1982],6.446
Cyprus,1982 [YR1982],9.275
Czechia,1982 [YR1982],12.7
Denmark,1982 [YR1982],10.8
Djibouti,1982 [YR1982],13.518
Dominica,1982 [YR1982],6.547
Dominican Republic,1982 [YR1982],8.084
Ecuador,1982 [YR1982],7.839
"Egypt, Arab Rep.",1982 [YR1982],11.992
El Salvador,1982 [YR1982],13.772
Equatorial Guinea,1982 [YR1982],17.791
Eritrea,1982 [YR1982],18.762
Estonia,1982 [YR1982],11.9
Eswatini,1982 [YR1982],10.081
Ethiopia,1982 [YR1982],21.04
Faroe Islands,1982 [YR1982],7.1
Fiji,1982 [YR1982],7.161
Finland,1982 [YR1982],9.0
France,1982 [YR1982],10.0
French Polynesia,1982 [YR1982],4.636
Gabon,1982 [YR1982],13.518
"Gambia, The",1982 [YR1982],19.826
Georgia,1982 [YR1982],9.783
Germany,1982 [YR1982],12.0
Ghana,1982 [YR1982],14.556
Gibraltar,1982 [YR1982],7.779
Greece,1982 [YR1982],8.8
Greenland,1982 [YR1982],7.9
Grenada,1982 [YR1982],8.003
Guam,1982 [YR1982],4.48
Guatemala,1982 [YR1982],14.866
Guinea,1982 [YR1982],21.786
Guinea-Bissau,1982 [YR1982],22.93
Guyana,1982 [YR1982],8.52
Haiti,1982 [YR1982],15.969
Honduras,1982 [YR1982],9.129
"Hong Kong SAR, China",1982 [YR1982],4.8
Hungary,1982 [YR1982],13.5
Iceland,1982 [YR1982],6.8
India,1982 [YR1982],13.044
Indonesia,1982 [YR1982],9.757
"Iran, Islamic Rep.",1982 [YR1982],10.995
Iraq,1982 [YR1982],9.894
Ireland,1982 [YR1982],9.3
Isle of Man,1982 [YR1982],16.064
Israel,1982 [YR1982],6.9
Italy,1982 [YR1982],9.5
Jamaica,1982 [YR1982],7.663
Japan,1982 [YR1982],6.0
Jordan,1982 [YR1982],5.646
Kazakhstan,1982 [YR1982],7.9
Kenya,1982 [YR1982],8.937
Kiribati,1982 [YR1982],10.952
"Korea, Dem. People's Rep.",1982 [YR1982],6.065
"Korea, Rep.",1982 [YR1982],6.2
Kosovo,1982 [YR1982],6.422
Kuwait,1982 [YR1982],3.036
Kyrgyz Republic,1982 [YR1982],9.7
Lao PDR,1982 [YR1982],16.408
Latvia,1982 [YR1982],12.3
Lebanon,1982 [YR1982],19.378
Lesotho,1982 [YR1982],11.33
Liberia,1982 [YR1982],19.641
Libya,1982 [YR1982],6.263
Liechtenstein,1982 [YR1982],6.4
Lithuania,1982 [YR1982],10.1
Luxembourg,1982 [YR1982],11.3
"Macao SAR, China",1982 [YR1982],6.238
Madagascar,1982 [YR1982],16.159
Malawi,1982 [YR1982],20.861
Malaysia,1982 [YR1982],5.06
Maldives,1982 [YR1982],11.566
Mali,1982 [YR1982],23.684
Malta,1982 [YR1982],9.4
Marshall Islands,1982 [YR1982],8.637
Mauritania,1982 [YR1982],11.843
Mauritius,1982 [YR1982],6.6
Mexico,1982 [YR1982],7.04
"Micronesia, Fed. Sts.",1982 [YR1982],6.998
Moldova,1982 [YR1982],10.783
Mongolia,1982 [YR1982],13.153
Montenegro,1982 [YR1982],8.024
Morocco,1982 [YR1982],10.833
Mozambique,1982 [YR1982],23.482
Myanmar,1982 [YR1982],12.627
Namibia,1982 [YR1982],11.023
Nauru,1982 [YR1982],8.867
Nepal,1982 [YR1982],16.481
Netherlands,1982 [YR1982],8.2
New Caledonia,1982 [YR1982],6.3
New Zealand,1982 [YR1982],8.03
Nicaragua,1982 [YR1982],10.009
Niger,1982 [YR1982],25.281
Nigeria,1982 [YR1982],18.896
North Macedonia,1982 [YR1982],7.057
Norway,1982 [YR1982],10.1
Oman,1982 [YR1982],9.1
Pakistan,1982 [YR1982],11.825
Panama,1982 [YR1982],5.652
Papua New Guinea,1982 [YR1982],8.692
Paraguay,1982 [YR1982],8.113
Peru,1982 [YR1982],10.397
Philippines,1982 [YR1982],8.151
Poland,1982 [YR1982],9.3
Portugal,1982 [YR1982],9.3
Puerto Rico,1982 [YR1982],6.5
Qatar,1982 [YR1982],2.963
Romania,1982 [YR1982],10.0
Russian Federation,1982 [YR1982],10.7
Rwanda,1982 [YR1982],16.063
Samoa,1982 [YR1982],6.381
Sao Tome and Principe,1982 [YR1982],11.628
Saudi Arabia,1982 [YR1982],7.348
Senegal,1982 [YR1982],15.939
Serbia,1982 [YR1982],10.341
Seychelles,1982 [YR1982],7.5
Sierra Leone,1982 [YR1982],22.18
Singapore,1982 [YR1982],4.9
Sint Maarten (Dutch part),1982 [YR1982],4.108
Slovak Republic,1982 [YR1982],10.0
Slovenia,1982 [YR1982],10.3
Solomon Islands,1982 [YR1982],7.58
Somalia,1982 [YR1982],17.994
South Africa,1982 [YR1982],9.298
South Sudan,1982 [YR1982],24.553
Spain,1982 [YR1982],7.5
Sri Lanka,1982 [YR1982],6.142
St. Kitts and Nevis,1982 [YR1982],12.371
St. Lucia,1982 [YR1982],6.274
St. Martin (French part),1982 [YR1982],3.881
St. Vincent and the Grenadines,1982 [YR1982],6.437
Sudan,1982 [YR1982],12.817
Suriname,1982 [YR1982],8.991
Sweden,1982 [YR1982],10.9
Switzerland,1982 [YR1982],9.3
Syrian Arab Republic,1982 [YR1982],8.709
Tajikistan,1982 [YR1982],10.788
Tanzania,1982 [YR1982],15.145
Thailand,1982 [YR1982],6.89
Timor-Leste,1982 [YR1982],31.347
Togo,1982 [YR1982],14.468
Tonga,1982 [YR1982],6.729
Trinidad and Tobago,1982 [YR1982],6.921
Tunisia,1982 [YR1982],7.33
Turkiye,1982 [YR1982],9.0
Turkmenistan,1982 [YR1982],9.586
Turks and Caicos Islands,1982 [YR1982],6.875
Tuvalu,1982 [YR1982],9.876
Uganda,1982 [YR1982],20.639
Ukraine,1982 [YR1982],11.3
United Arab Emirates,1982 [YR1982],3.446
United Kingdom,1982 [YR1982],11.8
United States,1982 [YR1982],8.5
Uruguay,1982 [YR1982],9.467
Uzbekistan,1982 [YR1982],7.4
Vanuatu,1982 [YR1982],8.471
"Venezuela, RB",1982 [YR1982],5.079
Virgin Islands (U.S.),1982 [YR1982],5.1
"Yemen, Rep.",1982 [YR1982],16.108
Zambia,1982 [YR1982],13.614
Zimbabwe,1982 [YR1982],9.776
Africa Eastern and Southern,1982 [YR1982],16.2189143424871
Africa Western and Central,1982 [YR1982],18.452190301068
Arab World,1982 [YR1982],11.2902844163297
Caribbean small states,1982 [YR1982],7.96453789153822
Central Europe and the Baltics,1982 [YR1982],10.6022492179086
Early-demographic dividend,1982 [YR1982],11.9243515665763
East Asia & Pacific,1982 [YR1982],7.11857543022274
East Asia & Pacific (excluding high income),1982 [YR1982],7.27756734881802
East Asia & Pacific (IDA & IBRD countries),1982 [YR1982],7.29404724247621
Euro area,1982 [YR1982],10.0822760421316
Europe & Central Asia,1982 [YR1982],10.200771506054
Europe & Central Asia (excluding high income),1982 [YR1982],9.34790377128446
Europe & Central Asia (IDA & IBRD countries),1982 [YR1982],9.91757247927421
European Union,1982 [YR1982],10.2132936005701
Fragile and conflict affected situations,1982 [YR1982],16.1379356538937
Heavily indebted poor countries (HIPC),1982 [YR1982],18.1302664327401
High income,1982 [YR1982],9.0327232647806
IBRD only,1982 [YR1982],9.2844201377648
IDA & IBRD total,1982 [YR1982],10.4835252527885
IDA blend,1982 [YR1982],13.7724093593327
IDA only,1982 [YR1982],16.3937415500248
IDA total,1982 [YR1982],15.5520460423844
Late-demographic dividend,1982 [YR1982],7.37239508024266
Latin America & Caribbean,1982 [YR1982],8.13649366295937
Latin America & Caribbean (excluding high income),1982 [YR1982],8.39226872356792
Latin America & the Caribbean (IDA & IBRD countries),1982 [YR1982],8.202682995948
Least developed countries: UN classification,1982 [YR1982],17.4591876113736
Low & middle income,1982 [YR1982],10.4989255512459
Low income,1982 [YR1982],18.1460291731043
Lower middle income,1982 [YR1982],12.9472859118128
Middle East & North Africa,1982 [YR1982],10.7722702358379
Middle East & North Africa (excluding high income),1982 [YR1982],11.145907633272
Middle East & North Africa (IDA & IBRD countries),1982 [YR1982],11.145907633272
Middle income,1982 [YR1982],9.93767426743057
North America,1982 [YR1982],8.36305946801924
OECD members,1982 [YR1982],8.6868345244852
Other small states,1982 [YR1982],11.7160570266876
Pacific island small states,1982 [YR1982],7.42817874578988
Post-demographic dividend,1982 [YR1982],9.00990656791996
Pre-demographic dividend,1982 [YR1982],17.84484300368
Small states,1982 [YR1982],10.4451972799484
South Asia,1982 [YR1982],13.2191242160445
South Asia (IDA & IBRD),1982 [YR1982],13.2191242160445
Sub-Saharan Africa,1982 [YR1982],17.1274341665088
Sub-Saharan Africa (excluding high income),1982 [YR1982],17.1289308307303
Sub-Saharan Africa (IDA & IBRD countries),1982 [YR1982],17.1274341665088
Upper middle income,1982 [YR1982],7.62563364042983
World,1982 [YR1982],10.1235534571021
Viet Nam,1983 [YR1983],7.754
Afghanistan,1983 [YR1983],25.107
Albania,1983 [YR1983],5.838
Algeria,1983 [YR1983],9.727
Angola,1983 [YR1983],21.979
Antigua and Barbuda,1983 [YR1983],6.77
Argentina,1983 [YR1983],8.601
Armenia,1983 [YR1983],7.705
Aruba,1983 [YR1983],6.253
Australia,1983 [YR1983],7.3
Austria,1983 [YR1983],12.3
Azerbaijan,1983 [YR1983],6.6
"Bahamas, The",1983 [YR1983],5.916
Bahrain,1983 [YR1983],3.532
Bangladesh,1983 [YR1983],14.571
Barbados,1983 [YR1983],8.539
Belarus,1983 [YR1983],9.9
Belgium,1983 [YR1983],11.6
Belize,1983 [YR1983],6.796
Benin,1983 [YR1983],17.79
Bhutan,1983 [YR1983],14.976
Bolivia,1983 [YR1983],14.508
Bosnia and Herzegovina,1983 [YR1983],7.076
Botswana,1983 [YR1983],7.904
Brazil,1983 [YR1983],8.153
British Virgin Islands,1983 [YR1983],6.185
Brunei Darussalam,1983 [YR1983],4.319
Bulgaria,1983 [YR1983],11.4
Burkina Faso,1983 [YR1983],18.607
Burundi,1983 [YR1983],17.82
Cabo Verde,1983 [YR1983],10.194
Cambodia,1983 [YR1983],16.131
Cameroon,1983 [YR1983],14.935
Canada,1983 [YR1983],7.0
Central African Republic,1983 [YR1983],16.349
Chad,1983 [YR1983],21.06
Channel Islands,1983 [YR1983],11.6365247820539
Chile,1983 [YR1983],6.044
China,1983 [YR1983],6.9
Colombia,1983 [YR1983],5.897
Comoros,1983 [YR1983],15.607
"Congo, Dem. Rep.",1983 [YR1983],18.455
"Congo, Rep.",1983 [YR1983],10.854
Costa Rica,1983 [YR1983],3.927
Cote d'Ivoire,1983 [YR1983],14.359
Croatia,1983 [YR1983],11.8
Cuba,1983 [YR1983],6.379
Curacao,1983 [YR1983],6.506
Cyprus,1983 [YR1983],9.121
Czechia,1983 [YR1983],13.0
Denmark,1983 [YR1983],11.2
Djibouti,1983 [YR1983],13.225
Dominica,1983 [YR1983],6.613
Dominican Republic,1983 [YR1983],7.808
Ecuador,1983 [YR1983],7.614
"Egypt, Arab Rep.",1983 [YR1983],11.427
El Salvador,1983 [YR1983],13.026
Equatorial Guinea,1983 [YR1983],17.493
Eritrea,1983 [YR1983],18.427
Estonia,1983 [YR1983],12.1
Eswatini,1983 [YR1983],10.494
Ethiopia,1983 [YR1983],28.374
Faroe Islands,1983 [YR1983],8.1
Fiji,1983 [YR1983],6.929
Finland,1983 [YR1983],9.3
France,1983 [YR1983],10.0
French Polynesia,1983 [YR1983],4.348
Gabon,1983 [YR1983],13.151
"Gambia, The",1983 [YR1983],19.489
Georgia,1983 [YR1983],9.903
Germany,1983 [YR1983],12.0
Ghana,1983 [YR1983],14.396
Gibraltar,1983 [YR1983],7.301
Greece,1983 [YR1983],9.2
Greenland,1983 [YR1983],8.3
Grenada,1983 [YR1983],9.757
Guam,1983 [YR1983],4.48
Guatemala,1983 [YR1983],10.481
Guinea,1983 [YR1983],21.463
Guinea-Bissau,1983 [YR1983],22.796
Guyana,1983 [YR1983],8.528
Haiti,1983 [YR1983],15.732
Honduras,1983 [YR1983],8.813
"Hong Kong SAR, China",1983 [YR1983],5.0
Hungary,1983 [YR1983],13.9
Iceland,1983 [YR1983],7.0
India,1983 [YR1983],12.72
Indonesia,1983 [YR1983],9.495
"Iran, Islamic Rep.",1983 [YR1983],10.42
Iraq,1983 [YR1983],9.698
Ireland,1983 [YR1983],9.4
Isle of Man,1983 [YR1983],15.855
Israel,1983 [YR1983],6.9
Italy,1983 [YR1983],10.0
Jamaica,1983 [YR1983],7.74
Japan,1983 [YR1983],6.2
Jordan,1983 [YR1983],5.434
Kazakhstan,1983 [YR1983],8.0
Kenya,1983 [YR1983],8.793
Kiribati,1983 [YR1983],10.853
"Korea, Dem. People's Rep.",1983 [YR1983],5.945
"Korea, Rep.",1983 [YR1983],6.4
Kosovo,1983 [YR1983],6.301
Kuwait,1983 [YR1983],2.829
Kyrgyz Republic,1983 [YR1983],9.469
Lao PDR,1983 [YR1983],16.05
Latvia,1983 [YR1983],12.7
Lebanon,1983 [YR1983],9.941
Lesotho,1983 [YR1983],10.995
Liberia,1983 [YR1983],19.419
Libya,1983 [YR1983],5.953
Liechtenstein,1983 [YR1983],5.7
Lithuania,1983 [YR1983],10.5
Luxembourg,1983 [YR1983],11.3
"Macao SAR, China",1983 [YR1983],6.024
Madagascar,1983 [YR1983],16.136
Malawi,1983 [YR1983],20.875
Malaysia,1983 [YR1983],4.986
Maldives,1983 [YR1983],11.078
Mali,1983 [YR1983],23.317
Malta,1983 [YR1983],9.5
Marshall Islands,1983 [YR1983],8.389
Mauritania,1983 [YR1983],11.56
Mauritius,1983 [YR1983],6.5
Mexico,1983 [YR1983],6.772
"Micronesia, Fed. Sts.",1983 [YR1983],6.798
Moldova,1983 [YR1983],11.387
Mongolia,1983 [YR1983],12.808
Montenegro,1983 [YR1983],8.143
Morocco,1983 [YR1983],10.326
Mozambique,1983 [YR1983],23.276
Myanmar,1983 [YR1983],12.505
Namibia,1983 [YR1983],10.76
Nauru,1983 [YR1983],9.338
Nepal,1983 [YR1983],16.139
Netherlands,1983 [YR1983],8.2
New Caledonia,1983 [YR1983],5.7
New Zealand,1983 [YR1983],8.07
Nicaragua,1983 [YR1983],10.612
Niger,1983 [YR1983],25.366
Nigeria,1983 [YR1983],18.759
North Macedonia,1983 [YR1983],7.457
Norway,1983 [YR1983],10.2
Oman,1983 [YR1983],8.314
Pakistan,1983 [YR1983],11.608
Panama,1983 [YR1983],5.566
Papua New Guinea,1983 [YR1983],8.615
Paraguay,1983 [YR1983],7.887
Peru,1983 [YR1983],10.146
Philippines,1983 [YR1983],8.058
Poland,1983 [YR1983],9.6
Portugal,1983 [YR1983],9.7
Puerto Rico,1983 [YR1983],6.5
Qatar,1983 [YR1983],2.867
Romania,1983 [YR1983],10.4
Russian Federation,1983 [YR1983],11.1
Rwanda,1983 [YR1983],15.427
Samoa,1983 [YR1983],6.324
Sao Tome and Principe,1983 [YR1983],11.685
Saudi Arabia,1983 [YR1983],6.924
Senegal,1983 [YR1983],15.484
Serbia,1983 [YR1983],10.854
Seychelles,1983 [YR1983],7.0
Sierra Leone,1983 [YR1983],21.974
Singapore,1983 [YR1983],5.0
Sint Maarten (Dutch part),1983 [YR1983],3.918
Slovak Republic,1983 [YR1983],10.3
Slovenia,1983 [YR1983],10.8
Solomon Islands,1983 [YR1983],7.432
Somalia,1983 [YR1983],17.777
South Africa,1983 [YR1983],9.075
South Sudan,1983 [YR1983],27.813
Spain,1983 [YR1983],7.9
Sri Lanka,1983 [YR1983],6.025
St. Kitts and Nevis,1983 [YR1983],12.144
St. Lucia,1983 [YR1983],5.971
St. Martin (French part),1983 [YR1983],3.742
St. Vincent and the Grenadines,1983 [YR1983],6.287
Sudan,1983 [YR1983],17.231
Suriname,1983 [YR1983],8.814
Sweden,1983 [YR1983],10.9
Switzerland,1983 [YR1983],9.5
Syrian Arab Republic,1983 [YR1983],5.877
Tajikistan,1983 [YR1983],10.716
Tanzania,1983 [YR1983],15.118
Thailand,1983 [YR1983],6.69
Timor-Leste,1983 [YR1983],30.635
Togo,1983 [YR1983],14.158
Tonga,1983 [YR1983],6.696
Trinidad and Tobago,1983 [YR1983],6.805
Tunisia,1983 [YR1983],7.062
Turkiye,1983 [YR1983],8.643
Turkmenistan,1983 [YR1983],9.525
Turks and Caicos Islands,1983 [YR1983],6.685
Tuvalu,1983 [YR1983],9.961
Uganda,1983 [YR1983],20.314
Ukraine,1983 [YR1983],11.5
United Arab Emirates,1983 [YR1983],3.348
United Kingdom,1983 [YR1983],11.7
United States,1983 [YR1983],8.6
Uruguay,1983 [YR1983],9.448
Uzbekistan,1983 [YR1983],7.5
Vanuatu,1983 [YR1983],8.138
"Venezuela, RB",1983 [YR1983],4.948
Virgin Islands (U.S.),1983 [YR1983],5.1
"Yemen, Rep.",1983 [YR1983],15.009
Zambia,1983 [YR1983],13.828
Zimbabwe,1983 [YR1983],9.442
Africa Eastern and Southern,1983 [YR1983],17.5786842907697
Africa Western and Central,1983 [YR1983],18.2330176215823
Arab World,1983 [YR1983],10.9501947335123
Caribbean small states,1983 [YR1983],7.94906410985425
Central Europe and the Baltics,1983 [YR1983],10.9492993881309
Early-demographic dividend,1983 [YR1983],11.7411839052453
East Asia & Pacific,1983 [YR1983],7.28863756904101
East Asia & Pacific (excluding high income),1983 [YR1983],7.44863061826528
East Asia & Pacific (IDA & IBRD countries),1983 [YR1983],7.46901985406673
Euro area,1983 [YR1983],10.2905914448264
Europe & Central Asia,1983 [YR1983],10.3843604947853
Europe & Central Asia (excluding high income),1983 [YR1983],9.36087433913636
Europe & Central Asia (IDA & IBRD countries),1983 [YR1983],10.1248178347201
European Union,1983 [YR1983],10.4444744703165
Fragile and conflict affected situations,1983 [YR1983],16.7715393402928
Heavily indebted poor countries (HIPC),1983 [YR1983],19.1414930686799
High income,1983 [YR1983],9.20268781647526
IBRD only,1983 [YR1983],9.2502259765847
IDA & IBRD total,1983 [YR1983],10.51278630335
IDA blend,1983 [YR1983],13.5882325809107
IDA only,1983 [YR1983],16.854381870897
IDA total,1983 [YR1983],15.8030732922269
Late-demographic dividend,1983 [YR1983],7.55570663330049
Latin America & Caribbean,1983 [YR1983],7.88698707258192
Latin America & Caribbean (excluding high income),1983 [YR1983],8.11199306233625
Latin America & the Caribbean (IDA & IBRD countries),1983 [YR1983],7.94344578323668
Least developed countries: UN classification,1983 [YR1983],18.0714419430388
Low & middle income,1983 [YR1983],10.5062089686045
Low income,1983 [YR1983],19.3613419720773
Lower middle income,1983 [YR1983],12.6547089772164
Middle East & North Africa,1983 [YR1983],9.93851751612521
Middle East & North Africa (excluding high income),1983 [YR1983],10.2682104022318
Middle East & North Africa (IDA & IBRD countries),1983 [YR1983],10.2682104022318
Middle income,1983 [YR1983],9.8525779875937
North America,1983 [YR1983],8.443391865311
OECD members,1983 [YR1983],8.76639915237921
Other small states,1983 [YR1983],11.6400746875001
Pacific island small states,1983 [YR1983],7.24929440217652
Post-demographic dividend,1983 [YR1983],9.14721892392332
Pre-demographic dividend,1983 [YR1983],17.9479289294026
Small states,1983 [YR1983],10.3718091661115
South Asia,1983 [YR1983],12.8892818193531
South Asia (IDA & IBRD),1983 [YR1983],12.8892818193531
Sub-Saharan Africa,1983 [YR1983],17.8442422131681
Sub-Saharan Africa (excluding high income),1983 [YR1983],17.8458767172803
Sub-Saharan Africa (IDA & IBRD countries),1983 [YR1983],17.8442422131681
Upper middle income,1983 [YR1983],7.68337363545412
World,1983 [YR1983],10.1732642468315
Viet Nam,1984 [YR1984],7.685
Afghanistan,1984 [YR1984],30.03
Albania,1984 [YR1984],5.808
Algeria,1984 [YR1984],8.556
Angola,1984 [YR1984],21.788
Antigua and Barbuda,1984 [YR1984],6.92
Argentina,1984 [YR1984],8.746
Armenia,1984 [YR1984],7.684
Aruba,1984 [YR1984],6.366
Australia,1984 [YR1984],7.1
Austria,1984 [YR1984],11.7
Azerbaijan,1984 [YR1984],6.8
"Bahamas, The",1984 [YR1984],5.903
Bahrain,1984 [YR1984],3.435
Bangladesh,1984 [YR1984],14.077
Barbados,1984 [YR1984],8.696
Belarus,1984 [YR1984],10.5
Belgium,1984 [YR1984],11.2
Belize,1984 [YR1984],6.531
Benin,1984 [YR1984],17.44
Bermuda,1984 [YR1984],7.1
Bhutan,1984 [YR1984],14.444
Bolivia,1984 [YR1984],14.112
Bosnia and Herzegovina,1984 [YR1984],7.286
Botswana,1984 [YR1984],7.65
Brazil,1984 [YR1984],7.97
British Virgin Islands,1984 [YR1984],5.629
Brunei Darussalam,1984 [YR1984],4.235
Bulgaria,1984 [YR1984],11.3
Burkina Faso,1984 [YR1984],18.201
Burundi,1984 [YR1984],17.373
Cabo Verde,1984 [YR1984],10.207
Cambodia,1984 [YR1984],15.731
Cameroon,1984 [YR1984],14.528
Canada,1984 [YR1984],7.0
Central African Republic,1984 [YR1984],16.273
Chad,1984 [YR1984],20.987
Channel Islands,1984 [YR1984],10.2380556017979
Chile,1984 [YR1984],5.943
China,1984 [YR1984],6.82
Colombia,1984 [YR1984],5.832
Comoros,1984 [YR1984],15.137
"Congo, Dem. Rep.",1984 [YR1984],18.274
"Congo, Rep.",1984 [YR1984],10.643
Costa Rica,1984 [YR1984],3.975
Cote d'Ivoire,1984 [YR1984],14.228
Croatia,1984 [YR1984],11.6
Cuba,1984 [YR1984],6.393
Curacao,1984 [YR1984],6.597
Cyprus,1984 [YR1984],9.218
Czechia,1984 [YR1984],12.8
Denmark,1984 [YR1984],11.2
Djibouti,1984 [YR1984],12.881
Dominica,1984 [YR1984],7.488
Dominican Republic,1984 [YR1984],7.524
Ecuador,1984 [YR1984],7.291
"Egypt, Arab Rep.",1984 [YR1984],10.901
El Salvador,1984 [YR1984],11.596
Equatorial Guinea,1984 [YR1984],17.367
Eritrea,1984 [YR1984],18.084
Estonia,1984 [YR1984],12.6
Eswatini,1984 [YR1984],9.317
Ethiopia,1984 [YR1984],27.792
Faroe Islands,1984 [YR1984],7.8
Fiji,1984 [YR1984],6.668
Finland,1984 [YR1984],9.2
France,1984 [YR1984],9.9
French Polynesia,1984 [YR1984],4.11
Gabon,1984 [YR1984],12.883
"Gambia, The",1984 [YR1984],19.148
Georgia,1984 [YR1984],10.067
Germany,1984 [YR1984],11.8
Ghana,1984 [YR1984],14.157
Gibraltar,1984 [YR1984],7.04
Greece,1984 [YR1984],8.9
Greenland,1984 [YR1984],8.3
Grenada,1984 [YR1984],7.676
Guam,1984 [YR1984],4.467
Guatemala,1984 [YR1984],10.104
Guinea,1984 [YR1984],21.062
Guinea-Bissau,1984 [YR1984],22.679
Guyana,1984 [YR1984],8.526
Haiti,1984 [YR1984],15.523
Honduras,1984 [YR1984],8.541
"Hong Kong SAR, China",1984 [YR1984],4.7
Hungary,1984 [YR1984],13.8
Iceland,1984 [YR1984],6.6
India,1984 [YR1984],12.412
Indonesia,1984 [YR1984],9.256
"Iran, Islamic Rep.",1984 [YR1984],9.219
Iraq,1984 [YR1984],9.595
Ireland,1984 [YR1984],9.1
Isle of Man,1984 [YR1984],15.972
Israel,1984 [YR1984],6.7
Italy,1984 [YR1984],9.5
Jamaica,1984 [YR1984],7.645
Japan,1984 [YR1984],6.2
Jordan,1984 [YR1984],5.239
Kazakhstan,1984 [YR1984],8.3
Kenya,1984 [YR1984],8.76
Kiribati,1984 [YR1984],10.74
"Korea, Dem. People's Rep.",1984 [YR1984],5.833
"Korea, Rep.",1984 [YR1984],5.9
Kosovo,1984 [YR1984],6.157
Kuwait,1984 [YR1984],2.613
Kyrgyz Republic,1984 [YR1984],9.416
Lao PDR,1984 [YR1984],15.688
Latvia,1984 [YR1984],13.0
Lebanon,1984 [YR1984],9.766
Lesotho,1984 [YR1984],10.659
Liberia,1984 [YR1984],19.257
Libya,1984 [YR1984],5.707
Liechtenstein,1984 [YR1984],6.7
Lithuania,1984 [YR1984],11.0
Luxembourg,1984 [YR1984],11.1
"Macao SAR, China",1984 [YR1984],5.799
Madagascar,1984 [YR1984],16.086
Malawi,1984 [YR1984],21.219
Malaysia,1984 [YR1984],4.895
Maldives,1984 [YR1984],10.553
Mali,1984 [YR1984],22.761
Malta,1984 [YR1984],8.8
Marshall Islands,1984 [YR1984],8.151
Mauritania,1984 [YR1984],11.237
Mauritius,1984 [YR1984],6.6
Mexico,1984 [YR1984],6.534
"Micronesia, Fed. Sts.",1984 [YR1984],6.594
Moldova,1984 [YR1984],11.6
Mongolia,1984 [YR1984],12.472
Montenegro,1984 [YR1984],7.264
Morocco,1984 [YR1984],9.846
Mozambique,1984 [YR1984],24.964
Myanmar,1984 [YR1984],12.35
Namibia,1984 [YR1984],10.433
Nauru,1984 [YR1984],9.27
Nepal,1984 [YR1984],15.62
Netherlands,1984 [YR1984],8.3
New Caledonia,1984 [YR1984],6.0
New Zealand,1984 [YR1984],7.8
Nicaragua,1984 [YR1984],10.763
Niger,1984 [YR1984],25.7
Nigeria,1984 [YR1984],18.739
North Macedonia,1984 [YR1984],7.324
Norway,1984 [YR1984],10.3
Oman,1984 [YR1984],7.627
Pakistan,1984 [YR1984],11.415
Panama,1984 [YR1984],5.491
Papua New Guinea,1984 [YR1984],8.542
Paraguay,1984 [YR1984],7.622
Peru,1984 [YR1984],9.837
Philippines,1984 [YR1984],7.992
Poland,1984 [YR1984],10.0
Portugal,1984 [YR1984],9.7
Puerto Rico,1984 [YR1984],6.6
Qatar,1984 [YR1984],2.703
Romania,1984 [YR1984],10.3
Russian Federation,1984 [YR1984],11.6
Rwanda,1984 [YR1984],14.982
Samoa,1984 [YR1984],6.271
Sao Tome and Principe,1984 [YR1984],11.634
Saudi Arabia,1984 [YR1984],6.558
Senegal,1984 [YR1984],14.861
Serbia,1984 [YR1984],11.03
Seychelles,1984 [YR1984],7.5
Sierra Leone,1984 [YR1984],21.851
Singapore,1984 [YR1984],4.8
Sint Maarten (Dutch part),1984 [YR1984],3.872
Slovak Republic,1984 [YR1984],10.1
Slovenia,1984 [YR1984],10.5
Solomon Islands,1984 [YR1984],7.299
Somalia,1984 [YR1984],17.586
South Africa,1984 [YR1984],8.902
South Sudan,1984 [YR1984],30.857
Spain,1984 [YR1984],7.8
Sri Lanka,1984 [YR1984],5.863
St. Kitts and Nevis,1984 [YR1984],11.791
St. Lucia,1984 [YR1984],5.823
St. Martin (French part),1984 [YR1984],3.479
St. Vincent and the Grenadines,1984 [YR1984],6.229
Sudan,1984 [YR1984],17.913
Suriname,1984 [YR1984],8.578
Sweden,1984 [YR1984],10.9
Switzerland,1984 [YR1984],9.1
Syrian Arab Republic,1984 [YR1984],5.44
Tajikistan,1984 [YR1984],10.558
Tanzania,1984 [YR1984],15.05
Thailand,1984 [YR1984],6.395
Timor-Leste,1984 [YR1984],28.423
Togo,1984 [YR1984],13.818
Tonga,1984 [YR1984],6.746
Trinidad and Tobago,1984 [YR1984],6.969
Tunisia,1984 [YR1984],6.807
Turkiye,1984 [YR1984],8.314
Turkmenistan,1984 [YR1984],9.364
Turks and Caicos Islands,1984 [YR1984],6.507
Tuvalu,1984 [YR1984],10.109
Uganda,1984 [YR1984],20.078
Ukraine,1984 [YR1984],12.0
United Arab Emirates,1984 [YR1984],3.184
United Kingdom,1984 [YR1984],11.4
United States,1984 [YR1984],8.7
Uruguay,1984 [YR1984],9.434
Uzbekistan,1984 [YR1984],7.5
Vanuatu,1984 [YR1984],7.827
"Venezuela, RB",1984 [YR1984],4.897
Virgin Islands (U.S.),1984 [YR1984],5.0
"Yemen, Rep.",1984 [YR1984],14.221
Zambia,1984 [YR1984],14.157
Zimbabwe,1984 [YR1984],8.91
Africa Eastern and Southern,1984 [YR1984],17.5523355225819
Africa Western and Central,1984 [YR1984],18.0743240076585
Arab World,1984 [YR1984],10.5500793577892
Caribbean small states,1984 [YR1984],7.82955051570467
Central Europe and the Baltics,1984 [YR1984],11.0292390705962
Early-demographic dividend,1984 [YR1984],11.4084213618538
East Asia & Pacific,1984 [YR1984],7.17927407165084
East Asia & Pacific (excluding high income),1984 [YR1984],7.34257388355945
East Asia & Pacific (IDA & IBRD countries),1984 [YR1984],7.36301694564123
Euro area,1984 [YR1984],10.0794796253147
Europe & Central Asia,1984 [YR1984],10.4006271599057
Europe & Central Asia (excluding high income),1984 [YR1984],9.46685880793847
Europe & Central Asia (IDA & IBRD countries),1984 [YR1984],10.3730537979185
European Union,1984 [YR1984],10.3055306826577
Fragile and conflict affected situations,1984 [YR1984],16.9087530457341
Heavily indebted poor countries (HIPC),1984 [YR1984],19.2125830582098
High income,1984 [YR1984],9.18128063273888
IBRD only,1984 [YR1984],9.1050104909434
IDA & IBRD total,1984 [YR1984],10.3852707625234
IDA blend,1984 [YR1984],13.4426844101516
IDA only,1984 [YR1984],16.7809631307121
IDA total,1984 [YR1984],15.7043072394714
Late-demographic dividend,1984 [YR1984],7.51820958249634
Latin America & Caribbean,1984 [YR1984],7.71615356000199
Latin America & Caribbean (excluding high income),1984 [YR1984],7.92682125176344
Latin America & the Caribbean (IDA & IBRD countries),1984 [YR1984],7.76434219222195
Least developed countries: UN classification,1984 [YR1984],18.0051707849062
Low & middle income,1984 [YR1984],10.3487214306334
Low income,1984 [YR1984],19.5367885893974
Lower middle income,1984 [YR1984],12.3840869887591
Middle East & North Africa,1984 [YR1984],9.25997800742435
Middle East & North Africa (excluding high income),1984 [YR1984],9.56134587303083
Middle East & North Africa (IDA & IBRD countries),1984 [YR1984],9.56134587303083
Middle income,1984 [YR1984],9.66633213355502
North America,1984 [YR1984],8.53318396911953
OECD members,1984 [YR1984],8.65336909407648
Other small states,1984 [YR1984],11.2849456277935
Pacific island small states,1984 [YR1984],7.06314602266349
Post-demographic dividend,1984 [YR1984],9.07899484243816
Pre-demographic dividend,1984 [YR1984],18.1142107339769
Small states,1984 [YR1984],10.0868242890773
South Asia,1984 [YR1984],12.6331856841178
South Asia (IDA & IBRD),1984 [YR1984],12.6331856841178
Sub-Saharan Africa,1984 [YR1984],17.7636796375335
Sub-Saharan Africa (excluding high income),1984 [YR1984],17.7651917557235
Sub-Saharan Africa (IDA & IBRD countries),1984 [YR1984],17.7636796375335
Upper middle income,1984 [YR1984],7.54509662023919
World,1984 [YR1984],10.0517670563762
Viet Nam,1985 [YR1985],7.554
Afghanistan,1985 [YR1985],29.661
Albania,1985 [YR1985],5.794
Algeria,1985 [YR1985],7.579
Angola,1985 [YR1985],21.576
Antigua and Barbuda,1985 [YR1985],7.052
Argentina,1985 [YR1985],8.547
Armenia,1985 [YR1985],7.592
Aruba,1985 [YR1985],6.498
Australia,1985 [YR1985],6.6
Austria,1985 [YR1985],11.8
Azerbaijan,1985 [YR1985],6.8
"Bahamas, The",1985 [YR1985],5.996
Bahrain,1985 [YR1985],3.415
Bangladesh,1985 [YR1985],13.705
Barbados,1985 [YR1985],9.042
Belarus,1985 [YR1985],10.6
Belgium,1985 [YR1985],11.3
Belize,1985 [YR1985],6.177
Benin,1985 [YR1985],16.963
Bhutan,1985 [YR1985],13.951
Bolivia,1985 [YR1985],13.784
Bosnia and Herzegovina,1985 [YR1985],7.61
Botswana,1985 [YR1985],7.468
Brazil,1985 [YR1985],7.796
British Virgin Islands,1985 [YR1985],5.09
Brunei Darussalam,1985 [YR1985],4.168
Bulgaria,1985 [YR1985],12.0
Burkina Faso,1985 [YR1985],17.943
Burundi,1985 [YR1985],17.172
Cabo Verde,1985 [YR1985],9.919
Cambodia,1985 [YR1985],15.257
Cameroon,1985 [YR1985],14.038
Canada,1985 [YR1985],7.0
Cayman Islands,1985 [YR1985],5.6
Central African Republic,1985 [YR1985],16.19
Chad,1985 [YR1985],20.723
Channel Islands,1985 [YR1985],10.9404271262645
Chile,1985 [YR1985],5.732
China,1985 [YR1985],6.78
Colombia,1985 [YR1985],6.532
Comoros,1985 [YR1985],14.736
"Congo, Dem. Rep.",1985 [YR1985],18.164
"Congo, Rep.",1985 [YR1985],10.59
Costa Rica,1985 [YR1985],4.014
Cote d'Ivoire,1985 [YR1985],13.957
Croatia,1985 [YR1985],11.1
Cuba,1985 [YR1985],6.43
Curacao,1985 [YR1985],6.586
Cyprus,1985 [YR1985],8.969
Czechia,1985 [YR1985],12.7
Denmark,1985 [YR1985],11.4
Djibouti,1985 [YR1985],12.632
Dominica,1985 [YR1985],8.097
Dominican Republic,1985 [YR1985],7.227
Ecuador,1985 [YR1985],6.979
"Egypt, Arab Rep.",1985 [YR1985],10.397
El Salvador,1985 [YR1985],10.464
Equatorial Guinea,1985 [YR1985],17.133
Eritrea,1985 [YR1985],17.794
Estonia,1985 [YR1985],12.7
Eswatini,1985 [YR1985],8.802
Ethiopia,1985 [YR1985],26.791
Faroe Islands,1985 [YR1985],7.5
Fiji,1985 [YR1985],6.409
Finland,1985 [YR1985],9.8
France,1985 [YR1985],9.8
French Polynesia,1985 [YR1985],3.877
Gabon,1985 [YR1985],12.549
"Gambia, The",1985 [YR1985],18.565
Georgia,1985 [YR1985],9.918
Germany,1985 [YR1985],12.0
Ghana,1985 [YR1985],13.798
Gibraltar,1985 [YR1985],6.887
Greece,1985 [YR1985],9.4
Greenland,1985 [YR1985],8.2
Grenada,1985 [YR1985],7.576
Guam,1985 [YR1985],4.481
Guatemala,1985 [YR1985],9.751
Guinea,1985 [YR1985],20.659
Guinea-Bissau,1985 [YR1985],22.469
Guyana,1985 [YR1985],8.533
Haiti,1985 [YR1985],15.233
Honduras,1985 [YR1985],8.339
"Hong Kong SAR, China",1985 [YR1985],4.6
Hungary,1985 [YR1985],13.9
Iceland,1985 [YR1985],6.8
India,1985 [YR1985],12.102
Indonesia,1985 [YR1985],8.937
"Iran, Islamic Rep.",1985 [YR1985],8.78
Iraq,1985 [YR1985],9.342
Ireland,1985 [YR1985],9.4
Isle of Man,1985 [YR1985],16.498
Israel,1985 [YR1985],6.6
Italy,1985 [YR1985],9.7
Jamaica,1985 [YR1985],7.513
Japan,1985 [YR1985],6.3
Jordan,1985 [YR1985],5.07
Kazakhstan,1985 [YR1985],8.0
Kenya,1985 [YR1985],8.751
Kiribati,1985 [YR1985],10.601
"Korea, Dem. People's Rep.",1985 [YR1985],5.736
"Korea, Rep.",1985 [YR1985],5.9
Kosovo,1985 [YR1985],6.002
Kuwait,1985 [YR1985],2.458
Kyrgyz Republic,1985 [YR1985],9.213
Lao PDR,1985 [YR1985],15.324
Latvia,1985 [YR1985],13.2
Lebanon,1985 [YR1985],9.672
Lesotho,1985 [YR1985],10.358
Liberia,1985 [YR1985],19.688
Libya,1985 [YR1985],5.521
Liechtenstein,1985 [YR1985],6.4
Lithuania,1985 [YR1985],11.1
Luxembourg,1985 [YR1985],11.0
"Macao SAR, China",1985 [YR1985],5.562
Madagascar,1985 [YR1985],15.969
Malawi,1985 [YR1985],21.653
Malaysia,1985 [YR1985],4.799
Maldives,1985 [YR1985],10.151
Mali,1985 [YR1985],22.264
Malta,1985 [YR1985],8.4
Marshall Islands,1985 [YR1985],7.947
Mauritania,1985 [YR1985],10.937
Mauritius,1985 [YR1985],6.8
Mexico,1985 [YR1985],6.341
"Micronesia, Fed. Sts.",1985 [YR1985],6.473
Moldova,1985 [YR1985],11.754
Mongolia,1985 [YR1985],12.31
Montenegro,1985 [YR1985],6.867
Morocco,1985 [YR1985],9.373
Mozambique,1985 [YR1985],24.664
Myanmar,1985 [YR1985],12.211
Namibia,1985 [YR1985],10.113
Nauru,1985 [YR1985],9.23
Nepal,1985 [YR1985],15.17
Netherlands,1985 [YR1985],8.5
New Caledonia,1985 [YR1985],5.8
New Zealand,1985 [YR1985],8.4
Nicaragua,1985 [YR1985],10.474
Niger,1985 [YR1985],25.813
Nigeria,1985 [YR1985],18.795
North Macedonia,1985 [YR1985],7.435
Norway,1985 [YR1985],10.7
Oman,1985 [YR1985],6.982
Pakistan,1985 [YR1985],11.351
Panama,1985 [YR1985],5.439
Papua New Guinea,1985 [YR1985],8.445
Paraguay,1985 [YR1985],7.376
Peru,1985 [YR1985],9.329
Philippines,1985 [YR1985],7.796
Poland,1985 [YR1985],10.3
Portugal,1985 [YR1985],9.7
Puerto Rico,1985 [YR1985],7.1
Qatar,1985 [YR1985],2.618
Romania,1985 [YR1985],10.9
Russian Federation,1985 [YR1985],11.3
Rwanda,1985 [YR1985],14.649
Samoa,1985 [YR1985],6.229
Sao Tome and Principe,1985 [YR1985],11.381
Saudi Arabia,1985 [YR1985],6.207
Senegal,1985 [YR1985],14.298
Serbia,1985 [YR1985],10.93
Seychelles,1985 [YR1985],7.2
Sierra Leone,1985 [YR1985],21.82
Singapore,1985 [YR1985],4.9
Sint Maarten (Dutch part),1985 [YR1985],3.844
Slovak Republic,1985 [YR1985],10.2
Slovenia,1985 [YR1985],10.2
Solomon Islands,1985 [YR1985],7.151
Somalia,1985 [YR1985],17.707
South Africa,1985 [YR1985],8.715
South Sudan,1985 [YR1985],30.611
Spain,1985 [YR1985],8.1
Sri Lanka,1985 [YR1985],5.827
St. Kitts and Nevis,1985 [YR1985],11.532
St. Lucia,1985 [YR1985],5.943
St. Martin (French part),1985 [YR1985],3.402
St. Vincent and the Grenadines,1985 [YR1985],6.135
Sudan,1985 [YR1985],17.679
Suriname,1985 [YR1985],8.403
Sweden,1985 [YR1985],11.3
Switzerland,1985 [YR1985],9.2
Syrian Arab Republic,1985 [YR1985],5.424
Tajikistan,1985 [YR1985],10.375
Tanzania,1985 [YR1985],14.974
Thailand,1985 [YR1985],6.153
Timor-Leste,1985 [YR1985],28.543
Togo,1985 [YR1985],13.546
Tonga,1985 [YR1985],6.784
Trinidad and Tobago,1985 [YR1985],7.004
Tunisia,1985 [YR1985],6.481
Turkiye,1985 [YR1985],8.015
Turkmenistan,1985 [YR1985],9.318
Turks and Caicos Islands,1985 [YR1985],6.3
Tuvalu,1985 [YR1985],10.286
Uganda,1985 [YR1985],18.874
Ukraine,1985 [YR1985],12.135
United Arab Emirates,1985 [YR1985],3.108
United Kingdom,1985 [YR1985],11.9
United States,1985 [YR1985],8.7
Uruguay,1985 [YR1985],9.423
Uzbekistan,1985 [YR1985],7.2
Vanuatu,1985 [YR1985],7.68
"Venezuela, RB",1985 [YR1985],4.879
Virgin Islands (U.S.),1985 [YR1985],5.0
"Yemen, Rep.",1985 [YR1985],13.592
Zambia,1985 [YR1985],14.602
Zimbabwe,1985 [YR1985],8.492
Africa Eastern and Southern,1985 [YR1985],17.2223893919002
Africa Western and Central,1985 [YR1985],17.9348415541079
Arab World,1985 [YR1985],10.1121626220327
Caribbean small states,1985 [YR1985],7.83468008931361
Central Europe and the Baltics,1985 [YR1985],11.2973762849856
Early-demographic dividend,1985 [YR1985],11.0889344229257
East Asia & Pacific,1985 [YR1985],7.10429832607771
East Asia & Pacific (excluding high income),1985 [YR1985],7.25110401679418
East Asia & Pacific (IDA & IBRD countries),1985 [YR1985],7.27159259314259
Euro area,1985 [YR1985],10.2206467453706
Europe & Central Asia,1985 [YR1985],10.4538291322232
Europe & Central Asia (excluding high income),1985 [YR1985],9.35431764851334
Europe & Central Asia (IDA & IBRD countries),1985 [YR1985],10.2818748964716
European Union,1985 [YR1985],10.4965009037185
Fragile and conflict affected situations,1985 [YR1985],16.727215273013
Heavily indebted poor countries (HIPC),1985 [YR1985],18.8626725859465
High income,1985 [YR1985],9.23515588643461
IBRD only,1985 [YR1985],8.93765705406071
IDA & IBRD total,1985 [YR1985],10.2119277381207
IDA blend,1985 [YR1985],13.3695100250976
IDA only,1985 [YR1985],16.4601798501757
IDA total,1985 [YR1985],15.4603164316226
Late-demographic dividend,1985 [YR1985],7.4514504679379
Latin America & Caribbean,1985 [YR1985],7.57960239410322
Latin America & Caribbean (excluding high income),1985 [YR1985],7.77864680300201
Latin America & the Caribbean (IDA & IBRD countries),1985 [YR1985],7.61693082786983
Least developed countries: UN classification,1985 [YR1985],17.6608903324111
Low & middle income,1985 [YR1985],10.1700672519985
Low income,1985 [YR1985],19.1728264731969
Lower middle income,1985 [YR1985],12.1251877595298
Middle East & North Africa,1985 [YR1985],8.79968554355905
Middle East & North Africa (excluding high income),1985 [YR1985],9.08693872258205
Middle East & North Africa (IDA & IBRD countries),1985 [YR1985],9.08693872258205
Middle income,1985 [YR1985],9.49745354511407
North America,1985 [YR1985],8.53344487962965
OECD members,1985 [YR1985],8.72701587654155
Other small states,1985 [YR1985],11.1420226339258
Pacific island small states,1985 [YR1985],6.89279486726147
Post-demographic dividend,1985 [YR1985],9.17969744468454
Pre-demographic dividend,1985 [YR1985],17.9441403947938
Small states,1985 [YR1985],9.97238874096941
South Asia,1985 [YR1985],12.3423198077408
South Asia (IDA & IBRD),1985 [YR1985],12.3423198077408
Sub-Saharan Africa,1985 [YR1985],17.5103735230669
Sub-Saharan Africa (excluding high income),1985 [YR1985],17.5118611295719
Sub-Saharan Africa (IDA & IBRD countries),1985 [YR1985],17.5103735230669
Upper middle income,1985 [YR1985],7.42983318439057
World,1985 [YR1985],9.93125120018593
Viet Nam,1986 [YR1986],7.358
Afghanistan,1986 [YR1986],23.705
Albania,1986 [YR1986],5.73
Algeria,1986 [YR1986],6.818
Angola,1986 [YR1986],21.429
Antigua and Barbuda,1986 [YR1986],7.196
Argentina,1986 [YR1986],8.34
Armenia,1986 [YR1986],7.566
Aruba,1986 [YR1986],6.69
Australia,1986 [YR1986],7.3
Austria,1986 [YR1986],11.5
Azerbaijan,1986 [YR1986],6.7
"Bahamas, The",1986 [YR1986],6.036
Bahrain,1986 [YR1986],3.369
Bangladesh,1986 [YR1986],13.217
Barbados,1986 [YR1986],9.109
Belarus,1986 [YR1986],9.7
Belgium,1986 [YR1986],11.3
Belize,1986 [YR1986],6.04
Benin,1986 [YR1986],16.451
Bhutan,1986 [YR1986],13.431
Bolivia,1986 [YR1986],13.461
Bosnia and Herzegovina,1986 [YR1986],7.473
Botswana,1986 [YR1986],7.366
Brazil,1986 [YR1986],7.615
British Virgin Islands,1986 [YR1986],4.935
Brunei Darussalam,1986 [YR1986],4.089
Bulgaria,1986 [YR1986],11.6
Burkina Faso,1986 [YR1986],17.809
Burundi,1986 [YR1986],17.269
Cabo Verde,1986 [YR1986],9.597
Cambodia,1986 [YR1986],14.902
Cameroon,1986 [YR1986],13.867
Canada,1986 [YR1986],7.2
Cayman Islands,1986 [YR1986],6.0
Central African Republic,1986 [YR1986],16.126
Chad,1986 [YR1986],20.423
Channel Islands,1986 [YR1986],10.770874132099
Chile,1986 [YR1986],5.54
China,1986 [YR1986],6.86
Colombia,1986 [YR1986],5.788
Comoros,1986 [YR1986],14.32
"Congo, Dem. Rep.",1986 [YR1986],17.994
"Congo, Rep.",1986 [YR1986],10.531
Costa Rica,1986 [YR1986],3.935
Cote d'Ivoire,1986 [YR1986],13.753
Croatia,1986 [YR1986],11.0
Cuba,1986 [YR1986],6.484
Curacao,1986 [YR1986],6.645
Cyprus,1986 [YR1986],9.069
Czechia,1986 [YR1986],12.8
Denmark,1986 [YR1986],11.3
Djibouti,1986 [YR1986],12.368
Dominica,1986 [YR1986],8.212
Dominican Republic,1986 [YR1986],6.941
Ecuador,1986 [YR1986],6.655
"Egypt, Arab Rep.",1986 [YR1986],9.944
El Salvador,1986 [YR1986],10.059
Equatorial Guinea,1986 [YR1986],16.949
Eritrea,1986 [YR1986],17.161
Estonia,1986 [YR1986],11.7
Eswatini,1986 [YR1986],8.349
Ethiopia,1986 [YR1986],26.357
Faroe Islands,1986 [YR1986],8.1
Fiji,1986 [YR1986],6.361
Finland,1986 [YR1986],9.6
France,1986 [YR1986],9.7
French Polynesia,1986 [YR1986],3.638
Gabon,1986 [YR1986],12.264
"Gambia, The",1986 [YR1986],18.115
Georgia,1986 [YR1986],9.998
Germany,1986 [YR1986],11.9
Ghana,1986 [YR1986],13.294
Gibraltar,1986 [YR1986],7.001
Greece,1986 [YR1986],9.2
Greenland,1986 [YR1986],8.3
Grenada,1986 [YR1986],7.535
Guam,1986 [YR1986],4.493
Guatemala,1986 [YR1986],9.445
Guinea,1986 [YR1986],20.378
Guinea-Bissau,1986 [YR1986],22.155
Guyana,1986 [YR1986],8.509
Haiti,1986 [YR1986],14.976
Honduras,1986 [YR1986],8.056
"Hong Kong SAR, China",1986 [YR1986],4.7
Hungary,1986 [YR1986],13.8
Iceland,1986 [YR1986],6.6
India,1986 [YR1986],11.82
Indonesia,1986 [YR1986],8.706
"Iran, Islamic Rep.",1986 [YR1986],8.373
Iraq,1986 [YR1986],9.211
Ireland,1986 [YR1986],9.5
Isle of Man,1986 [YR1986],16.176
Israel,1986 [YR1986],6.8
Italy,1986 [YR1986],9.6
Jamaica,1986 [YR1986],7.417
Japan,1986 [YR1986],6.2
Jordan,1986 [YR1986],4.923
Kazakhstan,1986 [YR1986],7.4
Kenya,1986 [YR1986],8.818
Kiribati,1986 [YR1986],10.411
"Korea, Dem. People's Rep.",1986 [YR1986],5.649
"Korea, Rep.",1986 [YR1986],5.8
Kosovo,1986 [YR1986],5.856
Kuwait,1986 [YR1986],2.3
Kyrgyz Republic,1986 [YR1986],9.161
Lao PDR,1986 [YR1986],14.943
Latvia,1986 [YR1986],12.0
Lebanon,1986 [YR1986],9.432
Lesotho,1986 [YR1986],10.136
Liberia,1986 [YR1986],19.432
Libya,1986 [YR1986],5.319
Liechtenstein,1986 [YR1986],6.9
Lithuania,1986 [YR1986],10.0
Luxembourg,1986 [YR1986],10.8
"Macao SAR, China",1986 [YR1986],5.327
Madagascar,1986 [YR1986],15.791
Malawi,1986 [YR1986],22.032
Malaysia,1986 [YR1986],4.79
Maldives,1986 [YR1986],9.771
Mali,1986 [YR1986],21.589
Malta,1986 [YR1986],8.3
Marshall Islands,1986 [YR1986],7.789
Mauritania,1986 [YR1986],10.644
Mauritius,1986 [YR1986],6.6
Mexico,1986 [YR1986],6.186
"Micronesia, Fed. Sts.",1986 [YR1986],6.354
Moldova,1986 [YR1986],10.321
Mongolia,1986 [YR1986],12.169
Montenegro,1986 [YR1986],6.727
Morocco,1986 [YR1986],8.944
Mozambique,1986 [YR1986],22.76
Myanmar,1986 [YR1986],12.017
Namibia,1986 [YR1986],9.815
Nauru,1986 [YR1986],9.103
Nepal,1986 [YR1986],14.723
Netherlands,1986 [YR1986],8.6
New Caledonia,1986 [YR1986],5.7
New Zealand,1986 [YR1986],8.25
Nicaragua,1986 [YR1986],9.807
Niger,1986 [YR1986],25.756
Nigeria,1986 [YR1986],18.928
North Macedonia,1986 [YR1986],7.376
Norway,1986 [YR1986],10.5
Oman,1986 [YR1986],6.358
Pakistan,1986 [YR1986],11.257
Panama,1986 [YR1986],5.416
Papua New Guinea,1986 [YR1986],8.421
Paraguay,1986 [YR1986],7.145
Peru,1986 [YR1986],8.876
Philippines,1986 [YR1986],7.675
Poland,1986 [YR1986],10.1
Portugal,1986 [YR1986],9.5
Puerto Rico,1986 [YR1986],7.2
Qatar,1986 [YR1986],2.541
Romania,1986 [YR1986],10.6
Russian Federation,1986 [YR1986],10.4
Rwanda,1986 [YR1986],14.431
Samoa,1986 [YR1986],6.198
Sao Tome and Principe,1986 [YR1986],12.431
Saudi Arabia,1986 [YR1986],5.887
Senegal,1986 [YR1986],13.487
Serbia,1986 [YR1986],11.063
Seychelles,1986 [YR1986],7.6
Sierra Leone,1986 [YR1986],21.837
Singapore,1986 [YR1986],4.6
Sint Maarten (Dutch part),1986 [YR1986],3.827
Slovak Republic,1986 [YR1986],10.2
Slovenia,1986 [YR1986],9.9
Solomon Islands,1986 [YR1986],7.401
Somalia,1986 [YR1986],17.646
South Africa,1986 [YR1986],8.517
South Sudan,1986 [YR1986],30.275
Spain,1986 [YR1986],8.0
Sri Lanka,1986 [YR1986],5.738
St. Kitts and Nevis,1986 [YR1986],11.738
St. Lucia,1986 [YR1986],5.915
St. Martin (French part),1986 [YR1986],3.068
St. Vincent and the Grenadines,1986 [YR1986],6.119
Sudan,1986 [YR1986],14.094
Suriname,1986 [YR1986],8.361
Sweden,1986 [YR1986],11.1
Switzerland,1986 [YR1986],9.2
Syrian Arab Republic,1986 [YR1986],5.215
Tajikistan,1986 [YR1986],10.269
Tanzania,1986 [YR1986],14.796
Thailand,1986 [YR1986],5.935
Timor-Leste,1986 [YR1986],28.068
Togo,1986 [YR1986],13.319
Tonga,1986 [YR1986],6.828
Trinidad and Tobago,1986 [YR1986],6.657
Tunisia,1986 [YR1986],6.242
Turkiye,1986 [YR1986],7.737
Turkmenistan,1986 [YR1986],9.1
Turks and Caicos Islands,1986 [YR1986],6.079
Tuvalu,1986 [YR1986],10.363
Uganda,1986 [YR1986],18.923
Ukraine,1986 [YR1986],11.1
United Arab Emirates,1986 [YR1986],3.058
United Kingdom,1986 [YR1986],11.7
United States,1986 [YR1986],8.7
Uruguay,1986 [YR1986],9.41
Uzbekistan,1986 [YR1986],7.1
Vanuatu,1986 [YR1986],7.315
"Venezuela, RB",1986 [YR1986],4.776
Virgin Islands (U.S.),1986 [YR1986],5.0
"Yemen, Rep.",1986 [YR1986],14.067
Zambia,1986 [YR1986],15.053
Zimbabwe,1986 [YR1986],8.17
Africa Eastern and Southern,1986 [YR1986],16.7223652605472
Africa Western and Central,1986 [YR1986],17.819936750283
Arab World,1986 [YR1986],9.43739183227409
Caribbean small states,1986 [YR1986],7.82085717171049
Central Europe and the Baltics,1986 [YR1986],11.0427294581049
Early-demographic dividend,1986 [YR1986],10.8130737248274
East Asia & Pacific,1986 [YR1986],7.1065245763838
East Asia & Pacific (excluding high income),1986 [YR1986],7.25526710324443
East Asia & Pacific (IDA & IBRD countries),1986 [YR1986],7.27694290833447
Euro area,1986 [YR1986],10.097066680949
Europe & Central Asia,1986 [YR1986],10.0895624079337
Europe & Central Asia (excluding high income),1986 [YR1986],8.86266241487033
Europe & Central Asia (IDA & IBRD countries),1986 [YR1986],9.68768760614764
European Union,1986 [YR1986],10.3546788688496
Fragile and conflict affected situations,1986 [YR1986],16.1471576223554
Heavily indebted poor countries (HIPC),1986 [YR1986],18.1413617884041
High income,1986 [YR1986],9.04923000390016
IBRD only,1986 [YR1986],8.74569299343431
IDA & IBRD total,1986 [YR1986],9.98973790051607
IDA blend,1986 [YR1986],13.3433860605946
IDA only,1986 [YR1986],15.900440856405
IDA total,1986 [YR1986],15.070267364334
Late-demographic dividend,1986 [YR1986],7.35010504077963
Latin America & Caribbean,1986 [YR1986],7.34234338520852
Latin America & Caribbean (excluding high income),1986 [YR1986],7.52674550294486
Latin America & the Caribbean (IDA & IBRD countries),1986 [YR1986],7.36830396440443
Least developed countries: UN classification,1986 [YR1986],17.060598352219
Low & middle income,1986 [YR1986],9.9759827552708
Low income,1986 [YR1986],18.4040053716432
Lower middle income,1986 [YR1986],11.8797434773341
Middle East & North Africa,1986 [YR1986],8.45029498051978
Middle East & North Africa (excluding high income),1986 [YR1986],8.72567928053366
Middle East & North Africa (IDA & IBRD countries),1986 [YR1986],8.72567928053366
Middle income,1986 [YR1986],9.34301940339909
North America,1986 [YR1986],8.55294694452134
OECD members,1986 [YR1986],8.61571890413451
Other small states,1986 [YR1986],10.7771928032728
Pacific island small states,1986 [YR1986],6.86969614499526
Post-demographic dividend,1986 [YR1986],9.05292768897517
Pre-demographic dividend,1986 [YR1986],17.4281803959501
Small states,1986 [YR1986],9.72187916922205
South Asia,1986 [YR1986],11.9915617604558
South Asia (IDA & IBRD),1986 [YR1986],11.9915617604558
Sub-Saharan Africa,1986 [YR1986],17.1653661850724
Sub-Saharan Africa (excluding high income),1986 [YR1986],17.1667153994156
Sub-Saharan Africa (IDA & IBRD countries),1986 [YR1986],17.1653661850724
Upper middle income,1986 [YR1986],7.33216106079714
World,1986 [YR1986],9.74167565029768
Viet Nam,1987 [YR1987],7.19
Afghanistan,1987 [YR1987],23.285
Albania,1987 [YR1987],5.627
Algeria,1987 [YR1987],6.447
Angola,1987 [YR1987],22.934
Antigua and Barbuda,1987 [YR1987],7.327
Argentina,1987 [YR1987],8.157
Armenia,1987 [YR1987],7.743
Aruba,1987 [YR1987],6.78
Australia,1987 [YR1987],7.5
Austria,1987 [YR1987],11.2
Azerbaijan,1987 [YR1987],6.7
"Bahamas, The",1987 [YR1987],6.225
Bahrain,1987 [YR1987],3.331
Bangladesh,1987 [YR1987],12.77
Barbados,1987 [YR1987],9.236
Belarus,1987 [YR1987],9.9
Belgium,1987 [YR1987],10.7
Belize,1987 [YR1987],5.821
Benin,1987 [YR1987],16.01
Bhutan,1987 [YR1987],12.921
Bolivia,1987 [YR1987],13.107
Bosnia and Herzegovina,1987 [YR1987],7.363
Botswana,1987 [YR1987],7.345
Brazil,1987 [YR1987],7.447
British Virgin Islands,1987 [YR1987],4.997
Brunei Darussalam,1987 [YR1987],4.041
Bulgaria,1987 [YR1987],12.0
Burkina Faso,1987 [YR1987],17.668
Burundi,1987 [YR1987],17.569
Cabo Verde,1987 [YR1987],9.229
Cambodia,1987 [YR1987],13.742
Cameroon,1987 [YR1987],13.408
Canada,1987 [YR1987],7.2
Cayman Islands,1987 [YR1987],4.6
Central African Republic,1987 [YR1987],16.09
Chad,1987 [YR1987],21.846
Channel Islands,1987 [YR1987],10.0686901896319
Chile,1987 [YR1987],5.327
China,1987 [YR1987],6.72
Colombia,1987 [YR1987],5.829
Comoros,1987 [YR1987],14.016
"Congo, Dem. Rep.",1987 [YR1987],17.727
"Congo, Rep.",1987 [YR1987],10.545
Costa Rica,1987 [YR1987],3.902
Cote d'Ivoire,1987 [YR1987],13.579
Croatia,1987 [YR1987],11.2
Cuba,1987 [YR1987],6.557
Curacao,1987 [YR1987],6.658
Cyprus,1987 [YR1987],8.797
Czechia,1987 [YR1987],12.3
Denmark,1987 [YR1987],11.3
Djibouti,1987 [YR1987],12.178
Dominica,1987 [YR1987],8.613
Dominican Republic,1987 [YR1987],6.678
Ecuador,1987 [YR1987],6.345
"Egypt, Arab Rep.",1987 [YR1987],9.428
El Salvador,1987 [YR1987],9.151
Equatorial Guinea,1987 [YR1987],16.808
Eritrea,1987 [YR1987],16.916
Estonia,1987 [YR1987],11.8
Eswatini,1987 [YR1987],7.939
Ethiopia,1987 [YR1987],19.495
Faroe Islands,1987 [YR1987],8.0
Fiji,1987 [YR1987],6.37
Finland,1987 [YR1987],9.7
France,1987 [YR1987],9.6
French Polynesia,1987 [YR1987],3.537
Gabon,1987 [YR1987],12.021
"Gambia, The",1987 [YR1987],17.558
Georgia,1987 [YR1987],10.267
Germany,1987 [YR1987],11.6
Ghana,1987 [YR1987],12.799
Gibraltar,1987 [YR1987],8.128
Greece,1987 [YR1987],9.6
Greenland,1987 [YR1987],8.2
Grenada,1987 [YR1987],7.532
Guam,1987 [YR1987],4.504
Guatemala,1987 [YR1987],9.136
Guinea,1987 [YR1987],20.031
Guinea-Bissau,1987 [YR1987],21.83
Guyana,1987 [YR1987],8.479
Haiti,1987 [YR1987],14.704
Honduras,1987 [YR1987],7.841
"Hong Kong SAR, China",1987 [YR1987],4.8
Hungary,1987 [YR1987],13.4
Iceland,1987 [YR1987],7.0
India,1987 [YR1987],11.522
Indonesia,1987 [YR1987],8.591
"Iran, Islamic Rep.",1987 [YR1987],8.071
Iraq,1987 [YR1987],9.036
Ireland,1987 [YR1987],8.9
Isle of Man,1987 [YR1987],15.908
Israel,1987 [YR1987],6.7
Italy,1987 [YR1987],9.4
Jamaica,1987 [YR1987],7.206
Japan,1987 [YR1987],6.2
Jordan,1987 [YR1987],4.772
Kazakhstan,1987 [YR1987],7.6
Kenya,1987 [YR1987],8.849
Kiribati,1987 [YR1987],10.143
"Korea, Dem. People's Rep.",1987 [YR1987],5.62
"Korea, Rep.",1987 [YR1987],5.9
Kosovo,1987 [YR1987],5.658
Kuwait,1987 [YR1987],2.189
Kyrgyz Republic,1987 [YR1987],9.054
Lao PDR,1987 [YR1987],14.629
Latvia,1987 [YR1987],12.2
Lebanon,1987 [YR1987],9.278
Lesotho,1987 [YR1987],10.09
Liberia,1987 [YR1987],19.738
Libya,1987 [YR1987],5.142
Liechtenstein,1987 [YR1987],6.5
Lithuania,1987 [YR1987],10.2
Luxembourg,1987 [YR1987],10.8
"Macao SAR, China",1987 [YR1987],5.079
Madagascar,1987 [YR1987],15.494
Malawi,1987 [YR1987],22.275
Malaysia,1987 [YR1987],4.756
Maldives,1987 [YR1987],9.309
Mali,1987 [YR1987],20.96
Malta,1987 [YR1987],8.4
Marshall Islands,1987 [YR1987],7.659
Mauritania,1987 [YR1987],10.286
Mauritius,1987 [YR1987],6.5
Mexico,1987 [YR1987],6.051
"Micronesia, Fed. Sts.",1987 [YR1987],6.281
Moldova,1987 [YR1987],10.159
Mongolia,1987 [YR1987],11.778
Montenegro,1987 [YR1987],6.491
Morocco,1987 [YR1987],8.573
Mozambique,1987 [YR1987],22.614
Myanmar,1987 [YR1987],11.849
Namibia,1987 [YR1987],9.478
Nauru,1987 [YR1987],8.915
Nepal,1987 [YR1987],14.127
Netherlands,1987 [YR1987],8.3
New Caledonia,1987 [YR1987],5.7
New Zealand,1987 [YR1987],8.3
Nicaragua,1987 [YR1987],9.736
Niger,1987 [YR1987],25.49
Nigeria,1987 [YR1987],18.807
North Macedonia,1987 [YR1987],7.505
Norway,1987 [YR1987],10.7
Oman,1987 [YR1987],5.755
Pakistan,1987 [YR1987],11.383
Panama,1987 [YR1987],5.408
Papua New Guinea,1987 [YR1987],8.324
Paraguay,1987 [YR1987],6.923
Peru,1987 [YR1987],8.426
Philippines,1987 [YR1987],7.432
Poland,1987 [YR1987],10.1
Portugal,1987 [YR1987],9.5
Puerto Rico,1987 [YR1987],7.3
Qatar,1987 [YR1987],2.445
Romania,1987 [YR1987],11.1
Russian Federation,1987 [YR1987],10.5
Rwanda,1987 [YR1987],14.281
Samoa,1987 [YR1987],6.158
Sao Tome and Principe,1987 [YR1987],10.596
Saudi Arabia,1987 [YR1987],5.613
Senegal,1987 [YR1987],12.857
Serbia,1987 [YR1987],11.19
Seychelles,1987 [YR1987],7.4
Sierra Leone,1987 [YR1987],21.601
Singapore,1987 [YR1987],4.7
Sint Maarten (Dutch part),1987 [YR1987],3.801
Slovak Republic,1987 [YR1987],10.0
Slovenia,1987 [YR1987],10.0
Solomon Islands,1987 [YR1987],6.887
Somalia,1987 [YR1987],17.304
South Africa,1987 [YR1987],8.439
South Sudan,1987 [YR1987],47.475
Spain,1987 [YR1987],8.0
Sri Lanka,1987 [YR1987],5.825
St. Kitts and Nevis,1987 [YR1987],11.784
St. Lucia,1987 [YR1987],6.049
St. Martin (French part),1987 [YR1987],2.988
St. Vincent and the Grenadines,1987 [YR1987],5.987
Sudan,1987 [YR1987],19.307
Suriname,1987 [YR1987],8.19
Sweden,1987 [YR1987],11.1
Switzerland,1987 [YR1987],9.3
Syrian Arab Republic,1987 [YR1987],5.124
Tajikistan,1987 [YR1987],10.121
Tanzania,1987 [YR1987],14.658
Thailand,1987 [YR1987],5.665
Timor-Leste,1987 [YR1987],26.729
Togo,1987 [YR1987],13.076
Tonga,1987 [YR1987],6.866
Trinidad and Tobago,1987 [YR1987],6.651
Tunisia,1987 [YR1987],5.97
Turkiye,1987 [YR1987],7.484
Turkmenistan,1987 [YR1987],8.905
Turks and Caicos Islands,1987 [YR1987],5.802
Tuvalu,1987 [YR1987],10.464
Uganda,1987 [YR1987],18.181
Ukraine,1987 [YR1987],11.4
United Arab Emirates,1987 [YR1987],2.864
United Kingdom,1987 [YR1987],11.3
United States,1987 [YR1987],8.6
Uruguay,1987 [YR1987],9.395
Uzbekistan,1987 [YR1987],7.0
Vanuatu,1987 [YR1987],7.544
"Venezuela, RB",1987 [YR1987],4.811
Virgin Islands (U.S.),1987 [YR1987],5.0
"Yemen, Rep.",1987 [YR1987],12.484
Zambia,1987 [YR1987],15.438
Zimbabwe,1987 [YR1987],8.117
Africa Eastern and Southern,1987 [YR1987],16.321565135337
Africa Western and Central,1987 [YR1987],17.6246223042975
Arab World,1987 [YR1987],9.56683556460777
Caribbean small states,1987 [YR1987],7.81048540732416
Central Europe and the Baltics,1987 [YR1987],11.1044736409181
Early-demographic dividend,1987 [YR1987],10.4065757942883
East Asia & Pacific,1987 [YR1987],6.98215879592994
East Asia & Pacific (excluding high income),1987 [YR1987],7.10656003260039
East Asia & Pacific (IDA & IBRD countries),1987 [YR1987],7.12656621096999
Euro area,1987 [YR1987],9.93852674529332
Europe & Central Asia,1987 [YR1987],10.0284402128213
Europe & Central Asia (excluding high income),1987 [YR1987],8.8763338530658
Europe & Central Asia (IDA & IBRD countries),1987 [YR1987],9.76368119826748
European Union,1987 [YR1987],10.2487297588058
Fragile and conflict affected situations,1987 [YR1987],15.8224429296435
Heavily indebted poor countries (HIPC),1987 [YR1987],17.4000938202245
High income,1987 [YR1987],8.97943296190991
IBRD only,1987 [YR1987],8.58457636641392
IDA & IBRD total,1987 [YR1987],9.80587418922254
IDA blend,1987 [YR1987],13.3100767542497
IDA only,1987 [YR1987],15.4493456969211
IDA total,1987 [YR1987],14.7523759698862
Late-demographic dividend,1987 [YR1987],7.23983968478378
Latin America & Caribbean,1987 [YR1987],7.17894398437742
Latin America & Caribbean (excluding high income),1987 [YR1987],7.35012121917432
Latin America & the Caribbean (IDA & IBRD countries),1987 [YR1987],7.19599633159461
Least developed countries: UN classification,1987 [YR1987],16.6048428637953
Low & middle income,1987 [YR1987],9.77454431903538
Low income,1987 [YR1987],17.8397586398564
Lower middle income,1987 [YR1987],11.6344721955459
Middle East & North Africa,1987 [YR1987],8.04624104682886
Middle East & North Africa (excluding high income),1987 [YR1987],8.30968691505651
Middle East & North Africa (IDA & IBRD countries),1987 [YR1987],8.30968691505651
Middle income,1987 [YR1987],9.16546454866848
North America,1987 [YR1987],8.46222427820421
OECD members,1987 [YR1987],8.49329148570692
Other small states,1987 [YR1987],10.5064654104182
Pacific island small states,1987 [YR1987],6.78389008224566
Post-demographic dividend,1987 [YR1987],8.97267397929322
Pre-demographic dividend,1987 [YR1987],17.785402656064
Small states,1987 [YR1987],9.52847167067068
South Asia,1987 [YR1987],11.7167786015499
South Asia (IDA & IBRD),1987 [YR1987],11.7167786015499
Sub-Saharan Africa,1987 [YR1987],16.8466921563854
Sub-Saharan Africa (excluding high income),1987 [YR1987],16.8480427818333
Sub-Saharan Africa (IDA & IBRD countries),1987 [YR1987],16.8466921563854
Upper middle income,1987 [YR1987],7.19519708309512
World,1987 [YR1987],9.57361486467878
Viet Nam,1988 [YR1988],7.142
Afghanistan,1988 [YR1988],19.945
Albania,1988 [YR1988],5.578
Algeria,1988 [YR1988],5.972
Angola,1988 [YR1988],22.387
Antigua and Barbuda,1988 [YR1988],7.461
Argentina,1988 [YR1988],7.96
Armenia,1988 [YR1988],14.853
Aruba,1988 [YR1988],6.902
Australia,1988 [YR1988],7.2
Austria,1988 [YR1988],11.0
Azerbaijan,1988 [YR1988],6.8
"Bahamas, The",1988 [YR1988],6.14
Bahrain,1988 [YR1988],3.298
Bangladesh,1988 [YR1988],12.542
Barbados,1988 [YR1988],9.447
Belarus,1988 [YR1988],10.1
Belgium,1988 [YR1988],10.6
Belize,1988 [YR1988],5.594
Benin,1988 [YR1988],15.543
Bhutan,1988 [YR1988],12.426
Bolivia,1988 [YR1988],12.699
Bosnia and Herzegovina,1988 [YR1988],7.463
Botswana,1988 [YR1988],7.6
Brazil,1988 [YR1988],7.31
British Virgin Islands,1988 [YR1988],4.927
Brunei Darussalam,1988 [YR1988],3.981
Bulgaria,1988 [YR1988],12.0
Burkina Faso,1988 [YR1988],17.496
Burundi,1988 [YR1988],20.561
Cabo Verde,1988 [YR1988],8.868
Cambodia,1988 [YR1988],13.168
Cameroon,1988 [YR1988],13.204
Canada,1988 [YR1988],7.3
Cayman Islands,1988 [YR1988],4.6
Central African Republic,1988 [YR1988],16.07
Chad,1988 [YR1988],20.154
Channel Islands,1988 [YR1988],9.85010706638116
Chile,1988 [YR1988],5.459
China,1988 [YR1988],6.64
Colombia,1988 [YR1988],5.83
Comoros,1988 [YR1988],13.562
"Congo, Dem. Rep.",1988 [YR1988],17.429
"Congo, Rep.",1988 [YR1988],10.698
Costa Rica,1988 [YR1988],3.83
Cote d'Ivoire,1988 [YR1988],13.547
Croatia,1988 [YR1988],11.1
Cuba,1988 [YR1988],6.638
Curacao,1988 [YR1988],6.729
Cyprus,1988 [YR1988],8.866
Czechia,1988 [YR1988],12.1
Denmark,1988 [YR1988],11.5
Djibouti,1988 [YR1988],11.944
Dominica,1988 [YR1988],8.55
Dominican Republic,1988 [YR1988],6.452
Ecuador,1988 [YR1988],6.073
"Egypt, Arab Rep.",1988 [YR1988],8.935
El Salvador,1988 [YR1988],8.35
Equatorial Guinea,1988 [YR1988],16.633
Eritrea,1988 [YR1988],16.435
Estonia,1988 [YR1988],11.9
Eswatini,1988 [YR1988],7.544
Ethiopia,1988 [YR1988],19.782
Faroe Islands,1988 [YR1988],9.0
Fiji,1988 [YR1988],6.283
Finland,1988 [YR1988],9.9
France,1988 [YR1988],9.5
French Polynesia,1988 [YR1988],3.407
Gabon,1988 [YR1988],11.846
"Gambia, The",1988 [YR1988],17.061
Georgia,1988 [YR1988],10.157
Germany,1988 [YR1988],11.5
Ghana,1988 [YR1988],12.302
Gibraltar,1988 [YR1988],6.799
Greece,1988 [YR1988],9.2
Greenland,1988 [YR1988],7.9
Grenada,1988 [YR1988],7.465
Guam,1988 [YR1988],4.491
Guatemala,1988 [YR1988],8.861
Guinea,1988 [YR1988],19.891
Guinea-Bissau,1988 [YR1988],21.36
Guyana,1988 [YR1988],8.458
Haiti,1988 [YR1988],14.401
Honduras,1988 [YR1988],7.685
"Hong Kong SAR, China",1988 [YR1988],4.9
Hungary,1988 [YR1988],13.2
Iceland,1988 [YR1988],7.3
India,1988 [YR1988],11.236
Indonesia,1988 [YR1988],8.507
"Iran, Islamic Rep.",1988 [YR1988],7.668
Iraq,1988 [YR1988],10.824
Ireland,1988 [YR1988],9.0
Isle of Man,1988 [YR1988],15.451
Israel,1988 [YR1988],6.6
Italy,1988 [YR1988],9.5
Jamaica,1988 [YR1988],7.118
Japan,1988 [YR1988],6.5
Jordan,1988 [YR1988],4.609
Kazakhstan,1988 [YR1988],7.7
Kenya,1988 [YR1988],8.999
Kiribati,1988 [YR1988],9.843
"Korea, Dem. People's Rep.",1988 [YR1988],5.57
"Korea, Rep.",1988 [YR1988],5.6
Kosovo,1988 [YR1988],5.58
Kuwait,1988 [YR1988],2.133
Kyrgyz Republic,1988 [YR1988],8.941
Lao PDR,1988 [YR1988],14.236
Latvia,1988 [YR1988],12.2
Lebanon,1988 [YR1988],9.128
Lesotho,1988 [YR1988],10.001
Liberia,1988 [YR1988],20.102
Libya,1988 [YR1988],4.972
Liechtenstein,1988 [YR1988],7.0
Lithuania,1988 [YR1988],10.3
Luxembourg,1988 [YR1988],10.3
"Macao SAR, China",1988 [YR1988],4.879
Madagascar,1988 [YR1988],15.213
Malawi,1988 [YR1988],22.892
Malaysia,1988 [YR1988],4.717
Maldives,1988 [YR1988],8.807
Mali,1988 [YR1988],20.368
Malta,1988 [YR1988],7.8
Marshall Islands,1988 [YR1988],7.502
Mauritania,1988 [YR1988],9.963
Mauritius,1988 [YR1988],6.6
Mexico,1988 [YR1988],5.938
"Micronesia, Fed. Sts.",1988 [YR1988],6.035
Moldova,1988 [YR1988],10.258
Mongolia,1988 [YR1988],11.348
Montenegro,1988 [YR1988],6.094
Morocco,1988 [YR1988],8.241
Mozambique,1988 [YR1988],20.57
Myanmar,1988 [YR1988],11.795
Namibia,1988 [YR1988],9.399
Nauru,1988 [YR1988],8.611
Nepal,1988 [YR1988],13.739
Netherlands,1988 [YR1988],8.4
New Caledonia,1988 [YR1988],5.9
New Zealand,1988 [YR1988],8.26
Nicaragua,1988 [YR1988],8.563
Niger,1988 [YR1988],25.124
Nigeria,1988 [YR1988],18.694
North Macedonia,1988 [YR1988],7.417
Norway,1988 [YR1988],10.8
Oman,1988 [YR1988],5.279
Pakistan,1988 [YR1988],11.199
Panama,1988 [YR1988],5.42
Papua New Guinea,1988 [YR1988],8.281
Paraguay,1988 [YR1988],6.736
Peru,1988 [YR1988],7.996
Philippines,1988 [YR1988],7.202
Poland,1988 [YR1988],9.9
Portugal,1988 [YR1988],9.8
Puerto Rico,1988 [YR1988],7.35
Qatar,1988 [YR1988],2.428
Romania,1988 [YR1988],11.0
Russian Federation,1988 [YR1988],10.7
Rwanda,1988 [YR1988],14.328
Samoa,1988 [YR1988],6.068
Sao Tome and Principe,1988 [YR1988],10.351
Saudi Arabia,1988 [YR1988],5.331
Senegal,1988 [YR1988],12.208
Serbia,1988 [YR1988],11.069
Seychelles,1988 [YR1988],7.3
Sierra Leone,1988 [YR1988],21.521
Singapore,1988 [YR1988],4.9
Sint Maarten (Dutch part),1988 [YR1988],3.57
Slovak Republic,1988 [YR1988],10.0
Slovenia,1988 [YR1988],9.6
Solomon Islands,1988 [YR1988],6.755
Somalia,1988 [YR1988],20.457
South Africa,1988 [YR1988],8.235
South Sudan,1988 [YR1988],74.552
Spain,1988 [YR1988],8.2
Sri Lanka,1988 [YR1988],5.882
St. Kitts and Nevis,1988 [YR1988],11.856
St. Lucia,1988 [YR1988],6.07
St. Martin (French part),1988 [YR1988],2.785
St. Vincent and the Grenadines,1988 [YR1988],5.878
Sudan,1988 [YR1988],25.865
Suriname,1988 [YR1988],8.014
Sweden,1988 [YR1988],11.5
Switzerland,1988 [YR1988],9.0
Syrian Arab Republic,1988 [YR1988],4.94
Tajikistan,1988 [YR1988],9.859
Tanzania,1988 [YR1988],14.484
Thailand,1988 [YR1988],5.663
Timor-Leste,1988 [YR1988],26.634
Togo,1988 [YR1988],12.854
Tonga,1988 [YR1988],6.848
Trinidad and Tobago,1988 [YR1988],6.595
Tunisia,1988 [YR1988],5.713
Turkiye,1988 [YR1988],7.244
Turkmenistan,1988 [YR1988],8.66
Turks and Caicos Islands,1988 [YR1988],5.675
Tuvalu,1988 [YR1988],10.503
Uganda,1988 [YR1988],18.113
Ukraine,1988 [YR1988],11.6
United Arab Emirates,1988 [YR1988],2.801
United Kingdom,1988 [YR1988],11.4
United States,1988 [YR1988],8.9
Uruguay,1988 [YR1988],9.395
Uzbekistan,1988 [YR1988],6.9
Vanuatu,1988 [YR1988],6.893
"Venezuela, RB",1988 [YR1988],4.777
Virgin Islands (U.S.),1988 [YR1988],4.875
"Yemen, Rep.",1988 [YR1988],11.981
Zambia,1988 [YR1988],15.836
Zimbabwe,1988 [YR1988],8.17
Africa Eastern and Southern,1988 [YR1988],17.2179831437481
Africa Western and Central,1988 [YR1988],17.3745808826325
Arab World,1988 [YR1988],10.154806665417
Caribbean small states,1988 [YR1988],7.75819736362338
Central Europe and the Baltics,1988 [YR1988],10.968745417021
Early-demographic dividend,1988 [YR1988],10.169783167921
East Asia & Pacific,1988 [YR1988],6.92438871991771
East Asia & Pacific (excluding high income),1988 [YR1988],7.02356235514858
East Asia & Pacific (IDA & IBRD countries),1988 [YR1988],7.04306925861394
Euro area,1988 [YR1988],9.93294368508324
Europe & Central Asia,1988 [YR1988],10.0725293773149
Europe & Central Asia (excluding high income),1988 [YR1988],8.96050494271562
Europe & Central Asia (IDA & IBRD countries),1988 [YR1988],9.84512612154736
European Union,1988 [YR1988],10.2208408761958
Fragile and conflict affected situations,1988 [YR1988],16.3289523974113
Heavily indebted poor countries (HIPC),1988 [YR1988],17.5884301769608
High income,1988 [YR1988],9.07688221827926
IBRD only,1988 [YR1988],8.45755525995663
IDA & IBRD total,1988 [YR1988],9.73903150392386
IDA blend,1988 [YR1988],13.1853758030399
IDA only,1988 [YR1988],15.7137412089581
IDA total,1988 [YR1988],14.8870324727315
Late-demographic dividend,1988 [YR1988],7.19086288609412
Latin America & Caribbean,1988 [YR1988],7.02742522120045
Latin America & Caribbean (excluding high income),1988 [YR1988],7.17882751396102
Latin America & the Caribbean (IDA & IBRD countries),1988 [YR1988],7.03653950018638
Least developed countries: UN classification,1988 [YR1988],16.924213499721
Low & middle income,1988 [YR1988],9.69957494625336
Low income,1988 [YR1988],18.5951200323909
Lower middle income,1988 [YR1988],11.3926749027517
Middle East & North Africa,1988 [YR1988],7.81109399878265
Middle East & North Africa (excluding high income),1988 [YR1988],8.07719608481281
Middle East & North Africa (IDA & IBRD countries),1988 [YR1988],8.07719608481281
Middle income,1988 [YR1988],9.02380345246419
North America,1988 [YR1988],8.74198946822171
OECD members,1988 [YR1988],8.55005459137291
Other small states,1988 [YR1988],10.3595800364911
Pacific island small states,1988 [YR1988],6.62964613687996
Post-demographic dividend,1988 [YR1988],9.08654796962912
Pre-demographic dividend,1988 [YR1988],18.302664979364
Small states,1988 [YR1988],9.40360921625506
South Asia,1988 [YR1988],11.4167551231496
South Asia (IDA & IBRD),1988 [YR1988],11.4167551231496
Sub-Saharan Africa,1988 [YR1988],17.2810325091875
Sub-Saharan Africa (excluding high income),1988 [YR1988],17.2824247290096
Sub-Saharan Africa (IDA & IBRD countries),1988 [YR1988],17.2810325091875
Upper middle income,1988 [YR1988],7.12098076527456
World,1988 [YR1988],9.53985460734875
Viet Nam,1989 [YR1989],6.875
Afghanistan,1989 [YR1989],19.047
Albania,1989 [YR1989],5.554
Algeria,1989 [YR1989],5.884
Angola,1989 [YR1989],22.161
Antigua and Barbuda,1989 [YR1989],7.608
Argentina,1989 [YR1989],7.841
Armenia,1989 [YR1989],7.556
Aruba,1989 [YR1989],7.129
Australia,1989 [YR1989],7.3
Austria,1989 [YR1989],10.9
Azerbaijan,1989 [YR1989],6.4
"Bahamas, The",1989 [YR1989],6.027
Bahrain,1989 [YR1989],3.24
Bangladesh,1989 [YR1989],12.372
Barbados,1989 [YR1989],9.467
Belarus,1989 [YR1989],10.2
Belgium,1989 [YR1989],10.8
Belize,1989 [YR1989],5.59
Benin,1989 [YR1989],15.2
Bermuda,1989 [YR1989],7.7
Bhutan,1989 [YR1989],11.97
Bolivia,1989 [YR1989],12.319
Bosnia and Herzegovina,1989 [YR1989],7.596
Botswana,1989 [YR1989],7.652
Brazil,1989 [YR1989],7.165
British Virgin Islands,1989 [YR1989],4.854
Brunei Darussalam,1989 [YR1989],3.926
Bulgaria,1989 [YR1989],12.0
Burkina Faso,1989 [YR1989],17.346
Burundi,1989 [YR1989],18.639
Cabo Verde,1989 [YR1989],8.642
Cambodia,1989 [YR1989],12.727
Cameroon,1989 [YR1989],13.11
Canada,1989 [YR1989],7.3
Cayman Islands,1989 [YR1989],4.5
Central African Republic,1989 [YR1989],16.071
Chad,1989 [YR1989],20.086
Channel Islands,1989 [YR1989],9.84715718102681
Chile,1989 [YR1989],5.538
China,1989 [YR1989],6.54
Colombia,1989 [YR1989],5.826
Comoros,1989 [YR1989],13.265
"Congo, Dem. Rep.",1989 [YR1989],17.142
"Congo, Rep.",1989 [YR1989],10.895
Costa Rica,1989 [YR1989],3.826
Cote d'Ivoire,1989 [YR1989],13.698
Croatia,1989 [YR1989],11.0
Cuba,1989 [YR1989],6.732
Curacao,1989 [YR1989],6.865
Cyprus,1989 [YR1989],8.714
Czechia,1989 [YR1989],12.3
Denmark,1989 [YR1989],11.6
Djibouti,1989 [YR1989],11.855
Dominica,1989 [YR1989],9.781
Dominican Republic,1989 [YR1989],6.258
Ecuador,1989 [YR1989],5.851
"Egypt, Arab Rep.",1989 [YR1989],8.536
El Salvador,1989 [YR1989],9.062
Equatorial Guinea,1989 [YR1989],16.458
Eritrea,1989 [YR1989],16.507
Estonia,1989 [YR1989],11.8
Eswatini,1989 [YR1989],7.304
Ethiopia,1989 [YR1989],19.762
Faroe Islands,1989 [YR1989],7.9
Fiji,1989 [YR1989],6.24
Finland,1989 [YR1989],9.9
France,1989 [YR1989],9.4
French Polynesia,1989 [YR1989],3.32
Gabon,1989 [YR1989],11.593
"Gambia, The",1989 [YR1989],16.608
Georgia,1989 [YR1989],10.369
Germany,1989 [YR1989],11.5
Ghana,1989 [YR1989],11.818
Gibraltar,1989 [YR1989],8.713
Greece,1989 [YR1989],9.2
Greenland,1989 [YR1989],8.2
Grenada,1989 [YR1989],7.425
Guam,1989 [YR1989],4.495
Guatemala,1989 [YR1989],8.681
Guinea,1989 [YR1989],19.669
Guinea-Bissau,1989 [YR1989],20.996
Guyana,1989 [YR1989],8.42
Haiti,1989 [YR1989],14.245
Honduras,1989 [YR1989],7.329
"Hong Kong SAR, China",1989 [YR1989],5.1
Hungary,1989 [YR1989],13.8
Iceland,1989 [YR1989],6.8
India,1989 [YR1989],10.956
Indonesia,1989 [YR1989],8.31
"Iran, Islamic Rep.",1989 [YR1989],6.686
Iraq,1989 [YR1989],10.735
Ireland,1989 [YR1989],9.1
Isle of Man,1989 [YR1989],15.653
Israel,1989 [YR1989],7.1
Italy,1989 [YR1989],9.4
Jamaica,1989 [YR1989],6.877
Japan,1989 [YR1989],6.4
Jordan,1989 [YR1989],4.471
Kazakhstan,1989 [YR1989],7.6
Kenya,1989 [YR1989],9.162
Kiribati,1989 [YR1989],9.539
"Korea, Dem. People's Rep.",1989 [YR1989],5.559
"Korea, Rep.",1989 [YR1989],5.6
Kosovo,1989 [YR1989],5.475
Kuwait,1989 [YR1989],2.114
Kyrgyz Republic,1989 [YR1989],7.2
Lao PDR,1989 [YR1989],13.874
Latvia,1989 [YR1989],12.2
Lebanon,1989 [YR1989],7.963
Lesotho,1989 [YR1989],9.997
Liberia,1989 [YR1989],20.475
Libya,1989 [YR1989],4.823
Liechtenstein,1989 [YR1989],6.1
Lithuania,1989 [YR1989],10.4
Luxembourg,1989 [YR1989],10.6
"Macao SAR, China",1989 [YR1989],4.639
Madagascar,1989 [YR1989],14.853
Malawi,1989 [YR1989],22.492
Malaysia,1989 [YR1989],4.677
Maldives,1989 [YR1989],8.338
Mali,1989 [YR1989],19.917
Malta,1989 [YR1989],7.4
Marshall Islands,1989 [YR1989],7.351
Mauritania,1989 [YR1989],9.844
Mauritius,1989 [YR1989],6.8
Mexico,1989 [YR1989],5.855
"Micronesia, Fed. Sts.",1989 [YR1989],5.925
Moldova,1989 [YR1989],9.989
Mongolia,1989 [YR1989],10.89
Montenegro,1989 [YR1989],6.617
Morocco,1989 [YR1989],7.944
Mozambique,1989 [YR1989],20.313
Myanmar,1989 [YR1989],11.528
Namibia,1989 [YR1989],8.387
Nauru,1989 [YR1989],8.229
Nepal,1989 [YR1989],13.095
Netherlands,1989 [YR1989],8.7
New Caledonia,1989 [YR1989],5.9
New Zealand,1989 [YR1989],8.12
Nicaragua,1989 [YR1989],7.618
Niger,1989 [YR1989],24.665
Nigeria,1989 [YR1989],18.58
North Macedonia,1989 [YR1989],7.436
Norway,1989 [YR1989],10.7
Oman,1989 [YR1989],4.894
Pakistan,1989 [YR1989],11.013
Panama,1989 [YR1989],5.783
Papua New Guinea,1989 [YR1989],8.179
Paraguay,1989 [YR1989],6.616
Peru,1989 [YR1989],7.607
Philippines,1989 [YR1989],6.955
Poland,1989 [YR1989],10.1
Portugal,1989 [YR1989],9.6
Puerto Rico,1989 [YR1989],7.4
Qatar,1989 [YR1989],2.33
Romania,1989 [YR1989],10.7
Russian Federation,1989 [YR1989],10.7
Rwanda,1989 [YR1989],14.554
Samoa,1989 [YR1989],5.987
Sao Tome and Principe,1989 [YR1989],10.819
Saudi Arabia,1989 [YR1989],5.074
Senegal,1989 [YR1989],11.756
Serbia,1989 [YR1989],11.113
Seychelles,1989 [YR1989],8.1
Sierra Leone,1989 [YR1989],21.446
Singapore,1989 [YR1989],4.9
Sint Maarten (Dutch part),1989 [YR1989],3.685
Slovak Republic,1989 [YR1989],10.2
Slovenia,1989 [YR1989],9.4
Solomon Islands,1989 [YR1989],6.647
Somalia,1989 [YR1989],18.337
South Africa,1989 [YR1989],8.162
South Sudan,1989 [YR1989],33.879
Spain,1989 [YR1989],8.4
Sri Lanka,1989 [YR1989],6.649
St. Kitts and Nevis,1989 [YR1989],12.19
St. Lucia,1989 [YR1989],6.054
St. Martin (French part),1989 [YR1989],2.785
St. Vincent and the Grenadines,1989 [YR1989],5.75
Sudan,1989 [YR1989],15.118
Suriname,1989 [YR1989],7.708
Sweden,1989 [YR1989],10.8
Switzerland,1989 [YR1989],9.2
Syrian Arab Republic,1989 [YR1989],4.851
Tajikistan,1989 [YR1989],9.743
Tanzania,1989 [YR1989],14.436
Thailand,1989 [YR1989],5.615
Timor-Leste,1989 [YR1989],19.077
Togo,1989 [YR1989],12.761
Tonga,1989 [YR1989],6.841
Trinidad and Tobago,1989 [YR1989],6.59
Tunisia,1989 [YR1989],5.659
Turkiye,1989 [YR1989],7.046
Turkmenistan,1989 [YR1989],8.495
Turks and Caicos Islands,1989 [YR1989],5.847
Tuvalu,1989 [YR1989],10.467
Uganda,1989 [YR1989],18.177
Ukraine,1989 [YR1989],11.6
United Arab Emirates,1989 [YR1989],2.745
United Kingdom,1989 [YR1989],11.5
United States,1989 [YR1989],8.8
Uruguay,1989 [YR1989],9.393
Uzbekistan,1989 [YR1989],6.3
Vanuatu,1989 [YR1989],6.852
"Venezuela, RB",1989 [YR1989],4.779
Virgin Islands (U.S.),1989 [YR1989],4.75
"Yemen, Rep.",1989 [YR1989],11.588
Zambia,1989 [YR1989],16.239
Zimbabwe,1989 [YR1989],8.424
Africa Eastern and Southern,1989 [YR1989],15.6143984986871
Africa Western and Central,1989 [YR1989],17.2050227591015
Arab World,1989 [YR1989],8.74918001930721
Caribbean small states,1989 [YR1989],7.71064882194943
Central Europe and the Baltics,1989 [YR1989],11.0488326950756
Early-demographic dividend,1989 [YR1989],9.91886041178833
East Asia & Pacific,1989 [YR1989],6.80585834310897
East Asia & Pacific (excluding high income),1989 [YR1989],6.8944603886701
East Asia & Pacific (IDA & IBRD countries),1989 [YR1989],6.91234356834344
Euro area,1989 [YR1989],9.9367860546573
Europe & Central Asia,1989 [YR1989],10.0093737040786
Europe & Central Asia (excluding high income),1989 [YR1989],8.6611814255166
Europe & Central Asia (IDA & IBRD countries),1989 [YR1989],9.69757618025669
European Union,1989 [YR1989],10.2303527045357
Fragile and conflict affected situations,1989 [YR1989],15.2079328497982
Heavily indebted poor countries (HIPC),1989 [YR1989],16.6830446099847
High income,1989 [YR1989],9.05040304429213
IBRD only,1989 [YR1989],8.28107284506334
IDA & IBRD total,1989 [YR1989],9.4620733970049
IDA blend,1989 [YR1989],13.019237097307
IDA only,1989 [YR1989],14.726584554276
IDA total,1989 [YR1989],14.1664743139584
Late-demographic dividend,1989 [YR1989],7.08179092841785
Latin America & Caribbean,1989 [YR1989],6.91353860094662
Latin America & Caribbean (excluding high income),1989 [YR1989],7.04734929574742
Latin America & the Caribbean (IDA & IBRD countries),1989 [YR1989],6.91582778215385
Least developed countries: UN classification,1989 [YR1989],15.8078902035741
Low & middle income,1989 [YR1989],9.40740367419089
Low income,1989 [YR1989],16.8059715463294
Lower middle income,1989 [YR1989],11.1478180301117
Middle East & North Africa,1989 [YR1989],7.39185975108062
Middle East & North Africa (excluding high income),1989 [YR1989],7.62848325458764
Middle East & North Africa (IDA & IBRD countries),1989 [YR1989],7.62848325458764
Middle income,1989 [YR1989],8.84148282337569
North America,1989 [YR1989],8.65052862141788
OECD members,1989 [YR1989],8.51371716412763
Other small states,1989 [YR1989],9.66880474632711
Pacific island small states,1989 [YR1989],6.55720213442679
Post-demographic dividend,1989 [YR1989],9.05876022895183
Pre-demographic dividend,1989 [YR1989],17.015712360245
Small states,1989 [YR1989],8.91461527753941
South Asia,1989 [YR1989],11.1605457268111
South Asia (IDA & IBRD),1989 [YR1989],11.1605457268111
Sub-Saharan Africa,1989 [YR1989],16.2546066063191
Sub-Saharan Africa (excluding high income),1989 [YR1989],16.255719239614
Sub-Saharan Africa (IDA & IBRD countries),1989 [YR1989],16.2546066063191
Upper middle income,1989 [YR1989],6.97612288694716
World,1989 [YR1989],9.30989203204855
Viet Nam,1990 [YR1990],6.816
Afghanistan,1990 [YR1990],18.449
Albania,1990 [YR1990],5.526
Algeria,1990 [YR1990],5.731
Angola,1990 [YR1990],21.993
Antigua and Barbuda,1990 [YR1990],7.666
Argentina,1990 [YR1990],7.743
Armenia,1990 [YR1990],7.524
Aruba,1990 [YR1990],7.1
Australia,1990 [YR1990],7.0
Austria,1990 [YR1990],10.8
Azerbaijan,1990 [YR1990],6.1
"Bahamas, The",1990 [YR1990],5.855
Bahrain,1990 [YR1990],3.206
Bangladesh,1990 [YR1990],11.725
Barbados,1990 [YR1990],9.701
Belarus,1990 [YR1990],10.8
Belgium,1990 [YR1990],10.4
Belize,1990 [YR1990],5.555
Benin,1990 [YR1990],14.75
Bermuda,1990 [YR1990],7.3
Bhutan,1990 [YR1990],11.543
Bolivia,1990 [YR1990],11.925
Bosnia and Herzegovina,1990 [YR1990],7.378
Botswana,1990 [YR1990],7.986
Brazil,1990 [YR1990],7.158
British Virgin Islands,1990 [YR1990],4.952
Brunei Darussalam,1990 [YR1990],3.87
Bulgaria,1990 [YR1990],12.5
Burkina Faso,1990 [YR1990],17.079
Burundi,1990 [YR1990],19.067
Cabo Verde,1990 [YR1990],8.315
Cambodia,1990 [YR1990],12.246
Cameroon,1990 [YR1990],13.09
Canada,1990 [YR1990],7.3
Cayman Islands,1990 [YR1990],4.1
Central African Republic,1990 [YR1990],16.088
Chad,1990 [YR1990],20.737
Channel Islands,1990 [YR1990],9.90746865242779
Chile,1990 [YR1990],5.625
China,1990 [YR1990],6.67
Colombia,1990 [YR1990],5.834
Comoros,1990 [YR1990],12.806
"Congo, Dem. Rep.",1990 [YR1990],16.833
"Congo, Rep.",1990 [YR1990],11.146
Costa Rica,1990 [YR1990],3.758
Cote d'Ivoire,1990 [YR1990],13.882
Croatia,1990 [YR1990],10.9
Cuba,1990 [YR1990],6.841
Curacao,1990 [YR1990],6.864
Cyprus,1990 [YR1990],8.835
Czechia,1990 [YR1990],12.5
Denmark,1990 [YR1990],11.9
Djibouti,1990 [YR1990],11.711
Dominica,1990 [YR1990],9.915
Dominican Republic,1990 [YR1990],6.078
Ecuador,1990 [YR1990],5.678
"Egypt, Arab Rep.",1990 [YR1990],8.194
El Salvador,1990 [YR1990],7.812
Equatorial Guinea,1990 [YR1990],16.246
Eritrea,1990 [YR1990],15.215
Estonia,1990 [YR1990],12.4
Eswatini,1990 [YR1990],7.155
Ethiopia,1990 [YR1990],20.055
Faroe Islands,1990 [YR1990],7.5
Fiji,1990 [YR1990],6.159
Finland,1990 [YR1990],10.0
France,1990 [YR1990],9.3
French Polynesia,1990 [YR1990],3.275
Gabon,1990 [YR1990],11.437
"Gambia, The",1990 [YR1990],16.102
Georgia,1990 [YR1990],10.499
Germany,1990 [YR1990],11.6
Ghana,1990 [YR1990],11.492
Gibraltar,1990 [YR1990],7.359
Greece,1990 [YR1990],9.2
Greenland,1990 [YR1990],8.4
Grenada,1990 [YR1990],7.348
Guam,1990 [YR1990],4.486
Guatemala,1990 [YR1990],8.595
Guinea,1990 [YR1990],19.494
Guinea-Bissau,1990 [YR1990],20.568
Guyana,1990 [YR1990],8.358
Haiti,1990 [YR1990],14.029
Honduras,1990 [YR1990],7.044
"Hong Kong SAR, China",1990 [YR1990],5.2
Hungary,1990 [YR1990],14.0
Iceland,1990 [YR1990],6.7
India,1990 [YR1990],10.691
Indonesia,1990 [YR1990],8.111
"Iran, Islamic Rep.",1990 [YR1990],7.176
Iraq,1990 [YR1990],10.565
Ireland,1990 [YR1990],8.9
Isle of Man,1990 [YR1990],14.76
Israel,1990 [YR1990],6.8
Italy,1990 [YR1990],9.6
Jamaica,1990 [YR1990],6.861
Japan,1990 [YR1990],6.7
Jordan,1990 [YR1990],4.345
Kazakhstan,1990 [YR1990],7.87
Kenya,1990 [YR1990],9.31
Kiribati,1990 [YR1990],9.229
"Korea, Dem. People's Rep.",1990 [YR1990],5.578
"Korea, Rep.",1990 [YR1990],5.6
Kosovo,1990 [YR1990],5.421
Kuwait,1990 [YR1990],2.697
Kyrgyz Republic,1990 [YR1990],6.9
Lao PDR,1990 [YR1990],13.548
Latvia,1990 [YR1990],13.1
Lebanon,1990 [YR1990],7.848
Lesotho,1990 [YR1990],10.013
Liberia,1990 [YR1990],25.501
Libya,1990 [YR1990],4.663
Liechtenstein,1990 [YR1990],6.8
Lithuania,1990 [YR1990],10.8
Luxembourg,1990 [YR1990],9.9
"Macao SAR, China",1990 [YR1990],4.425
Madagascar,1990 [YR1990],14.463
Malawi,1990 [YR1990],22.087
Malaysia,1990 [YR1990],4.656
Maldives,1990 [YR1990],7.916
Mali,1990 [YR1990],19.272
Malta,1990 [YR1990],7.8
Marshall Islands,1990 [YR1990],7.248
Mauritania,1990 [YR1990],9.614
Mauritius,1990 [YR1990],6.6
Mexico,1990 [YR1990],5.777
"Micronesia, Fed. Sts.",1990 [YR1990],5.794
Moldova,1990 [YR1990],10.588
Mongolia,1990 [YR1990],10.48
Montenegro,1990 [YR1990],6.772
Morocco,1990 [YR1990],7.706
Mozambique,1990 [YR1990],20.036
Myanmar,1990 [YR1990],11.489
Namibia,1990 [YR1990],8.31
Nauru,1990 [YR1990],7.833
Nepal,1990 [YR1990],12.66
Netherlands,1990 [YR1990],8.6
New Caledonia,1990 [YR1990],5.4
New Zealand,1990 [YR1990],7.89
Nicaragua,1990 [YR1990],7.288
Niger,1990 [YR1990],24.067
Nigeria,1990 [YR1990],18.631
North Macedonia,1990 [YR1990],7.606
Norway,1990 [YR1990],10.9
Oman,1990 [YR1990],4.541
Pakistan,1990 [YR1990],10.731
Palau,1990 [YR1990],7.7
Panama,1990 [YR1990],5.374
Papua New Guinea,1990 [YR1990],8.119
Paraguay,1990 [YR1990],6.382
Peru,1990 [YR1990],7.243
Philippines,1990 [YR1990],6.781
Poland,1990 [YR1990],10.2
Portugal,1990 [YR1990],10.3
Puerto Rico,1990 [YR1990],7.3
Qatar,1990 [YR1990],2.241
Romania,1990 [YR1990],10.6
Russian Federation,1990 [YR1990],11.2
Rwanda,1990 [YR1990],15.403
Samoa,1990 [YR1990],5.95
Sao Tome and Principe,1990 [YR1990],10.105
Saudi Arabia,1990 [YR1990],4.849
Senegal,1990 [YR1990],11.433
Serbia,1990 [YR1990],10.988
Seychelles,1990 [YR1990],7.7
Sierra Leone,1990 [YR1990],21.34
Singapore,1990 [YR1990],4.7
Sint Maarten (Dutch part),1990 [YR1990],3.744
Slovak Republic,1990 [YR1990],10.3
Slovenia,1990 [YR1990],9.3
Solomon Islands,1990 [YR1990],6.548
Somalia,1990 [YR1990],18.009
South Africa,1990 [YR1990],8.031
South Sudan,1990 [YR1990],34.067
Spain,1990 [YR1990],8.6
Sri Lanka,1990 [YR1990],5.923
St. Kitts and Nevis,1990 [YR1990],12.211
St. Lucia,1990 [YR1990],6.061
St. Martin (French part),1990 [YR1990],2.748
St. Vincent and the Grenadines,1990 [YR1990],5.904
Sudan,1990 [YR1990],14.831
Suriname,1990 [YR1990],7.567
Sweden,1990 [YR1990],11.1
Switzerland,1990 [YR1990],9.5
Syrian Arab Republic,1990 [YR1990],4.784
Tajikistan,1990 [YR1990],9.681
Tanzania,1990 [YR1990],14.477
Thailand,1990 [YR1990],5.602
Timor-Leste,1990 [YR1990],18.691
Togo,1990 [YR1990],12.707
Tonga,1990 [YR1990],6.842
Trinidad and Tobago,1990 [YR1990],6.694
Tunisia,1990 [YR1990],5.5
Turkiye,1990 [YR1990],6.841
Turkmenistan,1990 [YR1990],8.257
Turks and Caicos Islands,1990 [YR1990],6.216
Tuvalu,1990 [YR1990],10.413
Uganda,1990 [YR1990],18.094
Ukraine,1990 [YR1990],12.1
United Arab Emirates,1990 [YR1990],2.704
United Kingdom,1990 [YR1990],11.2
United States,1990 [YR1990],8.6
Uruguay,1990 [YR1990],9.388
Uzbekistan,1990 [YR1990],6.1
Vanuatu,1990 [YR1990],6.635
"Venezuela, RB",1990 [YR1990],4.753
Virgin Islands (U.S.),1990 [YR1990],4.625
West Bank and Gaza,1990 [YR1990],6.72
"Yemen, Rep.",1990 [YR1990],11.198
Zambia,1990 [YR1990],16.597
Zimbabwe,1990 [YR1990],8.747
Africa Eastern and Southern,1990 [YR1990],15.5798072024658
Africa Western and Central,1990 [YR1990],17.1784074796549
Arab World,1990 [YR1990],8.4875568850378
Caribbean small states,1990 [YR1990],7.66949159064585
Central Europe and the Baltics,1990 [YR1990],11.1751433470436
Early-demographic dividend,1990 [YR1990],9.70000452130492
East Asia & Pacific,1990 [YR1990],6.87326641687807
East Asia & Pacific (excluding high income),1990 [YR1990],6.95024050101322
East Asia & Pacific (IDA & IBRD countries),1990 [YR1990],6.96859319228301
Euro area,1990 [YR1990],10.0225014373495
Europe & Central Asia,1990 [YR1990],10.1404457840682
Europe & Central Asia (excluding high income),1990 [YR1990],8.72792868193842
Europe & Central Asia (IDA & IBRD countries),1990 [YR1990],9.90798007761869
European Union,1990 [YR1990],10.3256957950517
Fragile and conflict affected situations,1990 [YR1990],15.1723587288236
Heavily indebted poor countries (HIPC),1990 [YR1990],16.5923093842207
High income,1990 [YR1990],9.11295543140019
IBRD only,1990 [YR1990],8.25812474434005
IDA & IBRD total,1990 [YR1990],9.41444668486831
IDA blend,1990 [YR1990],12.9242387506667
IDA only,1990 [YR1990],14.4985606399772
IDA total,1990 [YR1990],13.9801584745758
Late-demographic dividend,1990 [YR1990],7.1869447506472
Latin America & Caribbean,1990 [YR1990],6.82911347505354
Latin America & Caribbean (excluding high income),1990 [YR1990],6.95578174279537
Latin America & the Caribbean (IDA & IBRD countries),1990 [YR1990],6.82675091025027
Least developed countries: UN classification,1990 [YR1990],15.5836804408516
Low & middle income,1990 [YR1990],9.33842682435801
Low income,1990 [YR1990],16.71691854686
Lower middle income,1990 [YR1990],10.9035687067573
Middle East & North Africa,1990 [YR1990],7.32741834514875
Middle East & North Africa (excluding high income),1990 [YR1990],7.56127068448893
Middle East & North Africa (IDA & IBRD countries),1990 [YR1990],7.56847074719413
Middle income,1990 [YR1990],8.77071281881665
North America,1990 [YR1990],8.4699459732548
OECD members,1990 [YR1990],8.49540308371691
Other small states,1990 [YR1990],9.64349377742667
Pacific island small states,1990 [YR1990],6.46920449626522
Post-demographic dividend,1990 [YR1990],9.09140702775697
Pre-demographic dividend,1990 [YR1990],16.921015229808
Small states,1990 [YR1990],8.88137287671261
South Asia,1990 [YR1990],10.8433256286689
South Asia (IDA & IBRD),1990 [YR1990],10.8433256286689
Sub-Saharan Africa,1990 [YR1990],16.2224368991432
Sub-Saharan Africa (excluding high income),1990 [YR1990],16.2235733489673
Sub-Saharan Africa (IDA & IBRD countries),1990 [YR1990],16.2224368991432
Upper middle income,1990 [YR1990],7.03031263505424
World,1990 [YR1990],9.27110964612953
Viet Nam,1991 [YR1991],6.549
Afghanistan,1991 [YR1991],17.946
Albania,1991 [YR1991],5.515
Algeria,1991 [YR1991],5.629
Angola,1991 [YR1991],20.475
Antigua and Barbuda,1991 [YR1991],7.753
Argentina,1991 [YR1991],7.536
Armenia,1991 [YR1991],7.664
Aruba,1991 [YR1991],6.869
Australia,1991 [YR1991],6.9
Austria,1991 [YR1991],10.8
Azerbaijan,1991 [YR1991],6.3
"Bahamas, The",1991 [YR1991],6.135
Bahrain,1991 [YR1991],3.156
Bangladesh,1991 [YR1991],12.565
Barbados,1991 [YR1991],9.762
Belarus,1991 [YR1991],11.2
Belgium,1991 [YR1991],10.4
Belize,1991 [YR1991],5.673
Benin,1991 [YR1991],14.461
Bermuda,1991 [YR1991],7.7
Bhutan,1991 [YR1991],11.145
Bolivia,1991 [YR1991],11.518
Bosnia and Herzegovina,1991 [YR1991],7.769
Botswana,1991 [YR1991],8.423
Brazil,1991 [YR1991],7.068
British Virgin Islands,1991 [YR1991],5.406
Brunei Darussalam,1991 [YR1991],3.817
Bulgaria,1991 [YR1991],12.8
Burkina Faso,1991 [YR1991],16.985
Burundi,1991 [YR1991],19.393
Cabo Verde,1991 [YR1991],8.137
Cambodia,1991 [YR1991],11.986
Cameroon,1991 [YR1991],13.153
Canada,1991 [YR1991],7.0
Cayman Islands,1991 [YR1991],4.1
Central African Republic,1991 [YR1991],16.132
Chad,1991 [YR1991],20.029
Channel Islands,1991 [YR1991],10.448088049337
Chile,1991 [YR1991],5.313
China,1991 [YR1991],6.7
Colombia,1991 [YR1991],5.818
Comoros,1991 [YR1991],12.498
"Congo, Dem. Rep.",1991 [YR1991],16.591
"Congo, Rep.",1991 [YR1991],11.459
Costa Rica,1991 [YR1991],3.823
Cote d'Ivoire,1991 [YR1991],14.03
Croatia,1991 [YR1991],11.7
Cuba,1991 [YR1991],6.962
Curacao,1991 [YR1991],6.932
Cyprus,1991 [YR1991],8.881
Czechia,1991 [YR1991],12.1
Denmark,1991 [YR1991],11.6
Djibouti,1991 [YR1991],11.816
Dominica,1991 [YR1991],10.32
Dominican Republic,1991 [YR1991],5.92
Ecuador,1991 [YR1991],5.627
"Egypt, Arab Rep.",1991 [YR1991],7.834
El Salvador,1991 [YR1991],7.257
Equatorial Guinea,1991 [YR1991],16.072
Eritrea,1991 [YR1991],14.627
Estonia,1991 [YR1991],12.6
Eswatini,1991 [YR1991],7.197
Ethiopia,1991 [YR1991],18.88
Faroe Islands,1991 [YR1991],8.4
Fiji,1991 [YR1991],6.121
Finland,1991 [YR1991],9.8
France,1991 [YR1991],9.2
French Polynesia,1991 [YR1991],3.231
Gabon,1991 [YR1991],11.266
"Gambia, The",1991 [YR1991],15.541
Georgia,1991 [YR1991],10.634
Germany,1991 [YR1991],11.4
Ghana,1991 [YR1991],11.209
Gibraltar,1991 [YR1991],7.54
Greece,1991 [YR1991],9.3
Greenland,1991 [YR1991],8.3
Grenada,1991 [YR1991],7.233
Guam,1991 [YR1991],4.57
Guatemala,1991 [YR1991],8.435
Guinea,1991 [YR1991],19.077
Guinea-Bissau,1991 [YR1991],20.167
Guyana,1991 [YR1991],8.266
Haiti,1991 [YR1991],13.654
Honduras,1991 [YR1991],6.736
"Hong Kong SAR, China",1991 [YR1991],5.0
Hungary,1991 [YR1991],14.0
Iceland,1991 [YR1991],7.0
India,1991 [YR1991],10.455
Indonesia,1991 [YR1991],8.007
"Iran, Islamic Rep.",1991 [YR1991],6.207
Iraq,1991 [YR1991],8.541
Ireland,1991 [YR1991],8.9
Isle of Man,1991 [YR1991],14.529
Israel,1991 [YR1991],6.5
Italy,1991 [YR1991],9.7
Jamaica,1991 [YR1991],6.974
Japan,1991 [YR1991],6.7
Jordan,1991 [YR1991],4.25
Kazakhstan,1991 [YR1991],8.19
Kenya,1991 [YR1991],9.527
Kiribati,1991 [YR1991],8.912
"Korea, Dem. People's Rep.",1991 [YR1991],5.62
"Korea, Rep.",1991 [YR1991],5.6
Kosovo,1991 [YR1991],5.327
Kuwait,1991 [YR1991],2.579
Kyrgyz Republic,1991 [YR1991],6.9
Lao PDR,1991 [YR1991],13.063
Latvia,1991 [YR1991],13.1
Lebanon,1991 [YR1991],5.199
Lesotho,1991 [YR1991],10.081
Liberia,1991 [YR1991],21.006
Libya,1991 [YR1991],4.524
Liechtenstein,1991 [YR1991],6.4
Lithuania,1991 [YR1991],11.1
Luxembourg,1991 [YR1991],9.7
"Macao SAR, China",1991 [YR1991],4.179
Madagascar,1991 [YR1991],14.036
Malawi,1991 [YR1991],21.711
Malaysia,1991 [YR1991],4.656
Maldives,1991 [YR1991],7.493
Mali,1991 [YR1991],18.794
Malta,1991 [YR1991],7.9
Marshall Islands,1991 [YR1991],7.111
Mauritania,1991 [YR1991],9.52
Mauritius,1991 [YR1991],6.6
Mexico,1991 [YR1991],5.68
"Micronesia, Fed. Sts.",1991 [YR1991],5.715
Moldova,1991 [YR1991],11.619
Mongolia,1991 [YR1991],10.016
Montenegro,1991 [YR1991],6.948
Morocco,1991 [YR1991],7.53
Mozambique,1991 [YR1991],19.812
Myanmar,1991 [YR1991],11.31
Namibia,1991 [YR1991],8.425
Nauru,1991 [YR1991],7.412
Nepal,1991 [YR1991],12.131
Netherlands,1991 [YR1991],8.6
New Caledonia,1991 [YR1991],5.6
New Zealand,1991 [YR1991],7.55
Nicaragua,1991 [YR1991],6.896
Niger,1991 [YR1991],23.667
Nigeria,1991 [YR1991],18.819
North Macedonia,1991 [YR1991],7.497
Norway,1991 [YR1991],10.5
Oman,1991 [YR1991],4.292
Pakistan,1991 [YR1991],10.543
Palau,1991 [YR1991],6.5
Panama,1991 [YR1991],5.347
Papua New Guinea,1991 [YR1991],8.046
Paraguay,1991 [YR1991],6.255
Peru,1991 [YR1991],7.068
Philippines,1991 [YR1991],6.627
Poland,1991 [YR1991],10.6
Portugal,1991 [YR1991],10.4
Puerto Rico,1991 [YR1991],7.4
Qatar,1991 [YR1991],2.253
Romania,1991 [YR1991],10.9
Russian Federation,1991 [YR1991],11.4
Rwanda,1991 [YR1991],16.453
Samoa,1991 [YR1991],5.9
Sao Tome and Principe,1991 [YR1991],10.064
Saudi Arabia,1991 [YR1991],4.65
Senegal,1991 [YR1991],11.285
Serbia,1991 [YR1991],10.931
Seychelles,1991 [YR1991],7.7
Sierra Leone,1991 [YR1991],21.667
Singapore,1991 [YR1991],4.6
Sint Maarten (Dutch part),1991 [YR1991],3.894
Slovak Republic,1991 [YR1991],10.3
Slovenia,1991 [YR1991],9.7
Solomon Islands,1991 [YR1991],6.461
Somalia,1991 [YR1991],40.463
South Africa,1991 [YR1991],8.017
South Sudan,1991 [YR1991],33.899
Spain,1991 [YR1991],8.7
Sri Lanka,1991 [YR1991],6.086
St. Kitts and Nevis,1991 [YR1991],11.82
St. Lucia,1991 [YR1991],5.999
St. Martin (French part),1991 [YR1991],2.448
St. Vincent and the Grenadines,1991 [YR1991],5.682
Sudan,1991 [YR1991],14.501
Suriname,1991 [YR1991],7.432
Sweden,1991 [YR1991],11.0
Switzerland,1991 [YR1991],9.2
Syrian Arab Republic,1991 [YR1991],4.67
Tajikistan,1991 [YR1991],9.804
Tanzania,1991 [YR1991],14.502
Thailand,1991 [YR1991],5.612
Timor-Leste,1991 [YR1991],18.434
Togo,1991 [YR1991],12.698
Tonga,1991 [YR1991],6.811
Trinidad and Tobago,1991 [YR1991],6.443
Tunisia,1991 [YR1991],5.366
Turkiye,1991 [YR1991],6.664
Turkmenistan,1991 [YR1991],8.064
Turks and Caicos Islands,1991 [YR1991],6.22
Tuvalu,1991 [YR1991],10.311
Uganda,1991 [YR1991],18.005
Ukraine,1991 [YR1991],12.9
United Arab Emirates,1991 [YR1991],2.608
United Kingdom,1991 [YR1991],11.3
United States,1991 [YR1991],8.6
Uruguay,1991 [YR1991],9.395
Uzbekistan,1991 [YR1991],6.2
Vanuatu,1991 [YR1991],6.406
"Venezuela, RB",1991 [YR1991],4.688
Virgin Islands (U.S.),1991 [YR1991],4.5
West Bank and Gaza,1991 [YR1991],6.46
"Yemen, Rep.",1991 [YR1991],10.878
Zambia,1991 [YR1991],17.001
Zimbabwe,1991 [YR1991],9.259
Africa Eastern and Southern,1991 [YR1991],15.804425339201
Africa Western and Central,1991 [YR1991],17.1170625543766
Arab World,1991 [YR1991],8.72539806169478
Caribbean small states,1991 [YR1991],7.64566595918023
Central Europe and the Baltics,1991 [YR1991],11.4146375713028
Early-demographic dividend,1991 [YR1991],9.52511254599785
East Asia & Pacific,1991 [YR1991],6.85876499898247
East Asia & Pacific (excluding high income),1991 [YR1991],6.93645858745774
East Asia & Pacific (IDA & IBRD countries),1991 [YR1991],6.95404344308241
Euro area,1991 [YR1991],10.0063294366672
Europe & Central Asia,1991 [YR1991],10.2445435007284
Europe & Central Asia (excluding high income),1991 [YR1991],8.94690696488829
Europe & Central Asia (IDA & IBRD countries),1991 [YR1991],10.1436397747734
European Union,1991 [YR1991],10.3552753080872
Fragile and conflict affected situations,1991 [YR1991],15.3044891477331
Heavily indebted poor countries (HIPC),1991 [YR1991],16.6816170107514
High income,1991 [YR1991],9.12522678985731
IBRD only,1991 [YR1991],8.16741652107597
IDA & IBRD total,1991 [YR1991],9.37707618967509
IDA blend,1991 [YR1991],12.9503129343665
IDA only,1991 [YR1991],14.6805335148398
IDA total,1991 [YR1991],14.1087851448343
Late-demographic dividend,1991 [YR1991],7.20642754623565
Latin America & Caribbean,1991 [YR1991],6.71086556218785
Latin America & Caribbean (excluding high income),1991 [YR1991],6.83875813617745
Latin America & the Caribbean (IDA & IBRD countries),1991 [YR1991],6.70052442755287
Least developed countries: UN classification,1991 [YR1991],15.7611391921292
Low & middle income,1991 [YR1991],9.28870755929877
Low income,1991 [YR1991],16.848399166077
Lower middle income,1991 [YR1991],10.7813801477713
Middle East & North Africa,1991 [YR1991],6.7718579812844
Middle East & North Africa (excluding high income),1991 [YR1991],6.96868845621501
Middle East & North Africa (IDA & IBRD countries),1991 [YR1991],6.9731244129188
Middle income,1991 [YR1991],8.70294129409921
North America,1991 [YR1991],8.44021405937725
OECD members,1991 [YR1991],8.45738863594674
Other small states,1991 [YR1991],9.64696218396806
Pacific island small states,1991 [YR1991],6.37829560912357
Post-demographic dividend,1991 [YR1991],9.11613913861328
Pre-demographic dividend,1991 [YR1991],17.0663512745778
Small states,1991 [YR1991],8.87148224132446
South Asia,1991 [YR1991],10.7151304067397
South Asia (IDA & IBRD),1991 [YR1991],10.7151304067397
Sub-Saharan Africa,1991 [YR1991],16.3317594579771
Sub-Saharan Africa (excluding high income),1991 [YR1991],16.3328947602027
Sub-Saharan Africa (IDA & IBRD countries),1991 [YR1991],16.3317594579771
Upper middle income,1991 [YR1991],6.99269994217176
World,1991 [YR1991],9.23535045575377
Viet Nam,1992 [YR1992],6.504
Afghanistan,1992 [YR1992],17.222
Albania,1992 [YR1992],5.466
Algeria,1992 [YR1992],5.617
Angola,1992 [YR1992],21.634
Antigua and Barbuda,1992 [YR1992],7.745
Argentina,1992 [YR1992],7.595
Armenia,1992 [YR1992],7.67
Aruba,1992 [YR1992],6.418
Australia,1992 [YR1992],7.1
Austria,1992 [YR1992],10.6
Azerbaijan,1992 [YR1992],7.1
"Bahamas, The",1992 [YR1992],5.799
Bahrain,1992 [YR1992],3.103
Bangladesh,1992 [YR1992],10.574
Barbados,1992 [YR1992],9.822
Belarus,1992 [YR1992],11.4
Belgium,1992 [YR1992],10.4
Belize,1992 [YR1992],5.718
Benin,1992 [YR1992],14.088
Bermuda,1992 [YR1992],7.9
Bhutan,1992 [YR1992],10.699
Bolivia,1992 [YR1992],11.191
Bosnia and Herzegovina,1992 [YR1992],19.114
Botswana,1992 [YR1992],8.933
Brazil,1992 [YR1992],6.951
British Virgin Islands,1992 [YR1992],5.169
Brunei Darussalam,1992 [YR1992],3.756
Bulgaria,1992 [YR1992],12.6
Burkina Faso,1992 [YR1992],16.918
Burundi,1992 [YR1992],19.519
Cabo Verde,1992 [YR1992],7.977
Cambodia,1992 [YR1992],11.75
Cameroon,1992 [YR1992],13.199
Canada,1992 [YR1992],6.9
Cayman Islands,1992 [YR1992],4.0
Central African Republic,1992 [YR1992],16.206
Chad,1992 [YR1992],19.852
Channel Islands,1992 [YR1992],9.25984606826232
Chile,1992 [YR1992],5.201
China,1992 [YR1992],6.64
Colombia,1992 [YR1992],5.78
Comoros,1992 [YR1992],12.134
"Congo, Dem. Rep.",1992 [YR1992],16.391
"Congo, Rep.",1992 [YR1992],11.741
Costa Rica,1992 [YR1992],3.865
Cote d'Ivoire,1992 [YR1992],14.107
Croatia,1992 [YR1992],11.3
Cuba,1992 [YR1992],7.085
Curacao,1992 [YR1992],7.021
Cyprus,1992 [YR1992],8.715
Czechia,1992 [YR1992],11.7
Denmark,1992 [YR1992],11.8
Djibouti,1992 [YR1992],12.113
Dominica,1992 [YR1992],10.008
Dominican Republic,1992 [YR1992],5.79
Ecuador,1992 [YR1992],5.498
"Egypt, Arab Rep.",1992 [YR1992],7.684
El Salvador,1992 [YR1992],6.929
Equatorial Guinea,1992 [YR1992],15.873
Eritrea,1992 [YR1992],13.545
Estonia,1992 [YR1992],13.1
Eswatini,1992 [YR1992],7.5
Ethiopia,1992 [YR1992],18.295
Faroe Islands,1992 [YR1992],8.5
Fiji,1992 [YR1992],6.069
Finland,1992 [YR1992],9.9
France,1992 [YR1992],9.2
French Polynesia,1992 [YR1992],3.17
Gabon,1992 [YR1992],11.076
"Gambia, The",1992 [YR1992],14.983
Georgia,1992 [YR1992],10.975
Germany,1992 [YR1992],11.0
Ghana,1992 [YR1992],11.02
Gibraltar,1992 [YR1992],8.654
Greece,1992 [YR1992],9.4
Greenland,1992 [YR1992],8.0
Grenada,1992 [YR1992],7.098
Guam,1992 [YR1992],4.578
Guatemala,1992 [YR1992],8.334
Guinea,1992 [YR1992],18.476
Guinea-Bissau,1992 [YR1992],19.479
Guyana,1992 [YR1992],8.218
Haiti,1992 [YR1992],13.278
Honduras,1992 [YR1992],6.546
"Hong Kong SAR, China",1992 [YR1992],5.3
Hungary,1992 [YR1992],14.3
Iceland,1992 [YR1992],6.6
India,1992 [YR1992],10.23
Indonesia,1992 [YR1992],7.786
"Iran, Islamic Rep.",1992 [YR1992],6.015
Iraq,1992 [YR1992],6.707
Ireland,1992 [YR1992],8.7
Isle of Man,1992 [YR1992],13.979
Israel,1992 [YR1992],6.4
Italy,1992 [YR1992],9.6
Jamaica,1992 [YR1992],7.016
Japan,1992 [YR1992],6.9
Jordan,1992 [YR1992],4.169
Kazakhstan,1992 [YR1992],8.37
Kenya,1992 [YR1992],9.803
Kiribati,1992 [YR1992],8.633
"Korea, Dem. People's Rep.",1992 [YR1992],5.554
"Korea, Rep.",1992 [YR1992],5.4
Kosovo,1992 [YR1992],5.157
Kuwait,1992 [YR1992],2.173
Kyrgyz Republic,1992 [YR1992],7.1
Lao PDR,1992 [YR1992],12.701
Latvia,1992 [YR1992],13.5
Lebanon,1992 [YR1992],5.207
Lesotho,1992 [YR1992],10.344
Liberia,1992 [YR1992],21.008
Libya,1992 [YR1992],4.395
Liechtenstein,1992 [YR1992],6.1
Lithuania,1992 [YR1992],11.2
Luxembourg,1992 [YR1992],10.3
"Macao SAR, China",1992 [YR1992],4.018
Madagascar,1992 [YR1992],13.597
Malawi,1992 [YR1992],21.289
Malaysia,1992 [YR1992],4.674
Maldives,1992 [YR1992],7.064
Mali,1992 [YR1992],18.533
Malta,1992 [YR1992],7.9
Marshall Islands,1992 [YR1992],6.99
Mauritania,1992 [YR1992],9.375
Mauritius,1992 [YR1992],6.5
Mexico,1992 [YR1992],5.584
"Micronesia, Fed. Sts.",1992 [YR1992],5.638
Moldova,1992 [YR1992],11.454
Mongolia,1992 [YR1992],9.574
Montenegro,1992 [YR1992],7.728
Morocco,1992 [YR1992],7.37
Mozambique,1992 [YR1992],19.515
Myanmar,1992 [YR1992],11.203
Namibia,1992 [YR1992],8.568
Nauru,1992 [YR1992],6.964
Nepal,1992 [YR1992],11.552
Netherlands,1992 [YR1992],8.6
New Caledonia,1992 [YR1992],5.2
New Zealand,1992 [YR1992],7.67
Nicaragua,1992 [YR1992],6.704
Niger,1992 [YR1992],22.985
Nigeria,1992 [YR1992],18.805
North Macedonia,1992 [YR1992],8.12
Norway,1992 [YR1992],10.4
Oman,1992 [YR1992],4.054
Pakistan,1992 [YR1992],10.489
Palau,1992 [YR1992],7.3
Panama,1992 [YR1992],5.278
Papua New Guinea,1992 [YR1992],7.918
Paraguay,1992 [YR1992],6.137
Peru,1992 [YR1992],6.753
Philippines,1992 [YR1992],6.305
Poland,1992 [YR1992],10.3
Portugal,1992 [YR1992],10.1
Puerto Rico,1992 [YR1992],7.6
Qatar,1992 [YR1992],2.24
Romania,1992 [YR1992],11.6
Russian Federation,1992 [YR1992],12.2
Rwanda,1992 [YR1992],17.877
Samoa,1992 [YR1992],5.741
Sao Tome and Principe,1992 [YR1992],10.088
Saudi Arabia,1992 [YR1992],4.421
Senegal,1992 [YR1992],11.258
Serbia,1992 [YR1992],10.922
Seychelles,1992 [YR1992],7.4
Sierra Leone,1992 [YR1992],21.506
Singapore,1992 [YR1992],4.7
Sint Maarten (Dutch part),1992 [YR1992],3.756
Slovak Republic,1992 [YR1992],10.1
Slovenia,1992 [YR1992],9.7
Solomon Islands,1992 [YR1992],6.38
Somalia,1992 [YR1992],38.55
South Africa,1992 [YR1992],7.944
South Sudan,1992 [YR1992],45.705
Spain,1992 [YR1992],8.5
Sri Lanka,1992 [YR1992],5.88
St. Kitts and Nevis,1992 [YR1992],11.279
St. Lucia,1992 [YR1992],5.965
St. Martin (French part),1992 [YR1992],2.667
St. Vincent and the Grenadines,1992 [YR1992],5.885
Sudan,1992 [YR1992],17.206
Suriname,1992 [YR1992],7.314
Sweden,1992 [YR1992],10.9
Switzerland,1992 [YR1992],9.1
Syrian Arab Republic,1992 [YR1992],4.574
Tajikistan,1992 [YR1992],12.63
Tanzania,1992 [YR1992],14.609
Thailand,1992 [YR1992],5.654
Timor-Leste,1992 [YR1992],17.472
Togo,1992 [YR1992],12.617
Tonga,1992 [YR1992],6.811
Trinidad and Tobago,1992 [YR1992],6.724
Tunisia,1992 [YR1992],5.341
Turkiye,1992 [YR1992],6.546
Turkmenistan,1992 [YR1992],8.027
Turks and Caicos Islands,1992 [YR1992],5.818
Tuvalu,1992 [YR1992],11.058
Uganda,1992 [YR1992],17.825
Ukraine,1992 [YR1992],13.4
United Arab Emirates,1992 [YR1992],2.598
United Kingdom,1992 [YR1992],11.0
United States,1992 [YR1992],8.5
Uruguay,1992 [YR1992],9.401
Uzbekistan,1992 [YR1992],6.5
Vanuatu,1992 [YR1992],6.314
"Venezuela, RB",1992 [YR1992],4.741
Virgin Islands (U.S.),1992 [YR1992],4.5
West Bank and Gaza,1992 [YR1992],6.2
"Yemen, Rep.",1992 [YR1992],10.562
Zambia,1992 [YR1992],17.243
Zimbabwe,1992 [YR1992],9.947
Africa Eastern and Southern,1992 [YR1992],16.0649253159176
Africa Western and Central,1992 [YR1992],17.0139562068186
Arab World,1992 [YR1992],8.60313592806108
Caribbean small states,1992 [YR1992],7.55831610748757
Central Europe and the Baltics,1992 [YR1992],11.4216329738049
Early-demographic dividend,1992 [YR1992],9.25698653185917
East Asia & Pacific,1992 [YR1992],6.79597904724464
East Asia & Pacific (excluding high income),1992 [YR1992],6.84966247194706
East Asia & Pacific (IDA & IBRD countries),1992 [YR1992],6.86698737867271
Euro area,1992 [YR1992],9.84849756457219
Europe & Central Asia,1992 [YR1992],10.4203186200055
Europe & Central Asia (excluding high income),1992 [YR1992],9.42269539449478
Europe & Central Asia (IDA & IBRD countries),1992 [YR1992],10.6450806597201
European Union,1992 [YR1992],10.2391060539783
Fragile and conflict affected situations,1992 [YR1992],15.3520416000697
Heavily indebted poor countries (HIPC),1992 [YR1992],16.5851440139975
High income,1992 [YR1992],9.15063181199951
IBRD only,1992 [YR1992],8.10360414704132
IDA & IBRD total,1992 [YR1992],9.29139728286788
IDA blend,1992 [YR1992],12.9882287132386
IDA only,1992 [YR1992],14.3312123072372
IDA total,1992 [YR1992],13.8869587617864
Late-demographic dividend,1992 [YR1992],7.2160695439344
Latin America & Caribbean,1992 [YR1992],6.61426331387587
Latin America & Caribbean (excluding high income),1992 [YR1992],6.73122508644626
Latin America & the Caribbean (IDA & IBRD countries),1992 [YR1992],6.59642880181728
Least developed countries: UN classification,1992 [YR1992],15.3748735722808
Low & middle income,1992 [YR1992],9.17235801783308
Low income,1992 [YR1992],16.9237450452465
Lower middle income,1992 [YR1992],10.5261537575608
Middle East & North Africa,1992 [YR1992],6.5032914615145
Middle East & North Africa (excluding high income),1992 [YR1992],6.69986912709321
Middle East & North Africa (IDA & IBRD countries),1992 [YR1992],6.70431967563571
Middle income,1992 [YR1992],8.56477354933153
North America,1992 [YR1992],8.34056825533072
OECD members,1992 [YR1992],8.35610884205329
Other small states,1992 [YR1992],9.61737617883058
Pacific island small states,1992 [YR1992],6.30779500217523
Post-demographic dividend,1992 [YR1992],9.11200264121359
Pre-demographic dividend,1992 [YR1992],17.1360852892693
Small states,1992 [YR1992],8.82478809151604
South Asia,1992 [YR1992],10.3294041637018
South Asia (IDA & IBRD),1992 [YR1992],10.3294041637018
Sub-Saharan Africa,1992 [YR1992],16.4464033003303
Sub-Saharan Africa (excluding high income),1992 [YR1992],16.4475667804741
Sub-Saharan Africa (IDA & IBRD countries),1992 [YR1992],16.4464033003303
Upper middle income,1992 [YR1992],6.93669501078652
World,1992 [YR1992],9.15080073452057
Viet Nam,1993 [YR1993],6.228
Afghanistan,1993 [YR1993],14.838
Albania,1993 [YR1993],5.48
Algeria,1993 [YR1993],5.629
Angola,1993 [YR1993],21.41
Antigua and Barbuda,1993 [YR1993],7.666
Argentina,1993 [YR1993],7.631
Armenia,1993 [YR1993],7.803
Aruba,1993 [YR1993],6.411
Australia,1993 [YR1993],6.9
Austria,1993 [YR1993],10.4
Azerbaijan,1993 [YR1993],7.2
"Bahamas, The",1993 [YR1993],5.861
Bahrain,1993 [YR1993],2.989
Bangladesh,1993 [YR1993],10.343
Barbados,1993 [YR1993],9.638
Belarus,1993 [YR1993],12.6
Belgium,1993 [YR1993],10.6
Belize,1993 [YR1993],5.599
Benin,1993 [YR1993],13.748
Bermuda,1993 [YR1993],8.2
Bhutan,1993 [YR1993],10.312
Bolivia,1993 [YR1993],10.736
Bosnia and Herzegovina,1993 [YR1993],19.58
Botswana,1993 [YR1993],9.282
Brazil,1993 [YR1993],6.855
British Virgin Islands,1993 [YR1993],4.928
Brunei Darussalam,1993 [YR1993],3.677
Bulgaria,1993 [YR1993],12.9
Burkina Faso,1993 [YR1993],16.967
Burundi,1993 [YR1993],24.9
Cabo Verde,1993 [YR1993],7.887
Cambodia,1993 [YR1993],11.528
Cameroon,1993 [YR1993],13.356
Canada,1993 [YR1993],7.1
Cayman Islands,1993 [YR1993],4.0
Central African Republic,1993 [YR1993],16.273
Chad,1993 [YR1993],19.718
Channel Islands,1993 [YR1993],10.5488049138737
Chile,1993 [YR1993],5.316
China,1993 [YR1993],6.64
Colombia,1993 [YR1993],5.71
Comoros,1993 [YR1993],11.734
"Congo, Dem. Rep.",1993 [YR1993],16.177
"Congo, Rep.",1993 [YR1993],12.006
Costa Rica,1993 [YR1993],3.894
Cote d'Ivoire,1993 [YR1993],14.173
Croatia,1993 [YR1993],11.1
Cuba,1993 [YR1993],7.195
Curacao,1993 [YR1993],7.111
Cyprus,1993 [YR1993],8.508
Czechia,1993 [YR1993],11.4
Denmark,1993 [YR1993],12.1
Djibouti,1993 [YR1993],11.483
Dominica,1993 [YR1993],9.655
Dominican Republic,1993 [YR1993],5.694
Ecuador,1993 [YR1993],5.468
"Egypt, Arab Rep.",1993 [YR1993],7.453
El Salvador,1993 [YR1993],6.702
Equatorial Guinea,1993 [YR1993],15.648
Eritrea,1993 [YR1993],13.035
Estonia,1993 [YR1993],14.2
Eswatini,1993 [YR1993],8.036
Ethiopia,1993 [YR1993],17.808
Faroe Islands,1993 [YR1993],8.2
Fiji,1993 [YR1993],6.055
Finland,1993 [YR1993],10.1
France,1993 [YR1993],9.2
French Polynesia,1993 [YR1993],3.089
Gabon,1993 [YR1993],10.875
"Gambia, The",1993 [YR1993],14.408
Georgia,1993 [YR1993],11.012
Germany,1993 [YR1993],11.1
Ghana,1993 [YR1993],10.865
Gibraltar,1993 [YR1993],7.034
Greece,1993 [YR1993],9.3
Greenland,1993 [YR1993],7.8
Grenada,1993 [YR1993],6.99
Guam,1993 [YR1993],4.579
Guatemala,1993 [YR1993],8.143
Guinea,1993 [YR1993],17.994
Guinea-Bissau,1993 [YR1993],18.951
Guyana,1993 [YR1993],8.031
Haiti,1993 [YR1993],12.881
Honduras,1993 [YR1993],6.388
"Hong Kong SAR, China",1993 [YR1993],5.2
Hungary,1993 [YR1993],14.5
Iceland,1993 [YR1993],6.6
India,1993 [YR1993],10.021
Indonesia,1993 [YR1993],7.636
"Iran, Islamic Rep.",1993 [YR1993],5.821
Iraq,1993 [YR1993],6.577
Ireland,1993 [YR1993],9.0
Isle of Man,1993 [YR1993],14.899
Israel,1993 [YR1993],6.6
Italy,1993 [YR1993],9.7
Jamaica,1993 [YR1993],7.063
Japan,1993 [YR1993],7.1
Jordan,1993 [YR1993],4.102
Kazakhstan,1993 [YR1993],9.53
Kenya,1993 [YR1993],10.036
Kiribati,1993 [YR1993],8.369
"Korea, Dem. People's Rep.",1993 [YR1993],5.263
"Korea, Rep.",1993 [YR1993],5.2
Kosovo,1993 [YR1993],5.042
Kuwait,1993 [YR1993],2.232
Kyrgyz Republic,1993 [YR1993],7.6
Lao PDR,1993 [YR1993],12.337
Latvia,1993 [YR1993],15.3
Lebanon,1993 [YR1993],5.153
Lesotho,1993 [YR1993],10.59
Liberia,1993 [YR1993],21.512
Libya,1993 [YR1993],4.348
Liechtenstein,1993 [YR1993],5.9
Lithuania,1993 [YR1993],12.5
Luxembourg,1993 [YR1993],9.8
"Macao SAR, China",1993 [YR1993],3.936
Madagascar,1993 [YR1993],13.077
Malawi,1993 [YR1993],21.012
Malaysia,1993 [YR1993],4.607
Maldives,1993 [YR1993],6.656
Mali,1993 [YR1993],18.282
Malta,1993 [YR1993],7.3
Marshall Islands,1993 [YR1993],6.89
Mauritania,1993 [YR1993],9.36
Mauritius,1993 [YR1993],6.8
Mexico,1993 [YR1993],5.489
"Micronesia, Fed. Sts.",1993 [YR1993],5.686
Moldova,1993 [YR1993],12.043
Mongolia,1993 [YR1993],9.162
Montenegro,1993 [YR1993],7.702
Morocco,1993 [YR1993],7.189
Mozambique,1993 [YR1993],19.144
Myanmar,1993 [YR1993],11.023
Namibia,1993 [YR1993],8.757
Nauru,1993 [YR1993],6.805
Nepal,1993 [YR1993],11.067
Netherlands,1993 [YR1993],9.0
New Caledonia,1993 [YR1993],5.2
New Zealand,1993 [YR1993],7.58
Nicaragua,1993 [YR1993],6.488
Niger,1993 [YR1993],22.213
Nigeria,1993 [YR1993],18.702
North Macedonia,1993 [YR1993],7.972
Norway,1993 [YR1993],10.8
Oman,1993 [YR1993],3.836
Pakistan,1993 [YR1993],10.43
Palau,1993 [YR1993],7.1
Panama,1993 [YR1993],5.187
Papua New Guinea,1993 [YR1993],7.816
Paraguay,1993 [YR1993],6.02
Peru,1993 [YR1993],6.532
Philippines,1993 [YR1993],6.126
Poland,1993 [YR1993],10.2
Portugal,1993 [YR1993],10.6
Puerto Rico,1993 [YR1993],7.8
Qatar,1993 [YR1993],2.24
Romania,1993 [YR1993],11.6
Russian Federation,1993 [YR1993],14.5
Rwanda,1993 [YR1993],19.436
Samoa,1993 [YR1993],5.662
Sao Tome and Principe,1993 [YR1993],10.093
Saudi Arabia,1993 [YR1993],4.265
Senegal,1993 [YR1993],11.291
Serbia,1993 [YR1993],10.95
Seychelles,1993 [YR1993],8.3
Sierra Leone,1993 [YR1993],21.48
Singapore,1993 [YR1993],4.6
Sint Maarten (Dutch part),1993 [YR1993],3.863
Slovak Republic,1993 [YR1993],9.9
Slovenia,1993 [YR1993],10.0
Solomon Islands,1993 [YR1993],6.308
Somalia,1993 [YR1993],15.492
South Africa,1993 [YR1993],8.052
South Sudan,1993 [YR1993],45.732
Spain,1993 [YR1993],8.6
Sri Lanka,1993 [YR1993],5.786
St. Kitts and Nevis,1993 [YR1993],10.79
St. Lucia,1993 [YR1993],5.943
St. Martin (French part),1993 [YR1993],2.727
St. Vincent and the Grenadines,1993 [YR1993],6.064
Sudan,1993 [YR1993],16.68
Suriname,1993 [YR1993],7.145
Sweden,1993 [YR1993],11.1
Switzerland,1993 [YR1993],9.0
Syrian Arab Republic,1993 [YR1993],4.588
Tajikistan,1993 [YR1993],13.525
Tanzania,1993 [YR1993],14.6
Thailand,1993 [YR1993],5.695
Timor-Leste,1993 [YR1993],16.774
Togo,1993 [YR1993],12.603
Tonga,1993 [YR1993],6.813
Trinidad and Tobago,1993 [YR1993],6.559
Tunisia,1993 [YR1993],5.171
Turkiye,1993 [YR1993],6.414
Turkmenistan,1993 [YR1993],7.961
Turks and Caicos Islands,1993 [YR1993],5.752
Tuvalu,1993 [YR1993],10.005
Uganda,1993 [YR1993],17.746
Ukraine,1993 [YR1993],14.2
United Arab Emirates,1993 [YR1993],2.557
United Kingdom,1993 [YR1993],11.4
United States,1993 [YR1993],8.8
Uruguay,1993 [YR1993],9.4
Uzbekistan,1993 [YR1993],6.6
Vanuatu,1993 [YR1993],6.214
"Venezuela, RB",1993 [YR1993],4.745
Virgin Islands (U.S.),1993 [YR1993],4.675
West Bank and Gaza,1993 [YR1993],5.94
"Yemen, Rep.",1993 [YR1993],10.236
Zambia,1993 [YR1993],17.315
Zimbabwe,1993 [YR1993],10.829
Africa Eastern and Southern,1993 [YR1993],15.6053021641486
Africa Western and Central,1993 [YR1993],16.8989730757151
Arab World,1993 [YR1993],7.77134539402221
Caribbean small states,1993 [YR1993],7.42640004766386
Central Europe and the Baltics,1993 [YR1993],11.4844267326696
Early-demographic dividend,1993 [YR1993],9.10165752106683
East Asia & Pacific,1993 [YR1993],6.76127484146538
East Asia & Pacific (excluding high income),1993 [YR1993],6.80396054235369
East Asia & Pacific (IDA & IBRD countries),1993 [YR1993],6.82458366212555
Euro area,1993 [YR1993],9.97070641777352
Europe & Central Asia,1993 [YR1993],10.9776447228659
Europe & Central Asia (excluding high income),1993 [YR1993],9.76542029732571
Europe & Central Asia (IDA & IBRD countries),1993 [YR1993],11.5860287027657
European Union,1993 [YR1993],10.3319586766745
Fragile and conflict affected situations,1993 [YR1993],14.9780912605396
Heavily indebted poor countries (HIPC),1993 [YR1993],15.9940560964879
High income,1993 [YR1993],9.55632998859915
IBRD only,1993 [YR1993],8.12582267914711
IDA & IBRD total,1993 [YR1993],9.261243249826
IDA blend,1993 [YR1993],12.9930687848369
IDA only,1993 [YR1993],13.9014519593485
IDA total,1993 [YR1993],13.6010980483603
Late-demographic dividend,1993 [YR1993],7.37488523680687
Latin America & Caribbean,1993 [YR1993],6.52809261617213
Latin America & Caribbean (excluding high income),1993 [YR1993],6.63164934258491
Latin America & the Caribbean (IDA & IBRD countries),1993 [YR1993],6.50320663095027
Least developed countries: UN classification,1993 [YR1993],14.8756249590417
Low & middle income,1993 [YR1993],9.06347312198779
Low income,1993 [YR1993],16.1930206581918
Lower middle income,1993 [YR1993],10.3644211963858
Middle East & North Africa,1993 [YR1993],6.34729465451418
Middle East & North Africa (excluding high income),1993 [YR1993],6.53860395969228
Middle East & North Africa (IDA & IBRD countries),1993 [YR1993],6.54406223600168
Middle income,1993 [YR1993],8.49665754774971
North America,1993 [YR1993],8.63094660762749
OECD members,1993 [YR1993],8.47410433811975
Other small states,1993 [YR1993],9.64575484678969
Pacific island small states,1993 [YR1993],6.25385626566254
Post-demographic dividend,1993 [YR1993],9.32111193596678
Pre-demographic dividend,1993 [YR1993],16.6369041399873
Small states,1993 [YR1993],8.81138302581646
South Asia,1993 [YR1993],10.1121860239395
South Asia (IDA & IBRD),1993 [YR1993],10.1121860239395
Sub-Saharan Africa,1993 [YR1993],16.1251001396483
Sub-Saharan Africa (excluding high income),1993 [YR1993],16.1260999423594
Sub-Saharan Africa (IDA & IBRD countries),1993 [YR1993],16.1251001396483
Upper middle income,1993 [YR1993],6.93162403459726
World,1993 [YR1993],9.15359415324311
Viet Nam,1994 [YR1994],6.173
Afghanistan,1994 [YR1994],14.689
Albania,1994 [YR1994],5.52
Algeria,1994 [YR1994],5.758
Angola,1994 [YR1994],20.352
Antigua and Barbuda,1994 [YR1994],7.533
Argentina,1994 [YR1994],7.403
Armenia,1994 [YR1994],7.869
Aruba,1994 [YR1994],6.388
Australia,1994 [YR1994],7.1
Austria,1994 [YR1994],10.2
Azerbaijan,1994 [YR1994],7.3
"Bahamas, The",1994 [YR1994],5.814
Bahrain,1994 [YR1994],2.956
Bangladesh,1994 [YR1994],9.962
Barbados,1994 [YR1994],9.729
Belarus,1994 [YR1994],12.7
Belgium,1994 [YR1994],10.3
Belize,1994 [YR1994],5.362
Benin,1994 [YR1994],13.473
Bermuda,1994 [YR1994],8.1
Bhutan,1994 [YR1994],10.024
Bolivia,1994 [YR1994],10.689
Bosnia and Herzegovina,1994 [YR1994],10.635
Botswana,1994 [YR1994],10.025
Brazil,1994 [YR1994],6.74
British Virgin Islands,1994 [YR1994],5.01
Brunei Darussalam,1994 [YR1994],3.603
Bulgaria,1994 [YR1994],13.2
Burkina Faso,1994 [YR1994],16.823
Burundi,1994 [YR1994],18.937
Cabo Verde,1994 [YR1994],7.807
Cambodia,1994 [YR1994],11.38
Cameroon,1994 [YR1994],13.561
Canada,1994 [YR1994],7.1
Cayman Islands,1994 [YR1994],4.0
Central African Republic,1994 [YR1994],16.4
Chad,1994 [YR1994],19.537
Channel Islands,1994 [YR1994],9.55315654261368
Chile,1994 [YR1994],5.217
China,1994 [YR1994],6.49
Colombia,1994 [YR1994],5.653
Comoros,1994 [YR1994],11.41
"Congo, Dem. Rep.",1994 [YR1994],15.967
"Congo, Rep.",1994 [YR1994],12.225
Costa Rica,1994 [YR1994],3.961
Cote d'Ivoire,1994 [YR1994],14.21
Croatia,1994 [YR1994],10.6
Cuba,1994 [YR1994],7.264
Curacao,1994 [YR1994],7.204
Cyprus,1994 [YR1994],8.425
Czechia,1994 [YR1994],11.4
Denmark,1994 [YR1994],11.7
Djibouti,1994 [YR1994],11.613
Dominica,1994 [YR1994],9.548
Dominican Republic,1994 [YR1994],5.624
Ecuador,1994 [YR1994],5.375
"Egypt, Arab Rep.",1994 [YR1994],7.264
El Salvador,1994 [YR1994],6.556
Equatorial Guinea,1994 [YR1994],15.478
Eritrea,1994 [YR1994],12.528
Estonia,1994 [YR1994],15.2
Eswatini,1994 [YR1994],8.824
Ethiopia,1994 [YR1994],17.345
Faroe Islands,1994 [YR1994],7.8
Fiji,1994 [YR1994],6.007
Finland,1994 [YR1994],9.4
France,1994 [YR1994],9.1
French Polynesia,1994 [YR1994],2.975
Gabon,1994 [YR1994],10.754
"Gambia, The",1994 [YR1994],13.712
Georgia,1994 [YR1994],10.73
Germany,1994 [YR1994],10.9
Ghana,1994 [YR1994],10.941
Gibraltar,1994 [YR1994],6.859
Greece,1994 [YR1994],9.3
Greenland,1994 [YR1994],8.0
Grenada,1994 [YR1994],6.943
Guam,1994 [YR1994],4.629
Guatemala,1994 [YR1994],7.976
Guinea,1994 [YR1994],17.707
Guinea-Bissau,1994 [YR1994],18.704
Guyana,1994 [YR1994],7.916
Haiti,1994 [YR1994],12.619
Honduras,1994 [YR1994],6.176
"Hong Kong SAR, China",1994 [YR1994],5.0
Hungary,1994 [YR1994],14.2
Iceland,1994 [YR1994],6.5
India,1994 [YR1994],9.807
Indonesia,1994 [YR1994],7.596
"Iran, Islamic Rep.",1994 [YR1994],5.661
Iraq,1994 [YR1994],6.575
Ireland,1994 [YR1994],8.6
Isle of Man,1994 [YR1994],14.113
Israel,1994 [YR1994],6.5
Italy,1994 [YR1994],9.7
Jamaica,1994 [YR1994],7.061
Japan,1994 [YR1994],7.1
Jordan,1994 [YR1994],4.045
Kazakhstan,1994 [YR1994],9.93
Kenya,1994 [YR1994],10.153
Kiribati,1994 [YR1994],8.142
"Korea, Dem. People's Rep.",1994 [YR1994],5.89
"Korea, Rep.",1994 [YR1994],5.4
Kosovo,1994 [YR1994],4.968
Kuwait,1994 [YR1994],2.156
Kyrgyz Republic,1994 [YR1994],8.2
Lao PDR,1994 [YR1994],12.03
Latvia,1994 [YR1994],16.6
Lebanon,1994 [YR1994],5.068
Lesotho,1994 [YR1994],10.558
Liberia,1994 [YR1994],21.786
Libya,1994 [YR1994],4.281
Liechtenstein,1994 [YR1994],6.8
Lithuania,1994 [YR1994],12.7
Luxembourg,1994 [YR1994],9.4
"Macao SAR, China",1994 [YR1994],3.859
Madagascar,1994 [YR1994],12.738
Malawi,1994 [YR1994],20.623
Malaysia,1994 [YR1994],4.529
Maldives,1994 [YR1994],6.27
Mali,1994 [YR1994],18.189
Malta,1994 [YR1994],7.2
Marshall Islands,1994 [YR1994],6.806
Mauritania,1994 [YR1994],9.373
Mauritius,1994 [YR1994],6.7
Mexico,1994 [YR1994],5.403
"Micronesia, Fed. Sts.",1994 [YR1994],5.812
Moldova,1994 [YR1994],13.533
Mongolia,1994 [YR1994],8.832
Montenegro,1994 [YR1994],8.723
Morocco,1994 [YR1994],7.027
Mozambique,1994 [YR1994],18.853
Myanmar,1994 [YR1994],10.872
Namibia,1994 [YR1994],9.089
Nauru,1994 [YR1994],6.789
Nepal,1994 [YR1994],10.547
Netherlands,1994 [YR1994],8.7
New Caledonia,1994 [YR1994],5.6
New Zealand,1994 [YR1994],7.44
Nicaragua,1994 [YR1994],6.248
Niger,1994 [YR1994],21.405
Nigeria,1994 [YR1994],18.87
North Macedonia,1994 [YR1994],8.446
Norway,1994 [YR1994],10.2
Oman,1994 [YR1994],3.73
Pakistan,1994 [YR1994],10.215
Palau,1994 [YR1994],7.7
Panama,1994 [YR1994],5.118
Papua New Guinea,1994 [YR1994],7.726
Paraguay,1994 [YR1994],5.932
Peru,1994 [YR1994],6.323
Philippines,1994 [YR1994],5.982
Poland,1994 [YR1994],10.0
Portugal,1994 [YR1994],9.9
Puerto Rico,1994 [YR1994],7.7
Qatar,1994 [YR1994],2.242
Romania,1994 [YR1994],11.7
Russian Federation,1994 [YR1994],15.7
Rwanda,1994 [YR1994],103.534
Samoa,1994 [YR1994],5.594
Sao Tome and Principe,1994 [YR1994],10.054
Saudi Arabia,1994 [YR1994],4.109
Senegal,1994 [YR1994],11.287
Serbia,1994 [YR1994],10.891
Seychelles,1994 [YR1994],7.6
Sierra Leone,1994 [YR1994],21.92
Singapore,1994 [YR1994],4.7
Sint Maarten (Dutch part),1994 [YR1994],3.916
Slovak Republic,1994 [YR1994],9.6
Slovenia,1994 [YR1994],9.7
Solomon Islands,1994 [YR1994],6.224
Somalia,1994 [YR1994],15.868
South Africa,1994 [YR1994],8.231
South Sudan,1994 [YR1994],20.98
Spain,1994 [YR1994],8.6
Sri Lanka,1994 [YR1994],5.981
St. Kitts and Nevis,1994 [YR1994],10.796
St. Lucia,1994 [YR1994],6.095
St. Martin (French part),1994 [YR1994],2.803
St. Vincent and the Grenadines,1994 [YR1994],6.388
Sudan,1994 [YR1994],10.879
Suriname,1994 [YR1994],7.004
Sweden,1994 [YR1994],10.5
Switzerland,1994 [YR1994],8.9
Syrian Arab Republic,1994 [YR1994],4.599
Tajikistan,1994 [YR1994],11.096
Tanzania,1994 [YR1994],14.491
Thailand,1994 [YR1994],5.747
Timor-Leste,1994 [YR1994],16.121
Togo,1994 [YR1994],12.615
Tonga,1994 [YR1994],6.819
Trinidad and Tobago,1994 [YR1994],6.766
Tunisia,1994 [YR1994],5.074
Turkiye,1994 [YR1994],6.308
Turkmenistan,1994 [YR1994],7.866
Turks and Caicos Islands,1994 [YR1994],6.21
Tuvalu,1994 [YR1994],9.921
Uganda,1994 [YR1994],17.534
Ukraine,1994 [YR1994],14.7
United Arab Emirates,1994 [YR1994],2.566
United Kingdom,1994 [YR1994],10.8
United States,1994 [YR1994],8.8
Uruguay,1994 [YR1994],9.39
Uzbekistan,1994 [YR1994],6.6
Vanuatu,1994 [YR1994],6.095
"Venezuela, RB",1994 [YR1994],4.82
Virgin Islands (U.S.),1994 [YR1994],4.85
West Bank and Gaza,1994 [YR1994],5.68
"Yemen, Rep.",1994 [YR1994],10.104
Zambia,1994 [YR1994],17.392
Zimbabwe,1994 [YR1994],11.755
Africa Eastern and Southern,1994 [YR1994],16.2609252340584
Africa Western and Central,1994 [YR1994],16.9366697313222
Arab World,1994 [YR1994],7.14213382356544
Caribbean small states,1994 [YR1994],7.36131561181435
Central Europe and the Baltics,1994 [YR1994],11.4337373679571
Early-demographic dividend,1994 [YR1994],9.18108055288414
East Asia & Pacific,1994 [YR1994],6.66707845413839
East Asia & Pacific (excluding high income),1994 [YR1994],6.68988696186452
East Asia & Pacific (IDA & IBRD countries),1994 [YR1994],6.70061178685695
Euro area,1994 [YR1994],9.83558057395086
Europe & Central Asia,1994 [YR1994],11.0478628359865
Europe & Central Asia (excluding high income),1994 [YR1994],9.67002835017413
Europe & Central Asia (IDA & IBRD countries),1994 [YR1994],11.9300897519913
European Union,1994 [YR1994],10.1975256103515
Fragile and conflict affected situations,1994 [YR1994],14.4253809603499
Heavily indebted poor countries (HIPC),1994 [YR1994],16.7872074362934
High income,1994 [YR1994],9.62022143787676
IBRD only,1994 [YR1994],8.03907190936723
IDA & IBRD total,1994 [YR1994],9.23203562394269
IDA blend,1994 [YR1994],13.0129857710665
IDA only,1994 [YR1994],14.0948781375307
IDA total,1994 [YR1994],13.7371900350721
Late-demographic dividend,1994 [YR1994],7.3623478612935
Latin America & Caribbean,1994 [YR1994],6.42279436467666
Latin America & Caribbean (excluding high income),1994 [YR1994],6.51541099381825
Latin America & the Caribbean (IDA & IBRD countries),1994 [YR1994],6.39378155487689
Least developed countries: UN classification,1994 [YR1994],15.079303892779
Low & middle income,1994 [YR1994],9.00068141653513
Low income,1994 [YR1994],16.8505471801791
Lower middle income,1994 [YR1994],10.1971652415316
Middle East & North Africa,1994 [YR1994],6.2428503380787
Middle East & North Africa (excluding high income),1994 [YR1994],6.43794000594333
Middle East & North Africa (IDA & IBRD countries),1994 [YR1994],6.44502589874036
Middle income,1994 [YR1994],8.36878975636211
North America,1994 [YR1994],8.63112610785949
OECD members,1994 [YR1994],8.37609196949397
Other small states,1994 [YR1994],9.78818722666295
Pacific island small states,1994 [YR1994],6.20153136862642
Post-demographic dividend,1994 [YR1994],9.22624933158558
Pre-demographic dividend,1994 [YR1994],15.9171756594332
Small states,1994 [YR1994],8.89084073758816
South Asia,1994 [YR1994],9.88754268077342
South Asia (IDA & IBRD),1994 [YR1994],9.88754268077342
Sub-Saharan Africa,1994 [YR1994],16.5324322705011
Sub-Saharan Africa (excluding high income),1994 [YR1994],16.5335736507513
Sub-Saharan Africa (IDA & IBRD countries),1994 [YR1994],16.5324322705011
Upper middle income,1994 [YR1994],6.82212096670402
World,1994 [YR1994],9.11740423902218
Viet Nam,1995 [YR1995],5.924
Afghanistan,1995 [YR1995],14.092
Albania,1995 [YR1995],5.549
Algeria,1995 [YR1995],5.69
Angola,1995 [YR1995],18.826
Antigua and Barbuda,1995 [YR1995],7.416
Argentina,1995 [YR1995],7.535
Armenia,1995 [YR1995],7.969
Aruba,1995 [YR1995],6.366
Australia,1995 [YR1995],6.9
Austria,1995 [YR1995],10.2
Azerbaijan,1995 [YR1995],6.7
"Bahamas, The",1995 [YR1995],5.91
Bahrain,1995 [YR1995],2.896
Bangladesh,1995 [YR1995],9.496
Barbados,1995 [YR1995],9.863
Belarus,1995 [YR1995],13.1
Belgium,1995 [YR1995],10.3
Belize,1995 [YR1995],5.448
Benin,1995 [YR1995],13.192
Bermuda,1995 [YR1995],7.9
Bhutan,1995 [YR1995],9.555
Bolivia,1995 [YR1995],10.625
Bosnia and Herzegovina,1995 [YR1995],9.709
Botswana,1995 [YR1995],10.596
Brazil,1995 [YR1995],6.685
British Virgin Islands,1995 [YR1995],4.792
Brunei Darussalam,1995 [YR1995],3.532
Bulgaria,1995 [YR1995],13.6
Burkina Faso,1995 [YR1995],16.651
Burundi,1995 [YR1995],18.823
Cabo Verde,1995 [YR1995],8.178
Cambodia,1995 [YR1995],11.064
Cameroon,1995 [YR1995],13.64
Canada,1995 [YR1995],7.2
Cayman Islands,1995 [YR1995],3.4
Central African Republic,1995 [YR1995],16.577
Chad,1995 [YR1995],19.195
Channel Islands,1995 [YR1995],9.77840753652874
Chile,1995 [YR1995],5.352
China,1995 [YR1995],6.57
Colombia,1995 [YR1995],5.58
Comoros,1995 [YR1995],11.159
"Congo, Dem. Rep.",1995 [YR1995],15.689
"Congo, Rep.",1995 [YR1995],12.287
Costa Rica,1995 [YR1995],4.057
Cote d'Ivoire,1995 [YR1995],14.249
Croatia,1995 [YR1995],10.9
Cuba,1995 [YR1995],7.32
Curacao,1995 [YR1995],7.349
Cyprus,1995 [YR1995],8.078
Czechia,1995 [YR1995],11.4
Denmark,1995 [YR1995],12.1
Djibouti,1995 [YR1995],11.141
Dominica,1995 [YR1995],9.281
Dominican Republic,1995 [YR1995],5.695
Ecuador,1995 [YR1995],5.33
"Egypt, Arab Rep.",1995 [YR1995],7.025
El Salvador,1995 [YR1995],6.478
Equatorial Guinea,1995 [YR1995],15.248
Eritrea,1995 [YR1995],12.022
Estonia,1995 [YR1995],14.5
Eswatini,1995 [YR1995],9.699
Ethiopia,1995 [YR1995],16.892
Faroe Islands,1995 [YR1995],8.4
Fiji,1995 [YR1995],5.984
Finland,1995 [YR1995],9.6
France,1995 [YR1995],9.1
French Polynesia,1995 [YR1995],2.822
Gabon,1995 [YR1995],10.62
"Gambia, The",1995 [YR1995],13.163
Georgia,1995 [YR1995],10.569
Germany,1995 [YR1995],10.8
Ghana,1995 [YR1995],10.676
Gibraltar,1995 [YR1995],8.639
Greece,1995 [YR1995],9.5
Greenland,1995 [YR1995],8.6
Grenada,1995 [YR1995],6.85
Guam,1995 [YR1995],4.636
Guatemala,1995 [YR1995],7.679
Guinea,1995 [YR1995],17.107
Guinea-Bissau,1995 [YR1995],17.914
Guyana,1995 [YR1995],8.023
Haiti,1995 [YR1995],12.041
Honduras,1995 [YR1995],5.898
"Hong Kong SAR, China",1995 [YR1995],5.1
Hungary,1995 [YR1995],14.1
Iceland,1995 [YR1995],7.2
India,1995 [YR1995],9.612
Indonesia,1995 [YR1995],7.505
"Iran, Islamic Rep.",1995 [YR1995],5.514
Iraq,1995 [YR1995],6.606
Ireland,1995 [YR1995],8.9
Isle of Man,1995 [YR1995],14.261
Israel,1995 [YR1995],6.3
Italy,1995 [YR1995],9.8
Jamaica,1995 [YR1995],7.066
Japan,1995 [YR1995],7.4
Jordan,1995 [YR1995],3.993
Kazakhstan,1995 [YR1995],10.66
Kenya,1995 [YR1995],10.387
Kiribati,1995 [YR1995],7.952
"Korea, Dem. People's Rep.",1995 [YR1995],9.856
"Korea, Rep.",1995 [YR1995],5.3
Kosovo,1995 [YR1995],4.919
Kuwait,1995 [YR1995],2.07
Kyrgyz Republic,1995 [YR1995],8.0
Lao PDR,1995 [YR1995],11.543
Latvia,1995 [YR1995],15.7
Lebanon,1995 [YR1995],4.969
Lesotho,1995 [YR1995],11.183
Liberia,1995 [YR1995],20.233
Libya,1995 [YR1995],4.198
Liechtenstein,1995 [YR1995],7.3
Lithuania,1995 [YR1995],12.5
Luxembourg,1995 [YR1995],9.3
"Macao SAR, China",1995 [YR1995],3.796
Madagascar,1995 [YR1995],12.395
Malawi,1995 [YR1995],20.333
Malaysia,1995 [YR1995],4.494
Maldives,1995 [YR1995],5.854
Mali,1995 [YR1995],18.015
Malta,1995 [YR1995],7.2
Marshall Islands,1995 [YR1995],6.678
Mauritania,1995 [YR1995],9.39
Mauritius,1995 [YR1995],6.7
Mexico,1995 [YR1995],5.316
"Micronesia, Fed. Sts.",1995 [YR1995],5.75
Moldova,1995 [YR1995],13.439
Mongolia,1995 [YR1995],8.636
Montenegro,1995 [YR1995],8.0
Morocco,1995 [YR1995],6.915
Mozambique,1995 [YR1995],18.429
Myanmar,1995 [YR1995],10.737
Namibia,1995 [YR1995],9.524
Nauru,1995 [YR1995],6.897
Nepal,1995 [YR1995],10.11
Netherlands,1995 [YR1995],8.8
New Caledonia,1995 [YR1995],5.3
New Zealand,1995 [YR1995],7.57
Nicaragua,1995 [YR1995],6.051
Niger,1995 [YR1995],20.523
Nigeria,1995 [YR1995],18.859
North Macedonia,1995 [YR1995],8.573
Norway,1995 [YR1995],10.4
Oman,1995 [YR1995],3.549
Pakistan,1995 [YR1995],10.194
Palau,1995 [YR1995],6.4
Panama,1995 [YR1995],5.057
Papua New Guinea,1995 [YR1995],7.618
Paraguay,1995 [YR1995],5.852
Peru,1995 [YR1995],6.294
Philippines,1995 [YR1995],5.903
Poland,1995 [YR1995],10.0
Portugal,1995 [YR1995],10.3
Puerto Rico,1995 [YR1995],8.1
Qatar,1995 [YR1995],2.301
Romania,1995 [YR1995],12.0
Russian Federation,1995 [YR1995],15.0
Rwanda,1995 [YR1995],20.369
Samoa,1995 [YR1995],5.505
Sao Tome and Principe,1995 [YR1995],9.984
Saudi Arabia,1995 [YR1995],3.982
Senegal,1995 [YR1995],11.326
Serbia,1995 [YR1995],12.3
Seychelles,1995 [YR1995],7.0
Sierra Leone,1995 [YR1995],21.967
Singapore,1995 [YR1995],4.8
Sint Maarten (Dutch part),1995 [YR1995],3.975
Slovak Republic,1995 [YR1995],9.8
Slovenia,1995 [YR1995],9.5
Solomon Islands,1995 [YR1995],6.161
Somalia,1995 [YR1995],15.753
South Africa,1995 [YR1995],8.382
South Sudan,1995 [YR1995],32.71
Spain,1995 [YR1995],8.7
Sri Lanka,1995 [YR1995],6.343
St. Kitts and Nevis,1995 [YR1995],10.709
St. Lucia,1995 [YR1995],6.207
St. Martin (French part),1995 [YR1995],2.911
St. Vincent and the Grenadines,1995 [YR1995],6.385
Sudan,1995 [YR1995],13.189
Suriname,1995 [YR1995],6.975
Sweden,1995 [YR1995],10.6
Switzerland,1995 [YR1995],9.0
Syrian Arab Republic,1995 [YR1995],4.503
Tajikistan,1995 [YR1995],10.013
Tanzania,1995 [YR1995],14.355
Thailand,1995 [YR1995],5.964
Timor-Leste,1995 [YR1995],16.323
Togo,1995 [YR1995],12.537
Tonga,1995 [YR1995],6.827
Trinidad and Tobago,1995 [YR1995],6.503
Tunisia,1995 [YR1995],4.979
Turkiye,1995 [YR1995],6.229
Turkmenistan,1995 [YR1995],7.788
Turks and Caicos Islands,1995 [YR1995],6.222
Tuvalu,1995 [YR1995],9.899
Uganda,1995 [YR1995],17.294
Ukraine,1995 [YR1995],15.4
United Arab Emirates,1995 [YR1995],2.559
United Kingdom,1995 [YR1995],11.1
United States,1995 [YR1995],8.8
Uruguay,1995 [YR1995],9.363
Uzbekistan,1995 [YR1995],6.4
Vanuatu,1995 [YR1995],6.01
"Venezuela, RB",1995 [YR1995],4.766
Virgin Islands (U.S.),1995 [YR1995],5.025
West Bank and Gaza,1995 [YR1995],5.42
"Yemen, Rep.",1995 [YR1995],9.642
Zambia,1995 [YR1995],17.434
Zimbabwe,1995 [YR1995],12.825
Africa Eastern and Southern,1995 [YR1995],14.8107370509244
Africa Western and Central,1995 [YR1995],16.8126019394594
Arab World,1995 [YR1995],7.23047262992111
Caribbean small states,1995 [YR1995],7.40430331124927
Central Europe and the Baltics,1995 [YR1995],11.4948485633807
Early-demographic dividend,1995 [YR1995],8.76120466438988
East Asia & Pacific,1995 [YR1995],6.76119989569626
East Asia & Pacific (excluding high income),1995 [YR1995],6.77619305691667
East Asia & Pacific (IDA & IBRD countries),1995 [YR1995],6.73497466854877
Euro area,1995 [YR1995],9.86119428693214
Europe & Central Asia,1995 [YR1995],11.0048277094503
Europe & Central Asia (excluding high income),1995 [YR1995],9.80830347650756
Europe & Central Asia (IDA & IBRD countries),1995 [YR1995],11.7826347103774
European Union,1995 [YR1995],10.2441395363859
Fragile and conflict affected situations,1995 [YR1995],14.5685625582829
Heavily indebted poor countries (HIPC),1995 [YR1995],15.2627049354547
High income,1995 [YR1995],9.58630749543895
IBRD only,1995 [YR1995],7.97329282209701
IDA & IBRD total,1995 [YR1995],9.05502123201618
IDA blend,1995 [YR1995],13.047348451201
IDA only,1995 [YR1995],13.1124788186682
IDA total,1995 [YR1995],13.0909394904826
Late-demographic dividend,1995 [YR1995],7.39737773158275
Latin America & Caribbean,1995 [YR1995],6.37169867293036
Latin America & Caribbean (excluding high income),1995 [YR1995],6.45503022333896
Latin America & the Caribbean (IDA & IBRD countries),1995 [YR1995],6.33676455913759
Least developed countries: UN classification,1995 [YR1995],13.9499563054622
Low & middle income,1995 [YR1995],8.85953748758089
Low income,1995 [YR1995],15.4486424286136
Lower middle income,1995 [YR1995],10.0253833562251
Middle East & North Africa,1995 [YR1995],6.08902511417805
Middle East & North Africa (excluding high income),1995 [YR1995],6.28412947127522
Middle East & North Africa (IDA & IBRD countries),1995 [YR1995],6.29240755384465
Middle income,1995 [YR1995],8.32267741031024
North America,1995 [YR1995],8.64123495846739
OECD members,1995 [YR1995],8.40876565248656
Other small states,1995 [YR1995],9.63825241929901
Pacific island small states,1995 [YR1995],6.13840767133141
Post-demographic dividend,1995 [YR1995],9.3246364747137
Pre-demographic dividend,1995 [YR1995],15.9771251351418
Small states,1995 [YR1995],8.78369838545113
South Asia,1995 [YR1995],9.68510884510174
South Asia (IDA & IBRD),1995 [YR1995],9.68510884510174
Sub-Saharan Africa,1995 [YR1995],15.6156754168254
Sub-Saharan Africa (excluding high income),1995 [YR1995],15.6167634383987
Sub-Saharan Africa (IDA & IBRD countries),1995 [YR1995],15.6156754168254
Upper middle income,1995 [YR1995],6.86846167702813
World,1995 [YR1995],8.99805442586223
Viet Nam,1996 [YR1996],5.893
Afghanistan,1996 [YR1996],13.627
Albania,1996 [YR1996],5.571
Algeria,1996 [YR1996],5.188
Angola,1996 [YR1996],18.635
Antigua and Barbuda,1996 [YR1996],7.257
Argentina,1996 [YR1996],7.541
Armenia,1996 [YR1996],7.837
Aruba,1996 [YR1996],6.338
Australia,1996 [YR1996],7.0
Austria,1996 [YR1996],10.2
Azerbaijan,1996 [YR1996],6.2
"Bahamas, The",1996 [YR1996],5.985
Bahrain,1996 [YR1996],2.766
Bangladesh,1996 [YR1996],9.478
Barbados,1996 [YR1996],9.735
Belarus,1996 [YR1996],13.1
Belgium,1996 [YR1996],10.3
Belize,1996 [YR1996],5.42
Benin,1996 [YR1996],12.927
Bermuda,1996 [YR1996],6.9
Bhutan,1996 [YR1996],9.189
Bolivia,1996 [YR1996],10.525
Bosnia and Herzegovina,1996 [YR1996],8.425
Botswana,1996 [YR1996],10.988
Brazil,1996 [YR1996],6.564
British Virgin Islands,1996 [YR1996],4.666
Brunei Darussalam,1996 [YR1996],3.466
Bulgaria,1996 [YR1996],14.0
Burkina Faso,1996 [YR1996],16.461
Burundi,1996 [YR1996],18.599
Cabo Verde,1996 [YR1996],7.347
Cambodia,1996 [YR1996],10.847
Cameroon,1996 [YR1996],13.756
Canada,1996 [YR1996],7.2
Cayman Islands,1996 [YR1996],3.6
Central African Republic,1996 [YR1996],16.795
Chad,1996 [YR1996],18.909
Channel Islands,1996 [YR1996],9.65024003135103
Chile,1996 [YR1996],5.337
China,1996 [YR1996],6.56
Colombia,1996 [YR1996],5.536
Comoros,1996 [YR1996],10.927
"Congo, Dem. Rep.",1996 [YR1996],16.403
"Congo, Rep.",1996 [YR1996],12.387
Costa Rica,1996 [YR1996],4.019
Cote d'Ivoire,1996 [YR1996],14.254
Croatia,1996 [YR1996],11.1
Cuba,1996 [YR1996],7.314
Curacao,1996 [YR1996],7.473
Cyprus,1996 [YR1996],7.805
Czechia,1996 [YR1996],10.9
Denmark,1996 [YR1996],11.6
Djibouti,1996 [YR1996],11.152
Dominica,1996 [YR1996],9.394
Dominican Republic,1996 [YR1996],5.784
Ecuador,1996 [YR1996],5.275
"Egypt, Arab Rep.",1996 [YR1996],6.836
El Salvador,1996 [YR1996],6.314
Equatorial Guinea,1996 [YR1996],15.044
Eritrea,1996 [YR1996],11.635
Estonia,1996 [YR1996],13.4
Eswatini,1996 [YR1996],10.703
Ethiopia,1996 [YR1996],16.317
Faroe Islands,1996 [YR1996],9.1
Fiji,1996 [YR1996],5.985
Finland,1996 [YR1996],9.6
France,1996 [YR1996],9.1
French Polynesia,1996 [YR1996],2.662
Gabon,1996 [YR1996],10.545
"Gambia, The",1996 [YR1996],12.751
Georgia,1996 [YR1996],10.652
Germany,1996 [YR1996],10.8
Ghana,1996 [YR1996],10.513
Gibraltar,1996 [YR1996],8.096
Greece,1996 [YR1996],9.5
Greenland,1996 [YR1996],7.9
Grenada,1996 [YR1996],6.836
Guam,1996 [YR1996],4.791
Guatemala,1996 [YR1996],7.33
Guinea,1996 [YR1996],16.551
Guinea-Bissau,1996 [YR1996],17.572
Guyana,1996 [YR1996],7.977
Haiti,1996 [YR1996],11.648
Honduras,1996 [YR1996],5.728
"Hong Kong SAR, China",1996 [YR1996],5.0
Hungary,1996 [YR1996],13.9
Iceland,1996 [YR1996],7.0
India,1996 [YR1996],9.419
Indonesia,1996 [YR1996],7.541
"Iran, Islamic Rep.",1996 [YR1996],5.415
Iraq,1996 [YR1996],6.56
Ireland,1996 [YR1996],8.7
Isle of Man,1996 [YR1996],13.838
Israel,1996 [YR1996],6.1
Italy,1996 [YR1996],9.7
Jamaica,1996 [YR1996],6.975
Japan,1996 [YR1996],7.2
Jordan,1996 [YR1996],3.936
Kazakhstan,1996 [YR1996],10.66
Kenya,1996 [YR1996],10.543
Kiribati,1996 [YR1996],7.801
"Korea, Dem. People's Rep.",1996 [YR1996],9.988
"Korea, Rep.",1996 [YR1996],5.2
Kosovo,1996 [YR1996],4.878
Kuwait,1996 [YR1996],2.011
Kyrgyz Republic,1996 [YR1996],7.4
Lao PDR,1996 [YR1996],11.139
Latvia,1996 [YR1996],14.0
Lebanon,1996 [YR1996],4.92
Lesotho,1996 [YR1996],11.947
Liberia,1996 [YR1996],19.875
Libya,1996 [YR1996],4.187
Liechtenstein,1996 [YR1996],7.4
Lithuania,1996 [YR1996],11.9
Luxembourg,1996 [YR1996],9.4
"Macao SAR, China",1996 [YR1996],3.639
Madagascar,1996 [YR1996],12.02
Malawi,1996 [YR1996],20.459
Malaysia,1996 [YR1996],4.563
Maldives,1996 [YR1996],5.319
Mali,1996 [YR1996],17.913
Malta,1996 [YR1996],7.3
Marshall Islands,1996 [YR1996],6.544
Mauritania,1996 [YR1996],9.426
Mauritius,1996 [YR1996],6.8
Mexico,1996 [YR1996],5.235
"Micronesia, Fed. Sts.",1996 [YR1996],5.626
Moldova,1996 [YR1996],14.484
Mongolia,1996 [YR1996],8.719
Montenegro,1996 [YR1996],8.2
Morocco,1996 [YR1996],6.769
Mozambique,1996 [YR1996],17.91
Myanmar,1996 [YR1996],10.411
Namibia,1996 [YR1996],10.22
Nauru,1996 [YR1996],7.317
Nepal,1996 [YR1996],9.713
Netherlands,1996 [YR1996],8.9
New Caledonia,1996 [YR1996],5.2
New Zealand,1996 [YR1996],7.57
Nicaragua,1996 [YR1996],5.866
Niger,1996 [YR1996],19.762
Nigeria,1996 [YR1996],18.757
North Macedonia,1996 [YR1996],8.478
Norway,1996 [YR1996],10.0
Oman,1996 [YR1996],3.494
Pakistan,1996 [YR1996],9.852
Palau,1996 [YR1996],8.2
Panama,1996 [YR1996],5.001
Papua New Guinea,1996 [YR1996],7.621
Paraguay,1996 [YR1996],5.776
Peru,1996 [YR1996],6.217
Philippines,1996 [YR1996],5.779
Poland,1996 [YR1996],10.0
Portugal,1996 [YR1996],10.6
Puerto Rico,1996 [YR1996],8.0
Qatar,1996 [YR1996],2.208
Romania,1996 [YR1996],12.7
Russian Federation,1996 [YR1996],14.2
Rwanda,1996 [YR1996],19.68
Samoa,1996 [YR1996],5.429
Sao Tome and Principe,1996 [YR1996],9.887
Saudi Arabia,1996 [YR1996],3.882
Senegal,1996 [YR1996],11.395
Serbia,1996 [YR1996],12.9
Seychelles,1996 [YR1996],7.4
Sierra Leone,1996 [YR1996],21.18
Singapore,1996 [YR1996],4.7
Sint Maarten (Dutch part),1996 [YR1996],3.911
Slovak Republic,1996 [YR1996],9.5
Slovenia,1996 [YR1996],9.4
Solomon Islands,1996 [YR1996],6.089
Somalia,1996 [YR1996],15.885
South Africa,1996 [YR1996],8.691
South Sudan,1996 [YR1996],32.204
Spain,1996 [YR1996],8.8
Sri Lanka,1996 [YR1996],6.469
St. Kitts and Nevis,1996 [YR1996],10.547
St. Lucia,1996 [YR1996],6.371
St. Martin (French part),1996 [YR1996],3.038
St. Vincent and the Grenadines,1996 [YR1996],6.854
Sudan,1996 [YR1996],12.94
Suriname,1996 [YR1996],6.942
Sweden,1996 [YR1996],10.6
Switzerland,1996 [YR1996],8.9
Syrian Arab Republic,1996 [YR1996],4.521
Tajikistan,1996 [YR1996],9.858
Tanzania,1996 [YR1996],14.346
Thailand,1996 [YR1996],5.818
Timor-Leste,1996 [YR1996],15.81
Togo,1996 [YR1996],12.428
Tonga,1996 [YR1996],6.837
Trinidad and Tobago,1996 [YR1996],6.659
Tunisia,1996 [YR1996],4.887
Turkiye,1996 [YR1996],6.081
Turkmenistan,1996 [YR1996],7.735
Turks and Caicos Islands,1996 [YR1996],5.035
Tuvalu,1996 [YR1996],9.922
Uganda,1996 [YR1996],17.08
Ukraine,1996 [YR1996],15.2
United Arab Emirates,1996 [YR1996],2.58
United Kingdom,1996 [YR1996],10.9
United States,1996 [YR1996],8.8
Uruguay,1996 [YR1996],9.321
Uzbekistan,1996 [YR1996],6.2
Vanuatu,1996 [YR1996],5.725
"Venezuela, RB",1996 [YR1996],4.835
Virgin Islands (U.S.),1996 [YR1996],5.2
West Bank and Gaza,1996 [YR1996],5.16
"Yemen, Rep.",1996 [YR1996],9.343
Zambia,1996 [YR1996],17.483
Zimbabwe,1996 [YR1996],13.755
Africa Eastern and Southern,1996 [YR1996],14.8266013315332
Africa Western and Central,1996 [YR1996],16.6654818867239
Arab World,1996 [YR1996],7.05307156935753
Caribbean small states,1996 [YR1996],7.39538236278288
Central Europe and the Baltics,1996 [YR1996],11.5200571644401
Early-demographic dividend,1996 [YR1996],8.61649764040465
East Asia & Pacific,1996 [YR1996],6.72858152154465
East Asia & Pacific (excluding high income),1996 [YR1996],6.75524556347376
East Asia & Pacific (IDA & IBRD countries),1996 [YR1996],6.7121247861548
Euro area,1996 [YR1996],9.83801553374808
Europe & Central Asia,1996 [YR1996],10.8053556762937
Europe & Central Asia (excluding high income),1996 [YR1996],9.63370421077319
Europe & Central Asia (IDA & IBRD countries),1996 [YR1996],11.4662328940481
European Union,1996 [YR1996],10.2471148771661
Fragile and conflict affected situations,1996 [YR1996],14.4415998186086
Heavily indebted poor countries (HIPC),1996 [YR1996],15.1147319450169
High income,1996 [YR1996],9.44105927314876
IBRD only,1996 [YR1996],7.86382428054497
IDA & IBRD total,1996 [YR1996],8.94977034654823
IDA blend,1996 [YR1996],12.9087319063258
IDA only,1996 [YR1996],12.9734905273072
IDA total,1996 [YR1996],12.9520620269789
Late-demographic dividend,1996 [YR1996],7.30723670253043
Latin America & Caribbean,1996 [YR1996],6.28683868648967
Latin America & Caribbean (excluding high income),1996 [YR1996],6.3592484676206
Latin America & the Caribbean (IDA & IBRD countries),1996 [YR1996],6.25033043908971
Least developed countries: UN classification,1996 [YR1996],13.7963840655351
Low & middle income,1996 [YR1996],8.77503984794117
Low income,1996 [YR1996],15.2858786706132
Lower middle income,1996 [YR1996],9.87142883752086
Middle East & North Africa,1996 [YR1996],5.92504019885206
Middle East & North Africa (excluding high income),1996 [YR1996],6.11757226757559
Middle East & North Africa (IDA & IBRD countries),1996 [YR1996],6.12697858650356
Middle income,1996 [YR1996],8.23760552296758
North America,1996 [YR1996],8.64120459641634
OECD members,1996 [YR1996],8.33224158274875
Other small states,1996 [YR1996],9.43167524820392
Pacific island small states,1996 [YR1996],6.09468842656185
Post-demographic dividend,1996 [YR1996],9.25155381645625
Pre-demographic dividend,1996 [YR1996],15.9015598421371
Small states,1996 [YR1996],8.63308139968442
South Asia,1996 [YR1996],9.4917735474921
South Asia (IDA & IBRD),1996 [YR1996],9.4917735474921
Sub-Saharan Africa,1996 [YR1996],15.5663379006196
Sub-Saharan Africa (excluding high income),1996 [YR1996],15.5673567902757
Sub-Saharan Africa (IDA & IBRD countries),1996 [YR1996],15.5663379006196
Upper middle income,1996 [YR1996],6.82887431804604
World,1996 [YR1996],8.89986879620969
Viet Nam,1997 [YR1997],5.817
Afghanistan,1997 [YR1997],13.334
Albania,1997 [YR1997],5.923
Algeria,1997 [YR1997],5.201
Angola,1997 [YR1997],18.367
Antigua and Barbuda,1997 [YR1997],7.104
Argentina,1997 [YR1997],7.778
Armenia,1997 [YR1997],7.994
Aruba,1997 [YR1997],6.359
Australia,1997 [YR1997],7.0
Austria,1997 [YR1997],10.0
Azerbaijan,1997 [YR1997],6.0
"Bahamas, The",1997 [YR1997],5.908
Bahrain,1997 [YR1997],2.75
Bangladesh,1997 [YR1997],8.563
Barbados,1997 [YR1997],9.781
Belarus,1997 [YR1997],13.5
Belgium,1997 [YR1997],10.2
Belize,1997 [YR1997],5.631
Benin,1997 [YR1997],12.596
Bhutan,1997 [YR1997],8.858
Bolivia,1997 [YR1997],10.329
Bosnia and Herzegovina,1997 [YR1997],8.314
Botswana,1997 [YR1997],11.508
Brazil,1997 [YR1997],6.488
British Virgin Islands,1997 [YR1997],4.779
Brunei Darussalam,1997 [YR1997],3.415
Bulgaria,1997 [YR1997],14.7
Burkina Faso,1997 [YR1997],16.498
Burundi,1997 [YR1997],17.626
Cabo Verde,1997 [YR1997],6.97
Cambodia,1997 [YR1997],10.467
Cameroon,1997 [YR1997],13.713
Canada,1997 [YR1997],7.2
Cayman Islands,1997 [YR1997],3.4
Central African Republic,1997 [YR1997],16.99
Chad,1997 [YR1997],18.692
Channel Islands,1997 [YR1997],9.50198190165031
Chile,1997 [YR1997],5.138
China,1997 [YR1997],6.51
Colombia,1997 [YR1997],5.476
Comoros,1997 [YR1997],10.819
"Congo, Dem. Rep.",1997 [YR1997],15.676
"Congo, Rep.",1997 [YR1997],16.201
Costa Rica,1997 [YR1997],3.985
Cote d'Ivoire,1997 [YR1997],14.255
Croatia,1997 [YR1997],11.5
Cuba,1997 [YR1997],7.281
Curacao,1997 [YR1997],7.617
Cyprus,1997 [YR1997],7.624
Czechia,1997 [YR1997],10.9
Denmark,1997 [YR1997],11.3
Djibouti,1997 [YR1997],11.208
Dominica,1997 [YR1997],9.255
Dominican Republic,1997 [YR1997],5.878
Ecuador,1997 [YR1997],5.222
"Egypt, Arab Rep.",1997 [YR1997],6.653
El Salvador,1997 [YR1997],6.14
Equatorial Guinea,1997 [YR1997],14.731
Eritrea,1997 [YR1997],11.263
Estonia,1997 [YR1997],13.3
Eswatini,1997 [YR1997],11.576
Ethiopia,1997 [YR1997],15.808
Faroe Islands,1997 [YR1997],8.6
Fiji,1997 [YR1997],6.016
Finland,1997 [YR1997],9.6
France,1997 [YR1997],9.1
French Polynesia,1997 [YR1997],2.509
Gabon,1997 [YR1997],10.421
"Gambia, The",1997 [YR1997],12.607
Georgia,1997 [YR1997],10.814
Germany,1997 [YR1997],10.5
Ghana,1997 [YR1997],10.322
Gibraltar,1997 [YR1997],6.659
Greece,1997 [YR1997],9.4
Greenland,1997 [YR1997],8.8
Grenada,1997 [YR1997],6.827
Guam,1997 [YR1997],4.788
Guatemala,1997 [YR1997],7.006
Guinea,1997 [YR1997],15.935
Guinea-Bissau,1997 [YR1997],17.991
Guyana,1997 [YR1997],7.896
Haiti,1997 [YR1997],11.396
Honduras,1997 [YR1997],5.56
"Hong Kong SAR, China",1997 [YR1997],4.9
Hungary,1997 [YR1997],13.5
Iceland,1997 [YR1997],6.8
India,1997 [YR1997],9.229
Indonesia,1997 [YR1997],7.458
"Iran, Islamic Rep.",1997 [YR1997],5.357
Iraq,1997 [YR1997],6.718
Ireland,1997 [YR1997],8.6
Isle of Man,1997 [YR1997],13.781
Israel,1997 [YR1997],6.2
Italy,1997 [YR1997],9.8
Jamaica,1997 [YR1997],7.034
Japan,1997 [YR1997],7.3
Jordan,1997 [YR1997],3.875
Kazakhstan,1997 [YR1997],10.44
Kenya,1997 [YR1997],10.65
Kiribati,1997 [YR1997],7.613
"Korea, Dem. People's Rep.",1997 [YR1997],10.129
"Korea, Rep.",1997 [YR1997],5.3
Kosovo,1997 [YR1997],4.838
Kuwait,1997 [YR1997],1.974
Kyrgyz Republic,1997 [YR1997],7.3
Lao PDR,1997 [YR1997],10.802
Latvia,1997 [YR1997],13.8
Lebanon,1997 [YR1997],4.787
Lesotho,1997 [YR1997],12.829
Liberia,1997 [YR1997],17.565
Libya,1997 [YR1997],4.3
Liechtenstein,1997 [YR1997],7.4
Lithuania,1997 [YR1997],11.5
Luxembourg,1997 [YR1997],9.4
"Macao SAR, China",1997 [YR1997],3.653
Madagascar,1997 [YR1997],11.569
Malawi,1997 [YR1997],20.657
Malaysia,1997 [YR1997],4.627
Maldives,1997 [YR1997],5.042
Mali,1997 [YR1997],17.36
Malta,1997 [YR1997],7.5
Marshall Islands,1997 [YR1997],6.44
Mauritania,1997 [YR1997],9.203
Mauritius,1997 [YR1997],7.0
Mexico,1997 [YR1997],5.152
"Micronesia, Fed. Sts.",1997 [YR1997],5.41
Moldova,1997 [YR1997],13.511
Mongolia,1997 [YR1997],8.395
Montenegro,1997 [YR1997],8.5
Morocco,1997 [YR1997],6.678
Mozambique,1997 [YR1997],17.321
Myanmar,1997 [YR1997],10.296
Namibia,1997 [YR1997],10.837
Nauru,1997 [YR1997],7.758
Nepal,1997 [YR1997],9.252
Netherlands,1997 [YR1997],8.7
New Caledonia,1997 [YR1997],5.0
New Zealand,1997 [YR1997],7.26
Nicaragua,1997 [YR1997],5.703
Niger,1997 [YR1997],19.074
Nigeria,1997 [YR1997],18.531
North Macedonia,1997 [YR1997],8.3
Norway,1997 [YR1997],10.1
Oman,1997 [YR1997],3.435
Pakistan,1997 [YR1997],9.654
Palau,1997 [YR1997],6.7
Panama,1997 [YR1997],4.948
Papua New Guinea,1997 [YR1997],7.536
Paraguay,1997 [YR1997],5.734
Peru,1997 [YR1997],6.144
Philippines,1997 [YR1997],5.711
Poland,1997 [YR1997],9.8
Portugal,1997 [YR1997],10.4
Puerto Rico,1997 [YR1997],7.7
Qatar,1997 [YR1997],2.206
Romania,1997 [YR1997],12.4
Russian Federation,1997 [YR1997],13.8
Rwanda,1997 [YR1997],19.637
Samoa,1997 [YR1997],5.353
Sao Tome and Principe,1997 [YR1997],9.768
Saudi Arabia,1997 [YR1997],3.804
Senegal,1997 [YR1997],11.417
Serbia,1997 [YR1997],12.91
Seychelles,1997 [YR1997],7.8
Sierra Leone,1997 [YR1997],21.052
Singapore,1997 [YR1997],4.5
Sint Maarten (Dutch part),1997 [YR1997],3.709
Slovak Republic,1997 [YR1997],9.7
Slovenia,1997 [YR1997],9.5
Solomon Islands,1997 [YR1997],6.041
Somalia,1997 [YR1997],16.136
South Africa,1997 [YR1997],8.949
South Sudan,1997 [YR1997],30.951
Spain,1997 [YR1997],8.7
Sri Lanka,1997 [YR1997],6.651
St. Kitts and Nevis,1997 [YR1997],10.195
St. Lucia,1997 [YR1997],6.556
St. Martin (French part),1997 [YR1997],3.184
St. Vincent and the Grenadines,1997 [YR1997],7.098
Sudan,1997 [YR1997],12.566
Suriname,1997 [YR1997],7.077
Sweden,1997 [YR1997],10.6
Switzerland,1997 [YR1997],8.9
Syrian Arab Republic,1997 [YR1997],4.54
Tajikistan,1997 [YR1997],9.058
Tanzania,1997 [YR1997],14.459
Thailand,1997 [YR1997],5.614
Timor-Leste,1997 [YR1997],15.372
Togo,1997 [YR1997],12.306
Tonga,1997 [YR1997],6.838
Trinidad and Tobago,1997 [YR1997],6.906
Tunisia,1997 [YR1997],4.774
Turkiye,1997 [YR1997],5.963
Turkmenistan,1997 [YR1997],7.637
Turks and Caicos Islands,1997 [YR1997],4.671
Tuvalu,1997 [YR1997],9.928
Uganda,1997 [YR1997],16.728
Ukraine,1997 [YR1997],14.9
United Arab Emirates,1997 [YR1997],2.52
United Kingdom,1997 [YR1997],10.8
United States,1997 [YR1997],8.7
Uruguay,1997 [YR1997],9.269
Uzbekistan,1997 [YR1997],5.8
Vanuatu,1997 [YR1997],5.675
"Venezuela, RB",1997 [YR1997],4.677
Virgin Islands (U.S.),1997 [YR1997],5.3
West Bank and Gaza,1997 [YR1997],4.9
"Yemen, Rep.",1997 [YR1997],8.932
Zambia,1997 [YR1997],17.511
Zimbabwe,1997 [YR1997],14.357
Africa Eastern and Southern,1997 [YR1997],14.629155954301
Africa Western and Central,1997 [YR1997],16.4796686305178
Arab World,1997 [YR1997],6.94035731054194
Caribbean small states,1997 [YR1997],7.40594795325367
Central Europe and the Baltics,1997 [YR1997],11.4090142282431
Early-demographic dividend,1997 [YR1997],8.43384085208417
East Asia & Pacific,1997 [YR1997],6.68032193141484
East Asia & Pacific (excluding high income),1997 [YR1997],6.69421790173095
East Asia & Pacific (IDA & IBRD countries),1997 [YR1997],6.64853564684476
Euro area,1997 [YR1997],9.73975779601556
Europe & Central Asia,1997 [YR1997],10.6171171454289
Europe & Central Asia (excluding high income),1997 [YR1997],9.40889763985881
Europe & Central Asia (IDA & IBRD countries),1997 [YR1997],11.1997858526934
European Union,1997 [YR1997],10.1375213768441
Fragile and conflict affected situations,1997 [YR1997],14.178053561546
Heavily indebted poor countries (HIPC),1997 [YR1997],14.8334259166009
High income,1997 [YR1997],9.32201435278508
IBRD only,1997 [YR1997],7.74979695015521
IDA & IBRD total,1997 [YR1997],8.80450943266577
IDA blend,1997 [YR1997],12.7837239627771
IDA only,1997 [YR1997],12.5771374212449
IDA total,1997 [YR1997],12.6455407539023
Late-demographic dividend,1997 [YR1997],7.20744590189248
Latin America & Caribbean,1997 [YR1997],6.2169868736646
Latin America & Caribbean (excluding high income),1997 [YR1997],6.29965420023459
Latin America & the Caribbean (IDA & IBRD countries),1997 [YR1997],6.18172713296413
Least developed countries: UN classification,1997 [YR1997],13.352780962999
Low & middle income,1997 [YR1997],8.64253596756013
Low income,1997 [YR1997],14.9152322301051
Lower middle income,1997 [YR1997],9.66848950632477
Middle East & North Africa,1997 [YR1997],5.84195760367733
Middle East & North Africa (excluding high income),1997 [YR1997],6.03337529990351
Middle East & North Africa (IDA & IBRD countries),1997 [YR1997],6.04479373808367
Middle income,1997 [YR1997],8.11837803981201
North America,1997 [YR1997],8.55173689542448
OECD members,1997 [YR1997],8.25336974744501
Other small states,1997 [YR1997],9.43846087923774
Pacific island small states,1997 [YR1997],6.05209926830591
Post-demographic dividend,1997 [YR1997],9.18225846000048
Pre-demographic dividend,1997 [YR1997],15.6663367818216
Small states,1997 [YR1997],8.63439061924775
South Asia,1997 [YR1997],9.23183538717438
South Asia (IDA & IBRD),1997 [YR1997],9.23183538717438
Sub-Saharan Africa,1997 [YR1997],15.374263688005
Sub-Saharan Africa (excluding high income),1997 [YR1997],15.3751950753805
Sub-Saharan Africa (IDA & IBRD countries),1997 [YR1997],15.374263688005
Upper middle income,1997 [YR1997],6.76906453187956
World,1997 [YR1997],8.76871365155451
Viet Nam,1998 [YR1998],5.753
Afghanistan,1998 [YR1998],13.565
Albania,1998 [YR1998],5.664
Algeria,1998 [YR1998],5.288
Angola,1998 [YR1998],19.106
Antigua and Barbuda,1998 [YR1998],6.96
Argentina,1998 [YR1998],7.651
Armenia,1998 [YR1998],7.808
Aruba,1998 [YR1998],6.339
Australia,1998 [YR1998],6.8
Austria,1998 [YR1998],9.8
Azerbaijan,1998 [YR1998],5.9
"Bahamas, The",1998 [YR1998],5.81
Bahrain,1998 [YR1998],2.76
Bangladesh,1998 [YR1998],7.511
Barbados,1998 [YR1998],9.705
Belarus,1998 [YR1998],13.6
Belgium,1998 [YR1998],10.3
Belize,1998 [YR1998],5.863
Benin,1998 [YR1998],12.36
Bhutan,1998 [YR1998],8.529
Bolivia,1998 [YR1998],10.156
Bosnia and Herzegovina,1998 [YR1998],8.33
Botswana,1998 [YR1998],12.081
Brazil,1998 [YR1998],6.429
British Virgin Islands,1998 [YR1998],4.558
Brunei Darussalam,1998 [YR1998],3.375
Bulgaria,1998 [YR1998],14.3
Burkina Faso,1998 [YR1998],16.029
Burundi,1998 [YR1998],16.646
Cabo Verde,1998 [YR1998],6.624
Cambodia,1998 [YR1998],10.151
Cameroon,1998 [YR1998],13.723
Canada,1998 [YR1998],7.2
Cayman Islands,1998 [YR1998],3.1
Central African Republic,1998 [YR1998],17.068
Chad,1998 [YR1998],18.548
Channel Islands,1998 [YR1998],9.01456893024804
Chile,1998 [YR1998],5.258
China,1998 [YR1998],6.5
Colombia,1998 [YR1998],5.442
Comoros,1998 [YR1998],10.767
"Congo, Dem. Rep.",1998 [YR1998],15.876
"Congo, Rep.",1998 [YR1998],13.847
Costa Rica,1998 [YR1998],4.114
Cote d'Ivoire,1998 [YR1998],14.379
Croatia,1998 [YR1998],11.5
Cuba,1998 [YR1998],7.238
Curacao,1998 [YR1998],7.747
Cyprus,1998 [YR1998],7.463
Czechia,1998 [YR1998],10.6
Denmark,1998 [YR1998],11.0
Djibouti,1998 [YR1998],11.041
Dominica,1998 [YR1998],9.406
Dominican Republic,1998 [YR1998],6.025
Ecuador,1998 [YR1998],5.157
"Egypt, Arab Rep.",1998 [YR1998],6.57
El Salvador,1998 [YR1998],6.087
Equatorial Guinea,1998 [YR1998],14.432
Eritrea,1998 [YR1998],14.821
Estonia,1998 [YR1998],14.0
Eswatini,1998 [YR1998],12.515
Ethiopia,1998 [YR1998],15.413
Faroe Islands,1998 [YR1998],8.5
Fiji,1998 [YR1998],6.036
Finland,1998 [YR1998],9.6
France,1998 [YR1998],9.1
French Polynesia,1998 [YR1998],2.412
Gabon,1998 [YR1998],10.275
"Gambia, The",1998 [YR1998],12.254
Georgia,1998 [YR1998],11.062
Germany,1998 [YR1998],10.4
Ghana,1998 [YR1998],10.142
Gibraltar,1998 [YR1998],6.659
Greece,1998 [YR1998],9.6
Greenland,1998 [YR1998],8.1
Grenada,1998 [YR1998],6.815
Guam,1998 [YR1998],4.774
Guatemala,1998 [YR1998],6.747
Guinea,1998 [YR1998],15.388
Guinea-Bissau,1998 [YR1998],17.779
Guyana,1998 [YR1998],7.638
Haiti,1998 [YR1998],11.023
Honduras,1998 [YR1998],7.784
"Hong Kong SAR, China",1998 [YR1998],5.0
Hungary,1998 [YR1998],13.7
Iceland,1998 [YR1998],6.6
India,1998 [YR1998],9.05
Indonesia,1998 [YR1998],7.431
"Iran, Islamic Rep.",1998 [YR1998],5.311
Iraq,1998 [YR1998],6.78
Ireland,1998 [YR1998],8.5
Isle of Man,1998 [YR1998],13.318
Israel,1998 [YR1998],6.2
Italy,1998 [YR1998],10.0
Jamaica,1998 [YR1998],7.062
Japan,1998 [YR1998],7.5
Jordan,1998 [YR1998],3.819
Kazakhstan,1998 [YR1998],10.24
Kenya,1998 [YR1998],10.743
Kiribati,1998 [YR1998],7.433
"Korea, Dem. People's Rep.",1998 [YR1998],10.328
"Korea, Rep.",1998 [YR1998],5.2
Kosovo,1998 [YR1998],5.569
Kuwait,1998 [YR1998],1.936
Kyrgyz Republic,1998 [YR1998],7.2
Lao PDR,1998 [YR1998],10.599
Latvia,1998 [YR1998],14.2
Lebanon,1998 [YR1998],4.788
Lesotho,1998 [YR1998],13.878
Liberia,1998 [YR1998],16.855
Libya,1998 [YR1998],4.385
Liechtenstein,1998 [YR1998],6.6
Lithuania,1998 [YR1998],11.5
Luxembourg,1998 [YR1998],9.2
"Macao SAR, China",1998 [YR1998],3.672
Madagascar,1998 [YR1998],11.108
Malawi,1998 [YR1998],20.823
Malaysia,1998 [YR1998],4.718
Maldives,1998 [YR1998],4.878
Mali,1998 [YR1998],16.907
Malta,1998 [YR1998],7.8
Marshall Islands,1998 [YR1998],6.356
Mauritania,1998 [YR1998],9.087
Mauritius,1998 [YR1998],6.8
Mexico,1998 [YR1998],5.086
"Micronesia, Fed. Sts.",1998 [YR1998],5.252
Moldova,1998 [YR1998],13.399
Mongolia,1998 [YR1998],7.874
Montenegro,1998 [YR1998],8.7
Morocco,1998 [YR1998],6.59
Mozambique,1998 [YR1998],16.829
Myanmar,1998 [YR1998],10.06
Namibia,1998 [YR1998],11.569
Nauru,1998 [YR1998],7.99
Nepal,1998 [YR1998],8.839
Netherlands,1998 [YR1998],8.8
New Caledonia,1998 [YR1998],4.8
New Zealand,1998 [YR1998],6.87
Nicaragua,1998 [YR1998],6.29
Niger,1998 [YR1998],18.489
Nigeria,1998 [YR1998],18.289
North Macedonia,1998 [YR1998],8.4
Norway,1998 [YR1998],10.0
Oman,1998 [YR1998],3.285
Pakistan,1998 [YR1998],9.353
Palau,1998 [YR1998],6.8
Panama,1998 [YR1998],4.896
Papua New Guinea,1998 [YR1998],7.917
Paraguay,1998 [YR1998],5.686
Peru,1998 [YR1998],6.056
Philippines,1998 [YR1998],5.686
Poland,1998 [YR1998],9.7
Portugal,1998 [YR1998],10.5
Puerto Rico,1998 [YR1998],7.8
Qatar,1998 [YR1998],2.224
Romania,1998 [YR1998],12.0
Russian Federation,1998 [YR1998],13.5
Rwanda,1998 [YR1998],18.779
Samoa,1998 [YR1998],5.276
Sao Tome and Principe,1998 [YR1998],9.687
Saudi Arabia,1998 [YR1998],3.674
Senegal,1998 [YR1998],11.488
Serbia,1998 [YR1998],13.13
Seychelles,1998 [YR1998],7.2
Sierra Leone,1998 [YR1998],21.608
Singapore,1998 [YR1998],4.6
Sint Maarten (Dutch part),1998 [YR1998],3.889
Slovak Republic,1998 [YR1998],9.9
Slovenia,1998 [YR1998],9.6
Solomon Islands,1998 [YR1998],5.99
Somalia,1998 [YR1998],15.806
South Africa,1998 [YR1998],9.335
South Sudan,1998 [YR1998],55.947
Spain,1998 [YR1998],9.0
Sri Lanka,1998 [YR1998],6.799
St. Kitts and Nevis,1998 [YR1998],10.265
St. Lucia,1998 [YR1998],6.729
St. Martin (French part),1998 [YR1998],3.354
St. Vincent and the Grenadines,1998 [YR1998],7.06
Sudan,1998 [YR1998],14.803
Suriname,1998 [YR1998],7.306
Sweden,1998 [YR1998],10.5
Switzerland,1998 [YR1998],8.8
Syrian Arab Republic,1998 [YR1998],4.575
Tajikistan,1998 [YR1998],8.448
Tanzania,1998 [YR1998],14.2
Thailand,1998 [YR1998],5.588
Timor-Leste,1998 [YR1998],15.703
Togo,1998 [YR1998],12.258
Tonga,1998 [YR1998],6.819
Trinidad and Tobago,1998 [YR1998],6.757
Tunisia,1998 [YR1998],4.751
Turkiye,1998 [YR1998],5.832
Turkmenistan,1998 [YR1998],7.372
Turks and Caicos Islands,1998 [YR1998],4.165
Tuvalu,1998 [YR1998],9.973
Uganda,1998 [YR1998],16.413
Ukraine,1998 [YR1998],14.4
United Arab Emirates,1998 [YR1998],2.473
United Kingdom,1998 [YR1998],10.8
United States,1998 [YR1998],8.6
Uruguay,1998 [YR1998],9.214
Uzbekistan,1998 [YR1998],5.9
Vanuatu,1998 [YR1998],5.635
"Venezuela, RB",1998 [YR1998],4.758
Virgin Islands (U.S.),1998 [YR1998],5.0
West Bank and Gaza,1998 [YR1998],4.8
"Yemen, Rep.",1998 [YR1998],8.666
Zambia,1998 [YR1998],17.509
Zimbabwe,1998 [YR1998],15.15
Africa Eastern and Southern,1998 [YR1998],15.1401855480903
Africa Western and Central,1998 [YR1998],16.2450054828847
Arab World,1998 [YR1998],7.10866600628525
Caribbean small states,1998 [YR1998],7.37085095663841
Central Europe and the Baltics,1998 [YR1998],11.2773899337906
Early-demographic dividend,1998 [YR1998],8.2630609789763
East Asia & Pacific,1998 [YR1998],6.67223121801482
East Asia & Pacific (excluding high income),1998 [YR1998],6.67558300540817
East Asia & Pacific (IDA & IBRD countries),1998 [YR1998],6.62716714688466
Euro area,1998 [YR1998],9.80600960494778
Europe & Central Asia,1998 [YR1998],10.5124638199468
Europe & Central Asia (excluding high income),1998 [YR1998],9.20611340632986
Europe & Central Asia (IDA & IBRD countries),1998 [YR1998],10.9577740459355
European Union,1998 [YR1998],10.1400638744214
Fragile and conflict affected situations,1998 [YR1998],14.3513176459871
Heavily indebted poor countries (HIPC),1998 [YR1998],14.818499187724
High income,1998 [YR1998],9.26541393265042
IBRD only,1998 [YR1998],7.6662001668119
IDA & IBRD total,1998 [YR1998],8.73392765776238
IDA blend,1998 [YR1998],12.6115775919708
IDA only,1998 [YR1998],12.559572361737
IDA total,1998 [YR1998],12.5768049840305
Late-demographic dividend,1998 [YR1998],7.15621802303486
Latin America & Caribbean,1998 [YR1998],6.19252142751392
Latin America & Caribbean (excluding high income),1998 [YR1998],6.26586190892345
Latin America & the Caribbean (IDA & IBRD countries),1998 [YR1998],6.15723544977261
Least developed countries: UN classification,1998 [YR1998],13.3222464139522
Low & middle income,1998 [YR1998],8.58511811415929
Low income,1998 [YR1998],15.3045719629727
Lower middle income,1998 [YR1998],9.47208714482984
Middle East & North Africa,1998 [YR1998],5.79505253694371
Middle East & North Africa (excluding high income),1998 [YR1998],5.9943542574817
Middle East & North Africa (IDA & IBRD countries),1998 [YR1998],6.00645644545976
Middle income,1998 [YR1998],8.01659648958775
North America,1998 [YR1998],8.46203929187443
OECD members,1998 [YR1998],8.23499910606409
Other small states,1998 [YR1998],9.5712337669306
Pacific island small states,1998 [YR1998],6.02198325674519
Post-demographic dividend,1998 [YR1998],9.15042321654302
Pre-demographic dividend,1998 [YR1998],15.9277768339237
Small states,1998 [YR1998],8.71654018945633
South Asia,1998 [YR1998],8.9638775651067
South Asia (IDA & IBRD),1998 [YR1998],8.9638775651067
Sub-Saharan Africa,1998 [YR1998],15.5854946792174
Sub-Saharan Africa (excluding high income),1998 [YR1998],15.5865185871884
Sub-Saharan Africa (IDA & IBRD countries),1998 [YR1998],15.5854946792174
Upper middle income,1998 [YR1998],6.73725218792455
World,1998 [YR1998],8.7106549032942
Viet Nam,1999 [YR1999],5.729
Afghanistan,1999 [YR1999],12.463
Albania,1999 [YR1999],5.732
Algeria,1999 [YR1999],5.131
Angola,1999 [YR1999],18.701
Antigua and Barbuda,1999 [YR1999],6.734
Argentina,1999 [YR1999],7.615
Armenia,1999 [YR1999],8.261
Aruba,1999 [YR1999],6.313
Australia,1999 [YR1999],6.8
Austria,1999 [YR1999],9.8
Azerbaijan,1999 [YR1999],5.8
"Bahamas, The",1999 [YR1999],5.74
Bahrain,1999 [YR1999],2.703
Bangladesh,1999 [YR1999],6.662
Barbados,1999 [YR1999],9.509
Belarus,1999 [YR1999],14.2
Belgium,1999 [YR1999],10.3
Belize,1999 [YR1999],5.781
Benin,1999 [YR1999],12.103
Bhutan,1999 [YR1999],8.221
Bolivia,1999 [YR1999],9.992
Bosnia and Herzegovina,1999 [YR1999],7.683
Botswana,1999 [YR1999],12.633
Brazil,1999 [YR1999],6.386
British Virgin Islands,1999 [YR1999],4.778
Brunei Darussalam,1999 [YR1999],3.346
Bulgaria,1999 [YR1999],13.6
Burkina Faso,1999 [YR1999],15.719
Burundi,1999 [YR1999],15.965
Cabo Verde,1999 [YR1999],6.321
Cambodia,1999 [YR1999],9.749
Cameroon,1999 [YR1999],13.614
Canada,1999 [YR1999],7.2
Cayman Islands,1999 [YR1999],3.3
Central African Republic,1999 [YR1999],17.159
Chad,1999 [YR1999],18.305
Channel Islands,1999 [YR1999],9.02555745074614
Chile,1999 [YR1999],5.246
China,1999 [YR1999],6.46
Colombia,1999 [YR1999],5.432
Comoros,1999 [YR1999],10.513
"Congo, Dem. Rep.",1999 [YR1999],15.636
"Congo, Rep.",1999 [YR1999],12.746
Costa Rica,1999 [YR1999],4.088
Cote d'Ivoire,1999 [YR1999],14.365
Croatia,1999 [YR1999],11.5
Cuba,1999 [YR1999],7.22
Curacao,1999 [YR1999],7.914
Cyprus,1999 [YR1999],7.509
Czechia,1999 [YR1999],10.7
Denmark,1999 [YR1999],11.1
Djibouti,1999 [YR1999],10.899
Dominica,1999 [YR1999],10.1
Dominican Republic,1999 [YR1999],6.092
Ecuador,1999 [YR1999],5.074
"Egypt, Arab Rep.",1999 [YR1999],6.48
El Salvador,1999 [YR1999],5.904
Equatorial Guinea,1999 [YR1999],14.108
Eritrea,1999 [YR1999],18.754
Estonia,1999 [YR1999],13.4
Eswatini,1999 [YR1999],13.519
Ethiopia,1999 [YR1999],15.539
Faroe Islands,1999 [YR1999],9.0
Fiji,1999 [YR1999],6.116
Finland,1999 [YR1999],9.6
France,1999 [YR1999],9.1
French Polynesia,1999 [YR1999],2.292
Gabon,1999 [YR1999],10.167
"Gambia, The",1999 [YR1999],12.024
Georgia,1999 [YR1999],11.125
Germany,1999 [YR1999],10.3
Ghana,1999 [YR1999],9.962
Gibraltar,1999 [YR1999],6.363
Greece,1999 [YR1999],9.6
Greenland,1999 [YR1999],8.5
Grenada,1999 [YR1999],6.904
Guam,1999 [YR1999],4.706
Guatemala,1999 [YR1999],6.419
Guinea,1999 [YR1999],15.028
Guinea-Bissau,1999 [YR1999],17.408
Guyana,1999 [YR1999],7.525
Haiti,1999 [YR1999],10.564
Honduras,1999 [YR1999],5.26
"Hong Kong SAR, China",1999 [YR1999],5.0
Hungary,1999 [YR1999],14.0
Iceland,1999 [YR1999],6.9
India,1999 [YR1999],8.875
Indonesia,1999 [YR1999],7.39
"Iran, Islamic Rep.",1999 [YR1999],5.18
Iraq,1999 [YR1999],6.46
Ireland,1999 [YR1999],8.7
Isle of Man,1999 [YR1999],13.854
Israel,1999 [YR1999],6.1
Italy,1999 [YR1999],9.8
Jamaica,1999 [YR1999],6.979
Japan,1999 [YR1999],7.8
Jordan,1999 [YR1999],3.769
Kazakhstan,1999 [YR1999],9.87
Kenya,1999 [YR1999],10.697
Kiribati,1999 [YR1999],7.255
"Korea, Dem. People's Rep.",1999 [YR1999],10.567
"Korea, Rep.",1999 [YR1999],5.3
Kosovo,1999 [YR1999],6.437
Kuwait,1999 [YR1999],1.905
Kyrgyz Republic,1999 [YR1999],6.8
Lao PDR,1999 [YR1999],10.511
Latvia,1999 [YR1999],13.7
Lebanon,1999 [YR1999],4.647
Lesotho,1999 [YR1999],14.944
Liberia,1999 [YR1999],16.141
Libya,1999 [YR1999],4.469
Liechtenstein,1999 [YR1999],6.4
Lithuania,1999 [YR1999],11.4
Luxembourg,1999 [YR1999],8.8
"Macao SAR, China",1999 [YR1999],3.654
Madagascar,1999 [YR1999],10.769
Malawi,1999 [YR1999],20.175
Malaysia,1999 [YR1999],4.722
Maldives,1999 [YR1999],4.692
Mali,1999 [YR1999],16.482
Malta,1999 [YR1999],7.9
Marshall Islands,1999 [YR1999],6.276
Mauritania,1999 [YR1999],8.973
Mauritius,1999 [YR1999],6.8
Mexico,1999 [YR1999],5.036
"Micronesia, Fed. Sts.",1999 [YR1999],5.073
Moldova,1999 [YR1999],13.577
Mongolia,1999 [YR1999],7.502
Montenegro,1999 [YR1999],8.9
Morocco,1999 [YR1999],6.5
Mozambique,1999 [YR1999],16.217
Myanmar,1999 [YR1999],10.07
Namibia,1999 [YR1999],12.142
Nauru,1999 [YR1999],8.207
Nepal,1999 [YR1999],8.544
Netherlands,1999 [YR1999],8.9
New Caledonia,1999 [YR1999],5.2
New Zealand,1999 [YR1999],7.33
Nicaragua,1999 [YR1999],5.539
Niger,1999 [YR1999],17.968
Nigeria,1999 [YR1999],17.865
North Macedonia,1999 [YR1999],8.3
Norway,1999 [YR1999],10.1
Oman,1999 [YR1999],3.234
Pakistan,1999 [YR1999],9.023
Palau,1999 [YR1999],6.9
Panama,1999 [YR1999],4.836
Papua New Guinea,1999 [YR1999],7.468
Paraguay,1999 [YR1999],5.642
Peru,1999 [YR1999],5.904
Philippines,1999 [YR1999],5.684
Poland,1999 [YR1999],9.9
Portugal,1999 [YR1999],10.6
Puerto Rico,1999 [YR1999],7.7
Qatar,1999 [YR1999],2.253
Romania,1999 [YR1999],11.8
Russian Federation,1999 [YR1999],14.6
Rwanda,1999 [YR1999],17.121
Samoa,1999 [YR1999],5.206
Sao Tome and Principe,1999 [YR1999],9.522
Saudi Arabia,1999 [YR1999],3.585
Senegal,1999 [YR1999],11.39
Serbia,1999 [YR1999],13.5
Seychelles,1999 [YR1999],7.0
Sierra Leone,1999 [YR1999],21.883
Singapore,1999 [YR1999],4.5
Sint Maarten (Dutch part),1999 [YR1999],3.484
Slovak Republic,1999 [YR1999],9.7
Slovenia,1999 [YR1999],9.5
Solomon Islands,1999 [YR1999],5.957
Somalia,1999 [YR1999],15.878
South Africa,1999 [YR1999],9.738
South Sudan,1999 [YR1999],20.606
Spain,1999 [YR1999],9.2
Sri Lanka,1999 [YR1999],6.657
St. Kitts and Nevis,1999 [YR1999],9.791
St. Lucia,1999 [YR1999],6.862
St. Martin (French part),1999 [YR1999],3.547
St. Vincent and the Grenadines,1999 [YR1999],7.013
Sudan,1999 [YR1999],10.337
Suriname,1999 [YR1999],7.594
Sweden,1999 [YR1999],10.7
Switzerland,1999 [YR1999],8.7
Syrian Arab Republic,1999 [YR1999],4.509
Tajikistan,1999 [YR1999],7.882
Tanzania,1999 [YR1999],13.688
Thailand,1999 [YR1999],5.822
Timor-Leste,1999 [YR1999],17.983
Togo,1999 [YR1999],12.044
Tonga,1999 [YR1999],6.789
Trinidad and Tobago,1999 [YR1999],7.287
Tunisia,1999 [YR1999],4.725
Turkiye,1999 [YR1999],6.002
Turkmenistan,1999 [YR1999],7.166
Turks and Caicos Islands,1999 [YR1999],4.212
Tuvalu,1999 [YR1999],10.039
Uganda,1999 [YR1999],15.844
Ukraine,1999 [YR1999],14.9
United Arab Emirates,1999 [YR1999],2.298
United Kingdom,1999 [YR1999],10.8
United States,1999 [YR1999],8.6
Uruguay,1999 [YR1999],9.165
Uzbekistan,1999 [YR1999],5.4
Vanuatu,1999 [YR1999],5.835
"Venezuela, RB",1999 [YR1999],4.982
Virgin Islands (U.S.),1999 [YR1999],5.3
West Bank and Gaza,1999 [YR1999],4.6
"Yemen, Rep.",1999 [YR1999],8.306
Zambia,1999 [YR1999],17.4
Zimbabwe,1999 [YR1999],16.301
Africa Eastern and Southern,1999 [YR1999],14.2348156104158
Africa Western and Central,1999 [YR1999],15.9241610642378
Arab World,1999 [YR1999],6.56422890407843
Caribbean small states,1999 [YR1999],7.35951850071308
Central Europe and the Baltics,1999 [YR1999],11.2557640956203
Early-demographic dividend,1999 [YR1999],8.09906179052695
East Asia & Pacific,1999 [YR1999],6.67084387231891
East Asia & Pacific (excluding high income),1999 [YR1999],6.64879885920709
East Asia & Pacific (IDA & IBRD countries),1999 [YR1999],6.59701289831853
Euro area,1999 [YR1999],9.76739538061953
Europe & Central Asia,1999 [YR1999],10.7030325164382
Europe & Central Asia (excluding high income),1999 [YR1999],9.2724671799036
Europe & Central Asia (IDA & IBRD countries),1999 [YR1999],11.3491436214468
European Union,1999 [YR1999],10.1184616323347
Fragile and conflict affected situations,1999 [YR1999],13.6991805882534
Heavily indebted poor countries (HIPC),1999 [YR1999],14.2484981633896
High income,1999 [YR1999],9.41099331942071
IBRD only,1999 [YR1999],7.64461415034181
IDA & IBRD total,1999 [YR1999],8.58918366614936
IDA blend,1999 [YR1999],12.3240882388649
IDA only,1999 [YR1999],11.7629819693609
IDA total,1999 [YR1999],11.9490507377415
Late-demographic dividend,1999 [YR1999],7.20136414917663
Latin America & Caribbean,1999 [YR1999],6.10608693614662
Latin America & Caribbean (excluding high income),1999 [YR1999],6.15930250588711
Latin America & the Caribbean (IDA & IBRD countries),1999 [YR1999],6.06960727671751
Least developed countries: UN classification,1999 [YR1999],12.4624010907593
Low & middle income,1999 [YR1999],8.40363476205181
Low income,1999 [YR1999],14.2094616324042
Lower middle income,1999 [YR1999],9.24283364536421
Middle East & North Africa,1999 [YR1999],5.66139440365631
Middle East & North Africa (excluding high income),1999 [YR1999],5.86004707219984
Middle East & North Africa (IDA & IBRD countries),1999 [YR1999],5.87288879710207
Middle income,1999 [YR1999],7.90591295821709
North America,1999 [YR1999],8.46245597363501
OECD members,1999 [YR1999],8.2700306433402
Other small states,1999 [YR1999],9.65225181700078
Pacific island small states,1999 [YR1999],6.04112520447662
Post-demographic dividend,1999 [YR1999],9.20513265359849
Pre-demographic dividend,1999 [YR1999],15.0011777600608
Small states,1999 [YR1999],8.76700645599572
South Asia,1999 [YR1999],8.69426965582196
South Asia (IDA & IBRD),1999 [YR1999],8.69426965582196
Sub-Saharan Africa,1999 [YR1999],14.9161659633003
Sub-Saharan Africa (excluding high income),1999 [YR1999],14.9171257961608
Sub-Saharan Africa (IDA & IBRD countries),1999 [YR1999],14.9161659633003
Upper middle income,1999 [YR1999],6.71910093504655
World,1999 [YR1999],8.59646045394671
Viet Nam,2000 [YR2000],5.755
Afghanistan,2000 [YR2000],12.096
Albania,2000 [YR2000],5.798
Algeria,2000 [YR2000],5.037
Angola,2000 [YR2000],18.287
Antigua and Barbuda,2000 [YR2000],6.587
Argentina,2000 [YR2000],7.6
Armenia,2000 [YR2000],8.27
Aruba,2000 [YR2000],6.335
Australia,2000 [YR2000],6.7
Austria,2000 [YR2000],9.6
Azerbaijan,2000 [YR2000],5.8
"Bahamas, The",2000 [YR2000],5.706
Bahrain,2000 [YR2000],2.595
Bangladesh,2000 [YR2000],6.855
Barbados,2000 [YR2000],9.47
Belarus,2000 [YR2000],13.5
Belgium,2000 [YR2000],10.2
Belize,2000 [YR2000],5.858
Benin,2000 [YR2000],11.964
Bermuda,2000 [YR2000],8.0
Bhutan,2000 [YR2000],8.368
Bolivia,2000 [YR2000],9.826
Bosnia and Herzegovina,2000 [YR2000],8.358
Botswana,2000 [YR2000],13.128
Brazil,2000 [YR2000],6.399
British Virgin Islands,2000 [YR2000],4.953
Brunei Darussalam,2000 [YR2000],3.331
Bulgaria,2000 [YR2000],14.1
Burkina Faso,2000 [YR2000],15.314
Burundi,2000 [YR2000],15.907
Cabo Verde,2000 [YR2000],5.844
Cambodia,2000 [YR2000],9.273
Cameroon,2000 [YR2000],13.426
Canada,2000 [YR2000],7.1
Cayman Islands,2000 [YR2000],3.4
Central African Republic,2000 [YR2000],17.325
Chad,2000 [YR2000],18.088
Channel Islands,2000 [YR2000],8.93287269624104
Chile,2000 [YR2000],4.959
China,2000 [YR2000],6.45
Colombia,2000 [YR2000],5.351
Comoros,2000 [YR2000],10.51
"Congo, Dem. Rep.",2000 [YR2000],14.637
"Congo, Rep.",2000 [YR2000],12.204
Costa Rica,2000 [YR2000],3.995
Cote d'Ivoire,2000 [YR2000],14.291
Croatia,2000 [YR2000],11.2
Cuba,2000 [YR2000],7.244
Curacao,2000 [YR2000],8.084
Cyprus,2000 [YR2000],7.458
Czechia,2000 [YR2000],10.6
Denmark,2000 [YR2000],10.9
Djibouti,2000 [YR2000],10.831
Dominica,2000 [YR2000],9.141
Dominican Republic,2000 [YR2000],6.169
Ecuador,2000 [YR2000],5.007
"Egypt, Arab Rep.",2000 [YR2000],6.384
El Salvador,2000 [YR2000],5.876
Equatorial Guinea,2000 [YR2000],13.738
Eritrea,2000 [YR2000],11.084
Estonia,2000 [YR2000],13.2
Eswatini,2000 [YR2000],14.521
Ethiopia,2000 [YR2000],14.758
Faroe Islands,2000 [YR2000],7.8
Fiji,2000 [YR2000],6.457
Finland,2000 [YR2000],9.5
France,2000 [YR2000],8.9
French Polynesia,2000 [YR2000],2.284
Gabon,2000 [YR2000],10.002
"Gambia, The",2000 [YR2000],11.841
Georgia,2000 [YR2000],11.188
Germany,2000 [YR2000],10.2
Ghana,2000 [YR2000],9.922
Gibraltar,2000 [YR2000],6.637
Greece,2000 [YR2000],9.7
Greenland,2000 [YR2000],8.0
Grenada,2000 [YR2000],7.131
Guam,2000 [YR2000],4.663
Guatemala,2000 [YR2000],6.19
Guinea,2000 [YR2000],14.804
Guinea-Bissau,2000 [YR2000],15.956
Guyana,2000 [YR2000],7.399
Haiti,2000 [YR2000],10.341
Honduras,2000 [YR2000],5.141
"Hong Kong SAR, China",2000 [YR2000],5.1
Hungary,2000 [YR2000],13.3
Iceland,2000 [YR2000],6.5
India,2000 [YR2000],8.701
Indonesia,2000 [YR2000],7.383
"Iran, Islamic Rep.",2000 [YR2000],5.15
Iraq,2000 [YR2000],6.172
Ireland,2000 [YR2000],8.2
Isle of Man,2000 [YR2000],12.885
Israel,2000 [YR2000],6.0
Italy,2000 [YR2000],9.8
Jamaica,2000 [YR2000],6.894
Japan,2000 [YR2000],7.7
Jordan,2000 [YR2000],3.724
Kazakhstan,2000 [YR2000],10.06
Kenya,2000 [YR2000],10.677
Kiribati,2000 [YR2000],7.09
"Korea, Dem. People's Rep.",2000 [YR2000],10.763
"Korea, Rep.",2000 [YR2000],5.2
Kosovo,2000 [YR2000],4.986
Kuwait,2000 [YR2000],1.868
Kyrgyz Republic,2000 [YR2000],7.0
Lao PDR,2000 [YR2000],10.256
Latvia,2000 [YR2000],13.6
Lebanon,2000 [YR2000],4.554
Lesotho,2000 [YR2000],16.083
Liberia,2000 [YR2000],15.228
Libya,2000 [YR2000],4.686
Liechtenstein,2000 [YR2000],7.3
Lithuania,2000 [YR2000],11.1
Luxembourg,2000 [YR2000],8.6
"Macao SAR, China",2000 [YR2000],3.64
Madagascar,2000 [YR2000],10.385
Malawi,2000 [YR2000],19.559
Malaysia,2000 [YR2000],4.584
Maldives,2000 [YR2000],4.458
Mali,2000 [YR2000],15.984
Malta,2000 [YR2000],7.5
Marshall Islands,2000 [YR2000],6.388
Mauritania,2000 [YR2000],8.856
Mauritius,2000 [YR2000],6.7
Mexico,2000 [YR2000],4.997
"Micronesia, Fed. Sts.",2000 [YR2000],4.953
Moldova,2000 [YR2000],12.993
Mongolia,2000 [YR2000],7.359
Montenegro,2000 [YR2000],9.0
Morocco,2000 [YR2000],6.432
Mozambique,2000 [YR2000],15.677
Myanmar,2000 [YR2000],9.995
Namibia,2000 [YR2000],12.718
Nauru,2000 [YR2000],8.238
Nepal,2000 [YR2000],8.294
Netherlands,2000 [YR2000],8.8
New Caledonia,2000 [YR2000],5.1
New Zealand,2000 [YR2000],6.91
Nicaragua,2000 [YR2000],5.547
Niger,2000 [YR2000],17.431
Nigeria,2000 [YR2000],17.464
North Macedonia,2000 [YR2000],8.5
Norway,2000 [YR2000],9.8
Oman,2000 [YR2000],3.156
Pakistan,2000 [YR2000],8.77
Palau,2000 [YR2000],6.5
Panama,2000 [YR2000],4.768
Papua New Guinea,2000 [YR2000],7.471
Paraguay,2000 [YR2000],5.621
Peru,2000 [YR2000],5.782
Philippines,2000 [YR2000],5.729
Poland,2000 [YR2000],9.6
Portugal,2000 [YR2000],10.2
Puerto Rico,2000 [YR2000],7.48
Qatar,2000 [YR2000],2.278
Romania,2000 [YR2000],11.4
Russian Federation,2000 [YR2000],15.3
Rwanda,2000 [YR2000],15.774
Samoa,2000 [YR2000],5.138
Sao Tome and Principe,2000 [YR2000],9.334
Saudi Arabia,2000 [YR2000],3.482
Senegal,2000 [YR2000],11.181
Serbia,2000 [YR2000],13.8
Seychelles,2000 [YR2000],6.8
Sierra Leone,2000 [YR2000],19.794
Singapore,2000 [YR2000],4.5
Sint Maarten (Dutch part),2000 [YR2000],3.745
Slovak Republic,2000 [YR2000],9.8
Slovenia,2000 [YR2000],9.3
Solomon Islands,2000 [YR2000],5.939
Somalia,2000 [YR2000],15.778
South Africa,2000 [YR2000],10.174
South Sudan,2000 [YR2000],18.587
Spain,2000 [YR2000],8.9
Sri Lanka,2000 [YR2000],8.101
St. Kitts and Nevis,2000 [YR2000],9.249
St. Lucia,2000 [YR2000],6.98
St. Martin (French part),2000 [YR2000],3.63
St. Vincent and the Grenadines,2000 [YR2000],7.056
Sudan,2000 [YR2000],9.699
Suriname,2000 [YR2000],7.801
Sweden,2000 [YR2000],10.5
Switzerland,2000 [YR2000],8.7
Syrian Arab Republic,2000 [YR2000],4.413
Tajikistan,2000 [YR2000],7.54
Tanzania,2000 [YR2000],13.251
Thailand,2000 [YR2000],6.043
Timor-Leste,2000 [YR2000],10.187
Togo,2000 [YR2000],11.898
Tonga,2000 [YR2000],6.759
Trinidad and Tobago,2000 [YR2000],6.98
Tunisia,2000 [YR2000],4.773
Turkiye,2000 [YR2000],5.616
Turkmenistan,2000 [YR2000],6.949
Turks and Caicos Islands,2000 [YR2000],4.463
Tuvalu,2000 [YR2000],10.043
Uganda,2000 [YR2000],15.297
Ukraine,2000 [YR2000],15.4
United Arab Emirates,2000 [YR2000],2.107
United Kingdom,2000 [YR2000],10.3
United States,2000 [YR2000],8.5
Uruguay,2000 [YR2000],9.124
Uzbekistan,2000 [YR2000],5.5
Vanuatu,2000 [YR2000],5.512
"Venezuela, RB",2000 [YR2000],4.964
Virgin Islands (U.S.),2000 [YR2000],6.0
West Bank and Gaza,2000 [YR2000],4.5
"Yemen, Rep.",2000 [YR2000],7.94
Zambia,2000 [YR2000],16.876
Zimbabwe,2000 [YR2000],16.801
Africa Eastern and Southern,2000 [YR2000],13.7657643045894
Africa Western and Central,2000 [YR2000],15.5766179780788
Arab World,2000 [YR2000],6.39759334421123
Caribbean small states,2000 [YR2000],7.33188053693312
Central Europe and the Baltics,2000 [YR2000],11.0069233625195
Early-demographic dividend,2000 [YR2000],7.97785616445784
East Asia & Pacific,2000 [YR2000],6.65442546158887
East Asia & Pacific (excluding high income),2000 [YR2000],6.64267290663929
East Asia & Pacific (IDA & IBRD countries),2000 [YR2000],6.58836792402978
Euro area,2000 [YR2000],9.62636169806767
Europe & Central Asia,2000 [YR2000],10.6845009149734
Europe & Central Asia (excluding high income),2000 [YR2000],9.22763350938723
Europe & Central Asia (IDA & IBRD countries),2000 [YR2000],11.5126652501065
European Union,2000 [YR2000],9.94637777647221
Fragile and conflict affected situations,2000 [YR2000],13.3172444767681
Heavily indebted poor countries (HIPC),2000 [YR2000],13.7081742833435
High income,2000 [YR2000],9.34520219679765
IBRD only,2000 [YR2000],7.60877530075788
IDA & IBRD total,2000 [YR2000],8.50773638085089
IDA blend,2000 [YR2000],12.0818964320105
IDA only,2000 [YR2000],11.4608909756937
IDA total,2000 [YR2000],11.6671435388928
Late-demographic dividend,2000 [YR2000],7.24293725840897
Latin America & Caribbean,2000 [YR2000],6.06150130507667
Latin America & Caribbean (excluding high income),2000 [YR2000],6.12428502116617
Latin America & the Caribbean (IDA & IBRD countries),2000 [YR2000],6.02500713156228
Least developed countries: UN classification,2000 [YR2000],12.07281512454
Low & middle income,2000 [YR2000],8.30746635482588
Low income,2000 [YR2000],13.5951408444214
Lower middle income,2000 [YR2000],9.11789475991069
Middle East & North Africa,2000 [YR2000],5.55871211600314
Middle East & North Africa (excluding high income),2000 [YR2000],5.76298944462713
Middle East & North Africa (IDA & IBRD countries),2000 [YR2000],5.77593686593054
Middle income,2000 [YR2000],7.84865074656988
North America,2000 [YR2000],8.36260956999251
OECD members,2000 [YR2000],8.10623580755052
Other small states,2000 [YR2000],9.00447706317739
Pacific island small states,2000 [YR2000],6.12619484701857
Post-demographic dividend,2000 [YR2000],9.08774548104323
Pre-demographic dividend,2000 [YR2000],14.5073572515754
Small states,2000 [YR2000],8.32214936777702
South Asia,2000 [YR2000],8.56482808498118
South Asia (IDA & IBRD),2000 [YR2000],8.56482808498118
Sub-Saharan Africa,2000 [YR2000],14.4968012542122
Sub-Saharan Africa (excluding high income),2000 [YR2000],14.4977181541548
Sub-Saharan Africa (IDA & IBRD countries),2000 [YR2000],14.4968012542122
Upper middle income,2000 [YR2000],6.71048307103318
World,2000 [YR2000],8.50493521210288
Viet Nam,2001 [YR2001],5.769
Afghanistan,2001 [YR2001],11.713
Albania,2001 [YR2001],5.872
Algeria,2001 [YR2001],4.987
Angola,2001 [YR2001],17.789
Antigua and Barbuda,2001 [YR2001],6.305
Argentina,2001 [YR2001],7.549
Armenia,2001 [YR2001],8.344
Aruba,2001 [YR2001],6.348
Australia,2001 [YR2001],6.6
Austria,2001 [YR2001],9.3
Azerbaijan,2001 [YR2001],5.6
"Bahamas, The",2001 [YR2001],5.757
Bahrain,2001 [YR2001],2.516
Bangladesh,2001 [YR2001],6.75
Barbados,2001 [YR2001],9.338
Belarus,2001 [YR2001],14.1
Belgium,2001 [YR2001],10.1
Belize,2001 [YR2001],5.936
Benin,2001 [YR2001],11.825
Bermuda,2001 [YR2001],7.2
Bhutan,2001 [YR2001],7.827
Bolivia,2001 [YR2001],9.636
Bosnia and Herzegovina,2001 [YR2001],8.187
Botswana,2001 [YR2001],13.424
Brazil,2001 [YR2001],6.303
British Virgin Islands,2001 [YR2001],4.971
Brunei Darussalam,2001 [YR2001],3.326
Bulgaria,2001 [YR2001],14.0
Burkina Faso,2001 [YR2001],15.071
Burundi,2001 [YR2001],15.316
Cabo Verde,2001 [YR2001],5.446
Cambodia,2001 [YR2001],8.667
Cameroon,2001 [YR2001],13.237
Canada,2001 [YR2001],7.1
Cayman Islands,2001 [YR2001],3.2
Central African Republic,2001 [YR2001],17.245
Chad,2001 [YR2001],17.695
Channel Islands,2001 [YR2001],8.88088521267563
Chile,2001 [YR2001],5.157
China,2001 [YR2001],6.43
Colombia,2001 [YR2001],5.35
Comoros,2001 [YR2001],10.292
"Congo, Dem. Rep.",2001 [YR2001],14.384
"Congo, Rep.",2001 [YR2001],11.84
Costa Rica,2001 [YR2001],4.089
Cote d'Ivoire,2001 [YR2001],14.148
Croatia,2001 [YR2001],11.2
Cuba,2001 [YR2001],7.318
Curacao,2001 [YR2001],8.256
Cyprus,2001 [YR2001],7.316
Czechia,2001 [YR2001],10.5
Denmark,2001 [YR2001],10.9
Djibouti,2001 [YR2001],10.676
Dominica,2001 [YR2001],9.951
Dominican Republic,2001 [YR2001],6.201
Ecuador,2001 [YR2001],4.935
"Egypt, Arab Rep.",2001 [YR2001],6.285
El Salvador,2001 [YR2001],6.119
Equatorial Guinea,2001 [YR2001],13.363
Eritrea,2001 [YR2001],9.954
Estonia,2001 [YR2001],13.3
Eswatini,2001 [YR2001],15.449
Ethiopia,2001 [YR2001],14.36
Faroe Islands,2001 [YR2001],7.8
Fiji,2001 [YR2001],6.565
Finland,2001 [YR2001],9.4
France,2001 [YR2001],8.8
French Polynesia,2001 [YR2001],2.322
Gabon,2001 [YR2001],9.847
"Gambia, The",2001 [YR2001],11.69
Georgia,2001 [YR2001],11.482
Germany,2001 [YR2001],10.1
Ghana,2001 [YR2001],9.974
Gibraltar,2001 [YR2001],6.96
Greece,2001 [YR2001],9.4
Greenland,2001 [YR2001],8.3
Grenada,2001 [YR2001],7.084
Guam,2001 [YR2001],4.436
Guatemala,2001 [YR2001],6.013
Guinea,2001 [YR2001],14.543
Guinea-Bissau,2001 [YR2001],15.553
Guyana,2001 [YR2001],7.286
Haiti,2001 [YR2001],10.239
Honduras,2001 [YR2001],4.992
"Hong Kong SAR, China",2001 [YR2001],5.0
Hungary,2001 [YR2001],13.0
Iceland,2001 [YR2001],6.1
India,2001 [YR2001],8.558
Indonesia,2001 [YR2001],7.329
"Iran, Islamic Rep.",2001 [YR2001],5.168
Iraq,2001 [YR2001],6.041
Ireland,2001 [YR2001],7.8
Isle of Man,2001 [YR2001],12.239
Israel,2001 [YR2001],5.8
Italy,2001 [YR2001],9.6
Jamaica,2001 [YR2001],6.914
Japan,2001 [YR2001],7.7
Jordan,2001 [YR2001],3.689
Kazakhstan,2001 [YR2001],9.95
Kenya,2001 [YR2001],10.587
Kiribati,2001 [YR2001],6.95
"Korea, Dem. People's Rep.",2001 [YR2001],10.97
"Korea, Rep.",2001 [YR2001],5.1
Kosovo,2001 [YR2001],4.992
Kuwait,2001 [YR2001],1.863
Kyrgyz Republic,2001 [YR2001],6.6
Lao PDR,2001 [YR2001],9.956
Latvia,2001 [YR2001],14.1
Lebanon,2001 [YR2001],4.473
Lesotho,2001 [YR2001],17.289
Liberia,2001 [YR2001],14.312
Libya,2001 [YR2001],4.683
Liechtenstein,2001 [YR2001],6.6
Lithuania,2001 [YR2001],11.6
Luxembourg,2001 [YR2001],8.4
"Macao SAR, China",2001 [YR2001],3.654
Madagascar,2001 [YR2001],9.986
Malawi,2001 [YR2001],18.588
Malaysia,2001 [YR2001],4.435
Maldives,2001 [YR2001],4.087
Mali,2001 [YR2001],15.487
Malta,2001 [YR2001],7.4
Marshall Islands,2001 [YR2001],6.28
Mauritania,2001 [YR2001],8.766
Mauritius,2001 [YR2001],6.7
Mexico,2001 [YR2001],4.962
"Micronesia, Fed. Sts.",2001 [YR2001],4.707
Moldova,2001 [YR2001],12.897
Mongolia,2001 [YR2001],7.238
Montenegro,2001 [YR2001],8.9
Morocco,2001 [YR2001],6.365
Mozambique,2001 [YR2001],15.181
Myanmar,2001 [YR2001],9.943
Namibia,2001 [YR2001],13.129
Nauru,2001 [YR2001],8.442
Nepal,2001 [YR2001],7.949
Netherlands,2001 [YR2001],8.7
New Caledonia,2001 [YR2001],5.2
New Zealand,2001 [YR2001],7.16
Nicaragua,2001 [YR2001],5.615
Niger,2001 [YR2001],16.912
Nigeria,2001 [YR2001],17.158
North Macedonia,2001 [YR2001],8.3
Norway,2001 [YR2001],9.7
Oman,2001 [YR2001],3.063
Pakistan,2001 [YR2001],8.583
Palau,2001 [YR2001],7.0
Panama,2001 [YR2001],4.694
Papua New Guinea,2001 [YR2001],7.473
Paraguay,2001 [YR2001],5.593
Peru,2001 [YR2001],5.72
Philippines,2001 [YR2001],5.689
Poland,2001 [YR2001],9.5
Portugal,2001 [YR2001],10.1
Puerto Rico,2001 [YR2001],7.5
Qatar,2001 [YR2001],2.184
Romania,2001 [YR2001],11.7
Russian Federation,2001 [YR2001],15.6
Rwanda,2001 [YR2001],14.833
Samoa,2001 [YR2001],5.08
Sao Tome and Principe,2001 [YR2001],9.101
Saudi Arabia,2001 [YR2001],3.323
Senegal,2001 [YR2001],10.815
Serbia,2001 [YR2001],13.2
Seychelles,2001 [YR2001],6.8
Sierra Leone,2001 [YR2001],19.248
Singapore,2001 [YR2001],4.3
Sint Maarten (Dutch part),2001 [YR2001],3.829
Slovak Republic,2001 [YR2001],9.7
Slovenia,2001 [YR2001],9.3
Solomon Islands,2001 [YR2001],5.92
Somalia,2001 [YR2001],15.702
South Africa,2001 [YR2001],10.871
South Sudan,2001 [YR2001],17.833
Spain,2001 [YR2001],8.8
Sri Lanka,2001 [YR2001],7.958
St. Kitts and Nevis,2001 [YR2001],9.106
St. Lucia,2001 [YR2001],6.961
St. Martin (French part),2001 [YR2001],3.603
St. Vincent and the Grenadines,2001 [YR2001],6.848
Sudan,2001 [YR2001],9.56
Suriname,2001 [YR2001],8.084
Sweden,2001 [YR2001],10.5
Switzerland,2001 [YR2001],8.5
Syrian Arab Republic,2001 [YR2001],4.157
Tajikistan,2001 [YR2001],7.161
Tanzania,2001 [YR2001],12.731
Thailand,2001 [YR2001],6.088
Timor-Leste,2001 [YR2001],9.884
Togo,2001 [YR2001],11.8
Tonga,2001 [YR2001],6.737
Trinidad and Tobago,2001 [YR2001],6.809
Tunisia,2001 [YR2001],4.847
Turkiye,2001 [YR2001],5.551
Turkmenistan,2001 [YR2001],6.932
Turks and Caicos Islands,2001 [YR2001],4.384
Tuvalu,2001 [YR2001],10.034
Uganda,2001 [YR2001],14.677
Ukraine,2001 [YR2001],15.3
United Arab Emirates,2001 [YR2001],2.047
United Kingdom,2001 [YR2001],10.2
United States,2001 [YR2001],8.5
Uruguay,2001 [YR2001],9.103
Uzbekistan,2001 [YR2001],5.3
Vanuatu,2001 [YR2001],5.642
"Venezuela, RB",2001 [YR2001],5.557
Virgin Islands (U.S.),2001 [YR2001],5.6
West Bank and Gaza,2001 [YR2001],4.4
"Yemen, Rep.",2001 [YR2001],7.565
Zambia,2001 [YR2001],16.145
Zimbabwe,2001 [YR2001],19.048
Africa Eastern and Southern,2001 [YR2001],13.5826702245458
Africa Western and Central,2001 [YR2001],15.3020760471726
Arab World,2001 [YR2001],6.28066942618811
Caribbean small states,2001 [YR2001],7.34508018726141
Central Europe and the Baltics,2001 [YR2001],11.0038623624526
Early-demographic dividend,2001 [YR2001],7.88646387641617
East Asia & Pacific,2001 [YR2001],6.62797275016857
East Asia & Pacific (excluding high income),2001 [YR2001],6.61692536279687
East Asia & Pacific (IDA & IBRD countries),2001 [YR2001],6.55974160810346
Euro area,2001 [YR2001],9.50369627474735
Europe & Central Asia,2001 [YR2001],10.6370998763017
Europe & Central Asia (excluding high income),2001 [YR2001],9.0983761060183
Europe & Central Asia (IDA & IBRD countries),2001 [YR2001],11.541466087412
European Union,2001 [YR2001],9.84475178636199
Fragile and conflict affected situations,2001 [YR2001],13.1337636792665
Heavily indebted poor countries (HIPC),2001 [YR2001],13.3567093768919
High income,2001 [YR2001],9.31635192849069
IBRD only,2001 [YR2001],7.5643104982613
IDA & IBRD total,2001 [YR2001],8.43054133656112
IDA blend,2001 [YR2001],11.9443104986104
IDA only,2001 [YR2001],11.1846388901443
IDA total,2001 [YR2001],11.4374663849428
Late-demographic dividend,2001 [YR2001],7.23064292840127
Latin America & Caribbean,2001 [YR2001],6.04119374163157
Latin America & Caribbean (excluding high income),2001 [YR2001],6.06579665296216
Latin America & the Caribbean (IDA & IBRD countries),2001 [YR2001],6.00278485999378
Least developed countries: UN classification,2001 [YR2001],11.7703405906303
Low & middle income,2001 [YR2001],8.21996568447957
Low income,2001 [YR2001],13.2383544319539
Lower middle income,2001 [YR2001],8.98415871641464
Middle East & North Africa,2001 [YR2001],5.46476630797715
Middle East & North Africa (excluding high income),2001 [YR2001],5.68018421819698
Middle East & North Africa (IDA & IBRD countries),2001 [YR2001],5.69338718719822
Middle income,2001 [YR2001],7.77904755111398
North America,2001 [YR2001],8.36233382935032
OECD members,2001 [YR2001],8.04448702080693
Other small states,2001 [YR2001],8.94992949675024
Pacific island small states,2001 [YR2001],6.15510017510054
Post-demographic dividend,2001 [YR2001],9.02304390600592
Pre-demographic dividend,2001 [YR2001],14.165160056015
Small states,2001 [YR2001],8.29393290033079
South Asia,2001 [YR2001],8.4134928536657
South Asia (IDA & IBRD),2001 [YR2001],8.4134928536657
Sub-Saharan Africa,2001 [YR2001],14.2776712891163
Sub-Saharan Africa (excluding high income),2001 [YR2001],14.2785393312253
Sub-Saharan Africa (IDA & IBRD countries),2001 [YR2001],14.2776712891163
Upper middle income,2001 [YR2001],6.68712848978637
World,2001 [YR2001],8.4301462932142
Viet Nam,2002 [YR2002],5.8
Afghanistan,2002 [YR2002],11.28
Albania,2002 [YR2002],5.953
Algeria,2002 [YR2002],4.932
Angola,2002 [YR2002],17.275
Antigua and Barbuda,2002 [YR2002],6.072
Argentina,2002 [YR2002],7.518
Armenia,2002 [YR2002],8.593
Aruba,2002 [YR2002],6.42
Australia,2002 [YR2002],6.8
Austria,2002 [YR2002],9.4
Azerbaijan,2002 [YR2002],5.7
"Bahamas, The",2002 [YR2002],5.785
Bahrain,2002 [YR2002],2.509
Bangladesh,2002 [YR2002],6.597
Barbados,2002 [YR2002],9.296
Belarus,2002 [YR2002],14.8
Belgium,2002 [YR2002],10.2
Belize,2002 [YR2002],5.755
Benin,2002 [YR2002],11.77
Bermuda,2002 [YR2002],6.7
Bhutan,2002 [YR2002],7.669
Bolivia,2002 [YR2002],9.287
Bosnia and Herzegovina,2002 [YR2002],8.859
Botswana,2002 [YR2002],13.533
Brazil,2002 [YR2002],6.329
British Virgin Islands,2002 [YR2002],4.925
Brunei Darussalam,2002 [YR2002],3.339
Bulgaria,2002 [YR2002],14.4
Burkina Faso,2002 [YR2002],14.837
Burundi,2002 [YR2002],14.501
Cabo Verde,2002 [YR2002],5.291
Cambodia,2002 [YR2002],8.149
Cameroon,2002 [YR2002],13.036
Canada,2002 [YR2002],7.1
Cayman Islands,2002 [YR2002],2.8
Central African Republic,2002 [YR2002],17.168
Chad,2002 [YR2002],17.441
Channel Islands,2002 [YR2002],9.20043216210156
Chile,2002 [YR2002],5.035
China,2002 [YR2002],6.41
Colombia,2002 [YR2002],5.26
Comoros,2002 [YR2002],10.317
"Congo, Dem. Rep.",2002 [YR2002],14.186
"Congo, Rep.",2002 [YR2002],11.463
Costa Rica,2002 [YR2002],3.999
Cote d'Ivoire,2002 [YR2002],13.933
Croatia,2002 [YR2002],11.4
Cuba,2002 [YR2002],7.436
Curacao,2002 [YR2002],8.352
Cyprus,2002 [YR2002],7.113
Czechia,2002 [YR2002],10.6
Denmark,2002 [YR2002],10.9
Djibouti,2002 [YR2002],10.52
Dominica,2002 [YR2002],9.61
Dominican Republic,2002 [YR2002],6.202
Ecuador,2002 [YR2002],4.875
"Egypt, Arab Rep.",2002 [YR2002],6.202
El Salvador,2002 [YR2002],6.046
Equatorial Guinea,2002 [YR2002],12.989
Eritrea,2002 [YR2002],9.727
Estonia,2002 [YR2002],13.3
Eswatini,2002 [YR2002],16.588
Ethiopia,2002 [YR2002],13.96
Faroe Islands,2002 [YR2002],8.4
Fiji,2002 [YR2002],6.999
Finland,2002 [YR2002],9.5
France,2002 [YR2002],8.8
French Polynesia,2002 [YR2002],2.393
Gabon,2002 [YR2002],9.767
"Gambia, The",2002 [YR2002],11.57
Georgia,2002 [YR2002],11.409
Germany,2002 [YR2002],10.2
Ghana,2002 [YR2002],9.744
Gibraltar,2002 [YR2002],7.541
Greece,2002 [YR2002],9.5
Greenland,2002 [YR2002],7.9
Grenada,2002 [YR2002],7.14
Guam,2002 [YR2002],4.411
Guatemala,2002 [YR2002],5.859
Guinea,2002 [YR2002],14.094
Guinea-Bissau,2002 [YR2002],15.07
Guyana,2002 [YR2002],7.351
Haiti,2002 [YR2002],10.023
Honduras,2002 [YR2002],4.848
"Hong Kong SAR, China",2002 [YR2002],5.1
Hungary,2002 [YR2002],13.1
Iceland,2002 [YR2002],6.3
India,2002 [YR2002],8.363
Indonesia,2002 [YR2002],7.248
"Iran, Islamic Rep.",2002 [YR2002],5.1
Iraq,2002 [YR2002],5.975
Ireland,2002 [YR2002],7.5
Isle of Man,2002 [YR2002],12.227
Israel,2002 [YR2002],5.8
Italy,2002 [YR2002],9.8
Jamaica,2002 [YR2002],6.81
Japan,2002 [YR2002],7.8
Jordan,2002 [YR2002],3.67
Kazakhstan,2002 [YR2002],10.05
Kenya,2002 [YR2002],10.332
Kiribati,2002 [YR2002],6.875
"Korea, Dem. People's Rep.",2002 [YR2002],11.138
"Korea, Rep.",2002 [YR2002],5.1
Kosovo,2002 [YR2002],5.014
Kuwait,2002 [YR2002],1.878
Kyrgyz Republic,2002 [YR2002],7.1
Lao PDR,2002 [YR2002],9.785
Latvia,2002 [YR2002],14.1
Lebanon,2002 [YR2002],4.295
Lesotho,2002 [YR2002],18.368
Liberia,2002 [YR2002],13.58
Libya,2002 [YR2002],4.669
Liechtenstein,2002 [YR2002],6.4
Lithuania,2002 [YR2002],11.9
Luxembourg,2002 [YR2002],8.4
"Macao SAR, China",2002 [YR2002],3.701
Madagascar,2002 [YR2002],9.748
Malawi,2002 [YR2002],17.66
Malaysia,2002 [YR2002],4.43
Maldives,2002 [YR2002],3.82
Mali,2002 [YR2002],14.888
Malta,2002 [YR2002],7.6
Marshall Islands,2002 [YR2002],6.3
Mauritania,2002 [YR2002],8.704
Mauritius,2002 [YR2002],6.9
Mexico,2002 [YR2002],4.946
"Micronesia, Fed. Sts.",2002 [YR2002],5.128
Moldova,2002 [YR2002],13.042
Mongolia,2002 [YR2002],7.229
Montenegro,2002 [YR2002],9.0
Morocco,2002 [YR2002],6.318
Mozambique,2002 [YR2002],14.731
Myanmar,2002 [YR2002],9.876
Namibia,2002 [YR2002],13.12
Nauru,2002 [YR2002],8.429
Nepal,2002 [YR2002],7.954
Netherlands,2002 [YR2002],8.8
New Caledonia,2002 [YR2002],5.1
New Zealand,2002 [YR2002],7.1
Nicaragua,2002 [YR2002],5.699
Niger,2002 [YR2002],16.272
Nigeria,2002 [YR2002],16.919
North Macedonia,2002 [YR2002],8.9
Norway,2002 [YR2002],9.8
Oman,2002 [YR2002],3.041
Pakistan,2002 [YR2002],8.454
Palau,2002 [YR2002],6.7
Panama,2002 [YR2002],4.626
Papua New Guinea,2002 [YR2002],7.54
Paraguay,2002 [YR2002],5.585
Peru,2002 [YR2002],5.707
Philippines,2002 [YR2002],5.621
Poland,2002 [YR2002],9.4
Portugal,2002 [YR2002],10.2
Puerto Rico,2002 [YR2002],7.28
Qatar,2002 [YR2002],2.173
Romania,2002 [YR2002],12.4
Russian Federation,2002 [YR2002],16.2
Rwanda,2002 [YR2002],13.926
Samoa,2002 [YR2002],5.035
Sao Tome and Principe,2002 [YR2002],8.817
Saudi Arabia,2002 [YR2002],3.207
Senegal,2002 [YR2002],10.423
Serbia,2002 [YR2002],13.7
Seychelles,2002 [YR2002],7.7
Sierra Leone,2002 [YR2002],18.67
Singapore,2002 [YR2002],4.4
Sint Maarten (Dutch part),2002 [YR2002],3.791
Slovak Republic,2002 [YR2002],9.6
Slovenia,2002 [YR2002],9.4
Solomon Islands,2002 [YR2002],5.899
Somalia,2002 [YR2002],15.684
South Africa,2002 [YR2002],11.784
South Sudan,2002 [YR2002],17.226
Spain,2002 [YR2002],8.8
Sri Lanka,2002 [YR2002],7.86
St. Kitts and Nevis,2002 [YR2002],8.937
St. Lucia,2002 [YR2002],6.929
St. Martin (French part),2002 [YR2002],3.57
St. Vincent and the Grenadines,2002 [YR2002],6.801
Sudan,2002 [YR2002],9.34
Suriname,2002 [YR2002],8.351
Sweden,2002 [YR2002],10.6
Switzerland,2002 [YR2002],8.5
Syrian Arab Republic,2002 [YR2002],4.091
Tajikistan,2002 [YR2002],6.795
Tanzania,2002 [YR2002],12.277
Thailand,2002 [YR2002],6.138
Timor-Leste,2002 [YR2002],9.604
Togo,2002 [YR2002],11.526
Tonga,2002 [YR2002],6.698
Trinidad and Tobago,2002 [YR2002],6.505
Tunisia,2002 [YR2002],4.863
Turkiye,2002 [YR2002],5.464
Turkmenistan,2002 [YR2002],6.88
Turks and Caicos Islands,2002 [YR2002],3.978
Tuvalu,2002 [YR2002],10.007
Uganda,2002 [YR2002],14.083
Ukraine,2002 [YR2002],15.7
United Arab Emirates,2002 [YR2002],1.987
United Kingdom,2002 [YR2002],10.2
United States,2002 [YR2002],8.5
Uruguay,2002 [YR2002],9.101
Uzbekistan,2002 [YR2002],5.4
Vanuatu,2002 [YR2002],5.645
"Venezuela, RB",2002 [YR2002],5.01
Virgin Islands (U.S.),2002 [YR2002],5.7
West Bank and Gaza,2002 [YR2002],4.3
"Yemen, Rep.",2002 [YR2002],7.203
Zambia,2002 [YR2002],15.292
Zimbabwe,2002 [YR2002],16.953
Africa Eastern and Southern,2002 [YR2002],13.3002361384401
Africa Western and Central,2002 [YR2002],15.0228065213805
Arab World,2002 [YR2002],6.18044265170454
Caribbean small states,2002 [YR2002],7.37254962938977
Central Europe and the Baltics,2002 [YR2002],11.1644498611445
Early-demographic dividend,2002 [YR2002],7.74791225340004
East Asia & Pacific,2002 [YR2002],6.61235725230433
East Asia & Pacific (excluding high income),2002 [YR2002],6.58995184514499
East Asia & Pacific (IDA & IBRD countries),2002 [YR2002],6.53041502150803
Euro area,2002 [YR2002],9.57976411268824
Europe & Central Asia,2002 [YR2002],10.8084552586282
Europe & Central Asia (excluding high income),2002 [YR2002],9.21882159950638
Europe & Central Asia (IDA & IBRD countries),2002 [YR2002],11.8237487590872
European Union,2002 [YR2002],9.93845304861381
Fragile and conflict affected situations,2002 [YR2002],12.8789286609857
Heavily indebted poor countries (HIPC),2002 [YR2002],12.9912921144356
High income,2002 [YR2002],9.41219924203734
IBRD only,2002 [YR2002],7.52678192052633
IDA & IBRD total,2002 [YR2002],8.35455216299325
IDA blend,2002 [YR2002],11.7311407423021
IDA only,2002 [YR2002],10.9211344473712
IDA total,2002 [YR2002],11.1908924178951
Late-demographic dividend,2002 [YR2002],7.26036364364461
Latin America & Caribbean,2002 [YR2002],5.98866238163637
Latin America & Caribbean (excluding high income),2002 [YR2002],6.04386812788362
Latin America & the Caribbean (IDA & IBRD countries),2002 [YR2002],5.94815770342876
Least developed countries: UN classification,2002 [YR2002],11.4775674289277
Low & middle income,2002 [YR2002],8.1293884057699
Low income,2002 [YR2002],12.8953162945277
Lower middle income,2002 [YR2002],8.81019597890336
Middle East & North Africa,2002 [YR2002],5.37780957583309
Middle East & North Africa (excluding high income),2002 [YR2002],5.59736208625247
Middle East & North Africa (IDA & IBRD countries),2002 [YR2002],5.61084755896532
Middle income,2002 [YR2002],7.70414007883983
North America,2002 [YR2002],8.36204290124023
OECD members,2002 [YR2002],8.06096487019337
Other small states,2002 [YR2002],8.99875876858133
Pacific island small states,2002 [YR2002],6.33920583857092
Post-demographic dividend,2002 [YR2002],9.09503770120154
Pre-demographic dividend,2002 [YR2002],13.8330109697191
Small states,2002 [YR2002],8.361517443726
South Asia,2002 [YR2002],8.23334793928526
South Asia (IDA & IBRD),2002 [YR2002],8.23334793928526
Sub-Saharan Africa,2002 [YR2002],13.9973585068532
Sub-Saharan Africa (excluding high income),2002 [YR2002],13.9980922245996
Sub-Saharan Africa (IDA & IBRD countries),2002 [YR2002],13.9973585068532
Upper middle income,2002 [YR2002],6.69168619486547
World,2002 [YR2002],8.37315669213372
Viet Nam,2003 [YR2003],5.812
Afghanistan,2003 [YR2003],10.698
Albania,2003 [YR2003],6.057
Algeria,2003 [YR2003],5.016
Angola,2003 [YR2003],15.804
Antigua and Barbuda,2003 [YR2003],6.142
Argentina,2003 [YR2003],7.864
Armenia,2003 [YR2003],8.573
Aruba,2003 [YR2003],6.549
Australia,2003 [YR2003],6.6
Austria,2003 [YR2003],9.5
Azerbaijan,2003 [YR2003],6.0
"Bahamas, The",2003 [YR2003],5.791
Bahrain,2003 [YR2003],2.483
Bangladesh,2003 [YR2003],6.549
Barbados,2003 [YR2003],9.329
Belarus,2003 [YR2003],14.5
Belgium,2003 [YR2003],10.3
Belize,2003 [YR2003],5.678
Benin,2003 [YR2003],11.649
Bermuda,2003 [YR2003],7.2
Bhutan,2003 [YR2003],7.542
Bolivia,2003 [YR2003],9.038
Bosnia and Herzegovina,2003 [YR2003],8.187
Botswana,2003 [YR2003],13.409
Brazil,2003 [YR2003],6.313
British Virgin Islands,2003 [YR2003],4.957
Brunei Darussalam,2003 [YR2003],3.36
Bulgaria,2003 [YR2003],14.4
Burkina Faso,2003 [YR2003],14.435
Burundi,2003 [YR2003],13.984
Cabo Verde,2003 [YR2003],5.19
Cambodia,2003 [YR2003],7.641
Cameroon,2003 [YR2003],12.758
Canada,2003 [YR2003],7.1
Cayman Islands,2003 [YR2003],3.5
Central African Republic,2003 [YR2003],16.889
Chad,2003 [YR2003],17.118
Channel Islands,2003 [YR2003],8.72988587106734
Chile,2003 [YR2003],5.247
China,2003 [YR2003],6.4
Colombia,2003 [YR2003],5.179
Comoros,2003 [YR2003],10.174
"Congo, Dem. Rep.",2003 [YR2003],13.854
"Congo, Rep.",2003 [YR2003],10.973
Costa Rica,2003 [YR2003],4.055
Cote d'Ivoire,2003 [YR2003],13.795
Croatia,2003 [YR2003],11.8
Cuba,2003 [YR2003],7.567
Curacao,2003 [YR2003],8.379
Cyprus,2003 [YR2003],6.952
Czechia,2003 [YR2003],10.9
Denmark,2003 [YR2003],10.7
Djibouti,2003 [YR2003],10.328
Dominica,2003 [YR2003],10.193
Dominican Republic,2003 [YR2003],6.091
Ecuador,2003 [YR2003],4.821
"Egypt, Arab Rep.",2003 [YR2003],6.318
El Salvador,2003 [YR2003],6.268
Equatorial Guinea,2003 [YR2003],12.636
Eritrea,2003 [YR2003],9.431
Estonia,2003 [YR2003],13.2
Eswatini,2003 [YR2003],17.578
Ethiopia,2003 [YR2003],13.258
Faroe Islands,2003 [YR2003],8.5
Fiji,2003 [YR2003],6.875
Finland,2003 [YR2003],9.4
France,2003 [YR2003],9.1
French Polynesia,2003 [YR2003],2.482
Gabon,2003 [YR2003],9.538
"Gambia, The",2003 [YR2003],11.237
Georgia,2003 [YR2003],11.463
Germany,2003 [YR2003],10.3
Ghana,2003 [YR2003],9.513
Gibraltar,2003 [YR2003],8.063
Greece,2003 [YR2003],9.7
Greenland,2003 [YR2003],7.2
Grenada,2003 [YR2003],7.272
Guam,2003 [YR2003],4.293
Guatemala,2003 [YR2003],5.727
Guinea,2003 [YR2003],13.733
Guinea-Bissau,2003 [YR2003],14.661
Guyana,2003 [YR2003],7.453
Haiti,2003 [YR2003],9.689
Honduras,2003 [YR2003],4.781
"Hong Kong SAR, China",2003 [YR2003],5.5
Hungary,2003 [YR2003],13.4
Iceland,2003 [YR2003],6.3
India,2003 [YR2003],8.188
Indonesia,2003 [YR2003],7.223
"Iran, Islamic Rep.",2003 [YR2003],5.459
Iraq,2003 [YR2003],6.474
Ireland,2003 [YR2003],7.3
Isle of Man,2003 [YR2003],11.871
Israel,2003 [YR2003],5.8
Italy,2003 [YR2003],10.2
Jamaica,2003 [YR2003],6.817
Japan,2003 [YR2003],8.0
Jordan,2003 [YR2003],3.655
Kazakhstan,2003 [YR2003],10.41
Kenya,2003 [YR2003],9.995
Kiribati,2003 [YR2003],6.829
"Korea, Dem. People's Rep.",2003 [YR2003],7.899
"Korea, Rep.",2003 [YR2003],5.1
Kosovo,2003 [YR2003],5.021
Kuwait,2003 [YR2003],1.914
Kyrgyz Republic,2003 [YR2003],7.1
Lao PDR,2003 [YR2003],9.626
Latvia,2003 [YR2003],14.2
Lebanon,2003 [YR2003],4.196
Lesotho,2003 [YR2003],19.339
Liberia,2003 [YR2003],13.852
Libya,2003 [YR2003],4.653
Liechtenstein,2003 [YR2003],6.4
Lithuania,2003 [YR2003],12.0
Luxembourg,2003 [YR2003],9.0
"Macao SAR, China",2003 [YR2003],3.692
Madagascar,2003 [YR2003],9.407
Malawi,2003 [YR2003],16.573
Malaysia,2003 [YR2003],4.43
Maldives,2003 [YR2003],3.688
Mali,2003 [YR2003],14.435
Malta,2003 [YR2003],7.9
Marshall Islands,2003 [YR2003],6.348
Mauritania,2003 [YR2003],8.645
Mauritius,2003 [YR2003],7.0
Mexico,2003 [YR2003],4.96
"Micronesia, Fed. Sts.",2003 [YR2003],4.667
Moldova,2003 [YR2003],12.803
Mongolia,2003 [YR2003],7.005
Montenegro,2003 [YR2003],9.3
Morocco,2003 [YR2003],6.276
Mozambique,2003 [YR2003],14.434
Myanmar,2003 [YR2003],9.812
Namibia,2003 [YR2003],13.241
Nauru,2003 [YR2003],8.425
Nepal,2003 [YR2003],7.587
Netherlands,2003 [YR2003],8.7
New Caledonia,2003 [YR2003],5.0
New Zealand,2003 [YR2003],6.95
Nicaragua,2003 [YR2003],5.758
Niger,2003 [YR2003],15.543
Nigeria,2003 [YR2003],16.541
North Macedonia,2003 [YR2003],8.9
Norway,2003 [YR2003],9.3
Oman,2003 [YR2003],2.959
Pakistan,2003 [YR2003],8.311
Palau,2003 [YR2003],6.7
Panama,2003 [YR2003],4.569
Papua New Guinea,2003 [YR2003],7.524
Paraguay,2003 [YR2003],5.536
Peru,2003 [YR2003],5.747
Philippines,2003 [YR2003],5.576
Poland,2003 [YR2003],9.6
Portugal,2003 [YR2003],10.4
Puerto Rico,2003 [YR2003],7.31
Qatar,2003 [YR2003],2.159
Romania,2003 [YR2003],12.4
Russian Federation,2003 [YR2003],16.4
Rwanda,2003 [YR2003],12.791
Samoa,2003 [YR2003],5.057
Sao Tome and Principe,2003 [YR2003],8.483
Saudi Arabia,2003 [YR2003],3.113
Senegal,2003 [YR2003],9.932
Serbia,2003 [YR2003],13.9
Seychelles,2003 [YR2003],8.1
Sierra Leone,2003 [YR2003],18.104
Singapore,2003 [YR2003],4.5
Sint Maarten (Dutch part),2003 [YR2003],4.106
Slovak Republic,2003 [YR2003],9.7
Slovenia,2003 [YR2003],9.7
Solomon Islands,2003 [YR2003],5.884
Somalia,2003 [YR2003],15.712
South Africa,2003 [YR2003],12.657
South Sudan,2003 [YR2003],15.309
Spain,2003 [YR2003],9.1
Sri Lanka,2003 [YR2003],7.765
St. Kitts and Nevis,2003 [YR2003],8.697
St. Lucia,2003 [YR2003],6.901
St. Martin (French part),2003 [YR2003],3.546
St. Vincent and the Grenadines,2003 [YR2003],6.858
Sudan,2003 [YR2003],9.677
Suriname,2003 [YR2003],8.64
Sweden,2003 [YR2003],10.4
Switzerland,2003 [YR2003],8.6
Syrian Arab Republic,2003 [YR2003],3.971
Tajikistan,2003 [YR2003],6.476
Tanzania,2003 [YR2003],11.682
Thailand,2003 [YR2003],6.23
Timor-Leste,2003 [YR2003],9.342
Togo,2003 [YR2003],11.316
Tonga,2003 [YR2003],6.68
Trinidad and Tobago,2003 [YR2003],7.048
Tunisia,2003 [YR2003],4.884
Turkiye,2003 [YR2003],5.413
Turkmenistan,2003 [YR2003],6.797
Turks and Caicos Islands,2003 [YR2003],4.095
Tuvalu,2003 [YR2003],9.969
Uganda,2003 [YR2003],13.434
Ukraine,2003 [YR2003],16.0
United Arab Emirates,2003 [YR2003],1.661
United Kingdom,2003 [YR2003],10.2
United States,2003 [YR2003],8.4
Uruguay,2003 [YR2003],9.111
Uzbekistan,2003 [YR2003],5.3
Vanuatu,2003 [YR2003],5.673
"Venezuela, RB",2003 [YR2003],5.384
Virgin Islands (U.S.),2003 [YR2003],5.8
West Bank and Gaza,2003 [YR2003],4.2
"Yemen, Rep.",2003 [YR2003],6.898
Zambia,2003 [YR2003],14.32
Zimbabwe,2003 [YR2003],17.805
Africa Eastern and Southern,2003 [YR2003],12.976006293222
Africa Western and Central,2003 [YR2003],14.6764506241725
Arab World,2003 [YR2003],6.24854355680174
Caribbean small states,2003 [YR2003],7.4676831714708
Central Europe and the Baltics,2003 [YR2003],11.3194437927004
Early-demographic dividend,2003 [YR2003],7.66176992506546
East Asia & Pacific,2003 [YR2003],6.57435104727263
East Asia & Pacific (excluding high income),2003 [YR2003],6.53361507456579
East Asia & Pacific (IDA & IBRD countries),2003 [YR2003],6.51579288400144
Euro area,2003 [YR2003],9.78558834964804
Europe & Central Asia,2003 [YR2003],10.9232149821516
Europe & Central Asia (excluding high income),2003 [YR2003],9.22801808678216
Europe & Central Asia (IDA & IBRD countries),2003 [YR2003],11.9028943156312
European Union,2003 [YR2003],10.1176637104717
Fragile and conflict affected situations,2003 [YR2003],12.6607164715409
Heavily indebted poor countries (HIPC),2003 [YR2003],12.5769632383017
High income,2003 [YR2003],9.47811933841747
IBRD only,2003 [YR2003],7.50260869766631
IDA & IBRD total,2003 [YR2003],8.28324759111816
IDA blend,2003 [YR2003],11.5311669146895
IDA only,2003 [YR2003],10.6195634859384
IDA total,2003 [YR2003],10.9233049569743
Late-demographic dividend,2003 [YR2003],7.22765125419817
Latin America & Caribbean,2003 [YR2003],6.02003293038585
Latin America & Caribbean (excluding high income),2003 [YR2003],6.05085173059057
Latin America & the Caribbean (IDA & IBRD countries),2003 [YR2003],5.97777331398518
Least developed countries: UN classification,2003 [YR2003],11.1203618308467
Low & middle income,2003 [YR2003],8.0346550828091
Low income,2003 [YR2003],12.2939620002258
Lower middle income,2003 [YR2003],8.64712166144209
Middle East & North Africa,2003 [YR2003],5.4794806724676
Middle East & North Africa (excluding high income),2003 [YR2003],5.72780963623913
Middle East & North Africa (IDA & IBRD countries),2003 [YR2003],5.74380813137919
Middle income,2003 [YR2003],7.64842589211771
North America,2003 [YR2003],8.27194398401456
OECD members,2003 [YR2003],8.10945260236514
Other small states,2003 [YR2003],9.0054515534882
Pacific island small states,2003 [YR2003],6.26287793502946
Post-demographic dividend,2003 [YR2003],9.16235176403337
Pre-demographic dividend,2003 [YR2003],13.445141038772
Small states,2003 [YR2003],8.37493990083025
South Asia,2003 [YR2003],8.06816226967763
South Asia (IDA & IBRD),2003 [YR2003],8.06816226967763
Sub-Saharan Africa,2003 [YR2003],13.6649737064569
Sub-Saharan Africa (excluding high income),2003 [YR2003],13.6655977287778
Sub-Saharan Africa (IDA & IBRD countries),2003 [YR2003],13.6649737064569
Upper middle income,2003 [YR2003],6.72510012738293
World,2003 [YR2003],8.31012677276029
Viet Nam,2004 [YR2004],5.835
Afghanistan,2004 [YR2004],10.277
Albania,2004 [YR2004],6.181
Algeria,2004 [YR2004],4.95
Andorra,2004 [YR2004],3.8
Angola,2004 [YR2004],15.151
Antigua and Barbuda,2004 [YR2004],6.075
Argentina,2004 [YR2004],7.48
Armenia,2004 [YR2004],8.919
Aruba,2004 [YR2004],6.808
Australia,2004 [YR2004],6.5
Austria,2004 [YR2004],9.1
Azerbaijan,2004 [YR2004],6.0
"Bahamas, The",2004 [YR2004],5.835
Bahrain,2004 [YR2004],2.429
Bangladesh,2004 [YR2004],6.44
Barbados,2004 [YR2004],9.258
Belarus,2004 [YR2004],14.3
Belgium,2004 [YR2004],9.7
Belize,2004 [YR2004],5.552
Benin,2004 [YR2004],11.546
Bermuda,2004 [YR2004],6.8
Bhutan,2004 [YR2004],7.498
Bolivia,2004 [YR2004],8.787
Bosnia and Herzegovina,2004 [YR2004],8.258
Botswana,2004 [YR2004],13.073
Brazil,2004 [YR2004],6.258
British Virgin Islands,2004 [YR2004],4.964
Brunei Darussalam,2004 [YR2004],3.396
Bulgaria,2004 [YR2004],14.3
Burkina Faso,2004 [YR2004],13.976
Burundi,2004 [YR2004],13.369
Cabo Verde,2004 [YR2004],5.175
Cambodia,2004 [YR2004],7.273
Cameroon,2004 [YR2004],12.565
Canada,2004 [YR2004],7.1
Cayman Islands,2004 [YR2004],4.6
Central African Republic,2004 [YR2004],16.658
Chad,2004 [YR2004],16.982
Channel Islands,2004 [YR2004],8.39251561476013
Chile,2004 [YR2004],5.293
China,2004 [YR2004],6.42
Colombia,2004 [YR2004],5.134
Comoros,2004 [YR2004],10.009
"Congo, Dem. Rep.",2004 [YR2004],13.465
"Congo, Rep.",2004 [YR2004],10.416
Costa Rica,2004 [YR2004],4.047
Cote d'Ivoire,2004 [YR2004],13.465
Croatia,2004 [YR2004],11.2
Cuba,2004 [YR2004],7.695
Curacao,2004 [YR2004],8.448
Cyprus,2004 [YR2004],6.916
Czechia,2004 [YR2004],10.5
Denmark,2004 [YR2004],10.3
Djibouti,2004 [YR2004],10.258
Dominica,2004 [YR2004],9.728
Dominican Republic,2004 [YR2004],6.089
Ecuador,2004 [YR2004],4.788
"Egypt, Arab Rep.",2004 [YR2004],6.248
El Salvador,2004 [YR2004],6.408
Equatorial Guinea,2004 [YR2004],12.356
Eritrea,2004 [YR2004],9.242
Estonia,2004 [YR2004],13.0
Eswatini,2004 [YR2004],18.372
Ethiopia,2004 [YR2004],12.745
Faroe Islands,2004 [YR2004],7.9
Fiji,2004 [YR2004],6.866
Finland,2004 [YR2004],9.1
France,2004 [YR2004],8.3
French Polynesia,2004 [YR2004],2.588
Gabon,2004 [YR2004],9.405
"Gambia, The",2004 [YR2004],10.847
Georgia,2004 [YR2004],11.633
Germany,2004 [YR2004],9.9
Ghana,2004 [YR2004],9.476
Gibraltar,2004 [YR2004],7.387
Greece,2004 [YR2004],9.6
Greenland,2004 [YR2004],8.4
Grenada,2004 [YR2004],7.946
Guam,2004 [YR2004],4.273
Guatemala,2004 [YR2004],5.625
Guinea,2004 [YR2004],13.39
Guinea-Bissau,2004 [YR2004],14.077
Guyana,2004 [YR2004],7.402
Haiti,2004 [YR2004],10.184
Honduras,2004 [YR2004],4.674
"Hong Kong SAR, China",2004 [YR2004],5.4
Hungary,2004 [YR2004],13.1
Iceland,2004 [YR2004],6.2
India,2004 [YR2004],8.04
Indonesia,2004 [YR2004],7.995
"Iran, Islamic Rep.",2004 [YR2004],5.007
Iraq,2004 [YR2004],6.688
Ireland,2004 [YR2004],7.0
Isle of Man,2004 [YR2004],11.121
Israel,2004 [YR2004],5.6
Italy,2004 [YR2004],9.5
Jamaica,2004 [YR2004],6.753
Japan,2004 [YR2004],8.2
Jordan,2004 [YR2004],3.643
Kazakhstan,2004 [YR2004],10.14
Kenya,2004 [YR2004],9.61
Kiribati,2004 [YR2004],6.857
"Korea, Dem. People's Rep.",2004 [YR2004],8.189
"Korea, Rep.",2004 [YR2004],5.1
Kosovo,2004 [YR2004],5.032
Kuwait,2004 [YR2004],2.0
Kyrgyz Republic,2004 [YR2004],6.9
Lao PDR,2004 [YR2004],9.598
Latvia,2004 [YR2004],14.2
Lebanon,2004 [YR2004],4.158
Lesotho,2004 [YR2004],20.162
Liberia,2004 [YR2004],12.134
Libya,2004 [YR2004],4.549
Liechtenstein,2004 [YR2004],5.7
Lithuania,2004 [YR2004],12.2
Luxembourg,2004 [YR2004],7.8
"Macao SAR, China",2004 [YR2004],3.694
Madagascar,2004 [YR2004],9.062
Malawi,2004 [YR2004],15.541
Malaysia,2004 [YR2004],4.488
Maldives,2004 [YR2004],3.984
Mali,2004 [YR2004],14.006
Malta,2004 [YR2004],7.5
Marshall Islands,2004 [YR2004],6.433
Mauritania,2004 [YR2004],8.534
Mauritius,2004 [YR2004],6.9
Mexico,2004 [YR2004],5.001
"Micronesia, Fed. Sts.",2004 [YR2004],4.678
Moldova,2004 [YR2004],12.529
Monaco,2004 [YR2004],15.9
Mongolia,2004 [YR2004],6.869
Montenegro,2004 [YR2004],9.3
Morocco,2004 [YR2004],6.259
Mozambique,2004 [YR2004],14.073
Myanmar,2004 [YR2004],9.736
Namibia,2004 [YR2004],13.199
Nauru,2004 [YR2004],8.523
Nepal,2004 [YR2004],7.359
Netherlands,2004 [YR2004],8.4
New Caledonia,2004 [YR2004],4.9
New Zealand,2004 [YR2004],6.95
Nicaragua,2004 [YR2004],5.748
Niger,2004 [YR2004],14.683
Nigeria,2004 [YR2004],16.271
North Macedonia,2004 [YR2004],8.8
Norway,2004 [YR2004],9.0
Oman,2004 [YR2004],2.896
Pakistan,2004 [YR2004],8.177
Palau,2004 [YR2004],6.9
Panama,2004 [YR2004],4.541
Papua New Guinea,2004 [YR2004],7.559
Paraguay,2004 [YR2004],5.539
Peru,2004 [YR2004],5.838
Philippines,2004 [YR2004],5.556
Poland,2004 [YR2004],9.5
Portugal,2004 [YR2004],9.7
Puerto Rico,2004 [YR2004],7.46
Qatar,2004 [YR2004],2.077
Romania,2004 [YR2004],12.1
Russian Federation,2004 [YR2004],15.9
Rwanda,2004 [YR2004],11.546
Samoa,2004 [YR2004],5.088
San Marino,2004 [YR2004],6.3
Sao Tome and Principe,2004 [YR2004],8.151
Saudi Arabia,2004 [YR2004],2.966
Senegal,2004 [YR2004],9.444
Serbia,2004 [YR2004],14.0
Seychelles,2004 [YR2004],7.2
Sierra Leone,2004 [YR2004],17.491
Singapore,2004 [YR2004],4.4
Sint Maarten (Dutch part),2004 [YR2004],4.171
Slovak Republic,2004 [YR2004],9.7
Slovenia,2004 [YR2004],9.3
Solomon Islands,2004 [YR2004],5.854
Somalia,2004 [YR2004],15.711
South Africa,2004 [YR2004],12.947
South Sudan,2004 [YR2004],14.651
Spain,2004 [YR2004],8.6
Sri Lanka,2004 [YR2004],9.451
St. Kitts and Nevis,2004 [YR2004],8.39
St. Lucia,2004 [YR2004],6.901
St. Martin (French part),2004 [YR2004],3.525
St. Vincent and the Grenadines,2004 [YR2004],6.649
Sudan,2004 [YR2004],10.325
Suriname,2004 [YR2004],8.494
Sweden,2004 [YR2004],10.1
Switzerland,2004 [YR2004],8.1
Syrian Arab Republic,2004 [YR2004],3.986
Tajikistan,2004 [YR2004],6.289
Tanzania,2004 [YR2004],11.275
Thailand,2004 [YR2004],6.419
Timor-Leste,2004 [YR2004],9.065
Togo,2004 [YR2004],11.304
Tonga,2004 [YR2004],6.648
Trinidad and Tobago,2004 [YR2004],6.493
Tunisia,2004 [YR2004],4.939
Turkiye,2004 [YR2004],5.367
Turkmenistan,2004 [YR2004],6.741
Turks and Caicos Islands,2004 [YR2004],3.763
Tuvalu,2004 [YR2004],9.957
Uganda,2004 [YR2004],12.571
Ukraine,2004 [YR2004],16.0
United Arab Emirates,2004 [YR2004],1.613
United Kingdom,2004 [YR2004],9.7
United States,2004 [YR2004],8.2
Uruguay,2004 [YR2004],9.133
Uzbekistan,2004 [YR2004],5.0
Vanuatu,2004 [YR2004],5.718
"Venezuela, RB",2004 [YR2004],5.217
Virgin Islands (U.S.),2004 [YR2004],5.8
West Bank and Gaza,2004 [YR2004],4.1
"Yemen, Rep.",2004 [YR2004],6.662
Zambia,2004 [YR2004],13.45
Zimbabwe,2004 [YR2004],16.989
Africa Eastern and Southern,2004 [YR2004],12.6270375852672
Africa Western and Central,2004 [YR2004],14.3666037520404
Arab World,2004 [YR2004],6.27365476492614
Caribbean small states,2004 [YR2004],7.40764776657116
Central Europe and the Baltics,2004 [YR2004],11.1167788912576
Early-demographic dividend,2004 [YR2004],7.60052124019091
East Asia & Pacific,2004 [YR2004],6.68704761180088
East Asia & Pacific (excluding high income),2004 [YR2004],6.64698452748568
East Asia & Pacific (IDA & IBRD countries),2004 [YR2004],6.6268830954396
Euro area,2004 [YR2004],9.25681615178366
Europe & Central Asia,2004 [YR2004],10.5346942306393
Europe & Central Asia (excluding high income),2004 [YR2004],9.11462829775286
Europe & Central Asia (IDA & IBRD countries),2004 [YR2004],11.6373551850268
European Union,2004 [YR2004],9.6575431436768
Fragile and conflict affected situations,2004 [YR2004],12.4414991082588
Heavily indebted poor countries (HIPC),2004 [YR2004],12.2138282370532
High income,2004 [YR2004],9.19418086658658
IBRD only,2004 [YR2004],7.47082915842289
IDA & IBRD total,2004 [YR2004],8.21570619895249
IDA blend,2004 [YR2004],11.3051102013505
IDA only,2004 [YR2004],10.4013715139256
IDA total,2004 [YR2004],10.7029087228896
Late-demographic dividend,2004 [YR2004],7.20892388789191
Latin America & Caribbean,2004 [YR2004],5.97765262013943
Latin America & Caribbean (excluding high income),2004 [YR2004],6.0120146294994
Latin America & the Caribbean (IDA & IBRD countries),2004 [YR2004],5.93063136843228
Least developed countries: UN classification,2004 [YR2004],10.8263263138406
Low & middle income,2004 [YR2004],7.98810979626491
Low income,2004 [YR2004],11.9491869952007
Lower middle income,2004 [YR2004],8.51561104924027
Middle East & North Africa,2004 [YR2004],5.3473982600148
Middle East & North Africa (excluding high income),2004 [YR2004],5.60110955264882
Middle East & North Africa (IDA & IBRD countries),2004 [YR2004],5.61690783713699
Middle income,2004 [YR2004],7.62345418858976
North America,2004 [YR2004],8.09156544788829
OECD members,2004 [YR2004],7.89451224232067
Other small states,2004 [YR2004],8.92830407331975
Pacific island small states,2004 [YR2004],6.26426923171934
Post-demographic dividend,2004 [YR2004],8.90889842300138
Pre-demographic dividend,2004 [YR2004],13.1109668673473
Small states,2004 [YR2004],8.3140161095516
South Asia,2004 [YR2004],7.94569284399497
South Asia (IDA & IBRD),2004 [YR2004],7.94569284399497
Sub-Saharan Africa,2004 [YR2004],13.3326408993251
Sub-Saharan Africa (excluding high income),2004 [YR2004],13.3333076658887
Sub-Saharan Africa (IDA & IBRD countries),2004 [YR2004],13.3326408993251
Upper middle income,2004 [YR2004],6.79051073918853
World,2004 [YR2004],8.21421802882549
Viet Nam,2005 [YR2005],5.865
Afghanistan,2005 [YR2005],9.941
Albania,2005 [YR2005],6.306
Algeria,2005 [YR2005],4.943
Andorra,2005 [YR2005],3.6
Angola,2005 [YR2005],14.497
Antigua and Barbuda,2005 [YR2005],6.015
Argentina,2005 [YR2005],7.423
Armenia,2005 [YR2005],8.914
Aruba,2005 [YR2005],6.839
Australia,2005 [YR2005],6.4
Austria,2005 [YR2005],9.1
Azerbaijan,2005 [YR2005],6.2
"Bahamas, The",2005 [YR2005],5.818
Bahrain,2005 [YR2005],2.308
Bangladesh,2005 [YR2005],6.425
Barbados,2005 [YR2005],9.218
Belarus,2005 [YR2005],14.5
Belgium,2005 [YR2005],9.9
Belize,2005 [YR2005],5.51
Benin,2005 [YR2005],11.337
Bermuda,2005 [YR2005],7.1
Bhutan,2005 [YR2005],7.473
Bolivia,2005 [YR2005],8.554
Bosnia and Herzegovina,2005 [YR2005],9.242
Botswana,2005 [YR2005],12.568
Brazil,2005 [YR2005],6.106
British Virgin Islands,2005 [YR2005],4.88
Brunei Darussalam,2005 [YR2005],3.438
Bulgaria,2005 [YR2005],14.8
Burkina Faso,2005 [YR2005],13.499
Burundi,2005 [YR2005],12.841
Cabo Verde,2005 [YR2005],5.151
Cambodia,2005 [YR2005],7.042
Cameroon,2005 [YR2005],12.408
Canada,2005 [YR2005],7.1
Cayman Islands,2005 [YR2005],3.8
Central African Republic,2005 [YR2005],16.367
Chad,2005 [YR2005],16.827
Channel Islands,2005 [YR2005],8.30442482571984
Chile,2005 [YR2005],5.301
China,2005 [YR2005],6.51
Colombia,2005 [YR2005],5.072
Comoros,2005 [YR2005],9.997
"Congo, Dem. Rep.",2005 [YR2005],13.136
"Congo, Rep.",2005 [YR2005],9.831
Costa Rica,2005 [YR2005],4.078
Cote d'Ivoire,2005 [YR2005],13.117
Croatia,2005 [YR2005],11.656
Cuba,2005 [YR2005],7.806
Curacao,2005 [YR2005],8.49
Cyprus,2005 [YR2005],6.889
Czechia,2005 [YR2005],10.6
Denmark,2005 [YR2005],10.1
Djibouti,2005 [YR2005],9.988
Dominica,2005 [YR2005],9.837
Dominican Republic,2005 [YR2005],5.933
Ecuador,2005 [YR2005],4.78
"Egypt, Arab Rep.",2005 [YR2005],6.206
El Salvador,2005 [YR2005],6.599
Equatorial Guinea,2005 [YR2005],12.141
Eritrea,2005 [YR2005],8.908
Estonia,2005 [YR2005],12.8
Eswatini,2005 [YR2005],18.845
Ethiopia,2005 [YR2005],12.226
Faroe Islands,2005 [YR2005],8.6
Fiji,2005 [YR2005],6.885
Finland,2005 [YR2005],9.1
France,2005 [YR2005],8.5
French Polynesia,2005 [YR2005],2.696
Gabon,2005 [YR2005],9.299
"Gambia, The",2005 [YR2005],10.56
Georgia,2005 [YR2005],11.445
Germany,2005 [YR2005],10.1
Ghana,2005 [YR2005],9.247
Gibraltar,2005 [YR2005],7.145
Greece,2005 [YR2005],9.6
Greenland,2005 [YR2005],8.2
Grenada,2005 [YR2005],7.233
Guam,2005 [YR2005],4.303
Guatemala,2005 [YR2005],5.666
Guinea,2005 [YR2005],13.037
Guinea-Bissau,2005 [YR2005],13.87
Guyana,2005 [YR2005],7.414
Haiti,2005 [YR2005],9.239
Honduras,2005 [YR2005],4.573
"Hong Kong SAR, China",2005 [YR2005],5.7
Hungary,2005 [YR2005],13.5
Iceland,2005 [YR2005],6.2
India,2005 [YR2005],7.876
Indonesia,2005 [YR2005],7.336
"Iran, Islamic Rep.",2005 [YR2005],4.97
Iraq,2005 [YR2005],6.732
Ireland,2005 [YR2005],6.8
Isle of Man,2005 [YR2005],10.719
Israel,2005 [YR2005],5.6
Italy,2005 [YR2005],9.8
Jamaica,2005 [YR2005],6.654
Japan,2005 [YR2005],8.6
Jordan,2005 [YR2005],3.645
Kazakhstan,2005 [YR2005],10.37
Kenya,2005 [YR2005],9.147
Kiribati,2005 [YR2005],6.917
"Korea, Dem. People's Rep.",2005 [YR2005],8.501
"Korea, Rep.",2005 [YR2005],5.1
Kosovo,2005 [YR2005],5.037
Kuwait,2005 [YR2005],2.01
Kyrgyz Republic,2005 [YR2005],7.2
Lao PDR,2005 [YR2005],9.378
Latvia,2005 [YR2005],14.6
Lebanon,2005 [YR2005],4.16
Lesotho,2005 [YR2005],20.605
Liberia,2005 [YR2005],11.599
Libya,2005 [YR2005],4.53
Liechtenstein,2005 [YR2005],6.2
Lithuania,2005 [YR2005],13.2
Luxembourg,2005 [YR2005],7.8
"Macao SAR, China",2005 [YR2005],3.644
Madagascar,2005 [YR2005],8.831
Malawi,2005 [YR2005],14.633
Malaysia,2005 [YR2005],4.516
Maldives,2005 [YR2005],3.724
Mali,2005 [YR2005],13.669
Malta,2005 [YR2005],7.8
Marshall Islands,2005 [YR2005],6.544
Mauritania,2005 [YR2005],8.512
Mauritius,2005 [YR2005],7.0
Mexico,2005 [YR2005],5.078
"Micronesia, Fed. Sts.",2005 [YR2005],4.694
Moldova,2005 [YR2005],12.501
Mongolia,2005 [YR2005],6.992
Montenegro,2005 [YR2005],9.5
Morocco,2005 [YR2005],6.177
Mozambique,2005 [YR2005],13.753
Myanmar,2005 [YR2005],9.628
Namibia,2005 [YR2005],12.954
Nauru,2005 [YR2005],8.569
Nepal,2005 [YR2005],7.132
Netherlands,2005 [YR2005],8.4
New Caledonia,2005 [YR2005],4.9
New Zealand,2005 [YR2005],6.54
Nicaragua,2005 [YR2005],5.614
Niger,2005 [YR2005],13.922
Nigeria,2005 [YR2005],15.883
North Macedonia,2005 [YR2005],9.0
Norway,2005 [YR2005],8.9
Oman,2005 [YR2005],2.914
Pakistan,2005 [YR2005],8.402
Palau,2005 [YR2005],6.7
Panama,2005 [YR2005],4.526
Papua New Guinea,2005 [YR2005],7.563
Paraguay,2005 [YR2005],5.6
Peru,2005 [YR2005],5.98
Philippines,2005 [YR2005],5.513
Poland,2005 [YR2005],9.6
Portugal,2005 [YR2005],10.2
Puerto Rico,2005 [YR2005],7.6
Qatar,2005 [YR2005],2.073
Romania,2005 [YR2005],12.3
Russian Federation,2005 [YR2005],16.1
Rwanda,2005 [YR2005],10.546
Samoa,2005 [YR2005],5.171
San Marino,2005 [YR2005],7.3
Sao Tome and Principe,2005 [YR2005],8.083
Saudi Arabia,2005 [YR2005],2.879
Senegal,2005 [YR2005],8.99
Serbia,2005 [YR2005],14.3
Seychelles,2005 [YR2005],8.1
Sierra Leone,2005 [YR2005],16.89
Singapore,2005 [YR2005],4.4
Sint Maarten (Dutch part),2005 [YR2005],3.4
Slovak Republic,2005 [YR2005],10.0
Slovenia,2005 [YR2005],9.4
Solomon Islands,2005 [YR2005],5.829
Somalia,2005 [YR2005],15.593
South Africa,2005 [YR2005],13.177
South Sudan,2005 [YR2005],14.028
Spain,2005 [YR2005],8.8
Sri Lanka,2005 [YR2005],7.489
St. Kitts and Nevis,2005 [YR2005],8.46
St. Lucia,2005 [YR2005],6.924
St. Martin (French part),2005 [YR2005],3.527
St. Vincent and the Grenadines,2005 [YR2005],6.555
Sudan,2005 [YR2005],10.065
Suriname,2005 [YR2005],8.209
Sweden,2005 [YR2005],10.2
Switzerland,2005 [YR2005],8.2
Syrian Arab Republic,2005 [YR2005],3.924
Tajikistan,2005 [YR2005],6.116
Tanzania,2005 [YR2005],10.879
Thailand,2005 [YR2005],6.323
Timor-Leste,2005 [YR2005],8.796
Togo,2005 [YR2005],11.071
Tonga,2005 [YR2005],6.648
Trinidad and Tobago,2005 [YR2005],6.543
Tunisia,2005 [YR2005],4.937
Turkiye,2005 [YR2005],5.35
Turkmenistan,2005 [YR2005],6.869
Turks and Caicos Islands,2005 [YR2005],3.802
Tuvalu,2005 [YR2005],9.902
Uganda,2005 [YR2005],11.637
Ukraine,2005 [YR2005],16.6
United Arab Emirates,2005 [YR2005],1.563
United Kingdom,2005 [YR2005],9.6
United States,2005 [YR2005],8.3
Uruguay,2005 [YR2005],9.166
Uzbekistan,2005 [YR2005],5.4
Vanuatu,2005 [YR2005],5.751
"Venezuela, RB",2005 [YR2005],5.189
Virgin Islands (U.S.),2005 [YR2005],6.1
West Bank and Gaza,2005 [YR2005],4.0
"Yemen, Rep.",2005 [YR2005],6.413
Zambia,2005 [YR2005],12.659
Zimbabwe,2005 [YR2005],16.82
Africa Eastern and Southern,2005 [YR2005],12.2337341365809
Africa Western and Central,2005 [YR2005],14.0035127943223
Arab World,2005 [YR2005],6.19734637900239
Caribbean small states,2005 [YR2005],7.3132185414454
Central Europe and the Baltics,2005 [YR2005],11.3449858605434
Early-demographic dividend,2005 [YR2005],7.46184779064385
East Asia & Pacific,2005 [YR2005],6.6911610486275
East Asia & Pacific (excluding high income),2005 [YR2005],6.62428221565596
East Asia & Pacific (IDA & IBRD countries),2005 [YR2005],6.59986797714247
Euro area,2005 [YR2005],9.4609892483397
Europe & Central Asia,2005 [YR2005],10.6997616190329
Europe & Central Asia (excluding high income),2005 [YR2005],9.31345638139827
Europe & Central Asia (IDA & IBRD countries),2005 [YR2005],11.8246121029385
European Union,2005 [YR2005],9.84949972102216
Fragile and conflict affected situations,2005 [YR2005],12.1940610591949
Heavily indebted poor countries (HIPC),2005 [YR2005],11.7936310994506
High income,2005 [YR2005],9.32579517886006
IBRD only,2005 [YR2005],7.42205585252326
IDA & IBRD total,2005 [YR2005],8.12970611418604
IDA blend,2005 [YR2005],11.24241127674
IDA only,2005 [YR2005],10.0710942502731
IDA total,2005 [YR2005],10.4623867577115
Late-demographic dividend,2005 [YR2005],7.24501556231059
Latin America & Caribbean,2005 [YR2005],5.91897776634483
Latin America & Caribbean (excluding high income),2005 [YR2005],5.94733341327562
Latin America & the Caribbean (IDA & IBRD countries),2005 [YR2005],5.86747684272736
Least developed countries: UN classification,2005 [YR2005],10.511017357151
Low & middle income,2005 [YR2005],7.89653404115635
Low income,2005 [YR2005],11.567035866755
Lower middle income,2005 [YR2005],8.37215898493283
Middle East & North Africa,2005 [YR2005],5.29479181687471
Middle East & North Africa (excluding high income),2005 [YR2005],5.55462711562451
Middle East & North Africa (IDA & IBRD countries),2005 [YR2005],5.57106325804752
Middle income,2005 [YR2005],7.5533090637246
North America,2005 [YR2005],8.18174519515683
OECD members,2005 [YR2005],8.01092698429176
Other small states,2005 [YR2005],8.87976689411053
Pacific island small states,2005 [YR2005],6.28128448467739
Post-demographic dividend,2005 [YR2005],9.07892889586787
Pre-demographic dividend,2005 [YR2005],12.7149864136713
Small states,2005 [YR2005],8.26881903664546
South Asia,2005 [YR2005],7.81378166825253
South Asia (IDA & IBRD),2005 [YR2005],7.81378166825253
Sub-Saharan Africa,2005 [YR2005],12.9523651472155
Sub-Saharan Africa (excluding high income),2005 [YR2005],12.9528808814677
Sub-Saharan Africa (IDA & IBRD countries),2005 [YR2005],12.9523651472155
Upper middle income,2005 [YR2005],6.78163969416941
World,2005 [YR2005],8.16470946612431
Viet Nam,2006 [YR2006],5.927
Afghanistan,2006 [YR2006],9.679
Albania,2006 [YR2006],6.477
Algeria,2006 [YR2006],4.947
American Samoa,2006 [YR2006],4.0
Andorra,2006 [YR2006],3.3
Angola,2006 [YR2006],13.943
Antigua and Barbuda,2006 [YR2006],6.077
Argentina,2006 [YR2006],7.369
Armenia,2006 [YR2006],9.063
Aruba,2006 [YR2006],6.887
Australia,2006 [YR2006],6.4
Austria,2006 [YR2006],9.0
Azerbaijan,2006 [YR2006],6.2
"Bahamas, The",2006 [YR2006],5.853
Bahrain,2006 [YR2006],2.235
Bangladesh,2006 [YR2006],6.494
Barbados,2006 [YR2006],9.082
Belarus,2006 [YR2006],14.2
Belgium,2006 [YR2006],9.6
Belize,2006 [YR2006],5.245
Benin,2006 [YR2006],11.128
Bermuda,2006 [YR2006],7.1
Bhutan,2006 [YR2006],7.353
Bolivia,2006 [YR2006],8.345
Bosnia and Herzegovina,2006 [YR2006],8.901
Botswana,2006 [YR2006],11.883
Brazil,2006 [YR2006],6.123
British Virgin Islands,2006 [YR2006],4.946
Brunei Darussalam,2006 [YR2006],3.491
Bulgaria,2006 [YR2006],14.9
Burkina Faso,2006 [YR2006],13.065
Burundi,2006 [YR2006],12.366
Cabo Verde,2006 [YR2006],5.601
Cambodia,2006 [YR2006],6.809
Cameroon,2006 [YR2006],12.104
Canada,2006 [YR2006],7.0
Cayman Islands,2006 [YR2006],3.4
Central African Republic,2006 [YR2006],16.08
Chad,2006 [YR2006],16.707
Channel Islands,2006 [YR2006],8.11922229167352
Chile,2006 [YR2006],5.352
China,2006 [YR2006],6.81
Colombia,2006 [YR2006],5.016
Comoros,2006 [YR2006],9.899
"Congo, Dem. Rep.",2006 [YR2006],12.777
"Congo, Rep.",2006 [YR2006],9.439
Costa Rica,2006 [YR2006],4.176
Cote d'Ivoire,2006 [YR2006],12.753
Croatia,2006 [YR2006],11.341
Cuba,2006 [YR2006],7.907
Curacao,2006 [YR2006],8.0
Cyprus,2006 [YR2006],6.796
Czechia,2006 [YR2006],10.2
Denmark,2006 [YR2006],10.2
Djibouti,2006 [YR2006],9.796
Dominica,2006 [YR2006],9.544
Dominican Republic,2006 [YR2006],5.873
Ecuador,2006 [YR2006],4.794
"Egypt, Arab Rep.",2006 [YR2006],6.151
El Salvador,2006 [YR2006],6.705
Equatorial Guinea,2006 [YR2006],11.887
Eritrea,2006 [YR2006],8.439
Estonia,2006 [YR2006],12.9
Eswatini,2006 [YR2006],18.174
Ethiopia,2006 [YR2006],11.539
Faroe Islands,2006 [YR2006],8.7
Fiji,2006 [YR2006],6.9
Finland,2006 [YR2006],9.1
France,2006 [YR2006],8.3
French Polynesia,2006 [YR2006],2.791
Gabon,2006 [YR2006],9.074
"Gambia, The",2006 [YR2006],10.132
Georgia,2006 [YR2006],11.587
Germany,2006 [YR2006],10.0
Ghana,2006 [YR2006],9.14
Gibraltar,2006 [YR2006],7.874
Greece,2006 [YR2006],9.6
Greenland,2006 [YR2006],7.8
Grenada,2006 [YR2006],7.242
Guam,2006 [YR2006],4.437
Guatemala,2006 [YR2006],5.469
Guinea,2006 [YR2006],12.717
Guinea-Bissau,2006 [YR2006],13.092
Guyana,2006 [YR2006],7.297
Haiti,2006 [YR2006],9.084
Honduras,2006 [YR2006],4.525
"Hong Kong SAR, China",2006 [YR2006],5.5
Hungary,2006 [YR2006],13.1
Iceland,2006 [YR2006],6.3
India,2006 [YR2006],7.743
Indonesia,2006 [YR2006],7.323
"Iran, Islamic Rep.",2006 [YR2006],4.911
Iraq,2006 [YR2006],7.214
Ireland,2006 [YR2006],6.7
Isle of Man,2006 [YR2006],10.504
Israel,2006 [YR2006],5.5
Italy,2006 [YR2006],9.6
Jamaica,2006 [YR2006],6.587
Japan,2006 [YR2006],8.6
Jordan,2006 [YR2006],3.635
Kazakhstan,2006 [YR2006],10.27
Kenya,2006 [YR2006],8.748
Kiribati,2006 [YR2006],7.004
"Korea, Dem. People's Rep.",2006 [YR2006],8.843
"Korea, Rep.",2006 [YR2006],5.0
Kosovo,2006 [YR2006],5.172
Kuwait,2006 [YR2006],2.036
Kyrgyz Republic,2006 [YR2006],7.4
Lao PDR,2006 [YR2006],9.096
Latvia,2006 [YR2006],14.9
Lebanon,2006 [YR2006],4.333
Lesotho,2006 [YR2006],20.884
Liberia,2006 [YR2006],11.171
Libya,2006 [YR2006],4.491
Liechtenstein,2006 [YR2006],6.3
Lithuania,2006 [YR2006],13.7
Luxembourg,2006 [YR2006],8.0
"Macao SAR, China",2006 [YR2006],3.64
Madagascar,2006 [YR2006],8.476
Malawi,2006 [YR2006],13.951
Malaysia,2006 [YR2006],4.603
Maldives,2006 [YR2006],3.74
Mali,2006 [YR2006],13.233
Malta,2006 [YR2006],7.9
Marshall Islands,2006 [YR2006],6.643
Mauritania,2006 [YR2006],8.418
Mauritius,2006 [YR2006],7.4
Mexico,2006 [YR2006],5.177
"Micronesia, Fed. Sts.",2006 [YR2006],4.648
Moldova,2006 [YR2006],12.417
Mongolia,2006 [YR2006],6.875
Montenegro,2006 [YR2006],9.7
Morocco,2006 [YR2006],6.13
Mozambique,2006 [YR2006],13.399
Myanmar,2006 [YR2006],9.562
Namibia,2006 [YR2006],12.537
Nauru,2006 [YR2006],8.555
Nepal,2006 [YR2006],7.014
Netherlands,2006 [YR2006],8.3
New Caledonia,2006 [YR2006],4.7
New Zealand,2006 [YR2006],6.75
Nicaragua,2006 [YR2006],5.357
Niger,2006 [YR2006],13.174
Nigeria,2006 [YR2006],15.561
North Macedonia,2006 [YR2006],9.1
Norway,2006 [YR2006],8.9
Oman,2006 [YR2006],2.928
Pakistan,2006 [YR2006],7.831
Palau,2006 [YR2006],7.2
Panama,2006 [YR2006],4.547
Papua New Guinea,2006 [YR2006],7.532
Paraguay,2006 [YR2006],5.584
Peru,2006 [YR2006],6.177
Philippines,2006 [YR2006],5.548
Poland,2006 [YR2006],9.7
Portugal,2006 [YR2006],9.7
Puerto Rico,2006 [YR2006],7.29
Qatar,2006 [YR2006],1.869
Romania,2006 [YR2006],12.2
Russian Federation,2006 [YR2006],15.1
Rwanda,2006 [YR2006],9.803
Samoa,2006 [YR2006],5.169
San Marino,2006 [YR2006],7.5
Sao Tome and Principe,2006 [YR2006],7.699
Saudi Arabia,2006 [YR2006],2.797
Senegal,2006 [YR2006],8.577
Serbia,2006 [YR2006],13.88
Seychelles,2006 [YR2006],7.8
Sierra Leone,2006 [YR2006],16.096
Singapore,2006 [YR2006],4.4
Sint Maarten (Dutch part),2006 [YR2006],3.6
Slovak Republic,2006 [YR2006],9.9
Slovenia,2006 [YR2006],9.1
Solomon Islands,2006 [YR2006],5.797
Somalia,2006 [YR2006],15.566
South Africa,2006 [YR2006],13.234
South Sudan,2006 [YR2006],13.533
Spain,2006 [YR2006],8.3
Sri Lanka,2006 [YR2006],7.576
St. Kitts and Nevis,2006 [YR2006],8.65
St. Lucia,2006 [YR2006],6.95
St. Martin (French part),2006 [YR2006],3.542
St. Vincent and the Grenadines,2006 [YR2006],6.47
Sudan,2006 [YR2006],8.705
Suriname,2006 [YR2006],7.954
Sweden,2006 [YR2006],10.0
Switzerland,2006 [YR2006],8.1
Syrian Arab Republic,2006 [YR2006],3.775
Tajikistan,2006 [YR2006],5.958
Tanzania,2006 [YR2006],10.522
Thailand,2006 [YR2006],6.033
Timor-Leste,2006 [YR2006],8.504
Togo,2006 [YR2006],10.919
Tonga,2006 [YR2006],6.627
Trinidad and Tobago,2006 [YR2006],6.744
Tunisia,2006 [YR2006],5.007
Turkiye,2006 [YR2006],5.33
Turkmenistan,2006 [YR2006],6.769
Turks and Caicos Islands,2006 [YR2006],4.108
Tuvalu,2006 [YR2006],9.892
Uganda,2006 [YR2006],10.77
Ukraine,2006 [YR2006],16.2
United Arab Emirates,2006 [YR2006],1.449
United Kingdom,2006 [YR2006],9.4
United States,2006 [YR2006],8.1
Uruguay,2006 [YR2006],9.206
Uzbekistan,2006 [YR2006],5.3
Vanuatu,2006 [YR2006],5.793
"Venezuela, RB",2006 [YR2006],5.289
Virgin Islands (U.S.),2006 [YR2006],5.8
West Bank and Gaza,2006 [YR2006],3.9
"Yemen, Rep.",2006 [YR2006],6.208
Zambia,2006 [YR2006],11.933
Zimbabwe,2006 [YR2006],16.436
Africa Eastern and Southern,2006 [YR2006],11.7300787774155
Africa Western and Central,2006 [YR2006],13.6684526431817
Arab World,2006 [YR2006],6.04724514371034
Caribbean small states,2006 [YR2006],7.18739896287728
Central Europe and the Baltics,2006 [YR2006],11.2858738457596
Early-demographic dividend,2006 [YR2006],7.3370263901479
East Asia & Pacific,2006 [YR2006],6.86274232761127
East Asia & Pacific (excluding high income),2006 [YR2006],6.82305479660429
East Asia & Pacific (IDA & IBRD countries),2006 [YR2006],6.79685040039889
Euro area,2006 [YR2006],9.25893586717572
Europe & Central Asia,2006 [YR2006],10.3850142663289
Europe & Central Asia (excluding high income),2006 [YR2006],9.1420468147243
Europe & Central Asia (IDA & IBRD countries),2006 [YR2006],11.4023329332408
European Union,2006 [YR2006],9.67585990585969
Fragile and conflict affected situations,2006 [YR2006],11.851817662801
Heavily indebted poor countries (HIPC),2006 [YR2006],11.3116465631294
High income,2006 [YR2006],9.07034148034262
IBRD only,2006 [YR2006],7.43064284037991
IDA & IBRD total,2006 [YR2006],8.06400036307636
IDA blend,2006 [YR2006],10.8355613934286
IDA only,2006 [YR2006],9.76650603916884
IDA total,2006 [YR2006],10.1239827831856
Late-demographic dividend,2006 [YR2006],7.35132034410973
Latin America & Caribbean,2006 [YR2006],5.93686822310534
Latin America & Caribbean (excluding high income),2006 [YR2006],5.96269877281105
Latin America & the Caribbean (IDA & IBRD countries),2006 [YR2006],5.88674120503894
Least developed countries: UN classification,2006 [YR2006],10.1743026042053
Low & middle income,2006 [YR2006],7.8600991742395
Low income,2006 [YR2006],11.0809461447877
Lower middle income,2006 [YR2006],8.21556984402534
Middle East & North Africa,2006 [YR2006],5.26467120038348
Middle East & North Africa (excluding high income),2006 [YR2006],5.53951473513114
Middle East & North Africa (IDA & IBRD countries),2006 [YR2006],5.55693190601931
Middle income,2006 [YR2006],7.55379975390987
North America,2006 [YR2006],7.991572099929
OECD members,2006 [YR2006],7.89093511736578
Other small states,2006 [YR2006],8.78512347246651
Pacific island small states,2006 [YR2006],6.2916247795959
Post-demographic dividend,2006 [YR2006],8.90145714920967
Pre-demographic dividend,2006 [YR2006],12.3145868810177
Small states,2006 [YR2006],8.18594357537155
South Asia,2006 [YR2006],7.65261554888789
South Asia (IDA & IBRD),2006 [YR2006],7.65261554888789
Sub-Saharan Africa,2006 [YR2006],12.5178999268571
Sub-Saharan Africa (excluding high income),2006 [YR2006],12.5183981069895
Sub-Saharan Africa (IDA & IBRD countries),2006 [YR2006],12.5178999268571
Upper middle income,2006 [YR2006],6.92420443517482
World,2006 [YR2006],8.08442157014335
Viet Nam,2007 [YR2007],5.966
Afghanistan,2007 [YR2007],9.359
Albania,2007 [YR2007],6.318
Algeria,2007 [YR2007],4.945
Andorra,2007 [YR2007],2.8
Angola,2007 [YR2007],13.133
Antigua and Barbuda,2007 [YR2007],5.914
Argentina,2007 [YR2007],7.748
Armenia,2007 [YR2007],9.117
Aruba,2007 [YR2007],6.958
Australia,2007 [YR2007],6.7
Austria,2007 [YR2007],9.0
Azerbaijan,2007 [YR2007],6.3
"Bahamas, The",2007 [YR2007],6.024
Bahrain,2007 [YR2007],2.108
Bangladesh,2007 [YR2007],6.793
Barbados,2007 [YR2007],8.985
Belarus,2007 [YR2007],13.7
Belgium,2007 [YR2007],9.5
Belize,2007 [YR2007],5.067
Benin,2007 [YR2007],10.961
Bermuda,2007 [YR2007],7.0
Bhutan,2007 [YR2007],7.166
Bolivia,2007 [YR2007],8.204
Bosnia and Herzegovina,2007 [YR2007],9.383
Botswana,2007 [YR2007],10.935
Brazil,2007 [YR2007],6.119
British Virgin Islands,2007 [YR2007],5.018
Brunei Darussalam,2007 [YR2007],3.551
Bulgaria,2007 [YR2007],15.0
Burkina Faso,2007 [YR2007],12.633
Burundi,2007 [YR2007],11.871
Cabo Verde,2007 [YR2007],5.636
Cambodia,2007 [YR2007],6.63
Cameroon,2007 [YR2007],11.886
Canada,2007 [YR2007],7.2
Cayman Islands,2007 [YR2007],3.0
Central African Republic,2007 [YR2007],15.696
Chad,2007 [YR2007],16.301
Channel Islands,2007 [YR2007],7.89035731767009
Chile,2007 [YR2007],5.754
China,2007 [YR2007],6.93
Colombia,2007 [YR2007],4.993
Comoros,2007 [YR2007],9.819
"Congo, Dem. Rep.",2007 [YR2007],12.529
"Congo, Rep.",2007 [YR2007],9.059
Costa Rica,2007 [YR2007],4.304
Cote d'Ivoire,2007 [YR2007],12.364
Croatia,2007 [YR2007],11.798
Cuba,2007 [YR2007],8.001
Curacao,2007 [YR2007],7.9
Cyprus,2007 [YR2007],6.598
Czechia,2007 [YR2007],10.2
Denmark,2007 [YR2007],10.2
Djibouti,2007 [YR2007],9.643
Dominica,2007 [YR2007],10.477
Dominican Republic,2007 [YR2007],5.859
Ecuador,2007 [YR2007],4.817
"Egypt, Arab Rep.",2007 [YR2007],6.128
El Salvador,2007 [YR2007],6.814
Equatorial Guinea,2007 [YR2007],11.706
Eritrea,2007 [YR2007],8.192
Estonia,2007 [YR2007],13.0
Eswatini,2007 [YR2007],17.861
Ethiopia,2007 [YR2007],10.807
Faroe Islands,2007 [YR2007],7.9
Fiji,2007 [YR2007],7.052
Finland,2007 [YR2007],9.3
France,2007 [YR2007],8.3
French Polynesia,2007 [YR2007],2.849
Gabon,2007 [YR2007],8.924
"Gambia, The",2007 [YR2007],9.856
Georgia,2007 [YR2007],11.876
Germany,2007 [YR2007],10.1
Ghana,2007 [YR2007],9.026
Gibraltar,2007 [YR2007],9.186
Greece,2007 [YR2007],9.9
Greenland,2007 [YR2007],8.0
Grenada,2007 [YR2007],7.005
Guam,2007 [YR2007],4.566
Guatemala,2007 [YR2007],5.419
Guinea,2007 [YR2007],12.427
Guinea-Bissau,2007 [YR2007],12.55
Guyana,2007 [YR2007],7.16
Haiti,2007 [YR2007],8.937
Honduras,2007 [YR2007],4.5
"Hong Kong SAR, China",2007 [YR2007],5.7
Hungary,2007 [YR2007],13.2
Iceland,2007 [YR2007],6.2
India,2007 [YR2007],7.642
Indonesia,2007 [YR2007],7.314
"Iran, Islamic Rep.",2007 [YR2007],4.838
Iraq,2007 [YR2007],7.214
Ireland,2007 [YR2007],6.4
Isle of Man,2007 [YR2007],10.5
Israel,2007 [YR2007],5.6
Italy,2007 [YR2007],9.8
Jamaica,2007 [YR2007],6.501
Japan,2007 [YR2007],8.8
Jordan,2007 [YR2007],3.625
Kazakhstan,2007 [YR2007],10.22
Kenya,2007 [YR2007],8.457
Kiribati,2007 [YR2007],7.064
"Korea, Dem. People's Rep.",2007 [YR2007],9.148
"Korea, Rep.",2007 [YR2007],5.0
Kosovo,2007 [YR2007],4.864
Kuwait,2007 [YR2007],2.014
Kyrgyz Republic,2007 [YR2007],7.2
Lao PDR,2007 [YR2007],8.785
Latvia,2007 [YR2007],15.0
Lebanon,2007 [YR2007],4.093
Lesotho,2007 [YR2007],20.662
Liberia,2007 [YR2007],10.765
Libya,2007 [YR2007],4.504
Liechtenstein,2007 [YR2007],6.4
Lithuania,2007 [YR2007],14.1
Luxembourg,2007 [YR2007],8.1
"Macao SAR, China",2007 [YR2007],3.62
Madagascar,2007 [YR2007],8.257
Malawi,2007 [YR2007],13.496
Malaysia,2007 [YR2007],4.705
Maldives,2007 [YR2007],3.622
Mali,2007 [YR2007],12.929
Malta,2007 [YR2007],7.6
Marshall Islands,2007 [YR2007],6.744
Mauritania,2007 [YR2007],8.275
Mauritius,2007 [YR2007],6.9
Mexico,2007 [YR2007],5.302
"Micronesia, Fed. Sts.",2007 [YR2007],4.676
Moldova,2007 [YR2007],12.21
Mongolia,2007 [YR2007],6.843
Montenegro,2007 [YR2007],9.7
Morocco,2007 [YR2007],6.068
Mozambique,2007 [YR2007],12.93
Myanmar,2007 [YR2007],9.409
Namibia,2007 [YR2007],12.046
Nauru,2007 [YR2007],8.581
Nepal,2007 [YR2007],6.893
Netherlands,2007 [YR2007],8.1
New Caledonia,2007 [YR2007],5.0
New Zealand,2007 [YR2007],6.75
Nicaragua,2007 [YR2007],5.105
Niger,2007 [YR2007],12.477
Nigeria,2007 [YR2007],15.322
North Macedonia,2007 [YR2007],9.6
Norway,2007 [YR2007],8.9
Oman,2007 [YR2007],2.976
Pakistan,2007 [YR2007],7.798
Palau,2007 [YR2007],7.5
Panama,2007 [YR2007],4.586
Papua New Guinea,2007 [YR2007],7.501
Paraguay,2007 [YR2007],5.545
Peru,2007 [YR2007],6.416
Philippines,2007 [YR2007],5.529
Poland,2007 [YR2007],9.9
Portugal,2007 [YR2007],9.8
Puerto Rico,2007 [YR2007],7.44
Qatar,2007 [YR2007],1.673
Romania,2007 [YR2007],12.1
Russian Federation,2007 [YR2007],14.6
Rwanda,2007 [YR2007],9.186
Samoa,2007 [YR2007],5.221
San Marino,2007 [YR2007],7.2
Sao Tome and Principe,2007 [YR2007],7.477
Saudi Arabia,2007 [YR2007],2.719
Senegal,2007 [YR2007],8.178
Serbia,2007 [YR2007],13.92
Seychelles,2007 [YR2007],7.4
Sierra Leone,2007 [YR2007],15.345
Singapore,2007 [YR2007],4.5
Sint Maarten (Dutch part),2007 [YR2007],3.2
Slovak Republic,2007 [YR2007],10.0
Slovenia,2007 [YR2007],9.2
Solomon Islands,2007 [YR2007],5.863
Somalia,2007 [YR2007],15.542
South Africa,2007 [YR2007],12.973
South Sudan,2007 [YR2007],12.916
Spain,2007 [YR2007],8.5
Sri Lanka,2007 [YR2007],7.631
St. Kitts and Nevis,2007 [YR2007],8.73
St. Lucia,2007 [YR2007],7.019
St. Martin (French part),2007 [YR2007],3.569
St. Vincent and the Grenadines,2007 [YR2007],6.319
Sudan,2007 [YR2007],8.319
Suriname,2007 [YR2007],7.69
Sweden,2007 [YR2007],10.0
Switzerland,2007 [YR2007],8.1
Syrian Arab Republic,2007 [YR2007],3.67
Tajikistan,2007 [YR2007],5.936
Tanzania,2007 [YR2007],10.154
Thailand,2007 [YR2007],6.122
Timor-Leste,2007 [YR2007],8.274
Togo,2007 [YR2007],10.775
Tonga,2007 [YR2007],6.588
Trinidad and Tobago,2007 [YR2007],6.717
Tunisia,2007 [YR2007],5.076
Turkiye,2007 [YR2007],5.288
Turkmenistan,2007 [YR2007],6.691
Turks and Caicos Islands,2007 [YR2007],4.67
Tuvalu,2007 [YR2007],9.915
Uganda,2007 [YR2007],10.157
Ukraine,2007 [YR2007],16.4
United Arab Emirates,2007 [YR2007],1.229
United Kingdom,2007 [YR2007],9.4
United States,2007 [YR2007],8.0
Uruguay,2007 [YR2007],9.249
Uzbekistan,2007 [YR2007],5.1
Vanuatu,2007 [YR2007],5.832
"Venezuela, RB",2007 [YR2007],5.242
Virgin Islands (U.S.),2007 [YR2007],6.7
West Bank and Gaza,2007 [YR2007],3.675
"Yemen, Rep.",2007 [YR2007],5.954
Zambia,2007 [YR2007],11.351
Zimbabwe,2007 [YR2007],16.27
Africa Eastern and Southern,2007 [YR2007],11.2890409334747
Africa Western and Central,2007 [YR2007],13.3760584952795
Arab World,2007 [YR2007],5.93656729076028
Caribbean small states,2007 [YR2007],7.09587316801321
Central Europe and the Baltics,2007 [YR2007],11.3894110866263
Early-demographic dividend,2007 [YR2007],7.27011397456623
East Asia & Pacific,2007 [YR2007],6.95357316198513
East Asia & Pacific (excluding high income),2007 [YR2007],6.90586191093764
East Asia & Pacific (IDA & IBRD countries),2007 [YR2007],6.87686198028309
Euro area,2007 [YR2007],9.35083625835876
Europe & Central Asia,2007 [YR2007],10.3331987756775
Europe & Central Asia (excluding high income),2007 [YR2007],9.11081073640555
Europe & Central Asia (IDA & IBRD countries),2007 [YR2007],11.2362997323729
European Union,2007 [YR2007],9.75906195964201
Fragile and conflict affected situations,2007 [YR2007],11.5764672572907
Heavily indebted poor countries (HIPC),2007 [YR2007],10.9164734817156
High income,2007 [YR2007],9.04131283041179
IBRD only,2007 [YR2007],7.42087768012197
IDA & IBRD total,2007 [YR2007],8.01582043325215
IDA blend,2007 [YR2007],10.6883577254808
IDA only,2007 [YR2007],9.53861681041254
IDA total,2007 [YR2007],9.92383496811219
Late-demographic dividend,2007 [YR2007],7.39419363485469
Latin America & Caribbean,2007 [YR2007],5.9999149058351
Latin America & Caribbean (excluding high income),2007 [YR2007],6.02138145115031
Latin America & the Caribbean (IDA & IBRD countries),2007 [YR2007],5.94904224795761
Least developed countries: UN classification,2007 [YR2007],9.92307863673205
Low & middle income,2007 [YR2007],7.82574120444629
Low income,2007 [YR2007],10.6819693049922
Lower middle income,2007 [YR2007],8.12935755388826
Middle East & North Africa,2007 [YR2007],5.18620506601282
Middle East & North Africa (excluding high income),2007 [YR2007],5.47241431832549
Middle East & North Africa (IDA & IBRD countries),2007 [YR2007],5.49162593831821
Middle income,2007 [YR2007],7.54952185076891
North America,2007 [YR2007],7.9210788380285
OECD members,2007 [YR2007],7.93793092530268
Other small states,2007 [YR2007],8.56512522426306
Pacific island small states,2007 [YR2007],6.38366185968092
Post-demographic dividend,2007 [YR2007],8.94322137435809
Pre-demographic dividend,2007 [YR2007],11.9885135443748
Small states,2007 [YR2007],8.03207213143197
South Asia,2007 [YR2007],7.59549043339706
South Asia (IDA & IBRD),2007 [YR2007],7.59549043339706
Sub-Saharan Africa,2007 [YR2007],12.1379331976665
Sub-Saharan Africa (excluding high income),2007 [YR2007],12.1384224393566
Sub-Saharan Africa (IDA & IBRD countries),2007 [YR2007],12.1379331976665
Upper middle income,2007 [YR2007],6.99217774189293
World,2007 [YR2007],8.0495979467883
Viet Nam,2008 [YR2008],6.066
Afghanistan,2008 [YR2008],8.832
Albania,2008 [YR2008],6.57
Algeria,2008 [YR2008],4.91
Andorra,2008 [YR2008],2.8
Angola,2008 [YR2008],12.478
Antigua and Barbuda,2008 [YR2008],5.813
Argentina,2008 [YR2008],7.467
Armenia,2008 [YR2008],9.387
Aruba,2008 [YR2008],7.179
Australia,2008 [YR2008],6.7
Austria,2008 [YR2008],9.0
Azerbaijan,2008 [YR2008],6.0
"Bahamas, The",2008 [YR2008],6.128
Bahrain,2008 [YR2008],2.002
Bangladesh,2008 [YR2008],6.701
Barbados,2008 [YR2008],9.026
Belarus,2008 [YR2008],13.8
Belgium,2008 [YR2008],9.8
Belize,2008 [YR2008],4.935
Benin,2008 [YR2008],10.798
Bermuda,2008 [YR2008],6.8
Bhutan,2008 [YR2008],7.009
Bolivia,2008 [YR2008],7.995
Bosnia and Herzegovina,2008 [YR2008],9.103
Botswana,2008 [YR2008],10.253
Brazil,2008 [YR2008],6.106
British Virgin Islands,2008 [YR2008],5.175
Brunei Darussalam,2008 [YR2008],3.615
Bulgaria,2008 [YR2008],14.8
Burkina Faso,2008 [YR2008],12.022
Burundi,2008 [YR2008],11.316
Cabo Verde,2008 [YR2008],6.15
Cambodia,2008 [YR2008],6.418
Cameroon,2008 [YR2008],11.583
Canada,2008 [YR2008],7.2
Cayman Islands,2008 [YR2008],3.0
Central African Republic,2008 [YR2008],15.313
Chad,2008 [YR2008],16.007
Channel Islands,2008 [YR2008],7.87829745913578
Chile,2008 [YR2008],5.557
China,2008 [YR2008],7.06
Colombia,2008 [YR2008],4.947
Comoros,2008 [YR2008],9.677
"Congo, Dem. Rep.",2008 [YR2008],12.275
"Congo, Rep.",2008 [YR2008],8.689
Costa Rica,2008 [YR2008],4.421
Cote d'Ivoire,2008 [YR2008],11.952
Croatia,2008 [YR2008],11.8
Cuba,2008 [YR2008],8.096
Curacao,2008 [YR2008],8.6
Cyprus,2008 [YR2008],6.599
Czechia,2008 [YR2008],10.1
Denmark,2008 [YR2008],9.9
Djibouti,2008 [YR2008],9.487
Dominica,2008 [YR2008],9.845
Dominican Republic,2008 [YR2008],5.831
Ecuador,2008 [YR2008],4.847
"Egypt, Arab Rep.",2008 [YR2008],6.08
El Salvador,2008 [YR2008],6.74
Equatorial Guinea,2008 [YR2008],11.508
Eritrea,2008 [YR2008],7.989
Estonia,2008 [YR2008],12.5
Eswatini,2008 [YR2008],17.525
Ethiopia,2008 [YR2008],10.143
Faroe Islands,2008 [YR2008],7.9
Fiji,2008 [YR2008],7.141
Finland,2008 [YR2008],9.2
France,2008 [YR2008],8.5
French Polynesia,2008 [YR2008],2.839
Gabon,2008 [YR2008],8.686
"Gambia, The",2008 [YR2008],9.432
Georgia,2008 [YR2008],12.318
Germany,2008 [YR2008],10.3
Ghana,2008 [YR2008],8.905
Gibraltar,2008 [YR2008],8.15
Greece,2008 [YR2008],9.7
Greenland,2008 [YR2008],7.6
Grenada,2008 [YR2008],6.963
Guam,2008 [YR2008],4.648
Guatemala,2008 [YR2008],5.377
Guinea,2008 [YR2008],12.12
Guinea-Bissau,2008 [YR2008],12.15
Guyana,2008 [YR2008],7.288
Haiti,2008 [YR2008],8.853
Honduras,2008 [YR2008],4.5
"Hong Kong SAR, China",2008 [YR2008],6.0
Hungary,2008 [YR2008],13.0
Iceland,2008 [YR2008],6.3
India,2008 [YR2008],7.558
Indonesia,2008 [YR2008],7.41
"Iran, Islamic Rep.",2008 [YR2008],5.041
Iraq,2008 [YR2008],6.65
Ireland,2008 [YR2008],6.3
Isle of Man,2008 [YR2008],10.32
Israel,2008 [YR2008],5.4
Italy,2008 [YR2008],9.9
Jamaica,2008 [YR2008],6.429
Japan,2008 [YR2008],9.1
Jordan,2008 [YR2008],3.621
Kazakhstan,2008 [YR2008],9.74
Kenya,2008 [YR2008],8.087
Kiribati,2008 [YR2008],7.102
"Korea, Dem. People's Rep.",2008 [YR2008],9.338
"Korea, Rep.",2008 [YR2008],5.0
Kosovo,2008 [YR2008],4.596
Kuwait,2008 [YR2008],1.997
Kyrgyz Republic,2008 [YR2008],7.1
Lao PDR,2008 [YR2008],8.539
Latvia,2008 [YR2008],14.2
Lebanon,2008 [YR2008],4.026
Lesotho,2008 [YR2008],20.417
Liberia,2008 [YR2008],10.421
Libya,2008 [YR2008],4.42
Liechtenstein,2008 [YR2008],5.8
Lithuania,2008 [YR2008],13.7
Luxembourg,2008 [YR2008],7.4
"Macao SAR, China",2008 [YR2008],3.577
Madagascar,2008 [YR2008],8.066
Malawi,2008 [YR2008],12.96
Malaysia,2008 [YR2008],4.817
Maldives,2008 [YR2008],3.387
Mali,2008 [YR2008],12.609
Malta,2008 [YR2008],7.9
Marshall Islands,2008 [YR2008],6.831
Mauritania,2008 [YR2008],8.204
Mauritius,2008 [YR2008],7.2
Mexico,2008 [YR2008],5.426
"Micronesia, Fed. Sts.",2008 [YR2008],4.657
Moldova,2008 [YR2008],12.033
Mongolia,2008 [YR2008],6.817
Montenegro,2008 [YR2008],9.3
Morocco,2008 [YR2008],6.018
Mozambique,2008 [YR2008],12.536
Myanmar,2008 [YR2008],12.149
Namibia,2008 [YR2008],11.61
Nauru,2008 [YR2008],8.515
Nepal,2008 [YR2008],6.943
Netherlands,2008 [YR2008],8.2
New Caledonia,2008 [YR2008],4.8
New Zealand,2008 [YR2008],6.85
Nicaragua,2008 [YR2008],4.808
Niger,2008 [YR2008],11.812
Nigeria,2008 [YR2008],15.161
North Macedonia,2008 [YR2008],9.3
Norway,2008 [YR2008],8.7
Oman,2008 [YR2008],2.973
Pakistan,2008 [YR2008],7.733
Palau,2008 [YR2008],8.4
Panama,2008 [YR2008],4.651
Papua New Guinea,2008 [YR2008],7.287
Paraguay,2008 [YR2008],5.529
Peru,2008 [YR2008],6.605
Philippines,2008 [YR2008],5.559
Poland,2008 [YR2008],10.0
Portugal,2008 [YR2008],9.9
Puerto Rico,2008 [YR2008],7.61
Qatar,2008 [YR2008],1.517
Romania,2008 [YR2008],12.3
Russian Federation,2008 [YR2008],14.5
Rwanda,2008 [YR2008],8.64
Samoa,2008 [YR2008],5.238
San Marino,2008 [YR2008],6.0
Sao Tome and Principe,2008 [YR2008],7.26
Saudi Arabia,2008 [YR2008],2.643
Senegal,2008 [YR2008],7.831
Serbia,2008 [YR2008],13.97
Seychelles,2008 [YR2008],7.6
Sierra Leone,2008 [YR2008],14.546
Singapore,2008 [YR2008],4.4
Sint Maarten (Dutch part),2008 [YR2008],3.8
Slovak Republic,2008 [YR2008],9.9
Slovenia,2008 [YR2008],9.1
Solomon Islands,2008 [YR2008],5.714
Somalia,2008 [YR2008],15.096
South Africa,2008 [YR2008],12.543
South Sudan,2008 [YR2008],12.465
Spain,2008 [YR2008],8.4
Sri Lanka,2008 [YR2008],7.77
St. Kitts and Nevis,2008 [YR2008],8.832
St. Lucia,2008 [YR2008],7.118
St. Martin (French part),2008 [YR2008],3.602
St. Vincent and the Grenadines,2008 [YR2008],6.337
Sudan,2008 [YR2008],8.381
Suriname,2008 [YR2008],7.452
Sweden,2008 [YR2008],9.9
Switzerland,2008 [YR2008],8.0
Syrian Arab Republic,2008 [YR2008],3.721
Tajikistan,2008 [YR2008],5.816
Tanzania,2008 [YR2008],9.825
Thailand,2008 [YR2008],6.189
Timor-Leste,2008 [YR2008],8.096
Togo,2008 [YR2008],10.663
Tonga,2008 [YR2008],6.581
Trinidad and Tobago,2008 [YR2008],6.983
Tunisia,2008 [YR2008],5.169
Turkiye,2008 [YR2008],5.292
Turkmenistan,2008 [YR2008],6.562
Turks and Caicos Islands,2008 [YR2008],4.687
Tuvalu,2008 [YR2008],9.935
Uganda,2008 [YR2008],9.687
Ukraine,2008 [YR2008],16.3
United Arab Emirates,2008 [YR2008],1.011
United Kingdom,2008 [YR2008],9.4
United States,2008 [YR2008],8.1
Uruguay,2008 [YR2008],9.29
Uzbekistan,2008 [YR2008],5.1
Vanuatu,2008 [YR2008],5.876
"Venezuela, RB",2008 [YR2008],5.6
Virgin Islands (U.S.),2008 [YR2008],6.7
West Bank and Gaza,2008 [YR2008],3.566
"Yemen, Rep.",2008 [YR2008],5.77
Zambia,2008 [YR2008],10.67
Zimbabwe,2008 [YR2008],15.604
Africa Eastern and Southern,2008 [YR2008],10.8661061699106
Africa Western and Central,2008 [YR2008],13.1124753438886
Arab World,2008 [YR2008],5.82490073039728
Caribbean small states,2008 [YR2008],7.07008046892836
Central Europe and the Baltics,2008 [YR2008],11.3721251360797
Early-demographic dividend,2008 [YR2008],7.24853871884601
East Asia & Pacific,2008 [YR2008],7.12885113291515
East Asia & Pacific (excluding high income),2008 [YR2008],7.08201272853884
East Asia & Pacific (IDA & IBRD countries),2008 [YR2008],7.05292847620432
Euro area,2008 [YR2008],9.43068954177204
Europe & Central Asia,2008 [YR2008],10.3134610035851
Europe & Central Asia (excluding high income),2008 [YR2008],9.00650733957319
Europe & Central Asia (IDA & IBRD countries),2008 [YR2008],11.1558136564453
European Union,2008 [YR2008],9.81840302515558
Fragile and conflict affected situations,2008 [YR2008],11.4869308150102
Heavily indebted poor countries (HIPC),2008 [YR2008],10.5431695356295
High income,2008 [YR2008],9.0819377252906
IBRD only,2008 [YR2008],7.42751289343943
IDA & IBRD total,2008 [YR2008],7.9981254865216
IDA blend,2008 [YR2008],10.5391695010826
IDA only,2008 [YR2008],9.4311201920085
IDA total,2008 [YR2008],9.80330694540806
Late-demographic dividend,2008 [YR2008],7.46278646171801
Latin America & Caribbean,2008 [YR2008],6.01071379743331
Latin America & Caribbean (excluding high income),2008 [YR2008],6.01781342280754
Latin America & the Caribbean (IDA & IBRD countries),2008 [YR2008],5.95739876960078
Least developed countries: UN classification,2008 [YR2008],9.80095934659358
Low & middle income,2008 [YR2008],7.81164967733124
Low income,2008 [YR2008],10.3267084915951
Lower middle income,2008 [YR2008],8.09183401466531
Middle East & North Africa,2008 [YR2008],5.12947672732075
Middle East & North Africa (excluding high income),2008 [YR2008],5.43635575045802
Middle East & North Africa (IDA & IBRD countries),2008 [YR2008],5.45652419183479
Middle income,2008 [YR2008],7.56450714185829
North America,2008 [YR2008],8.01107156985582
OECD members,2008 [YR2008],8.01098955640107
Other small states,2008 [YR2008],8.41745595202996
Pacific island small states,2008 [YR2008],6.40060096111149
Post-demographic dividend,2008 [YR2008],9.01883319851461
Pre-demographic dividend,2008 [YR2008],11.662158813948
Small states,2008 [YR2008],7.92906720736235
South Asia,2008 [YR2008],7.51163667350233
South Asia (IDA & IBRD),2008 [YR2008],7.51163667350233
Sub-Saharan Africa,2008 [YR2008],11.7803698328394
Sub-Saharan Africa (excluding high income),2008 [YR2008],11.7807992223468
Sub-Saharan Africa (IDA & IBRD countries),2008 [YR2008],11.7803698328394
Upper middle income,2008 [YR2008],7.05285790000049
World,2008 [YR2008],8.04615292487093
Viet Nam,2009 [YR2009],6.117
Afghanistan,2009 [YR2009],8.535
Albania,2009 [YR2009],6.81
Algeria,2009 [YR2009],4.735
Andorra,2009 [YR2009],3.2
Angola,2009 [YR2009],11.788
Antigua and Barbuda,2009 [YR2009],5.727
Argentina,2009 [YR2009],7.41
Armenia,2009 [YR2009],9.356
Aruba,2009 [YR2009],7.094
Australia,2009 [YR2009],6.5
Austria,2009 [YR2009],9.3
Azerbaijan,2009 [YR2009],5.9
"Bahamas, The",2009 [YR2009],6.257
Bahrain,2009 [YR2009],1.925
Bangladesh,2009 [YR2009],6.612
Barbados,2009 [YR2009],8.937
Belarus,2009 [YR2009],14.1
Belgium,2009 [YR2009],9.6
Belize,2009 [YR2009],4.752
Benin,2009 [YR2009],10.7
Bermuda,2009 [YR2009],7.2
Bhutan,2009 [YR2009],6.922
Bolivia,2009 [YR2009],7.788
Bosnia and Herzegovina,2009 [YR2009],9.29
Botswana,2009 [YR2009],9.719
Brazil,2009 [YR2009],6.155
British Virgin Islands,2009 [YR2009],5.269
Brunei Darussalam,2009 [YR2009],3.684
Bulgaria,2009 [YR2009],14.5
Burkina Faso,2009 [YR2009],11.609
Burundi,2009 [YR2009],10.92
Cabo Verde,2009 [YR2009],6.205
Cambodia,2009 [YR2009],6.127
Cameroon,2009 [YR2009],11.3
Canada,2009 [YR2009],7.1
Cayman Islands,2009 [YR2009],3.1
Central African Republic,2009 [YR2009],14.907
Chad,2009 [YR2009],15.765
Channel Islands,2009 [YR2009],8.21982905324266
Chile,2009 [YR2009],5.612
China,2009 [YR2009],7.08
Colombia,2009 [YR2009],4.912
Comoros,2009 [YR2009],9.553
"Congo, Dem. Rep.",2009 [YR2009],11.98
"Congo, Rep.",2009 [YR2009],8.377
Costa Rica,2009 [YR2009],4.433
Cote d'Ivoire,2009 [YR2009],11.529
Croatia,2009 [YR2009],11.8
Cuba,2009 [YR2009],8.191
Curacao,2009 [YR2009],7.9
Cyprus,2009 [YR2009],6.443
Czechia,2009 [YR2009],10.3
Denmark,2009 [YR2009],9.9
Djibouti,2009 [YR2009],9.361
Dominica,2009 [YR2009],10.906
Dominican Republic,2009 [YR2009],5.831
Ecuador,2009 [YR2009],4.856
"Egypt, Arab Rep.",2009 [YR2009],6.05
El Salvador,2009 [YR2009],6.75
Equatorial Guinea,2009 [YR2009],11.391
Eritrea,2009 [YR2009],7.685
Estonia,2009 [YR2009],12.1
Eswatini,2009 [YR2009],17.283
Ethiopia,2009 [YR2009],9.485
Faroe Islands,2009 [YR2009],7.9
Fiji,2009 [YR2009],7.141
Finland,2009 [YR2009],9.3
France,2009 [YR2009],8.5
French Polynesia,2009 [YR2009],2.842
Gabon,2009 [YR2009],8.559
"Gambia, The",2009 [YR2009],9.171
Georgia,2009 [YR2009],12.194
Germany,2009 [YR2009],10.4
Ghana,2009 [YR2009],8.706
Gibraltar,2009 [YR2009],7.51
Greece,2009 [YR2009],9.8
Greenland,2009 [YR2009],7.8
Grenada,2009 [YR2009],6.883
Guam,2009 [YR2009],4.784
Guatemala,2009 [YR2009],5.329
Guinea,2009 [YR2009],11.918
Guinea-Bissau,2009 [YR2009],11.52
Guyana,2009 [YR2009],7.321
Haiti,2009 [YR2009],8.695
Honduras,2009 [YR2009],4.371
"Hong Kong SAR, China",2009 [YR2009],5.9
Hungary,2009 [YR2009],13.0
Iceland,2009 [YR2009],6.3
India,2009 [YR2009],7.479
Indonesia,2009 [YR2009],7.386
"Iran, Islamic Rep.",2009 [YR2009],5.127
Iraq,2009 [YR2009],6.07
Ireland,2009 [YR2009],6.3
Isle of Man,2009 [YR2009],10.167
Israel,2009 [YR2009],5.2
Italy,2009 [YR2009],10.0
Jamaica,2009 [YR2009],6.219
Japan,2009 [YR2009],9.1
Jordan,2009 [YR2009],3.611
Kazakhstan,2009 [YR2009],8.88
Kenya,2009 [YR2009],7.718
Kiribati,2009 [YR2009],7.102
"Korea, Dem. People's Rep.",2009 [YR2009],8.95
"Korea, Rep.",2009 [YR2009],5.0
Kosovo,2009 [YR2009],4.568
Kuwait,2009 [YR2009],1.942
Kyrgyz Republic,2009 [YR2009],6.7
Lao PDR,2009 [YR2009],8.266
Latvia,2009 [YR2009],14.0
Lebanon,2009 [YR2009],4.039
Lesotho,2009 [YR2009],19.933
Liberia,2009 [YR2009],10.115
Libya,2009 [YR2009],4.449
Liechtenstein,2009 [YR2009],6.4
Lithuania,2009 [YR2009],13.3
Luxembourg,2009 [YR2009],7.3
"Macao SAR, China",2009 [YR2009],3.526
Madagascar,2009 [YR2009],7.801
Malawi,2009 [YR2009],12.183
Malaysia,2009 [YR2009],4.96
Maldives,2009 [YR2009],3.258
Mali,2009 [YR2009],12.189
Malta,2009 [YR2009],7.8
Marshall Islands,2009 [YR2009],6.86
Mauritania,2009 [YR2009],8.241
Mauritius,2009 [YR2009],7.4
Mexico,2009 [YR2009],5.533
"Micronesia, Fed. Sts.",2009 [YR2009],4.66
Moldova,2009 [YR2009],12.093
Mongolia,2009 [YR2009],6.808
Montenegro,2009 [YR2009],9.5
Morocco,2009 [YR2009],5.987
Mozambique,2009 [YR2009],12.149
Myanmar,2009 [YR2009],9.193
Namibia,2009 [YR2009],11.249
Nauru,2009 [YR2009],8.436
Nepal,2009 [YR2009],6.897
Netherlands,2009 [YR2009],8.1
New Caledonia,2009 [YR2009],5.1
New Zealand,2009 [YR2009],6.73
Nicaragua,2009 [YR2009],4.598
Niger,2009 [YR2009],11.206
Nigeria,2009 [YR2009],14.82
North Macedonia,2009 [YR2009],9.3
Norway,2009 [YR2009],8.6
Oman,2009 [YR2009],2.991
Pakistan,2009 [YR2009],7.703
Palau,2009 [YR2009],8.5
Panama,2009 [YR2009],4.701
Papua New Guinea,2009 [YR2009],7.215
Paraguay,2009 [YR2009],5.525
Peru,2009 [YR2009],6.801
Philippines,2009 [YR2009],5.602
Poland,2009 [YR2009],10.1
Portugal,2009 [YR2009],9.9
Puerto Rico,2009 [YR2009],7.78
Qatar,2009 [YR2009],1.38
Romania,2009 [YR2009],12.6
Russian Federation,2009 [YR2009],14.1
Rwanda,2009 [YR2009],8.284
Samoa,2009 [YR2009],6.066
San Marino,2009 [YR2009],6.3
Sao Tome and Principe,2009 [YR2009],7.169
Saudi Arabia,2009 [YR2009],2.59
Senegal,2009 [YR2009],7.514
Serbia,2009 [YR2009],14.2
Seychelles,2009 [YR2009],7.8
Sierra Leone,2009 [YR2009],13.805
Singapore,2009 [YR2009],4.3
Sint Maarten (Dutch part),2009 [YR2009],3.1
Slovak Republic,2009 [YR2009],9.8
Slovenia,2009 [YR2009],9.2
Solomon Islands,2009 [YR2009],5.713
Somalia,2009 [YR2009],14.591
South Africa,2009 [YR2009],11.947
South Sudan,2009 [YR2009],12.221
Spain,2009 [YR2009],8.3
Sri Lanka,2009 [YR2009],8.987
St. Kitts and Nevis,2009 [YR2009],8.936
St. Lucia,2009 [YR2009],7.237
St. Martin (French part),2009 [YR2009],3.652
St. Vincent and the Grenadines,2009 [YR2009],6.526
Sudan,2009 [YR2009],7.787
Suriname,2009 [YR2009],7.197
Sweden,2009 [YR2009],9.7
Switzerland,2009 [YR2009],8.1
Syrian Arab Republic,2009 [YR2009],3.678
Tajikistan,2009 [YR2009],5.75
Tanzania,2009 [YR2009],9.41
Thailand,2009 [YR2009],6.236
Timor-Leste,2009 [YR2009],7.987
Togo,2009 [YR2009],10.488
Tonga,2009 [YR2009],6.684
Trinidad and Tobago,2009 [YR2009],6.316
Tunisia,2009 [YR2009],5.271
Turkiye,2009 [YR2009],5.269
Turkmenistan,2009 [YR2009],6.418
Turks and Caicos Islands,2009 [YR2009],4.849
Tuvalu,2009 [YR2009],9.973
Uganda,2009 [YR2009],9.229
Ukraine,2009 [YR2009],15.3
United Arab Emirates,2009 [YR2009],0.867
United Kingdom,2009 [YR2009],9.0
United States,2009 [YR2009],7.9
Uruguay,2009 [YR2009],9.332
Uzbekistan,2009 [YR2009],4.8
Vanuatu,2009 [YR2009],5.93
"Venezuela, RB",2009 [YR2009],5.62
Virgin Islands (U.S.),2009 [YR2009],6.6
West Bank and Gaza,2009 [YR2009],3.554
"Yemen, Rep.",2009 [YR2009],5.651
Zambia,2009 [YR2009],9.961
Zimbabwe,2009 [YR2009],14.804
Africa Eastern and Southern,2009 [YR2009],10.3649077449207
Africa Western and Central,2009 [YR2009],12.7767261182926
Arab World,2009 [YR2009],5.65247186995682
Caribbean small states,2009 [YR2009],7.04747565049688
Central Europe and the Baltics,2009 [YR2009],11.434333580072
Early-demographic dividend,2009 [YR2009],7.11350953147266
East Asia & Pacific,2009 [YR2009],7.06744381012996
East Asia & Pacific (excluding high income),2009 [YR2009],7.01747649895554
East Asia & Pacific (IDA & IBRD countries),2009 [YR2009],6.99264100360584
Euro area,2009 [YR2009],9.44703566292901
Europe & Central Asia,2009 [YR2009],10.143649377096
Europe & Central Asia (excluding high income),2009 [YR2009],8.66438176101299
Europe & Central Asia (IDA & IBRD countries),2009 [YR2009],10.8578733890746
European Union,2009 [YR2009],9.84646207422835
Fragile and conflict affected situations,2009 [YR2009],10.9090362938403
Heavily indebted poor countries (HIPC),2009 [YR2009],10.1313009557623
High income,2009 [YR2009],8.95792996686517
IBRD only,2009 [YR2009],7.37324654748419
IDA & IBRD total,2009 [YR2009],7.87895750914544
IDA blend,2009 [YR2009],10.3264476787728
IDA only,2009 [YR2009],9.01681429934668
IDA total,2009 [YR2009],9.45777602133909
Late-demographic dividend,2009 [YR2009],7.45351520675896
Latin America & Caribbean,2009 [YR2009],6.0411183882738
Latin America & Caribbean (excluding high income),2009 [YR2009],6.04936678933845
Latin America & the Caribbean (IDA & IBRD countries),2009 [YR2009],5.98645495162645
Least developed countries: UN classification,2009 [YR2009],9.31190529803052
Low & middle income,2009 [YR2009],7.69771462254178
Low income,2009 [YR2009],9.91257657420477
Lower middle income,2009 [YR2009],7.93677009245557
Middle East & North Africa,2009 [YR2009],5.05191784463443
Middle East & North Africa (excluding high income),2009 [YR2009],5.37030043879115
Middle East & North Africa (IDA & IBRD countries),2009 [YR2009],5.39003647270194
Middle income,2009 [YR2009],7.47659848053127
North America,2009 [YR2009],7.82084784692054
OECD members,2009 [YR2009],7.94509956155205
Other small states,2009 [YR2009],8.28206895892844
Pacific island small states,2009 [YR2009],6.48012531293426
Post-demographic dividend,2009 [YR2009],8.88895592453515
Pre-demographic dividend,2009 [YR2009],11.2612891291558
Small states,2009 [YR2009],7.843139065146
South Asia,2009 [YR2009],7.45190357062632
South Asia (IDA & IBRD),2009 [YR2009],7.45190357062632
Sub-Saharan Africa,2009 [YR2009],11.3468295608508
Sub-Saharan Africa (excluding high income),2009 [YR2009],11.3471853523718
Sub-Saharan Africa (IDA & IBRD countries),2009 [YR2009],11.3468295608507
Upper middle income,2009 [YR2009],7.0260442630586
World,2009 [YR2009],7.92927051758757
Viet Nam,2010 [YR2010],6.193
Afghanistan,2010 [YR2010],8.254
Albania,2010 [YR2010],7.029
Algeria,2010 [YR2010],4.754
Andorra,2010 [YR2010],2.8
Angola,2010 [YR2010],11.177
Antigua and Barbuda,2010 [YR2010],5.7
Argentina,2010 [YR2010],7.661
Armenia,2010 [YR2010],9.384
Aruba,2010 [YR2010],6.745
Australia,2010 [YR2010],6.5
Austria,2010 [YR2010],9.2
Azerbaijan,2010 [YR2010],5.9
"Bahamas, The",2010 [YR2010],6.269
Bahrain,2010 [YR2010],1.883
Bangladesh,2010 [YR2010],6.106
Barbados,2010 [YR2010],9.037
Belarus,2010 [YR2010],14.5
Belgium,2010 [YR2010],9.7
Belize,2010 [YR2010],4.66
Benin,2010 [YR2010],10.461
Bermuda,2010 [YR2010],7.4
Bhutan,2010 [YR2010],6.808
Bolivia,2010 [YR2010],7.66
Bosnia and Herzegovina,2010 [YR2010],9.499
Botswana,2010 [YR2010],8.93
Brazil,2010 [YR2010],6.199
British Virgin Islands,2010 [YR2010],5.377
Brunei Darussalam,2010 [YR2010],3.751
Bulgaria,2010 [YR2010],14.9
Burkina Faso,2010 [YR2010],11.253
Burundi,2010 [YR2010],10.538
Cabo Verde,2010 [YR2010],6.409
Cambodia,2010 [YR2010],6.121
Cameroon,2010 [YR2010],10.992
Canada,2010 [YR2010],7.1
Cayman Islands,2010 [YR2010],3.0
Central African Republic,2010 [YR2010],14.534
Chad,2010 [YR2010],15.421
Channel Islands,2010 [YR2010],8.23918487507408
Chile,2010 [YR2010],5.962
China,2010 [YR2010],7.11
Colombia,2010 [YR2010],4.924
Comoros,2010 [YR2010],9.457
"Congo, Dem. Rep.",2010 [YR2010],11.653
"Congo, Rep.",2010 [YR2010],8.123
Costa Rica,2010 [YR2010],4.552
Cote d'Ivoire,2010 [YR2010],11.187
Croatia,2010 [YR2010],11.8
Cuba,2010 [YR2010],8.297
Curacao,2010 [YR2010],8.4
Cyprus,2010 [YR2010],6.412
Czechia,2010 [YR2010],10.2
Denmark,2010 [YR2010],9.8
Djibouti,2010 [YR2010],9.11
Dominica,2010 [YR2010],11.573
Dominican Republic,2010 [YR2010],5.821
Ecuador,2010 [YR2010],4.852
"Egypt, Arab Rep.",2010 [YR2010],6.018
El Salvador,2010 [YR2010],6.758
Equatorial Guinea,2010 [YR2010],11.214
Eritrea,2010 [YR2010],7.492
Estonia,2010 [YR2010],11.9
Eswatini,2010 [YR2010],15.911
Ethiopia,2010 [YR2010],9.001
Faroe Islands,2010 [YR2010],7.2
Fiji,2010 [YR2010],7.113
Finland,2010 [YR2010],9.5
France,2010 [YR2010],8.5
French Polynesia,2010 [YR2010],2.84
Gabon,2010 [YR2010],8.284
"Gambia, The",2010 [YR2010],8.941
Georgia,2010 [YR2010],12.347
Germany,2010 [YR2010],10.5
Ghana,2010 [YR2010],8.626
Gibraltar,2010 [YR2010],7.678
Greece,2010 [YR2010],9.8
Greenland,2010 [YR2010],9.0
Grenada,2010 [YR2010],7.058
Guam,2010 [YR2010],4.947
Guatemala,2010 [YR2010],5.296
Guinea,2010 [YR2010],11.669
Guinea-Bissau,2010 [YR2010],11.035
Guyana,2010 [YR2010],7.399
Haiti,2010 [YR2010],17.738
Honduras,2010 [YR2010],4.348
"Hong Kong SAR, China",2010 [YR2010],6.0
Hungary,2010 [YR2010],13.0
Iceland,2010 [YR2010],6.4
India,2010 [YR2010],7.385
Indonesia,2010 [YR2010],7.406
"Iran, Islamic Rep.",2010 [YR2010],5.108
Iraq,2010 [YR2010],5.85
Ireland,2010 [YR2010],6.1
Isle of Man,2010 [YR2010],9.97
Israel,2010 [YR2010],5.2
Italy,2010 [YR2010],9.9
Jamaica,2010 [YR2010],6.019
Japan,2010 [YR2010],9.5
Jordan,2010 [YR2010],3.604
Kazakhstan,2010 [YR2010],8.95
Kenya,2010 [YR2010],7.57
Kiribati,2010 [YR2010],7.071
"Korea, Dem. People's Rep.",2010 [YR2010],8.71
"Korea, Rep.",2010 [YR2010],5.1
Kosovo,2010 [YR2010],4.659
Kuwait,2010 [YR2010],1.834
Kyrgyz Republic,2010 [YR2010],6.6
Lao PDR,2010 [YR2010],8.008
Latvia,2010 [YR2010],14.3
Lebanon,2010 [YR2010],4.066
Lesotho,2010 [YR2010],18.644
Liberia,2010 [YR2010],9.907
Libya,2010 [YR2010],4.512
Liechtenstein,2010 [YR2010],6.6
Lithuania,2010 [YR2010],13.6
Luxembourg,2010 [YR2010],7.4
"Macao SAR, China",2010 [YR2010],3.678
Madagascar,2010 [YR2010],7.713
Malawi,2010 [YR2010],11.412
Malaysia,2010 [YR2010],5.009
Maldives,2010 [YR2010],3.112
Mali,2010 [YR2010],11.812
Malta,2010 [YR2010],7.3
Marshall Islands,2010 [YR2010],6.876
Mauritania,2010 [YR2010],8.327
Mauritius,2010 [YR2010],7.3
Mexico,2010 [YR2010],5.594
"Micronesia, Fed. Sts.",2010 [YR2010],4.587
Moldova,2010 [YR2010],12.582
Mongolia,2010 [YR2010],6.729
Montenegro,2010 [YR2010],9.1
Morocco,2010 [YR2010],5.966
Mozambique,2010 [YR2010],11.902
Myanmar,2010 [YR2010],9.214
Namibia,2010 [YR2010],11.062
Nauru,2010 [YR2010],8.214
Nepal,2010 [YR2010],6.987
Netherlands,2010 [YR2010],8.2
New Caledonia,2010 [YR2010],4.8
New Zealand,2010 [YR2010],6.53
Nicaragua,2010 [YR2010],4.491
Niger,2010 [YR2010],10.589
Nigeria,2010 [YR2010],14.628
North Macedonia,2010 [YR2010],9.3
Norway,2010 [YR2010],8.5
Oman,2010 [YR2010],2.585
Pakistan,2010 [YR2010],7.599
Palau,2010 [YR2010],8.1
Panama,2010 [YR2010],4.755
Papua New Guinea,2010 [YR2010],7.134
Paraguay,2010 [YR2010],5.517
Peru,2010 [YR2010],6.895
Philippines,2010 [YR2010],5.636
Poland,2010 [YR2010],9.9
Portugal,2010 [YR2010],10.0
Puerto Rico,2010 [YR2010],7.833
Qatar,2010 [YR2010],1.263
Romania,2010 [YR2010],12.8
Russian Federation,2010 [YR2010],14.2
Rwanda,2010 [YR2010],8.068
Samoa,2010 [YR2010],5.275
San Marino,2010 [YR2010],6.5
Sao Tome and Principe,2010 [YR2010],7.055
Saudi Arabia,2010 [YR2010],2.498
Senegal,2010 [YR2010],7.19
Serbia,2010 [YR2010],14.2
Seychelles,2010 [YR2010],7.4
Sierra Leone,2010 [YR2010],13.089
Singapore,2010 [YR2010],4.4
Sint Maarten (Dutch part),2010 [YR2010],4.1
Slovak Republic,2010 [YR2010],9.9
Slovenia,2010 [YR2010],9.1
Solomon Islands,2010 [YR2010],5.614
Somalia,2010 [YR2010],15.358
South Africa,2010 [YR2010],11.257
South Sudan,2010 [YR2010],11.68
Spain,2010 [YR2010],8.2
Sri Lanka,2010 [YR2010],7.369
St. Kitts and Nevis,2010 [YR2010],9.24
St. Lucia,2010 [YR2010],7.32
St. Martin (French part),2010 [YR2010],3.718
St. Vincent and the Grenadines,2010 [YR2010],6.916
Sudan,2010 [YR2010],7.648
Suriname,2010 [YR2010],7.109
Sweden,2010 [YR2010],9.6
Switzerland,2010 [YR2010],8.0
Syrian Arab Republic,2010 [YR2010],3.701
Tajikistan,2010 [YR2010],5.934
Tanzania,2010 [YR2010],8.88
Thailand,2010 [YR2010],6.307
Timor-Leste,2010 [YR2010],7.951
Togo,2010 [YR2010],10.326
Tonga,2010 [YR2010],6.605
Trinidad and Tobago,2010 [YR2010],6.708
Tunisia,2010 [YR2010],5.329
Turkiye,2010 [YR2010],5.251
Turkmenistan,2010 [YR2010],6.377
Turks and Caicos Islands,2010 [YR2010],5.592
Tuvalu,2010 [YR2010],9.988
Uganda,2010 [YR2010],8.832
Ukraine,2010 [YR2010],15.2
United Arab Emirates,2010 [YR2010],0.795
United Kingdom,2010 [YR2010],8.9
United States,2010 [YR2010],7.995
Uruguay,2010 [YR2010],9.369
Uzbekistan,2010 [YR2010],4.8
Vanuatu,2010 [YR2010],6.056
"Venezuela, RB",2010 [YR2010],5.568
Virgin Islands (U.S.),2010 [YR2010],6.6
West Bank and Gaza,2010 [YR2010],3.484
"Yemen, Rep.",2010 [YR2010],5.602
Zambia,2010 [YR2010],9.219
Zimbabwe,2010 [YR2010],13.281
Africa Eastern and Southern,2010 [YR2010],9.94306979962962
Africa Western and Central,2010 [YR2010],12.5196263195042
Arab World,2010 [YR2010],5.63362328649431
Caribbean small states,2010 [YR2010],7.0918895129991
Central Europe and the Baltics,2010 [YR2010],11.4294836462092
Early-demographic dividend,2010 [YR2010],7.04050629885202
East Asia & Pacific,2010 [YR2010],7.11597018133848
East Asia & Pacific (excluding high income),2010 [YR2010],7.04324311752301
East Asia & Pacific (IDA & IBRD countries),2010 [YR2010],7.02188647147548
Euro area,2010 [YR2010],9.44953984452378
Europe & Central Asia,2010 [YR2010],10.1382669113547
Europe & Central Asia (excluding high income),2010 [YR2010],8.64244477131105
Europe & Central Asia (IDA & IBRD countries),2010 [YR2010],10.8679407589956
European Union,2010 [YR2010],9.83908697482067
Fragile and conflict affected situations,2010 [YR2010],10.7847029167551
Heavily indebted poor countries (HIPC),2010 [YR2010],9.95173703916377
High income,2010 [YR2010],9.02273862360018
IBRD only,2010 [YR2010],7.35209331990807
IDA & IBRD total,2010 [YR2010],7.81732648380206
IDA blend,2010 [YR2010],10.1498427011295
IDA only,2010 [YR2010],8.79286178576382
IDA total,2010 [YR2010],9.25080312629921
Late-demographic dividend,2010 [YR2010],7.46585690285207
Latin America & Caribbean,2010 [YR2010],6.24652612714226
Latin America & Caribbean (excluding high income),2010 [YR2010],6.26778595284016
Latin America & the Caribbean (IDA & IBRD countries),2010 [YR2010],6.19563302204141
Least developed countries: UN classification,2010 [YR2010],9.09600083388738
Low & middle income,2010 [YR2010],7.63217259539436
Low income,2010 [YR2010],9.61782601608129
Lower middle income,2010 [YR2010],7.83040857654179
Middle East & North Africa,2010 [YR2010],5.01565567672645
Middle East & North Africa (excluding high income),2010 [YR2010],5.33861799142421
Middle East & North Africa (IDA & IBRD countries),2010 [YR2010],5.3589073624898
Middle income,2010 [YR2010],7.43081002870326
North America,2010 [YR2010],7.90625950699827
OECD members,2010 [YR2010],8.00043470323285
Other small states,2010 [YR2010],8.0217234879255
Pacific island small states,2010 [YR2010],6.37529581082197
Post-demographic dividend,2010 [YR2010],8.95829576857447
Pre-demographic dividend,2010 [YR2010],10.9683059161719
Small states,2010 [YR2010],7.65431112100981
South Asia,2010 [YR2010],7.30092597849602
South Asia (IDA & IBRD),2010 [YR2010],7.30092597849602
Sub-Saharan Africa,2010 [YR2010],10.9923876307944
Sub-Saharan Africa (excluding high income),2010 [YR2010],10.9927481237183
Sub-Saharan Africa (IDA & IBRD countries),2010 [YR2010],10.9923876307944
Upper middle income,2010 [YR2010],7.03594924722903
World,2010 [YR2010],7.88654614461594
Viet Nam,2011 [YR2011],6.195
Afghanistan,2011 [YR2011],7.931
Albania,2011 [YR2011],7.238
Algeria,2011 [YR2011],4.713
Angola,2011 [YR2011],10.63
Antigua and Barbuda,2011 [YR2011],5.624
Argentina,2011 [YR2011],7.51
Armenia,2011 [YR2011],9.559
Aruba,2011 [YR2011],6.945
Australia,2011 [YR2011],6.6
Austria,2011 [YR2011],9.1
Azerbaijan,2011 [YR2011],5.9
"Bahamas, The",2011 [YR2011],6.454
Bahrain,2011 [YR2011],1.927
Bangladesh,2011 [YR2011],6.112
Barbados,2011 [YR2011],8.952
Belarus,2011 [YR2011],14.3
Belgium,2011 [YR2011],9.4
Belize,2011 [YR2011],4.591
Benin,2011 [YR2011],10.372
Bermuda,2011 [YR2011],6.8
Bhutan,2011 [YR2011],6.737
Bolivia,2011 [YR2011],7.496
Bosnia and Herzegovina,2011 [YR2011],9.851
Botswana,2011 [YR2011],8.738
Brazil,2011 [YR2011],6.283
British Virgin Islands,2011 [YR2011],5.391
Brunei Darussalam,2011 [YR2011],3.813
Bulgaria,2011 [YR2011],14.7
Burkina Faso,2011 [YR2011],10.838
Burundi,2011 [YR2011],10.094
Cabo Verde,2011 [YR2011],5.938
Cambodia,2011 [YR2011],5.947
Cameroon,2011 [YR2011],10.641
Canada,2011 [YR2011],7.1
Cayman Islands,2011 [YR2011],3.2
Central African Republic,2011 [YR2011],14.092
Chad,2011 [YR2011],15.056
Channel Islands,2011 [YR2011],7.92046585011944
Chile,2011 [YR2011],5.805
China,2011 [YR2011],7.14
Colombia,2011 [YR2011],4.945
Comoros,2011 [YR2011],9.313
"Congo, Dem. Rep.",2011 [YR2011],11.301
"Congo, Rep.",2011 [YR2011],7.942
Costa Rica,2011 [YR2011],4.379
Cote d'Ivoire,2011 [YR2011],10.927
Croatia,2011 [YR2011],11.9
Cuba,2011 [YR2011],8.421
Curacao,2011 [YR2011],8.5
Cyprus,2011 [YR2011],6.354
Czechia,2011 [YR2011],10.2
Denmark,2011 [YR2011],9.4
Djibouti,2011 [YR2011],9.07
Dominica,2011 [YR2011],12.998
Dominican Republic,2011 [YR2011],5.84
Ecuador,2011 [YR2011],4.826
"Egypt, Arab Rep.",2011 [YR2011],5.956
El Salvador,2011 [YR2011],6.892
Equatorial Guinea,2011 [YR2011],10.979
Eritrea,2011 [YR2011],7.249
Estonia,2011 [YR2011],11.5
Eswatini,2011 [YR2011],14.926
Ethiopia,2011 [YR2011],8.52
Faroe Islands,2011 [YR2011],7.9
Fiji,2011 [YR2011],7.114
Finland,2011 [YR2011],9.4
France,2011 [YR2011],8.4
French Polynesia,2011 [YR2011],2.832
Gabon,2011 [YR2011],8.184
"Gambia, The",2011 [YR2011],8.501
Georgia,2011 [YR2011],12.418
Germany,2011 [YR2011],10.6
Ghana,2011 [YR2011],8.417
Gibraltar,2011 [YR2011],7.123
Greece,2011 [YR2011],10.0
Greenland,2011 [YR2011],8.4
Grenada,2011 [YR2011],7.021
Guam,2011 [YR2011],5.122
Guatemala,2011 [YR2011],5.233
Guinea,2011 [YR2011],11.451
Guinea-Bissau,2011 [YR2011],10.579
Guyana,2011 [YR2011],7.455
Haiti,2011 [YR2011],8.762
Honduras,2011 [YR2011],4.271
"Hong Kong SAR, China",2011 [YR2011],6.0
Hungary,2011 [YR2011],12.9
Iceland,2011 [YR2011],6.2
India,2011 [YR2011],7.267
Indonesia,2011 [YR2011],7.456
"Iran, Islamic Rep.",2011 [YR2011],4.978
Iraq,2011 [YR2011],5.646
Ireland,2011 [YR2011],6.2
Isle of Man,2011 [YR2011],9.845
Israel,2011 [YR2011],5.3
Italy,2011 [YR2011],10.0
Jamaica,2011 [YR2011],5.871
Japan,2011 [YR2011],9.9
Jordan,2011 [YR2011],3.597
Kazakhstan,2011 [YR2011],8.72
Kenya,2011 [YR2011],7.428
Kiribati,2011 [YR2011],7.007
"Korea, Dem. People's Rep.",2011 [YR2011],8.609
"Korea, Rep.",2011 [YR2011],5.1
Kosovo,2011 [YR2011],4.661
Kuwait,2011 [YR2011],1.752
Kyrgyz Republic,2011 [YR2011],6.5
Lao PDR,2011 [YR2011],7.762
Latvia,2011 [YR2011],13.9
Lebanon,2011 [YR2011],4.099
Lesotho,2011 [YR2011],17.828
Liberia,2011 [YR2011],9.741
Libya,2011 [YR2011],5.479
Liechtenstein,2011 [YR2011],6.8
Lithuania,2011 [YR2011],13.6
Luxembourg,2011 [YR2011],7.4
"Macao SAR, China",2011 [YR2011],3.719
Madagascar,2011 [YR2011],7.427
Malawi,2011 [YR2011],10.608
Malaysia,2011 [YR2011],4.928
Maldives,2011 [YR2011],3.004
Mali,2011 [YR2011],11.498
Malta,2011 [YR2011],7.8
Marshall Islands,2011 [YR2011],6.848
Mauritania,2011 [YR2011],8.454
Mauritius,2011 [YR2011],7.3
Mexico,2011 [YR2011],5.597
"Micronesia, Fed. Sts.",2011 [YR2011],4.612
Moldova,2011 [YR2011],13.074
Mongolia,2011 [YR2011],6.741
Montenegro,2011 [YR2011],9.4
Morocco,2011 [YR2011],5.91
Mozambique,2011 [YR2011],11.473
Myanmar,2011 [YR2011],9.026
Namibia,2011 [YR2011],10.861
Nauru,2011 [YR2011],7.916
Nepal,2011 [YR2011],6.891
Netherlands,2011 [YR2011],8.1
New Caledonia,2011 [YR2011],5.2
New Zealand,2011 [YR2011],6.86
Nicaragua,2011 [YR2011],4.444
Niger,2011 [YR2011],10.145
Nigeria,2011 [YR2011],14.336
North Macedonia,2011 [YR2011],9.5
Norway,2011 [YR2011],8.4
Oman,2011 [YR2011],2.457
Pakistan,2011 [YR2011],7.524
Palau,2011 [YR2011],8.3
Panama,2011 [YR2011],4.789
Papua New Guinea,2011 [YR2011],6.951
Paraguay,2011 [YR2011],5.506
Peru,2011 [YR2011],6.864
Philippines,2011 [YR2011],5.668
Poland,2011 [YR2011],9.9
Portugal,2011 [YR2011],9.7
Puerto Rico,2011 [YR2011],8.0
Qatar,2011 [YR2011],1.188
Romania,2011 [YR2011],12.5
Russian Federation,2011 [YR2011],13.5
Rwanda,2011 [YR2011],7.814
Samoa,2011 [YR2011],5.308
San Marino,2011 [YR2011],6.8
Sao Tome and Principe,2011 [YR2011],7.145
Saudi Arabia,2011 [YR2011],2.413
Senegal,2011 [YR2011],6.894
Serbia,2011 [YR2011],14.2
Seychelles,2011 [YR2011],7.9
Sierra Leone,2011 [YR2011],12.481
Singapore,2011 [YR2011],4.5
Sint Maarten (Dutch part),2011 [YR2011],5.1
Slovak Republic,2011 [YR2011],9.6
Slovenia,2011 [YR2011],9.1
Solomon Islands,2011 [YR2011],5.544
Somalia,2011 [YR2011],14.856
South Africa,2011 [YR2011],10.592
South Sudan,2011 [YR2011],11.6
Spain,2011 [YR2011],8.3
Sri Lanka,2011 [YR2011],7.371
St. Kitts and Nevis,2011 [YR2011],9.362
St. Lucia,2011 [YR2011],7.34
St. Martin (French part),2011 [YR2011],3.72
St. Vincent and the Grenadines,2011 [YR2011],7.187
Sudan,2011 [YR2011],7.541
Suriname,2011 [YR2011],7.217
Sweden,2011 [YR2011],9.5
Switzerland,2011 [YR2011],7.8
Syrian Arab Republic,2011 [YR2011],3.934
Tajikistan,2011 [YR2011],5.808
Tanzania,2011 [YR2011],8.435
Thailand,2011 [YR2011],6.393
Timor-Leste,2011 [YR2011],7.895
Togo,2011 [YR2011],9.98
Tonga,2011 [YR2011],6.624
Trinidad and Tobago,2011 [YR2011],6.618
Tunisia,2011 [YR2011],5.441
Turkiye,2011 [YR2011],5.44
Turkmenistan,2011 [YR2011],6.356
Turks and Caicos Islands,2011 [YR2011],6.047
Tuvalu,2011 [YR2011],10.021
Uganda,2011 [YR2011],8.319
Ukraine,2011 [YR2011],14.5
United Arab Emirates,2011 [YR2011],0.82
United Kingdom,2011 [YR2011],8.7
United States,2011 [YR2011],8.073
Uruguay,2011 [YR2011],9.402
Uzbekistan,2011 [YR2011],4.9
Vanuatu,2011 [YR2011],6.061
"Venezuela, RB",2011 [YR2011],5.649
Virgin Islands (U.S.),2011 [YR2011],6.6
West Bank and Gaza,2011 [YR2011],3.459
"Yemen, Rep.",2011 [YR2011],5.554
Zambia,2011 [YR2011],8.763
Zimbabwe,2011 [YR2011],11.857
Africa Eastern and Southern,2011 [YR2011],9.50196583487185
Africa Western and Central,2011 [YR2011],12.2223100987664
Arab World,2011 [YR2011],5.57731159739438
Caribbean small states,2011 [YR2011],7.17234225196026
Central Europe and the Baltics,2011 [YR2011],11.3167231657085
Early-demographic dividend,2011 [YR2011],6.91815406686069
East Asia & Pacific,2011 [YR2011],7.16035547345565
East Asia & Pacific (excluding high income),2011 [YR2011],7.06330720951412
East Asia & Pacific (IDA & IBRD countries),2011 [YR2011],7.043571004918
Euro area,2011 [YR2011],9.44974725322525
Europe & Central Asia,2011 [YR2011],9.96373819924728
Europe & Central Asia (excluding high income),2011 [YR2011],8.52871211644081
Europe & Central Asia (IDA & IBRD countries),2011 [YR2011],10.5585642199005
European Union,2011 [YR2011],9.81195961557313
Fragile and conflict affected situations,2011 [YR2011],10.3699830746622
Heavily indebted poor countries (HIPC),2011 [YR2011],9.45983490696785
High income,2011 [YR2011],8.97485144008164
IBRD only,2011 [YR2011],7.28524997218559
IDA & IBRD total,2011 [YR2011],7.70262200042055
IDA blend,2011 [YR2011],9.96117778539492
IDA only,2011 [YR2011],8.46769344065509
IDA total,2011 [YR2011],8.97242730923136
Late-demographic dividend,2011 [YR2011],7.43409075868582
Latin America & Caribbean,2011 [YR2011],6.10879109616387
Latin America & Caribbean (excluding high income),2011 [YR2011],6.11395537228748
Latin America & the Caribbean (IDA & IBRD countries),2011 [YR2011],6.05100648029469
Least developed countries: UN classification,2011 [YR2011],8.7272275093524
Low & middle income,2011 [YR2011],7.53413340075504
Low income,2011 [YR2011],9.29052694615729
Lower middle income,2011 [YR2011],7.67624965781382
Middle East & North Africa,2011 [YR2011],4.97053549886702
Middle East & North Africa (excluding high income),2011 [YR2011],5.30014786164338
Middle East & North Africa (IDA & IBRD countries),2011 [YR2011],5.32041940718511
Middle income,2011 [YR2011],7.35325483456934
North America,2011 [YR2011],7.97619506560423
OECD members,2011 [YR2011],8.04682265211864
Other small states,2011 [YR2011],7.89186622701226
Pacific island small states,2011 [YR2011],6.35434045729694
Post-demographic dividend,2011 [YR2011],8.97943874247474
Pre-demographic dividend,2011 [YR2011],10.636592477224
Small states,2011 [YR2011],7.57192798590743
South Asia,2011 [YR2011],7.19886390784551
South Asia (IDA & IBRD),2011 [YR2011],7.19886390784551
Sub-Saharan Africa,2011 [YR2011],10.6107499893157
Sub-Saharan Africa (excluding high income),2011 [YR2011],10.6110077880989
Sub-Saharan Africa (IDA & IBRD countries),2011 [YR2011],10.6107499893157
Upper middle income,2011 [YR2011],7.03130670835309
World,2011 [YR2011],7.79654190532986
Viet Nam,2012 [YR2012],6.275
Afghanistan,2012 [YR2012],7.711
Albania,2012 [YR2012],7.573
Algeria,2012 [YR2012],4.767
Andorra,2012 [YR2012],3.9
Angola,2012 [YR2012],10.031
Antigua and Barbuda,2012 [YR2012],5.585
Argentina,2012 [YR2012],7.394
Armenia,2012 [YR2012],9.761
Aruba,2012 [YR2012],7.187
Australia,2012 [YR2012],6.6
Austria,2012 [YR2012],9.4
Azerbaijan,2012 [YR2012],5.9
"Bahamas, The",2012 [YR2012],6.491
Bahrain,2012 [YR2012],1.935
Bangladesh,2012 [YR2012],5.868
Barbados,2012 [YR2012],8.879
Belarus,2012 [YR2012],13.4
Belgium,2012 [YR2012],9.8
Belize,2012 [YR2012],4.457
Benin,2012 [YR2012],10.224
Bermuda,2012 [YR2012],6.8
Bhutan,2012 [YR2012],6.689
Bolivia,2012 [YR2012],7.433
Bosnia and Herzegovina,2012 [YR2012],9.888
Botswana,2012 [YR2012],8.671
Brazil,2012 [YR2012],6.34
British Virgin Islands,2012 [YR2012],5.443
Brunei Darussalam,2012 [YR2012],3.926
Bulgaria,2012 [YR2012],15.0
Burkina Faso,2012 [YR2012],10.507
Burundi,2012 [YR2012],9.625
Cabo Verde,2012 [YR2012],5.808
Cambodia,2012 [YR2012],5.863
Cameroon,2012 [YR2012],10.235
Canada,2012 [YR2012],7.1
Cayman Islands,2012 [YR2012],3.3
Central African Republic,2012 [YR2012],13.622
Chad,2012 [YR2012],14.634
Channel Islands,2012 [YR2012],8.30911417782009
Chile,2012 [YR2012],6.074
China,2012 [YR2012],7.13
Colombia,2012 [YR2012],4.982
Comoros,2012 [YR2012],9.175
"Congo, Dem. Rep.",2012 [YR2012],11.166
"Congo, Rep.",2012 [YR2012],7.753
Costa Rica,2012 [YR2012],4.541
Cote d'Ivoire,2012 [YR2012],10.517
Croatia,2012 [YR2012],12.1
Cuba,2012 [YR2012],8.571
Curacao,2012 [YR2012],8.2
Cyprus,2012 [YR2012],6.439
Czechia,2012 [YR2012],10.3
Denmark,2012 [YR2012],9.4
Djibouti,2012 [YR2012],8.924
Dominica,2012 [YR2012],12.186
Dominican Republic,2012 [YR2012],5.802
Ecuador,2012 [YR2012],4.793
"Egypt, Arab Rep.",2012 [YR2012],5.91
El Salvador,2012 [YR2012],7.038
Equatorial Guinea,2012 [YR2012],10.557
Eritrea,2012 [YR2012],7.08
Estonia,2012 [YR2012],11.7
Eswatini,2012 [YR2012],13.946
Ethiopia,2012 [YR2012],8.119
Faroe Islands,2012 [YR2012],8.5
Fiji,2012 [YR2012],7.212
Finland,2012 [YR2012],9.6
France,2012 [YR2012],8.7
French Polynesia,2012 [YR2012],2.848
Gabon,2012 [YR2012],7.914
"Gambia, The",2012 [YR2012],8.174
Georgia,2012 [YR2012],12.691
Germany,2012 [YR2012],10.8
Ghana,2012 [YR2012],8.238
Gibraltar,2012 [YR2012],6.327
Greece,2012 [YR2012],10.6
Greenland,2012 [YR2012],8.0
Grenada,2012 [YR2012],7.281
Guam,2012 [YR2012],5.368
Guatemala,2012 [YR2012],5.171
Guinea,2012 [YR2012],11.193
Guinea-Bissau,2012 [YR2012],10.155
Guyana,2012 [YR2012],7.513
Haiti,2012 [YR2012],8.486
Honduras,2012 [YR2012],4.221
"Hong Kong SAR, China",2012 [YR2012],6.1
Hungary,2012 [YR2012],13.0
Iceland,2012 [YR2012],6.1
India,2012 [YR2012],7.118
Indonesia,2012 [YR2012],7.494
"Iran, Islamic Rep.",2012 [YR2012],4.892
Iraq,2012 [YR2012],5.505
Ireland,2012 [YR2012],6.3
Isle of Man,2012 [YR2012],9.896
Israel,2012 [YR2012],5.3
Italy,2012 [YR2012],10.3
Jamaica,2012 [YR2012],5.813
Japan,2012 [YR2012],10.0
Jordan,2012 [YR2012],3.596
Kazakhstan,2012 [YR2012],8.54
Kenya,2012 [YR2012],7.453
Kiribati,2012 [YR2012],6.928
"Korea, Dem. People's Rep.",2012 [YR2012],8.468
"Korea, Rep.",2012 [YR2012],5.3
Kosovo,2012 [YR2012],4.56
Kuwait,2012 [YR2012],1.721
Kyrgyz Republic,2012 [YR2012],6.5
Lao PDR,2012 [YR2012],7.604
Latvia,2012 [YR2012],14.3
Lebanon,2012 [YR2012],4.134
Lesotho,2012 [YR2012],17.019
Liberia,2012 [YR2012],9.57
Libya,2012 [YR2012],5.028
Liechtenstein,2012 [YR2012],6.1
Lithuania,2012 [YR2012],13.7
Luxembourg,2012 [YR2012],7.3
"Macao SAR, China",2012 [YR2012],3.771
Madagascar,2012 [YR2012],7.38
Malawi,2012 [YR2012],9.783
Malaysia,2012 [YR2012],4.909
Maldives,2012 [YR2012],2.873
Mali,2012 [YR2012],11.21
Malta,2012 [YR2012],8.1
Marshall Islands,2012 [YR2012],6.859
Mauritania,2012 [YR2012],8.581
Mauritius,2012 [YR2012],7.4
Mexico,2012 [YR2012],5.642
"Micronesia, Fed. Sts.",2012 [YR2012],4.676
Moldova,2012 [YR2012],13.443
Mongolia,2012 [YR2012],6.514
Montenegro,2012 [YR2012],9.5
Morocco,2012 [YR2012],5.86
Mozambique,2012 [YR2012],10.995
Myanmar,2012 [YR2012],9.023
Namibia,2012 [YR2012],10.372
Nauru,2012 [YR2012],7.646
Nepal,2012 [YR2012],6.961
Netherlands,2012 [YR2012],8.4
New Caledonia,2012 [YR2012],5.1
New Zealand,2012 [YR2012],6.82
Nicaragua,2012 [YR2012],4.47
Niger,2012 [YR2012],9.718
Nigeria,2012 [YR2012],14.193
North Macedonia,2012 [YR2012],9.8
Norway,2012 [YR2012],8.4
Oman,2012 [YR2012],2.323
Pakistan,2012 [YR2012],7.479
Palau,2012 [YR2012],9.4
Panama,2012 [YR2012],4.818
Papua New Guinea,2012 [YR2012],6.891
Paraguay,2012 [YR2012],5.464
Peru,2012 [YR2012],6.791
Philippines,2012 [YR2012],5.681
Poland,2012 [YR2012],10.1
Portugal,2012 [YR2012],10.2
Puerto Rico,2012 [YR2012],8.1
Qatar,2012 [YR2012],1.156
Romania,2012 [YR2012],12.7
Russian Federation,2012 [YR2012],13.3
Rwanda,2012 [YR2012],7.604
Samoa,2012 [YR2012],5.372
San Marino,2012 [YR2012],7.1
Sao Tome and Principe,2012 [YR2012],6.775
Saudi Arabia,2012 [YR2012],2.415
Senegal,2012 [YR2012],6.78
Serbia,2012 [YR2012],14.2
Seychelles,2012 [YR2012],7.4
Sierra Leone,2012 [YR2012],11.939
Singapore,2012 [YR2012],4.5
Sint Maarten (Dutch part),2012 [YR2012],5.4
Slovak Republic,2012 [YR2012],9.7
Slovenia,2012 [YR2012],9.4
Solomon Islands,2012 [YR2012],5.468
Somalia,2012 [YR2012],13.568
South Africa,2012 [YR2012],9.993
South Sudan,2012 [YR2012],11.104
Spain,2012 [YR2012],8.6
Sri Lanka,2012 [YR2012],7.181
St. Kitts and Nevis,2012 [YR2012],9.146
St. Lucia,2012 [YR2012],7.479
St. Martin (French part),2012 [YR2012],3.847
St. Vincent and the Grenadines,2012 [YR2012],7.654
Sudan,2012 [YR2012],7.312
Suriname,2012 [YR2012],7.418
Sweden,2012 [YR2012],9.7
Switzerland,2012 [YR2012],8.0
Syrian Arab Republic,2012 [YR2012],6.417
Tajikistan,2012 [YR2012],5.7
Tanzania,2012 [YR2012],7.992
Thailand,2012 [YR2012],6.464
Timor-Leste,2012 [YR2012],7.747
Togo,2012 [YR2012],9.866
Tonga,2012 [YR2012],6.636
Trinidad and Tobago,2012 [YR2012],6.596
Tunisia,2012 [YR2012],5.519
Turkiye,2012 [YR2012],5.205
Turkmenistan,2012 [YR2012],6.379
Turks and Caicos Islands,2012 [YR2012],6.157
Tuvalu,2012 [YR2012],10.055
Uganda,2012 [YR2012],7.843
Ukraine,2012 [YR2012],14.5
United Arab Emirates,2012 [YR2012],0.85
United Kingdom,2012 [YR2012],8.9
United States,2012 [YR2012],8.102
Uruguay,2012 [YR2012],9.434
Uzbekistan,2012 [YR2012],4.9
Vanuatu,2012 [YR2012],6.072
"Venezuela, RB",2012 [YR2012],5.683
Virgin Islands (U.S.),2012 [YR2012],6.7
West Bank and Gaza,2012 [YR2012],3.436
"Yemen, Rep.",2012 [YR2012],5.582
Zambia,2012 [YR2012],8.267
Zimbabwe,2012 [YR2012],10.691
Africa Eastern and Southern,2012 [YR2012],9.10336923111703
Africa Western and Central,2012 [YR2012],11.9946784769961
Arab World,2012 [YR2012],5.62359396513101
Caribbean small states,2012 [YR2012],7.21368435541887
Central Europe and the Baltics,2012 [YR2012],11.4966871249716
Early-demographic dividend,2012 [YR2012],6.81809065988196
East Asia & Pacific,2012 [YR2012],7.1693437186261
East Asia & Pacific (excluding high income),2012 [YR2012],7.06302544879761
East Asia & Pacific (IDA & IBRD countries),2012 [YR2012],7.04517209121336
Euro area,2012 [YR2012],9.7314820573017
Europe & Central Asia,2012 [YR2012],10.0337368109119
Europe & Central Asia (excluding high income),2012 [YR2012],8.38887063188481
Europe & Central Asia (IDA & IBRD countries),2012 [YR2012],10.4468259725916
European Union,2012 [YR2012],10.067463844683
Fragile and conflict affected situations,2012 [YR2012],10.2124468832287
Heavily indebted poor countries (HIPC),2012 [YR2012],9.13096028200617
High income,2012 [YR2012],9.0617081862924
IBRD only,2012 [YR2012],7.2205684618788
IDA & IBRD total,2012 [YR2012],7.61674963082362
IDA blend,2012 [YR2012],9.85466832399534
IDA only,2012 [YR2012],8.27379360076154
IDA total,2012 [YR2012],8.80833394701427
Late-demographic dividend,2012 [YR2012],7.42446562671445
Latin America & Caribbean,2012 [YR2012],6.13168672759638
Latin America & Caribbean (excluding high income),2012 [YR2012],6.1283617689896
Latin America & the Caribbean (IDA & IBRD countries),2012 [YR2012],6.07171666709773
Least developed countries: UN classification,2012 [YR2012],8.45035207219063
Low & middle income,2012 [YR2012],7.44824571183927
Low income,2012 [YR2012],9.09318147288467
Lower middle income,2012 [YR2012],7.54680019578549
Middle East & North Africa,2012 [YR2012],5.05968529695277
Middle East & North Africa (excluding high income),2012 [YR2012],5.41333879815306
Middle East & North Africa (IDA & IBRD countries),2012 [YR2012],5.43523830884704
Middle income,2012 [YR2012],7.2764246779778
North America,2012 [YR2012],8.00199937307027
OECD members,2012 [YR2012],8.15224466842483
Other small states,2012 [YR2012],7.79519344326123
Pacific island small states,2012 [YR2012],6.38000614858303
Post-demographic dividend,2012 [YR2012],9.10256999171462
Pre-demographic dividend,2012 [YR2012],10.3515975109884
Small states,2012 [YR2012],7.51367476360444
South Asia,2012 [YR2012],7.05661774406468
South Asia (IDA & IBRD),2012 [YR2012],7.05661774406468
Sub-Saharan Africa,2012 [YR2012],10.2824495982652
Sub-Saharan Africa (excluding high income),2012 [YR2012],10.2827189747005
Sub-Saharan Africa (IDA & IBRD countries),2012 [YR2012],10.2824495982652
Upper middle income,2012 [YR2012],7.00491266599545
World,2012 [YR2012],7.7414829769369
Viet Nam,2013 [YR2013],6.327
Afghanistan,2013 [YR2013],7.478
Albania,2013 [YR2013],7.819
Algeria,2013 [YR2013],4.673
Angola,2013 [YR2013],9.607
Antigua and Barbuda,2013 [YR2013],5.565
Argentina,2013 [YR2013],7.494
Armenia,2013 [YR2013],9.813
Aruba,2013 [YR2013],7.403
Australia,2013 [YR2013],6.4
Austria,2013 [YR2013],9.4
Azerbaijan,2013 [YR2013],5.8
"Bahamas, The",2013 [YR2013],6.49
Bahrain,2013 [YR2013],1.933
Bangladesh,2013 [YR2013],5.975
Barbados,2013 [YR2013],8.851
Belarus,2013 [YR2013],13.2
Belgium,2013 [YR2013],9.8
Belize,2013 [YR2013],4.388
Benin,2013 [YR2013],10.085
Bermuda,2013 [YR2013],7.6
Bhutan,2013 [YR2013],6.683
Bolivia,2013 [YR2013],7.306
Bosnia and Herzegovina,2013 [YR2013],11.055
Botswana,2013 [YR2013],8.157
Brazil,2013 [YR2013],6.31
British Virgin Islands,2013 [YR2013],5.481
Brunei Darussalam,2013 [YR2013],4.043
Bulgaria,2013 [YR2013],14.4
Burkina Faso,2013 [YR2013],10.309
Burundi,2013 [YR2013],9.178
Cabo Verde,2013 [YR2013],5.472
Cambodia,2013 [YR2013],5.817
Cameroon,2013 [YR2013],9.833
Canada,2013 [YR2013],7.2
Cayman Islands,2013 [YR2013],3.2
Central African Republic,2013 [YR2013],13.392
Chad,2013 [YR2013],14.373
Channel Islands,2013 [YR2013],8.26063556829418
Chile,2013 [YR2013],6.037
China,2013 [YR2013],7.13
Colombia,2013 [YR2013],5.041
Comoros,2013 [YR2013],8.999
"Congo, Dem. Rep.",2013 [YR2013],10.857
"Congo, Rep.",2013 [YR2013],7.532
Costa Rica,2013 [YR2013],4.62
Cote d'Ivoire,2013 [YR2013],10.144
Croatia,2013 [YR2013],11.8
Cuba,2013 [YR2013],8.672
Curacao,2013 [YR2013],8.1
Cyprus,2013 [YR2013],6.399
Czechia,2013 [YR2013],10.4
Denmark,2013 [YR2013],9.3
Djibouti,2013 [YR2013],8.807
Dominica,2013 [YR2013],12.569
Dominican Republic,2013 [YR2013],5.803
Ecuador,2013 [YR2013],4.762
"Egypt, Arab Rep.",2013 [YR2013],5.964
El Salvador,2013 [YR2013],7.149
Equatorial Guinea,2013 [YR2013],10.26
Eritrea,2013 [YR2013],6.998
Estonia,2013 [YR2013],11.6
Eswatini,2013 [YR2013],13.019
Ethiopia,2013 [YR2013],7.734
Faroe Islands,2013 [YR2013],7.6
Fiji,2013 [YR2013],7.424
Finland,2013 [YR2013],9.5
France,2013 [YR2013],8.7
French Polynesia,2013 [YR2013],2.887
Gabon,2013 [YR2013],7.786
"Gambia, The",2013 [YR2013],8.073
Georgia,2013 [YR2013],12.783
Germany,2013 [YR2013],11.1
Ghana,2013 [YR2013],8.092
Gibraltar,2013 [YR2013],8.041
Greece,2013 [YR2013],10.2
Greenland,2013 [YR2013],7.9
Grenada,2013 [YR2013],7.335
Guam,2013 [YR2013],5.537
Guatemala,2013 [YR2013],5.112
Guinea,2013 [YR2013],10.947
Guinea-Bissau,2013 [YR2013],9.819
Guyana,2013 [YR2013],7.538
Haiti,2013 [YR2013],8.376
Honduras,2013 [YR2013],4.198
"Hong Kong SAR, China",2013 [YR2013],6.0
Hungary,2013 [YR2013],12.8
Iceland,2013 [YR2013],6.7
India,2013 [YR2013],6.96
Indonesia,2013 [YR2013],7.457
"Iran, Islamic Rep.",2013 [YR2013],4.911
Iraq,2013 [YR2013],5.413
Ireland,2013 [YR2013],6.4
Isle of Man,2013 [YR2013],9.992
Israel,2013 [YR2013],5.2
Italy,2013 [YR2013],10.0
Jamaica,2013 [YR2013],5.924
Japan,2013 [YR2013],10.1
Jordan,2013 [YR2013],3.592
Kazakhstan,2013 [YR2013],8.0
Kenya,2013 [YR2013],7.399
Kiribati,2013 [YR2013],6.831
"Korea, Dem. People's Rep.",2013 [YR2013],8.305
"Korea, Rep.",2013 [YR2013],5.3
Kosovo,2013 [YR2013],4.593
Kuwait,2013 [YR2013],1.696
Kyrgyz Republic,2013 [YR2013],6.1
Lao PDR,2013 [YR2013],7.584
Latvia,2013 [YR2013],14.3
Lebanon,2013 [YR2013],4.197
Lesotho,2013 [YR2013],16.222
Liberia,2013 [YR2013],9.482
Libya,2013 [YR2013],5.056
Liechtenstein,2013 [YR2013],6.7
Lithuania,2013 [YR2013],14.0
Luxembourg,2013 [YR2013],7.0
"Macao SAR, China",2013 [YR2013],3.715
Madagascar,2013 [YR2013],7.201
Malawi,2013 [YR2013],9.081
Malaysia,2013 [YR2013],4.945
Maldives,2013 [YR2013],2.793
Mali,2013 [YR2013],10.936
Malta,2013 [YR2013],7.6
Marshall Islands,2013 [YR2013],6.906
Mauritania,2013 [YR2013],8.652
Mauritius,2013 [YR2013],7.5
Mexico,2013 [YR2013],5.696
"Micronesia, Fed. Sts.",2013 [YR2013],4.743
Moldova,2013 [YR2013],13.8
Mongolia,2013 [YR2013],6.393
Montenegro,2013 [YR2013],9.5
Morocco,2013 [YR2013],5.796
Mozambique,2013 [YR2013],10.492
Myanmar,2013 [YR2013],8.799
Namibia,2013 [YR2013],9.91
Nauru,2013 [YR2013],7.392
Nepal,2013 [YR2013],6.887
Netherlands,2013 [YR2013],8.4
New Caledonia,2013 [YR2013],5.2
New Zealand,2013 [YR2013],6.65
Nicaragua,2013 [YR2013],4.535
Niger,2013 [YR2013],9.346
Nigeria,2013 [YR2013],14.004
North Macedonia,2013 [YR2013],9.3
Norway,2013 [YR2013],8.1
Oman,2013 [YR2013],2.278
Pakistan,2013 [YR2013],7.333
Palau,2013 [YR2013],10.9
Panama,2013 [YR2013],4.835
Papua New Guinea,2013 [YR2013],6.825
Paraguay,2013 [YR2013],5.436
Peru,2013 [YR2013],6.681
Philippines,2013 [YR2013],5.756
Poland,2013 [YR2013],10.2
Portugal,2013 [YR2013],10.2
Puerto Rico,2013 [YR2013],8.1
Qatar,2013 [YR2013],1.136
Romania,2013 [YR2013],12.4
Russian Federation,2013 [YR2013],13.0
Rwanda,2013 [YR2013],7.285
Samoa,2013 [YR2013],5.299
San Marino,2013 [YR2013],7.5
Sao Tome and Principe,2013 [YR2013],6.552
Saudi Arabia,2013 [YR2013],2.443
Senegal,2013 [YR2013],6.503
Serbia,2013 [YR2013],14.0
Seychelles,2013 [YR2013],8.0
Sierra Leone,2013 [YR2013],11.372
Singapore,2013 [YR2013],4.6
Sint Maarten (Dutch part),2013 [YR2013],4.7
Slovak Republic,2013 [YR2013],9.6
Slovenia,2013 [YR2013],9.4
Solomon Islands,2013 [YR2013],5.421
Somalia,2013 [YR2013],13.129
South Africa,2013 [YR2013],9.77
South Sudan,2013 [YR2013],11.136
Spain,2013 [YR2013],8.3
Sri Lanka,2013 [YR2013],7.092
St. Kitts and Nevis,2013 [YR2013],9.284
St. Lucia,2013 [YR2013],7.645
St. Martin (French part),2013 [YR2013],4.068
St. Vincent and the Grenadines,2013 [YR2013],7.98
Sudan,2013 [YR2013],7.36
Suriname,2013 [YR2013],7.582
Sweden,2013 [YR2013],9.4
Switzerland,2013 [YR2013],8.0
Syrian Arab Republic,2013 [YR2013],7.696
Tajikistan,2013 [YR2013],5.563
Tanzania,2013 [YR2013],7.615
Thailand,2013 [YR2013],6.547
Timor-Leste,2013 [YR2013],7.644
Togo,2013 [YR2013],9.537
Tonga,2013 [YR2013],6.686
Trinidad and Tobago,2013 [YR2013],6.662
Tunisia,2013 [YR2013],5.591
Turkiye,2013 [YR2013],5.04
Turkmenistan,2013 [YR2013],6.447
Turks and Caicos Islands,2013 [YR2013],6.408
Tuvalu,2013 [YR2013],10.046
Uganda,2013 [YR2013],7.35
Ukraine,2013 [YR2013],14.6
United Arab Emirates,2013 [YR2013],0.896
United Kingdom,2013 [YR2013],9.0
United States,2013 [YR2013],8.215
Uruguay,2013 [YR2013],9.468
Uzbekistan,2013 [YR2013],4.8
Vanuatu,2013 [YR2013],6.041
"Venezuela, RB",2013 [YR2013],5.711
Virgin Islands (U.S.),2013 [YR2013],6.9
West Bank and Gaza,2013 [YR2013],3.309
"Yemen, Rep.",2013 [YR2013],5.507
Zambia,2013 [YR2013],7.788
Zimbabwe,2013 [YR2013],9.787
Africa Eastern and Southern,2013 [YR2013],8.77871461155644
Africa Western and Central,2013 [YR2013],11.7608668724025
Arab World,2013 [YR2013],5.65670836191202
Caribbean small states,2013 [YR2013],7.270208900887
Central Europe and the Baltics,2013 [YR2013],11.4104797721104
Early-demographic dividend,2013 [YR2013],6.72153413525773
East Asia & Pacific,2013 [YR2013],7.16737698850868
East Asia & Pacific (excluding high income),2013 [YR2013],7.05834646818749
East Asia & Pacific (IDA & IBRD countries),2013 [YR2013],7.04258215866587
Euro area,2013 [YR2013],9.69046136705683
Europe & Central Asia,2013 [YR2013],9.92817125090451
Europe & Central Asia (excluding high income),2013 [YR2013],8.26559370429418
Europe & Central Asia (IDA & IBRD countries),2013 [YR2013],10.2610328016777
European Union,2013 [YR2013],10.0090857200435
Fragile and conflict affected situations,2013 [YR2013],10.0337851675468
Heavily indebted poor countries (HIPC),2013 [YR2013],8.82862266895869
High income,2013 [YR2013],9.0337146160517
IBRD only,2013 [YR2013],7.15287457994577
IDA & IBRD total,2013 [YR2013],7.52788755102329
IDA blend,2013 [YR2013],9.68773059724495
IDA only,2013 [YR2013],8.11154202275171
IDA total,2013 [YR2013],8.64479621177672
Late-demographic dividend,2013 [YR2013],7.39225415015825
Latin America & Caribbean,2013 [YR2013],6.13542422422379
Latin America & Caribbean (excluding high income),2013 [YR2013],6.13221772378004
Latin America & the Caribbean (IDA & IBRD countries),2013 [YR2013],6.07439263454468
Least developed countries: UN classification,2013 [YR2013],8.24348998553021
Low & middle income,2013 [YR2013],7.36606565758088
Low income,2013 [YR2013],8.87081812097601
Lower middle income,2013 [YR2013],7.42291763310204
Middle East & North Africa,2013 [YR2013],5.09909425975983
Middle East & North Africa (excluding high income),2013 [YR2013],5.47199822517795
Middle East & North Africa (IDA & IBRD countries),2013 [YR2013],5.49606603123496
Middle income,2013 [YR2013],7.20688549693985
North America,2013 [YR2013],8.11350271402976
OECD members,2013 [YR2013],8.17134965592422
Other small states,2013 [YR2013],7.6422772212114
Pacific island small states,2013 [YR2013],6.44296233168313
Post-demographic dividend,2013 [YR2013],9.13119166542391
Pre-demographic dividend,2013 [YR2013],10.0851834551792
Small states,2013 [YR2013],7.42344597173092
South Asia,2013 [YR2013],6.92546705252171
South Asia (IDA & IBRD),2013 [YR2013],6.92546705252171
Sub-Saharan Africa,2013 [YR2013],9.99471786872818
Sub-Saharan Africa (excluding high income),2013 [YR2013],9.99490262306973
Sub-Saharan Africa (IDA & IBRD countries),2013 [YR2013],9.99471786872818
Upper middle income,2013 [YR2013],6.98845135232231
World,2013 [YR2013],7.66788555772905
Viet Nam,2014 [YR2014],6.373
Afghanistan,2014 [YR2014],7.395
Albania,2014 [YR2014],7.868
Algeria,2014 [YR2014],4.555
American Samoa,2014 [YR2014],4.2
Angola,2014 [YR2014],9.181
Antigua and Barbuda,2014 [YR2014],5.544
Argentina,2014 [YR2014],7.447
Armenia,2014 [YR2014],9.704
Aruba,2014 [YR2014],7.729
Australia,2014 [YR2014],6.6
Austria,2014 [YR2014],9.2
Azerbaijan,2014 [YR2014],5.8
"Bahamas, The",2014 [YR2014],6.483
Bahrain,2014 [YR2014],2.028
Bangladesh,2014 [YR2014],5.891
Barbados,2014 [YR2014],8.797
Belarus,2014 [YR2014],12.8
Belgium,2014 [YR2014],9.3
Belize,2014 [YR2014],4.584
Benin,2014 [YR2014],9.996
Bermuda,2014 [YR2014],7.8
Bhutan,2014 [YR2014],6.705
Bolivia,2014 [YR2014],7.262
Bosnia and Herzegovina,2014 [YR2014],12.276
Botswana,2014 [YR2014],7.927
Brazil,2014 [YR2014],6.272
British Virgin Islands,2014 [YR2014],5.553
Brunei Darussalam,2014 [YR2014],4.162
Bulgaria,2014 [YR2014],15.1
Burkina Faso,2014 [YR2014],9.96
Burundi,2014 [YR2014],8.798
Cabo Verde,2014 [YR2014],5.401
Cambodia,2014 [YR2014],5.756
Cameroon,2014 [YR2014],9.548
Canada,2014 [YR2014],7.3
Cayman Islands,2014 [YR2014],2.9
Central African Republic,2014 [YR2014],13.517
Chad,2014 [YR2014],14.022
Channel Islands,2014 [YR2014],8.06652083126181
Chile,2014 [YR2014],6.12
China,2014 [YR2014],7.12
Colombia,2014 [YR2014],5.106
Comoros,2014 [YR2014],8.865
"Congo, Dem. Rep.",2014 [YR2014],10.551
"Congo, Rep.",2014 [YR2014],7.358
Costa Rica,2014 [YR2014],5.059
Cote d'Ivoire,2014 [YR2014],9.847
Croatia,2014 [YR2014],12.0
Cuba,2014 [YR2014],8.833
Curacao,2014 [YR2014],8.8
Cyprus,2014 [YR2014],6.317
Czechia,2014 [YR2014],10.0
Denmark,2014 [YR2014],9.1
Djibouti,2014 [YR2014],8.672
Dominica,2014 [YR2014],12.401
Dominican Republic,2014 [YR2014],5.827
Ecuador,2014 [YR2014],4.752
"Egypt, Arab Rep.",2014 [YR2014],5.823
El Salvador,2014 [YR2014],7.168
Equatorial Guinea,2014 [YR2014],9.965
Eritrea,2014 [YR2014],6.806
Estonia,2014 [YR2014],11.8
Eswatini,2014 [YR2014],12.193
Ethiopia,2014 [YR2014],7.502
Faroe Islands,2014 [YR2014],8.2
Fiji,2014 [YR2014],7.584
Finland,2014 [YR2014],9.6
France,2014 [YR2014],8.4
French Polynesia,2014 [YR2014],2.952
Gabon,2014 [YR2014],7.659
"Gambia, The",2014 [YR2014],7.916
Georgia,2014 [YR2014],12.576
Germany,2014 [YR2014],10.7
Ghana,2014 [YR2014],7.817
Gibraltar,2014 [YR2014],7.395
Greece,2014 [YR2014],10.4
Greenland,2014 [YR2014],8.2
Grenada,2014 [YR2014],7.502
Guam,2014 [YR2014],5.71
Guatemala,2014 [YR2014],5.071
Guinea,2014 [YR2014],10.856
Guinea-Bissau,2014 [YR2014],9.549
Guyana,2014 [YR2014],7.459
Haiti,2014 [YR2014],8.243
Honduras,2014 [YR2014],4.16
"Hong Kong SAR, China",2014 [YR2014],6.2
Hungary,2014 [YR2014],12.8
Iceland,2014 [YR2014],6.3
India,2014 [YR2014],6.79
Indonesia,2014 [YR2014],7.43
"Iran, Islamic Rep.",2014 [YR2014],4.905
Iraq,2014 [YR2014],5.16
Ireland,2014 [YR2014],6.3
Isle of Man,2014 [YR2014],9.781
Israel,2014 [YR2014],5.2
Italy,2014 [YR2014],9.8
Jamaica,2014 [YR2014],6.238
Japan,2014 [YR2014],10.1
Jordan,2014 [YR2014],3.361
Kazakhstan,2014 [YR2014],7.65
Kenya,2014 [YR2014],7.304
Kiribati,2014 [YR2014],6.727
"Korea, Dem. People's Rep.",2014 [YR2014],8.183
"Korea, Rep.",2014 [YR2014],5.3
Kosovo,2014 [YR2014],4.645
Kuwait,2014 [YR2014],1.695
Kyrgyz Republic,2014 [YR2014],6.1
Lao PDR,2014 [YR2014],7.465
Latvia,2014 [YR2014],14.3
Lebanon,2014 [YR2014],4.221
Lesotho,2014 [YR2014],15.519
Liberia,2014 [YR2014],9.799
Libya,2014 [YR2014],5.43
Liechtenstein,2014 [YR2014],7.2
Lithuania,2014 [YR2014],13.7
Luxembourg,2014 [YR2014],6.9
"Macao SAR, China",2014 [YR2014],3.768
Madagascar,2014 [YR2014],7.076
Malawi,2014 [YR2014],8.376
Malaysia,2014 [YR2014],4.981
Maldives,2014 [YR2014],2.718
Mali,2014 [YR2014],10.548
Malta,2014 [YR2014],7.5
Marshall Islands,2014 [YR2014],6.94
Mauritania,2014 [YR2014],8.301
Mauritius,2014 [YR2014],7.7
Mexico,2014 [YR2014],5.805
"Micronesia, Fed. Sts.",2014 [YR2014],4.844
Moldova,2014 [YR2014],14.166
Mongolia,2014 [YR2014],6.276
Montenegro,2014 [YR2014],9.7
Morocco,2014 [YR2014],5.741
Mozambique,2014 [YR2014],10.005
Myanmar,2014 [YR2014],8.804
Namibia,2014 [YR2014],9.427
Nauru,2014 [YR2014],7.13
Nepal,2014 [YR2014],6.981
Netherlands,2014 [YR2014],8.3
New Caledonia,2014 [YR2014],5.2
New Zealand,2014 [YR2014],6.87
Nicaragua,2014 [YR2014],4.597
Niger,2014 [YR2014],9.016
Nigeria,2014 [YR2014],13.892
North Macedonia,2014 [YR2014],9.5
Northern Mariana Islands,2014 [YR2014],4.3
Norway,2014 [YR2014],7.9
Oman,2014 [YR2014],2.243
Pakistan,2014 [YR2014],7.274
Palau,2014 [YR2014],9.5
Panama,2014 [YR2014],4.856
Papua New Guinea,2014 [YR2014],6.734
Paraguay,2014 [YR2014],5.481
Peru,2014 [YR2014],6.612
Philippines,2014 [YR2014],5.704
Poland,2014 [YR2014],9.9
Portugal,2014 [YR2014],10.1
Puerto Rico,2014 [YR2014],8.5
Qatar,2014 [YR2014],1.102
Romania,2014 [YR2014],12.8
Russian Federation,2014 [YR2014],13.1
Rwanda,2014 [YR2014],6.953
Samoa,2014 [YR2014],5.285
San Marino,2014 [YR2014],7.7
Sao Tome and Principe,2014 [YR2014],6.345
Saudi Arabia,2014 [YR2014],2.488
Senegal,2014 [YR2014],6.318
Serbia,2014 [YR2014],14.2
Seychelles,2014 [YR2014],7.9
Sierra Leone,2014 [YR2014],11.219
Singapore,2014 [YR2014],4.7
Sint Maarten (Dutch part),2014 [YR2014],4.7
Slovak Republic,2014 [YR2014],9.5
Slovenia,2014 [YR2014],9.2
Solomon Islands,2014 [YR2014],5.407
Somalia,2014 [YR2014],12.81
South Africa,2014 [YR2014],9.432
South Sudan,2014 [YR2014],11.493
Spain,2014 [YR2014],8.5
Sri Lanka,2014 [YR2014],6.979
St. Kitts and Nevis,2014 [YR2014],9.612
St. Lucia,2014 [YR2014],7.724
St. Martin (French part),2014 [YR2014],3.862
St. Vincent and the Grenadines,2014 [YR2014],7.858
Sudan,2014 [YR2014],7.143
Suriname,2014 [YR2014],7.646
Sweden,2014 [YR2014],9.2
Switzerland,2014 [YR2014],7.8
Syrian Arab Republic,2014 [YR2014],8.072
Tajikistan,2014 [YR2014],5.512
Tanzania,2014 [YR2014],7.252
Thailand,2014 [YR2014],6.627
Timor-Leste,2014 [YR2014],7.579
Togo,2014 [YR2014],9.438
Tonga,2014 [YR2014],6.744
Trinidad and Tobago,2014 [YR2014],6.739
Tunisia,2014 [YR2014],5.715
Turkiye,2014 [YR2014],5.046
Turkmenistan,2014 [YR2014],6.567
Turks and Caicos Islands,2014 [YR2014],6.559
Tuvalu,2014 [YR2014],10.098
Uganda,2014 [YR2014],6.99
Ukraine,2014 [YR2014],14.7
United Arab Emirates,2014 [YR2014],0.948
United Kingdom,2014 [YR2014],8.8
United States,2014 [YR2014],8.237
Uruguay,2014 [YR2014],9.508
Uzbekistan,2014 [YR2014],4.9
Vanuatu,2014 [YR2014],6.048
"Venezuela, RB",2014 [YR2014],5.971
Virgin Islands (U.S.),2014 [YR2014],7.1
West Bank and Gaza,2014 [YR2014],3.829
"Yemen, Rep.",2014 [YR2014],5.566
Zambia,2014 [YR2014],7.408
Zimbabwe,2014 [YR2014],9.123
Africa Eastern and Southern,2014 [YR2014],8.47902808209954
Africa Western and Central,2014 [YR2014],11.5750988450052
Arab World,2014 [YR2014],5.56789038173424
Caribbean small states,2014 [YR2014],7.28114407540044
Central Europe and the Baltics,2014 [YR2014],11.3748936046287
Early-demographic dividend,2014 [YR2014],6.6192845346955
East Asia & Pacific,2014 [YR2014],7.16238633176483
East Asia & Pacific (excluding high income),2014 [YR2014],7.04718894600961
East Asia & Pacific (IDA & IBRD countries),2014 [YR2014],7.03286435916022
Euro area,2014 [YR2014],9.50375568144509
Europe & Central Asia,2014 [YR2014],9.84236609002836
Europe & Central Asia (excluding high income),2014 [YR2014],8.25318214353631
Europe & Central Asia (IDA & IBRD countries),2014 [YR2014],10.2842288302045
European Union,2014 [YR2014],9.85010146481908
Fragile and conflict affected situations,2014 [YR2014],9.89024284720682
Heavily indebted poor countries (HIPC),2014 [YR2014],8.56368464834803
High income,2014 [YR2014],8.990609196804
IBRD only,2014 [YR2014],7.09038341706192
IDA & IBRD total,2014 [YR2014],7.44821581234535
IDA blend,2014 [YR2014],9.60249472892704
IDA only,2014 [YR2014],7.94108796584463
IDA total,2014 [YR2014],8.50300639140493
Late-demographic dividend,2014 [YR2014],7.38500917068726
Latin America & Caribbean,2014 [YR2014],6.16375065779861
Latin America & Caribbean (excluding high income),2014 [YR2014],6.14407564745292
Latin America & the Caribbean (IDA & IBRD countries),2014 [YR2014],6.09869184067635
Least developed countries: UN classification,2014 [YR2014],8.05219185108917
Low & middle income,2014 [YR2014],7.2810869122381
Low income,2014 [YR2014],8.65714317426846
Lower middle income,2014 [YR2014],7.29340378886121
Middle East & North Africa,2014 [YR2014],5.04482880575803
Middle East & North Africa (excluding high income),2014 [YR2014],5.41304018385974
Middle East & North Africa (IDA & IBRD countries),2014 [YR2014],5.43074775695855
Middle income,2014 [YR2014],7.13372900521461
North America,2014 [YR2014],8.14310061728885
OECD members,2014 [YR2014],8.11707200989254
Other small states,2014 [YR2014],7.54849787410291
Pacific island small states,2014 [YR2014],6.48083914306945
Post-demographic dividend,2014 [YR2014],9.07425971079096
Pre-demographic dividend,2014 [YR2014],9.84894039549971
Small states,2014 [YR2014],7.3642728644744
South Asia,2014 [YR2014],6.78377382506559
South Asia (IDA & IBRD),2014 [YR2014],6.78377382506559
Sub-Saharan Africa,2014 [YR2014],9.74167875756055
Sub-Saharan Africa (excluding high income),2014 [YR2014],9.74184737069042
Sub-Saharan Africa (IDA & IBRD countries),2014 [YR2014],9.74167875756055
Upper middle income,2014 [YR2014],6.97110755485001
World,2014 [YR2014],7.59007472284187
Viet Nam,2015 [YR2015],6.444
Afghanistan,2015 [YR2015],7.331
Albania,2015 [YR2015],7.947
Algeria,2015 [YR2015],4.437
Angola,2015 [YR2015],8.826
Antigua and Barbuda,2015 [YR2015],5.649
Argentina,2015 [YR2015],7.543
Armenia,2015 [YR2015],9.607
Aruba,2015 [YR2015],7.968
Australia,2015 [YR2015],6.6
Austria,2015 [YR2015],9.6
Azerbaijan,2015 [YR2015],5.7
"Bahamas, The",2015 [YR2015],6.724
Bahrain,2015 [YR2015],2.109
Bangladesh,2015 [YR2015],5.776
Barbados,2015 [YR2015],8.772
Belarus,2015 [YR2015],12.6
Belgium,2015 [YR2015],9.8
Belize,2015 [YR2015],4.7
Benin,2015 [YR2015],9.857
Bermuda,2015 [YR2015],7.7
Bhutan,2015 [YR2015],6.759
Bolivia,2015 [YR2015],7.216
Bosnia and Herzegovina,2015 [YR2015],12.011
Botswana,2015 [YR2015],7.435
Brazil,2015 [YR2015],6.433
British Virgin Islands,2015 [YR2015],5.62
Brunei Darussalam,2015 [YR2015],4.29
Bulgaria,2015 [YR2015],15.3
Burkina Faso,2015 [YR2015],9.634
Burundi,2015 [YR2015],8.553
Cabo Verde,2015 [YR2015],5.695
Cambodia,2015 [YR2015],5.81
Cameroon,2015 [YR2015],9.179
Canada,2015 [YR2015],7.4
Cayman Islands,2015 [YR2015],2.9
Central African Republic,2015 [YR2015],12.15
Chad,2015 [YR2015],13.693
Channel Islands,2015 [YR2015],8.47771132622233
Chile,2015 [YR2015],6.121
China,2015 [YR2015],7.07
Colombia,2015 [YR2015],5.168
Comoros,2015 [YR2015],8.685
"Congo, Dem. Rep.",2015 [YR2015],10.396
"Congo, Rep.",2015 [YR2015],7.196
Costa Rica,2015 [YR2015],5.034
Cote d'Ivoire,2015 [YR2015],9.543
Croatia,2015 [YR2015],12.9
Cuba,2015 [YR2015],9.063
Curacao,2015 [YR2015],8.8
Cyprus,2015 [YR2015],6.358
Czechia,2015 [YR2015],10.5
Denmark,2015 [YR2015],9.2
Djibouti,2015 [YR2015],8.598
Dominica,2015 [YR2015],10.93
Dominican Republic,2015 [YR2015],5.883
Ecuador,2015 [YR2015],4.773
"Egypt, Arab Rep.",2015 [YR2015],5.823
El Salvador,2015 [YR2015],7.07
Equatorial Guinea,2015 [YR2015],9.616
Eritrea,2015 [YR2015],6.654
Estonia,2015 [YR2015],11.6
Eswatini,2015 [YR2015],11.202
Ethiopia,2015 [YR2015],7.208
Faroe Islands,2015 [YR2015],7.8
Fiji,2015 [YR2015],8.05
Finland,2015 [YR2015],9.6
France,2015 [YR2015],8.9
French Polynesia,2015 [YR2015],3.037
Gabon,2015 [YR2015],7.418
"Gambia, The",2015 [YR2015],7.74
Georgia,2015 [YR2015],12.531
Germany,2015 [YR2015],11.3
Ghana,2015 [YR2015],7.773
Gibraltar,2015 [YR2015],8.606
Greece,2015 [YR2015],11.2
Greenland,2015 [YR2015],8.4
Grenada,2015 [YR2015],7.572
Guam,2015 [YR2015],5.958
Guatemala,2015 [YR2015],5.071
Guinea,2015 [YR2015],10.702
Guinea-Bissau,2015 [YR2015],9.223
Guyana,2015 [YR2015],7.431
Haiti,2015 [YR2015],8.181
Honduras,2015 [YR2015],4.147
"Hong Kong SAR, China",2015 [YR2015],6.3
Hungary,2015 [YR2015],13.4
Iceland,2015 [YR2015],6.6
India,2015 [YR2015],6.67
Indonesia,2015 [YR2015],7.46
"Iran, Islamic Rep.",2015 [YR2015],4.842
Iraq,2015 [YR2015],4.961
Ireland,2015 [YR2015],6.4
Isle of Man,2015 [YR2015],10.905
Israel,2015 [YR2015],5.3
Italy,2015 [YR2015],10.7
Jamaica,2015 [YR2015],6.653
Japan,2015 [YR2015],10.3
Jordan,2015 [YR2015],3.169
Kazakhstan,2015 [YR2015],7.46
Kenya,2015 [YR2015],7.361
Kiribati,2015 [YR2015],6.623
"Korea, Dem. People's Rep.",2015 [YR2015],8.088
"Korea, Rep.",2015 [YR2015],5.4
Kosovo,2015 [YR2015],4.841
Kuwait,2015 [YR2015],1.761
Kyrgyz Republic,2015 [YR2015],5.8
Lao PDR,2015 [YR2015],7.513
Latvia,2015 [YR2015],14.4
Lebanon,2015 [YR2015],4.235
Lesotho,2015 [YR2015],14.825
Liberia,2015 [YR2015],9.715
Libya,2015 [YR2015],5.427
Liechtenstein,2015 [YR2015],6.7
Lithuania,2015 [YR2015],14.4
Luxembourg,2015 [YR2015],7.0
"Macao SAR, China",2015 [YR2015],3.851
Madagascar,2015 [YR2015],7.049
Malawi,2015 [YR2015],8.005
Malaysia,2015 [YR2015],5.096
Maldives,2015 [YR2015],2.718
Mali,2015 [YR2015],10.211
Malta,2015 [YR2015],7.7
Marshall Islands,2015 [YR2015],6.975
Mauritania,2015 [YR2015],7.979
Mauritius,2015 [YR2015],7.7
Mexico,2015 [YR2015],6.007
"Micronesia, Fed. Sts.",2015 [YR2015],5.008
Moldova,2015 [YR2015],14.133
Monaco,2015 [YR2015],7.6
Mongolia,2015 [YR2015],6.158
Montenegro,2015 [YR2015],10.2
Morocco,2015 [YR2015],5.705
Mozambique,2015 [YR2015],9.506
Myanmar,2015 [YR2015],8.673
Namibia,2015 [YR2015],9.077
Nauru,2015 [YR2015],6.933
Nepal,2015 [YR2015],7.376
Netherlands,2015 [YR2015],8.7
New Caledonia,2015 [YR2015],5.4
New Zealand,2015 [YR2015],6.85
Nicaragua,2015 [YR2015],4.635
Niger,2015 [YR2015],8.799
Nigeria,2015 [YR2015],13.803
North Macedonia,2015 [YR2015],9.9
Norway,2015 [YR2015],7.8
Oman,2015 [YR2015],2.205
Pakistan,2015 [YR2015],7.097
Palau,2015 [YR2015],7.7
Panama,2015 [YR2015],4.875
Papua New Guinea,2015 [YR2015],6.585
Paraguay,2015 [YR2015],5.446
Peru,2015 [YR2015],6.438
Philippines,2015 [YR2015],5.736
Poland,2015 [YR2015],10.4
Portugal,2015 [YR2015],10.5
Puerto Rico,2015 [YR2015],8.084
Qatar,2015 [YR2015],1.032
Romania,2015 [YR2015],13.2
Russian Federation,2015 [YR2015],13.0
Rwanda,2015 [YR2015],6.724
Samoa,2015 [YR2015],5.281
San Marino,2015 [YR2015],7.1
Sao Tome and Principe,2015 [YR2015],6.198
Saudi Arabia,2015 [YR2015],2.542
Senegal,2015 [YR2015],6.109
Serbia,2015 [YR2015],14.6
Seychelles,2015 [YR2015],7.5
Sierra Leone,2015 [YR2015],10.712
Singapore,2015 [YR2015],4.8
Sint Maarten (Dutch part),2015 [YR2015],5.4
Slovak Republic,2015 [YR2015],9.9
Slovenia,2015 [YR2015],9.6
Solomon Islands,2015 [YR2015],5.26
Somalia,2015 [YR2015],12.447
South Africa,2015 [YR2015],9.259
South Sudan,2015 [YR2015],11.072
Spain,2015 [YR2015],9.1
Sri Lanka,2015 [YR2015],6.98
St. Kitts and Nevis,2015 [YR2015],9.763
St. Lucia,2015 [YR2015],7.706
St. Martin (French part),2015 [YR2015],4.257
St. Vincent and the Grenadines,2015 [YR2015],8.105
Sudan,2015 [YR2015],7.012
Suriname,2015 [YR2015],7.215
Sweden,2015 [YR2015],9.3
Switzerland,2015 [YR2015],8.2
Syrian Arab Republic,2015 [YR2015],7.297
Tajikistan,2015 [YR2015],5.43
Tanzania,2015 [YR2015],6.959
Thailand,2015 [YR2015],6.724
Timor-Leste,2015 [YR2015],7.549
Togo,2015 [YR2015],9.165
Tonga,2015 [YR2015],6.782
Trinidad and Tobago,2015 [YR2015],6.797
Tunisia,2015 [YR2015],5.811
Turkiye,2015 [YR2015],5.125
Turkmenistan,2015 [YR2015],6.53
Turks and Caicos Islands,2015 [YR2015],6.833
Tuvalu,2015 [YR2015],10.126
Uganda,2015 [YR2015],6.648
Ukraine,2015 [YR2015],14.9
United Arab Emirates,2015 [YR2015],1.014
United Kingdom,2015 [YR2015],9.2
United States,2015 [YR2015],8.44
Uruguay,2015 [YR2015],9.559
Uzbekistan,2015 [YR2015],4.9
Vanuatu,2015 [YR2015],6.001
"Venezuela, RB",2015 [YR2015],5.996
Virgin Islands (U.S.),2015 [YR2015],7.3
West Bank and Gaza,2015 [YR2015],3.304
"Yemen, Rep.",2015 [YR2015],6.137
Zambia,2015 [YR2015],7.196
Zimbabwe,2015 [YR2015],8.774
Africa Eastern and Southern,2015 [YR2015],8.24300208271378
Africa Western and Central,2015 [YR2015],11.3835998664691
Arab World,2015 [YR2015],5.49178317724523
Caribbean small states,2015 [YR2015],7.2070561155855
Central Europe and the Baltics,2015 [YR2015],11.8375558023478
Early-demographic dividend,2015 [YR2015],6.542568745788
East Asia & Pacific,2015 [YR2015],7.152174963688
East Asia & Pacific (excluding high income),2015 [YR2015],7.02189860205873
East Asia & Pacific (IDA & IBRD countries),2015 [YR2015],7.00847590666037
Euro area,2015 [YR2015],10.0933890820662
Europe & Central Asia,2015 [YR2015],10.1234926445093
Europe & Central Asia (excluding high income),2015 [YR2015],8.25758768720081
Europe & Central Asia (IDA & IBRD countries),2015 [YR2015],10.3172443563589
European Union,2015 [YR2015],10.396082640808
Fragile and conflict affected situations,2015 [YR2015],9.72874316155659
Heavily indebted poor countries (HIPC),2015 [YR2015],8.32772546569099
High income,2015 [YR2015],9.23893593940497
IBRD only,2015 [YR2015],7.05237310585616
IDA & IBRD total,2015 [YR2015],7.38464933092814
IDA blend,2015 [YR2015],9.48863270986803
IDA only,2015 [YR2015],7.77418096385977
IDA total,2015 [YR2015],8.35342206357107
Late-demographic dividend,2015 [YR2015],7.37607826048036
Latin America & Caribbean,2015 [YR2015],6.26061648929569
Latin America & Caribbean (excluding high income),2015 [YR2015],6.25283042207229
Latin America & the Caribbean (IDA & IBRD countries),2015 [YR2015],6.19679436803757
Least developed countries: UN classification,2015 [YR2015],7.88410275693261
Low & middle income,2015 [YR2015],7.21375291759416
Low income,2015 [YR2015],8.43220684601317
Lower middle income,2015 [YR2015],7.1955352600772
Middle East & North Africa,2015 [YR2015],4.9876885646994
Middle East & North Africa (excluding high income),2015 [YR2015],5.35239645581693
Middle East & North Africa (IDA & IBRD countries),2015 [YR2015],5.37541688570138
Middle income,2015 [YR2015],7.08155167463824
North America,2015 [YR2015],8.33571131599463
OECD members,2015 [YR2015],8.40613969637565
Other small states,2015 [YR2015],7.45856722117482
Pacific island small states,2015 [YR2015],6.59127037202539
Post-demographic dividend,2015 [YR2015],9.38954891568956
Pre-demographic dividend,2015 [YR2015],9.64242558735029
Small states,2015 [YR2015],7.303606931767
South Asia,2015 [YR2015],6.66842072239181
South Asia (IDA & IBRD),2015 [YR2015],6.66842072239181
Sub-Saharan Africa,2015 [YR2015],9.52383110635664
Sub-Saharan Africa (excluding high income),2015 [YR2015],9.52401553093742
Sub-Saharan Africa (IDA & IBRD countries),2015 [YR2015],9.52383110635664
Upper middle income,2015 [YR2015],6.96465673164749
World,2015 [YR2015],7.57906121222209
Viet Nam,2016 [YR2016],6.495
Afghanistan,2016 [YR2016],7.077
Albania,2016 [YR2016],8.035
Algeria,2016 [YR2016],4.472
Andorra,2016 [YR2016],4.3
Angola,2016 [YR2016],8.555
Antigua and Barbuda,2016 [YR2016],5.662
Argentina,2016 [YR2016],7.947
Armenia,2016 [YR2016],9.634
Aruba,2016 [YR2016],8.336
Australia,2016 [YR2016],6.6
Austria,2016 [YR2016],9.2
Azerbaijan,2016 [YR2016],5.8
"Bahamas, The",2016 [YR2016],6.717
Bahrain,2016 [YR2016],2.071
Bangladesh,2016 [YR2016],5.632
Barbados,2016 [YR2016],8.792
Belarus,2016 [YR2016],12.6
Belgium,2016 [YR2016],9.5
Belize,2016 [YR2016],4.695
Benin,2016 [YR2016],9.761
Bermuda,2016 [YR2016],7.7
Bhutan,2016 [YR2016],6.837
Bolivia,2016 [YR2016],7.104
Bosnia and Herzegovina,2016 [YR2016],11.613
Botswana,2016 [YR2016],6.783
Brazil,2016 [YR2016],6.538
British Virgin Islands,2016 [YR2016],5.718
Brunei Darussalam,2016 [YR2016],4.42
Bulgaria,2016 [YR2016],15.1
Burkina Faso,2016 [YR2016],9.313
Burundi,2016 [YR2016],8.18
Cabo Verde,2016 [YR2016],5.198
Cambodia,2016 [YR2016],5.779
Cameroon,2016 [YR2016],8.886
Canada,2016 [YR2016],7.4
Cayman Islands,2016 [YR2016],3.1
Central African Republic,2016 [YR2016],11.711
Chad,2016 [YR2016],13.291
Channel Islands,2016 [YR2016],8.6122122391141
Chile,2016 [YR2016],6.107
China,2016 [YR2016],7.04
Colombia,2016 [YR2016],5.213
Comoros,2016 [YR2016],8.516
"Congo, Dem. Rep.",2016 [YR2016],10.077
"Congo, Rep.",2016 [YR2016],7.02
Costa Rica,2016 [YR2016],4.986
Cote d'Ivoire,2016 [YR2016],9.374
Croatia,2016 [YR2016],12.3
Cuba,2016 [YR2016],9.348
Curacao,2016 [YR2016],9.3
Cyprus,2016 [YR2016],6.462
Czechia,2016 [YR2016],10.2
Denmark,2016 [YR2016],9.2
Djibouti,2016 [YR2016],8.568
Dominica,2016 [YR2016],10.714
Dominican Republic,2016 [YR2016],5.964
Ecuador,2016 [YR2016],4.86
"Egypt, Arab Rep.",2016 [YR2016],5.662
El Salvador,2016 [YR2016],6.925
Equatorial Guinea,2016 [YR2016],9.345
Eritrea,2016 [YR2016],6.58
Estonia,2016 [YR2016],11.7
Eswatini,2016 [YR2016],10.45
Ethiopia,2016 [YR2016],6.93
Faroe Islands,2016 [YR2016],7.7
Fiji,2016 [YR2016],7.885
Finland,2016 [YR2016],9.8
France,2016 [YR2016],8.9
French Polynesia,2016 [YR2016],3.126
Gabon,2016 [YR2016],7.238
"Gambia, The",2016 [YR2016],7.454
Georgia,2016 [YR2016],12.411
Germany,2016 [YR2016],11.1
Ghana,2016 [YR2016],7.46
Gibraltar,2016 [YR2016],8.032
Greece,2016 [YR2016],11.0
Greenland,2016 [YR2016],8.7
Grenada,2016 [YR2016],7.82
Guam,2016 [YR2016],6.046
Guatemala,2016 [YR2016],5.038
Guinea,2016 [YR2016],10.352
Guinea-Bissau,2016 [YR2016],8.898
Guyana,2016 [YR2016],7.475
Haiti,2016 [YR2016],8.161
Honduras,2016 [YR2016],4.183
"Hong Kong SAR, China",2016 [YR2016],6.4
Hungary,2016 [YR2016],13.0
Iceland,2016 [YR2016],6.9
India,2016 [YR2016],6.603
Indonesia,2016 [YR2016],7.529
"Iran, Islamic Rep.",2016 [YR2016],4.726
Iraq,2016 [YR2016],5.13
Ireland,2016 [YR2016],6.4
Isle of Man,2016 [YR2016],9.979
Israel,2016 [YR2016],5.2
Italy,2016 [YR2016],10.1
Jamaica,2016 [YR2016],6.971
Japan,2016 [YR2016],10.5
Jordan,2016 [YR2016],3.169
Kazakhstan,2016 [YR2016],7.37
Kenya,2016 [YR2016],7.34
Kiribati,2016 [YR2016],6.519
"Korea, Dem. People's Rep.",2016 [YR2016],8.327
"Korea, Rep.",2016 [YR2016],5.5
Kosovo,2016 [YR2016],4.973
Kuwait,2016 [YR2016],1.811
Kyrgyz Republic,2016 [YR2016],5.5
Lao PDR,2016 [YR2016],7.135
Latvia,2016 [YR2016],14.6
Lebanon,2016 [YR2016],4.343
Lesotho,2016 [YR2016],14.126
Liberia,2016 [YR2016],9.059
Libya,2016 [YR2016],5.48
Liechtenstein,2016 [YR2016],7.2
Lithuania,2016 [YR2016],14.3
Luxembourg,2016 [YR2016],6.8
"Macao SAR, China",2016 [YR2016],3.877
Madagascar,2016 [YR2016],6.81
Malawi,2016 [YR2016],7.541
Malaysia,2016 [YR2016],5.109
Maldives,2016 [YR2016],2.738
Mali,2016 [YR2016],9.927
Malta,2016 [YR2016],7.3
Marshall Islands,2016 [YR2016],7.021
Mauritania,2016 [YR2016],7.707
Mauritius,2016 [YR2016],8.1
Mexico,2016 [YR2016],6.305
"Micronesia, Fed. Sts.",2016 [YR2016],5.073
Moldova,2016 [YR2016],13.54
Monaco,2016 [YR2016],7.9
Mongolia,2016 [YR2016],6.075
Montenegro,2016 [YR2016],10.4
Morocco,2016 [YR2016],5.674
Mozambique,2016 [YR2016],9.049
Myanmar,2016 [YR2016],8.753
Namibia,2016 [YR2016],8.686
Nauru,2016 [YR2016],6.76
Nepal,2016 [YR2016],6.93
Netherlands,2016 [YR2016],8.7
New Caledonia,2016 [YR2016],5.8
New Zealand,2016 [YR2016],6.61
Nicaragua,2016 [YR2016],4.633
Niger,2016 [YR2016],8.512
Nigeria,2016 [YR2016],13.638
North Macedonia,2016 [YR2016],9.853364793075
Norway,2016 [YR2016],7.8
Oman,2016 [YR2016],2.154
Pakistan,2016 [YR2016],7.036
Palau,2016 [YR2016],9.9
Panama,2016 [YR2016],4.904
Papua New Guinea,2016 [YR2016],6.57
Paraguay,2016 [YR2016],5.398
Peru,2016 [YR2016],6.318
Philippines,2016 [YR2016],5.695
Poland,2016 [YR2016],10.2
Portugal,2016 [YR2016],10.7
Puerto Rico,2016 [YR2016],8.86
Qatar,2016 [YR2016],0.991
Romania,2016 [YR2016],13.1
Russian Federation,2016 [YR2016],12.9
Rwanda,2016 [YR2016],6.49
Samoa,2016 [YR2016],5.29
San Marino,2016 [YR2016],7.6
Sao Tome and Principe,2016 [YR2016],6.123
Saudi Arabia,2016 [YR2016],2.605
Senegal,2016 [YR2016],5.84
Serbia,2016 [YR2016],14.3
Seychelles,2016 [YR2016],7.9
Sierra Leone,2016 [YR2016],10.046
Singapore,2016 [YR2016],4.8
Sint Maarten (Dutch part),2016 [YR2016],4.1
Slovak Republic,2016 [YR2016],9.6
Slovenia,2016 [YR2016],9.5
Solomon Islands,2016 [YR2016],5.176
Somalia,2016 [YR2016],12.275
South Africa,2016 [YR2016],8.924
South Sudan,2016 [YR2016],11.01
Spain,2016 [YR2016],8.8
Sri Lanka,2016 [YR2016],6.896
St. Kitts and Nevis,2016 [YR2016],9.372
St. Lucia,2016 [YR2016],7.848
St. Martin (French part),2016 [YR2016],4.345
St. Vincent and the Grenadines,2016 [YR2016],8.385
Sudan,2016 [YR2016],6.974
Suriname,2016 [YR2016],6.941
Sweden,2016 [YR2016],9.2
Switzerland,2016 [YR2016],7.8
Syrian Arab Republic,2016 [YR2016],6.999
Tajikistan,2016 [YR2016],5.325
Tanzania,2016 [YR2016],6.65
Thailand,2016 [YR2016],6.814
Timor-Leste,2016 [YR2016],7.343
Togo,2016 [YR2016],9.092
Tonga,2016 [YR2016],6.817
Trinidad and Tobago,2016 [YR2016],7.134
Tunisia,2016 [YR2016],5.883
Turkiye,2016 [YR2016],5.234
Turkmenistan,2016 [YR2016],6.574
Turks and Caicos Islands,2016 [YR2016],7.083
Tuvalu,2016 [YR2016],10.111
Uganda,2016 [YR2016],6.368
Ukraine,2016 [YR2016],14.7
United Arab Emirates,2016 [YR2016],1.102
United Kingdom,2016 [YR2016],9.1
United States,2016 [YR2016],8.493
Uruguay,2016 [YR2016],9.628
Uzbekistan,2016 [YR2016],4.9
Vanuatu,2016 [YR2016],5.921
"Venezuela, RB",2016 [YR2016],6.574
Virgin Islands (U.S.),2016 [YR2016],7.5
West Bank and Gaza,2016 [YR2016],3.302
"Yemen, Rep.",2016 [YR2016],6.052
Zambia,2016 [YR2016],6.941
Zimbabwe,2016 [YR2016],8.441
Africa Eastern and Southern,2016 [YR2016],7.97715113624097
Africa Western and Central,2016 [YR2016],11.1456803979459
Arab World,2016 [YR2016],5.44025309929466
Caribbean small states,2016 [YR2016],7.17373766350967
Central Europe and the Baltics,2016 [YR2016],11.6167153702132
Early-demographic dividend,2016 [YR2016],6.49347573284928
East Asia & Pacific,2016 [YR2016],7.16253617045755
East Asia & Pacific (excluding high income),2016 [YR2016],7.01632546437844
East Asia & Pacific (IDA & IBRD countries),2016 [YR2016],6.9998852438217
Euro area,2016 [YR2016],9.86890161956919
Europe & Central Asia,2016 [YR2016],9.96705834623261
Europe & Central Asia (excluding high income),2016 [YR2016],8.18683560850056
Europe & Central Asia (IDA & IBRD countries),2016 [YR2016],10.2092529192314
European Union,2016 [YR2016],10.1770502453908
Fragile and conflict affected situations,2016 [YR2016],9.56742332681505
Heavily indebted poor countries (HIPC),2016 [YR2016],8.06187400473303
High income,2016 [YR2016],9.17944942248887
IBRD only,2016 [YR2016],7.02680235257367
IDA & IBRD total,2016 [YR2016],7.32260566900077
IDA blend,2016 [YR2016],9.39201269489177
IDA only,2016 [YR2016],7.55599262348463
IDA total,2016 [YR2016],8.17503453646782
Late-demographic dividend,2016 [YR2016],7.35761135154291
Latin America & Caribbean,2016 [YR2016],6.41605352557472
Latin America & Caribbean (excluding high income),2016 [YR2016],6.38871160916887
Latin America & the Caribbean (IDA & IBRD countries),2016 [YR2016],6.34727791968285
Least developed countries: UN classification,2016 [YR2016],7.65797076235923
Low & middle income,2016 [YR2016],7.15457822649349
Low income,2016 [YR2016],8.18329121461007
Lower middle income,2016 [YR2016],7.1085160895224
Middle East & North Africa,2016 [YR2016],4.92283961497652
Middle East & North Africa (excluding high income),2016 [YR2016],5.28307878766849
Middle East & North Africa (IDA & IBRD countries),2016 [YR2016],5.30545551808673
Middle income,2016 [YR2016],7.04131619054438
North America,2016 [YR2016],8.38299342521294
OECD members,2016 [YR2016],8.39371009436841
Other small states,2016 [YR2016],7.3870255145518
Pacific island small states,2016 [YR2016],6.50002765968438
Post-demographic dividend,2016 [YR2016],9.33305389017193
Pre-demographic dividend,2016 [YR2016],9.41930035289134
Small states,2016 [YR2016],7.23573510093589
South Asia,2016 [YR2016],6.58611397850918
South Asia (IDA & IBRD),2016 [YR2016],6.58611397850918
Sub-Saharan Africa,2016 [YR2016],9.26961762034306
Sub-Saharan Africa (excluding high income),2016 [YR2016],9.26974079661152
Sub-Saharan Africa (IDA & IBRD countries),2016 [YR2016],9.26961762034306
Upper middle income,2016 [YR2016],6.97192125032088
World,2016 [YR2016],7.52035608692087
Viet Nam,2017 [YR2017],6.577
Afghanistan,2017 [YR2017],7.027
Albania,2017 [YR2017],8.15
Algeria,2017 [YR2017],4.542
American Samoa,2017 [YR2017],5.1
Angola,2017 [YR2017],8.242
Antigua and Barbuda,2017 [YR2017],5.746
Argentina,2017 [YR2017],7.692
Armenia,2017 [YR2017],9.664
Aruba,2017 [YR2017],8.414
Australia,2017 [YR2017],6.5
Austria,2017 [YR2017],9.5
Azerbaijan,2017 [YR2017],5.8
"Bahamas, The",2017 [YR2017],6.84
Bahrain,2017 [YR2017],2.039
Bangladesh,2017 [YR2017],5.442
Barbados,2017 [YR2017],8.85
Belarus,2017 [YR2017],12.6
Belgium,2017 [YR2017],9.6
Belize,2017 [YR2017],4.712
Benin,2017 [YR2017],9.592
Bermuda,2017 [YR2017],7.5
Bhutan,2017 [YR2017],6.94
Bolivia,2017 [YR2017],7.107
Bosnia and Herzegovina,2017 [YR2017],11.842
Botswana,2017 [YR2017],6.308
Brazil,2017 [YR2017],6.493
British Virgin Islands,2017 [YR2017],6.143
Brunei Darussalam,2017 [YR2017],4.556
Bulgaria,2017 [YR2017],15.5
Burkina Faso,2017 [YR2017],9.113
Burundi,2017 [YR2017],7.772
Cabo Verde,2017 [YR2017],4.868
Cambodia,2017 [YR2017],5.775
Cameroon,2017 [YR2017],8.594
Canada,2017 [YR2017],7.6
Cayman Islands,2017 [YR2017],3.4
Central African Republic,2017 [YR2017],11.544
Chad,2017 [YR2017],13.043
Channel Islands,2017 [YR2017],8.81275913204007
Chile,2017 [YR2017],6.139
China,2017 [YR2017],7.06
Colombia,2017 [YR2017],5.249
Comoros,2017 [YR2017],8.326
"Congo, Dem. Rep.",2017 [YR2017],9.865
"Congo, Rep.",2017 [YR2017],6.924
Costa Rica,2017 [YR2017],5.18
Cote d'Ivoire,2017 [YR2017],9.17
Croatia,2017 [YR2017],13.0
Cuba,2017 [YR2017],9.622
Curacao,2017 [YR2017],8.9
Cyprus,2017 [YR2017],6.453
Czechia,2017 [YR2017],10.5
Denmark,2017 [YR2017],9.2
Djibouti,2017 [YR2017],8.37
Dominica,2017 [YR2017],11.455
Dominican Republic,2017 [YR2017],6.032
Ecuador,2017 [YR2017],4.872
"Egypt, Arab Rep.",2017 [YR2017],5.482
El Salvador,2017 [YR2017],6.857
Equatorial Guinea,2017 [YR2017],9.096
Eritrea,2017 [YR2017],6.504
Estonia,2017 [YR2017],11.8
Eswatini,2017 [YR2017],9.936
Ethiopia,2017 [YR2017],6.767
Faroe Islands,2017 [YR2017],9.0
Fiji,2017 [YR2017],7.703
Finland,2017 [YR2017],9.8
France,2017 [YR2017],9.1
French Polynesia,2017 [YR2017],3.219
Gabon,2017 [YR2017],7.054
"Gambia, The",2017 [YR2017],7.396
Georgia,2017 [YR2017],12.603
Germany,2017 [YR2017],11.3
Ghana,2017 [YR2017],7.39
Gibraltar,2017 [YR2017],8.182
Greece,2017 [YR2017],11.6
Greenland,2017 [YR2017],8.9
Grenada,2017 [YR2017],7.9
Guam,2017 [YR2017],6.127
Guatemala,2017 [YR2017],5.015
Guinea,2017 [YR2017],10.121
Guinea-Bissau,2017 [YR2017],8.642
Guyana,2017 [YR2017],7.472
Haiti,2017 [YR2017],8.014
Honduras,2017 [YR2017],4.221
"Hong Kong SAR, China",2017 [YR2017],6.3
Hungary,2017 [YR2017],13.5
Iceland,2017 [YR2017],6.5
India,2017 [YR2017],6.593
Indonesia,2017 [YR2017],7.579
"Iran, Islamic Rep.",2017 [YR2017],4.692
Iraq,2017 [YR2017],4.637
Ireland,2017 [YR2017],6.3
Isle of Man,2017 [YR2017],10.023
Israel,2017 [YR2017],5.2
Italy,2017 [YR2017],10.7
Jamaica,2017 [YR2017],7.145
Japan,2017 [YR2017],10.8
Jordan,2017 [YR2017],3.155
Kazakhstan,2017 [YR2017],7.15
Kenya,2017 [YR2017],7.294
Kiribati,2017 [YR2017],6.426
"Korea, Dem. People's Rep.",2017 [YR2017],8.502
"Korea, Rep.",2017 [YR2017],5.6
Kosovo,2017 [YR2017],5.262
Kuwait,2017 [YR2017],1.914
Kyrgyz Republic,2017 [YR2017],5.4
Lao PDR,2017 [YR2017],6.91
Latvia,2017 [YR2017],14.8
Lebanon,2017 [YR2017],4.495
Lesotho,2017 [YR2017],13.651
Liberia,2017 [YR2017],8.954
Libya,2017 [YR2017],5.284
Liechtenstein,2017 [YR2017],6.6
Lithuania,2017 [YR2017],14.2
Luxembourg,2017 [YR2017],7.1
"Macao SAR, China",2017 [YR2017],3.864
Madagascar,2017 [YR2017],6.79
Malawi,2017 [YR2017],7.149
Malaysia,2017 [YR2017],5.132
Maldives,2017 [YR2017],2.784
Mali,2017 [YR2017],9.637
Malta,2017 [YR2017],7.6
Marshall Islands,2017 [YR2017],7.097
Mauritania,2017 [YR2017],7.446
Mauritius,2017 [YR2017],8.0
Mexico,2017 [YR2017],6.615
"Micronesia, Fed. Sts.",2017 [YR2017],5.265
Moldova,2017 [YR2017],13.088
Mongolia,2017 [YR2017],5.994
Montenegro,2017 [YR2017],10.5
Morocco,2017 [YR2017],5.642
Mozambique,2017 [YR2017],8.69
Myanmar,2017 [YR2017],8.808
Namibia,2017 [YR2017],8.47
Nauru,2017 [YR2017],6.65
Nepal,2017 [YR2017],6.971
Netherlands,2017 [YR2017],8.8
New Caledonia,2017 [YR2017],5.7
New Zealand,2017 [YR2017],6.92
Nicaragua,2017 [YR2017],4.619
Niger,2017 [YR2017],8.239
Nigeria,2017 [YR2017],13.435
North Macedonia,2017 [YR2017],9.8
Norway,2017 [YR2017],7.7
Oman,2017 [YR2017],2.155
Pakistan,2017 [YR2017],6.89
Palau,2017 [YR2017],10.3
Panama,2017 [YR2017],4.947
Papua New Guinea,2017 [YR2017],6.508
Paraguay,2017 [YR2017],5.445
Peru,2017 [YR2017],6.173
Philippines,2017 [YR2017],5.665
Poland,2017 [YR2017],10.6
Portugal,2017 [YR2017],10.7
Puerto Rico,2017 [YR2017],9.222
Qatar,2017 [YR2017],0.985
Romania,2017 [YR2017],13.4
Russian Federation,2017 [YR2017],12.4
Rwanda,2017 [YR2017],6.367
Samoa,2017 [YR2017],5.29
San Marino,2017 [YR2017],8.2
Sao Tome and Principe,2017 [YR2017],5.863
Saudi Arabia,2017 [YR2017],2.64
Senegal,2017 [YR2017],5.721
Serbia,2017 [YR2017],14.8
Seychelles,2017 [YR2017],7.8
Sierra Leone,2017 [YR2017],9.88
Singapore,2017 [YR2017],5.0
Sint Maarten (Dutch part),2017 [YR2017],4.2
Slovak Republic,2017 [YR2017],9.9
Slovenia,2017 [YR2017],9.9
Solomon Islands,2017 [YR2017],5.11
Somalia,2017 [YR2017],11.891
South Africa,2017 [YR2017],8.802
South Sudan,2017 [YR2017],11.01
Spain,2017 [YR2017],9.1
Sri Lanka,2017 [YR2017],7.029
St. Kitts and Nevis,2017 [YR2017],9.443
St. Lucia,2017 [YR2017],7.968
St. Martin (French part),2017 [YR2017],4.747
St. Vincent and the Grenadines,2017 [YR2017],8.592
Sudan,2017 [YR2017],6.728
Suriname,2017 [YR2017],6.672
Sweden,2017 [YR2017],9.1
Switzerland,2017 [YR2017],7.9
Syrian Arab Republic,2017 [YR2017],6.033
Tajikistan,2017 [YR2017],5.172
Tanzania,2017 [YR2017],6.402
Thailand,2017 [YR2017],6.897
Timor-Leste,2017 [YR2017],7.163
Togo,2017 [YR2017],8.803
Tonga,2017 [YR2017],6.855
Trinidad and Tobago,2017 [YR2017],7.386
Tunisia,2017 [YR2017],5.974
Turkiye,2017 [YR2017],5.129
Turkmenistan,2017 [YR2017],6.537
Turks and Caicos Islands,2017 [YR2017],7.328
Tuvalu,2017 [YR2017],10.082
Uganda,2017 [YR2017],6.169
Ukraine,2017 [YR2017],14.5
United Arab Emirates,2017 [YR2017],1.202
United Kingdom,2017 [YR2017],9.2
United States,2017 [YR2017],8.638
Uruguay,2017 [YR2017],9.724
Uzbekistan,2017 [YR2017],5.0
Vanuatu,2017 [YR2017],5.829
"Venezuela, RB",2017 [YR2017],6.735
Virgin Islands (U.S.),2017 [YR2017],7.7
West Bank and Gaza,2017 [YR2017],3.26
"Yemen, Rep.",2017 [YR2017],6.082
Zambia,2017 [YR2017],6.809
Zimbabwe,2017 [YR2017],8.266
Africa Eastern and Southern,2017 [YR2017],7.77693089797363
Africa Western and Central,2017 [YR2017],10.9397067072385
Arab World,2017 [YR2017],5.28713285114529
Caribbean small states,2017 [YR2017],7.1725835852849
Central Europe and the Baltics,2017 [YR2017],11.9755736011805
Early-demographic dividend,2017 [YR2017],6.45676486804361
East Asia & Pacific,2017 [YR2017],7.20253348520039
East Asia & Pacific (excluding high income),2017 [YR2017],7.04284918410968
East Asia & Pacific (IDA & IBRD countries),2017 [YR2017],7.02460068701479
Euro area,2017 [YR2017],10.1486608496622
Europe & Central Asia,2017 [YR2017],10.0033008905199
Europe & Central Asia (excluding high income),2017 [YR2017],8.08676514017165
Europe & Central Asia (IDA & IBRD countries),2017 [YR2017],10.0464304306184
European Union,2017 [YR2017],10.4606525720654
Fragile and conflict affected situations,2017 [YR2017],9.37036060672735
Heavily indebted poor countries (HIPC),2017 [YR2017],7.87010122085816
High income,2017 [YR2017],9.28953240118946
IBRD only,2017 [YR2017],7.00896132802538
IDA & IBRD total,2017 [YR2017],7.27113361373973
IDA blend,2017 [YR2017],9.25469916771855
IDA only,2017 [YR2017],7.3901853654001
IDA total,2017 [YR2017],8.01749682142709
Late-demographic dividend,2017 [YR2017],7.35042890122475
Latin America & Caribbean,2017 [YR2017],6.45468036945792
Latin America & Caribbean (excluding high income),2017 [YR2017],6.41910223718243
Latin America & the Caribbean (IDA & IBRD countries),2017 [YR2017],6.3808436578946
Least developed countries: UN classification,2017 [YR2017],7.48930596519283
Low & middle income,2017 [YR2017],7.11089410666544
Low income,2017 [YR2017],7.98367801760768
Lower middle income,2017 [YR2017],7.05062832359057
Middle East & North Africa,2017 [YR2017],4.80505148033301
Middle East & North Africa (excluding high income),2017 [YR2017],5.14055132907274
Middle East & North Africa (IDA & IBRD countries),2017 [YR2017],5.16184913368494
Middle income,2017 [YR2017],7.01327893812671
North America,2017 [YR2017],8.53293252548502
OECD members,2017 [YR2017],8.57416119365876
Other small states,2017 [YR2017],7.26312230527114
Pacific island small states,2017 [YR2017],6.3988602848049
Post-demographic dividend,2017 [YR2017],9.51174759596021
Pre-demographic dividend,2017 [YR2017],9.19583055809107
Small states,2017 [YR2017],7.13465707416314
South Asia,2017 [YR2017],6.54581347423025
South Asia (IDA & IBRD),2017 [YR2017],6.54581347423025
Sub-Saharan Africa,2017 [YR2017],9.0669300331584
Sub-Saharan Africa (excluding high income),2017 [YR2017],9.06704237700496
Sub-Saharan Africa (IDA & IBRD countries),2017 [YR2017],9.0669300331584
Upper middle income,2017 [YR2017],6.97445553001373
World,2017 [YR2017],7.50271647345377
Viet Nam,2018 [YR2018],6.663
Afghanistan,2018 [YR2018],6.981
Albania,2018 [YR2018],8.308
Algeria,2018 [YR2018],4.482
Andorra,2018 [YR2018],4.4
Angola,2018 [YR2018],7.99
Antigua and Barbuda,2018 [YR2018],5.787
Argentina,2018 [YR2018],7.68
Armenia,2018 [YR2018],9.75
Aruba,2018 [YR2018],8.597
Australia,2018 [YR2018],6.3
Austria,2018 [YR2018],9.5
Azerbaijan,2018 [YR2018],5.8
"Bahamas, The",2018 [YR2018],6.935
Bahrain,2018 [YR2018],1.992
Bangladesh,2018 [YR2018],5.241
Barbados,2018 [YR2018],8.927
Belarus,2018 [YR2018],12.7
Belgium,2018 [YR2018],9.7
Belize,2018 [YR2018],4.74
Benin,2018 [YR2018],9.428
Bermuda,2018 [YR2018],8.3
Bhutan,2018 [YR2018],6.766
Bolivia,2018 [YR2018],7.124
Bosnia and Herzegovina,2018 [YR2018],12.056
Botswana,2018 [YR2018],6.922
Brazil,2018 [YR2018],6.516
British Virgin Islands,2018 [YR2018],5.988
Brunei Darussalam,2018 [YR2018],4.7
Bulgaria,2018 [YR2018],15.4
Burkina Faso,2018 [YR2018],8.809
Burundi,2018 [YR2018],7.648
Cabo Verde,2018 [YR2018],5.275
Cambodia,2018 [YR2018],5.874
Cameroon,2018 [YR2018],8.379
Canada,2018 [YR2018],7.7
Cayman Islands,2018 [YR2018],3.3
Central African Republic,2018 [YR2018],11.23
Chad,2018 [YR2018],12.671
Channel Islands,2018 [YR2018],8.71701971194375
Chile,2018 [YR2018],6.327
China,2018 [YR2018],7.08
Colombia,2018 [YR2018],5.311
Comoros,2018 [YR2018],8.235
"Congo, Dem. Rep.",2018 [YR2018],9.573
"Congo, Rep.",2018 [YR2018],6.797
Costa Rica,2018 [YR2018],5.276
Cote d'Ivoire,2018 [YR2018],8.961
Croatia,2018 [YR2018],12.9
Cuba,2018 [YR2018],9.815
Curacao,2018 [YR2018],8.8
Cyprus,2018 [YR2018],6.612
Czechia,2018 [YR2018],10.6
Denmark,2018 [YR2018],9.5
Djibouti,2018 [YR2018],8.347
Dominica,2018 [YR2018],8.417
Dominican Republic,2018 [YR2018],6.06
Ecuador,2018 [YR2018],4.911
"Egypt, Arab Rep.",2018 [YR2018],5.511
El Salvador,2018 [YR2018],6.938
Equatorial Guinea,2018 [YR2018],8.85
Eritrea,2018 [YR2018],6.353
Estonia,2018 [YR2018],11.9
Eswatini,2018 [YR2018],9.324
Ethiopia,2018 [YR2018],6.569
Faroe Islands,2018 [YR2018],7.8
Fiji,2018 [YR2018],7.832
Finland,2018 [YR2018],9.9
France,2018 [YR2018],9.1
French Polynesia,2018 [YR2018],3.31
Gabon,2018 [YR2018],6.986
"Gambia, The",2018 [YR2018],7.323
Georgia,2018 [YR2018],12.963
Germany,2018 [YR2018],11.5
Ghana,2018 [YR2018],7.373
Gibraltar,2018 [YR2018],8.191
Greece,2018 [YR2018],11.2
Greenland,2018 [YR2018],8.7
Grenada,2018 [YR2018],7.956
Guam,2018 [YR2018],6.21
Guatemala,2018 [YR2018],4.995
Guinea,2018 [YR2018],9.94
Guinea-Bissau,2018 [YR2018],8.401
Guyana,2018 [YR2018],7.499
Haiti,2018 [YR2018],7.998
Honduras,2018 [YR2018],4.257
"Hong Kong SAR, China",2018 [YR2018],6.4
Hungary,2018 [YR2018],13.4
Iceland,2018 [YR2018],6.4
India,2018 [YR2018],6.644
Indonesia,2018 [YR2018],7.496
"Iran, Islamic Rep.",2018 [YR2018],4.715
Iraq,2018 [YR2018],4.282
Ireland,2018 [YR2018],6.4
Isle of Man,2018 [YR2018],10.054
Israel,2018 [YR2018],5.0
Italy,2018 [YR2018],10.5
Jamaica,2018 [YR2018],7.318
Japan,2018 [YR2018],11.0
Jordan,2018 [YR2018],3.15
Kazakhstan,2018 [YR2018],7.14
Kenya,2018 [YR2018],7.305
Kiribati,2018 [YR2018],6.345
"Korea, Dem. People's Rep.",2018 [YR2018],8.721
"Korea, Rep.",2018 [YR2018],5.8
Kosovo,2018 [YR2018],5.505
Kuwait,2018 [YR2018],2.052
Kyrgyz Republic,2018 [YR2018],5.2
Lao PDR,2018 [YR2018],6.755
Latvia,2018 [YR2018],15.0
Lebanon,2018 [YR2018],4.704
Lesotho,2018 [YR2018],13.259
Liberia,2018 [YR2018],8.793
Libya,2018 [YR2018],5.245
Liechtenstein,2018 [YR2018],7.2
Lithuania,2018 [YR2018],14.1
Luxembourg,2018 [YR2018],7.1
"Macao SAR, China",2018 [YR2018],3.86
Madagascar,2018 [YR2018],6.736
Malawi,2018 [YR2018],6.955
Malaysia,2018 [YR2018],5.175
Maldives,2018 [YR2018],2.828
Mali,2018 [YR2018],9.419
Malta,2018 [YR2018],7.6
Marshall Islands,2018 [YR2018],7.187
Mauritania,2018 [YR2018],7.248
Mauritius,2018 [YR2018],8.5
Mexico,2018 [YR2018],6.856
"Micronesia, Fed. Sts.",2018 [YR2018],5.472
Moldova,2018 [YR2018],13.339
Monaco,2018 [YR2018],6.6
Mongolia,2018 [YR2018],5.663
Montenegro,2018 [YR2018],10.5
Morocco,2018 [YR2018],5.637
Mozambique,2018 [YR2018],8.337
Myanmar,2018 [YR2018],8.622
Namibia,2018 [YR2018],8.403
Nauru,2018 [YR2018],6.566
Nepal,2018 [YR2018],7.041
Netherlands,2018 [YR2018],8.9
New Caledonia,2018 [YR2018],5.7
New Zealand,2018 [YR2018],6.78
Nicaragua,2018 [YR2018],4.605
Niger,2018 [YR2018],8.061
Nigeria,2018 [YR2018],13.239
North Macedonia,2018 [YR2018],9.5
Norway,2018 [YR2018],7.7
Oman,2018 [YR2018],2.172
Pakistan,2018 [YR2018],6.843
Palau,2018 [YR2018],7.8
Panama,2018 [YR2018],5.013
Papua New Guinea,2018 [YR2018],6.532
Paraguay,2018 [YR2018],5.569
Peru,2018 [YR2018],6.103
Philippines,2018 [YR2018],5.631
Poland,2018 [YR2018],10.9
Portugal,2018 [YR2018],11.0
Puerto Rico,2018 [YR2018],9.063
Qatar,2018 [YR2018],0.982
Romania,2018 [YR2018],13.6
Russian Federation,2018 [YR2018],12.5
Rwanda,2018 [YR2018],6.227
Samoa,2018 [YR2018],5.297
San Marino,2018 [YR2018],7.1
Sao Tome and Principe,2018 [YR2018],5.879
Saudi Arabia,2018 [YR2018],2.655
Senegal,2018 [YR2018],5.579
Serbia,2018 [YR2018],14.6
Seychelles,2018 [YR2018],8.4
Sierra Leone,2018 [YR2018],9.308
Singapore,2018 [YR2018],5.0
Sint Maarten (Dutch part),2018 [YR2018],4.0
Slovak Republic,2018 [YR2018],10.0
Slovenia,2018 [YR2018],9.9
Solomon Islands,2018 [YR2018],5.052
Somalia,2018 [YR2018],11.444
South Africa,2018 [YR2018],8.765
South Sudan,2018 [YR2018],10.584
Spain,2018 [YR2018],9.1
Sri Lanka,2018 [YR2018],7.037
St. Kitts and Nevis,2018 [YR2018],9.83
St. Lucia,2018 [YR2018],7.976
St. Martin (French part),2018 [YR2018],4.176
St. Vincent and the Grenadines,2018 [YR2018],8.906
Sudan,2018 [YR2018],6.647
Suriname,2018 [YR2018],6.753
Sweden,2018 [YR2018],9.1
Switzerland,2018 [YR2018],7.9
Syrian Arab Republic,2018 [YR2018],5.554
Tajikistan,2018 [YR2018],5.014
Tanzania,2018 [YR2018],6.177
Thailand,2018 [YR2018],7.027
Timor-Leste,2018 [YR2018],7.012
Togo,2018 [YR2018],8.766
Tonga,2018 [YR2018],6.888
Trinidad and Tobago,2018 [YR2018],7.783
Tunisia,2018 [YR2018],6.04
Turkiye,2018 [YR2018],5.065
Turkmenistan,2018 [YR2018],6.639
Turks and Caicos Islands,2018 [YR2018],7.651
Tuvalu,2018 [YR2018],10.107
Uganda,2018 [YR2018],5.939
Ukraine,2018 [YR2018],14.8
United Arab Emirates,2018 [YR2018],1.324
United Kingdom,2018 [YR2018],9.2
United States,2018 [YR2018],8.678
Uruguay,2018 [YR2018],9.863
Uzbekistan,2018 [YR2018],4.7
Vanuatu,2018 [YR2018],5.739
"Venezuela, RB",2018 [YR2018],6.864
Virgin Islands (U.S.),2018 [YR2018],7.9
West Bank and Gaza,2018 [YR2018],3.317
"Yemen, Rep.",2018 [YR2018],6.629
Zambia,2018 [YR2018],6.748
Zimbabwe,2018 [YR2018],7.972
Africa Eastern and Southern,2018 [YR2018],7.59315332577477
Africa Western and Central,2018 [YR2018],10.7406920063243
Arab World,2018 [YR2018],5.27482762693256
Caribbean small states,2018 [YR2018],7.16588662457991
Central Europe and the Baltics,2018 [YR2018],12.1166434778312
Early-demographic dividend,2018 [YR2018],6.45420340035567
East Asia & Pacific,2018 [YR2018],7.22110427784248
East Asia & Pacific (excluding high income),2018 [YR2018],7.04989445353613
East Asia & Pacific (IDA & IBRD countries),2018 [YR2018],7.02901247075411
Euro area,2018 [YR2018],10.1677460146635
Europe & Central Asia,2018 [YR2018],10.0273661844415
Europe & Central Asia (excluding high income),2018 [YR2018],8.04756749629829
Europe & Central Asia (IDA & IBRD countries),2018 [YR2018],10.0775313771894
European Union,2018 [YR2018],10.5097550024137
Fragile and conflict affected situations,2018 [YR2018],9.2134029714429
Heavily indebted poor countries (HIPC),2018 [YR2018],7.68385803349503
High income,2018 [YR2018],9.35222207019302
IBRD only,2018 [YR2018],7.03636028103152
IDA & IBRD total,2018 [YR2018],7.25623730135705
IDA blend,2018 [YR2018],9.13987666145669
IDA only,2018 [YR2018],7.23419076871798
IDA total,2018 [YR2018],7.87401789522876
Late-demographic dividend,2018 [YR2018],7.38884695520489
Latin America & Caribbean,2018 [YR2018],6.52690584240836
Latin America & Caribbean (excluding high income),2018 [YR2018],6.48648453765988
Latin America & the Caribbean (IDA & IBRD countries),2018 [YR2018],6.45348747548242
Least developed countries: UN classification,2018 [YR2018],7.32635626769766
Low & middle income,2018 [YR2018],7.09288539675733
Low income,2018 [YR2018],7.81689057038356
Lower middle income,2018 [YR2018],7.03181240154898
Middle East & North Africa,2018 [YR2018],4.81115967080197
Middle East & North Africa (excluding high income),2018 [YR2018],5.13938050196867
Middle East & North Africa (IDA & IBRD countries),2018 [YR2018],5.16018630309858
Middle income,2018 [YR2018],7.01052624867964
North America,2018 [YR2018],8.57831956764572
OECD members,2018 [YR2018],8.63739364009706
Other small states,2018 [YR2018],7.26404725764242
Pacific island small states,2018 [YR2018],6.39416171421895
Post-demographic dividend,2018 [YR2018],9.56979467911199
Pre-demographic dividend,2018 [YR2018],8.98621986160777
Small states,2018 [YR2018],7.13346464688181
South Asia,2018 [YR2018],6.56092178102889
South Asia (IDA & IBRD),2018 [YR2018],6.56092178102889
Sub-Saharan Africa,2018 [YR2018],8.87541276760117
Sub-Saharan Africa (excluding high income),2018 [YR2018],8.87545421447058
Sub-Saharan Africa (IDA & IBRD countries),2018 [YR2018],8.87541276760117
Upper middle income,2018 [YR2018],6.98825194762902
World,2018 [YR2018],7.49683044423118
Viet Nam,2019 [YR2019],6.706
Afghanistan,2019 [YR2019],6.791
Albania,2019 [YR2019],8.48
Algeria,2019 [YR2019],4.392
Andorra,2019 [YR2019],3.9
Angola,2019 [YR2019],7.811
Antigua and Barbuda,2019 [YR2019],5.865
Argentina,2019 [YR2019],7.6
Armenia,2019 [YR2019],9.662
Aruba,2019 [YR2019],8.778
Australia,2019 [YR2019],6.7
Austria,2019 [YR2019],9.4
Azerbaijan,2019 [YR2019],5.6
"Bahamas, The",2019 [YR2019],7.943
Bahrain,2019 [YR2019],2.0
Bangladesh,2019 [YR2019],5.28
Barbados,2019 [YR2019],8.91
Belarus,2019 [YR2019],12.8
Belgium,2019 [YR2019],9.5
Belize,2019 [YR2019],4.727
Benin,2019 [YR2019],9.248
Bermuda,2019 [YR2019],8.4
Bhutan,2019 [YR2019],6.626
Bolivia,2019 [YR2019],7.127
Bosnia and Herzegovina,2019 [YR2019],12.266
Botswana,2019 [YR2019],6.974
Brazil,2019 [YR2019],6.572
British Virgin Islands,2019 [YR2019],6.156
Brunei Darussalam,2019 [YR2019],4.834
Bulgaria,2019 [YR2019],15.5
Burkina Faso,2019 [YR2019],8.75
Burundi,2019 [YR2019],7.352
Cabo Verde,2019 [YR2019],5.162
Cambodia,2019 [YR2019],5.947
Cameroon,2019 [YR2019],8.16
Canada,2019 [YR2019],7.6
Cayman Islands,2019 [YR2019],3.7
Central African Republic,2019 [YR2019],10.873
Chad,2019 [YR2019],12.369
Channel Islands,2019 [YR2019],8.54731125671448
Chile,2019 [YR2019],6.346
China,2019 [YR2019],7.09
Colombia,2019 [YR2019],5.411
Comoros,2019 [YR2019],8.203
"Congo, Dem. Rep.",2019 [YR2019],9.38
"Congo, Rep.",2019 [YR2019],7.388
Costa Rica,2019 [YR2019],5.468
Cote d'Ivoire,2019 [YR2019],8.728
Croatia,2019 [YR2019],12.7
Cuba,2019 [YR2019],9.861
Curacao,2019 [YR2019],8.8
Cyprus,2019 [YR2019],6.769
Czechia,2019 [YR2019],10.5
Denmark,2019 [YR2019],9.3
Djibouti,2019 [YR2019],8.421
Dominica,2019 [YR2019],8.369
Dominican Republic,2019 [YR2019],6.006
Ecuador,2019 [YR2019],4.913
"Egypt, Arab Rep.",2019 [YR2019],5.581
El Salvador,2019 [YR2019],7.451
Equatorial Guinea,2019 [YR2019],8.582
Eritrea,2019 [YR2019],6.309
Estonia,2019 [YR2019],11.6
Eswatini,2019 [YR2019],8.923
Ethiopia,2019 [YR2019],6.439
Faroe Islands,2019 [YR2019],8.0
Fiji,2019 [YR2019],7.941
Finland,2019 [YR2019],9.8
France,2019 [YR2019],9.1
French Polynesia,2019 [YR2019],3.391
Gabon,2019 [YR2019],6.856
"Gambia, The",2019 [YR2019],6.999
Georgia,2019 [YR2019],12.88
Germany,2019 [YR2019],11.3
Ghana,2019 [YR2019],7.143
Gibraltar,2019 [YR2019],8.283
Greece,2019 [YR2019],11.7
Greenland,2019 [YR2019],9.8
Grenada,2019 [YR2019],8.008
Guam,2019 [YR2019],6.304
Guatemala,2019 [YR2019],4.892
Guinea,2019 [YR2019],9.712
Guinea-Bissau,2019 [YR2019],8.206
Guyana,2019 [YR2019],7.444
Haiti,2019 [YR2019],7.953
Honduras,2019 [YR2019],4.315
"Hong Kong SAR, China",2019 [YR2019],6.5
Hungary,2019 [YR2019],13.3
Iceland,2019 [YR2019],6.3
India,2019 [YR2019],6.71
Indonesia,2019 [YR2019],7.539
"Iran, Islamic Rep.",2019 [YR2019],4.872
Iraq,2019 [YR2019],4.301
Ireland,2019 [YR2019],6.3
Isle of Man,2019 [YR2019],10.09
Israel,2019 [YR2019],5.1
Italy,2019 [YR2019],10.6
Jamaica,2019 [YR2019],7.477
Japan,2019 [YR2019],11.2
Jordan,2019 [YR2019],3.148
Kazakhstan,2019 [YR2019],7.19
Kenya,2019 [YR2019],7.29
Kiribati,2019 [YR2019],6.252
"Korea, Dem. People's Rep.",2019 [YR2019],8.878
"Korea, Rep.",2019 [YR2019],5.7
Kosovo,2019 [YR2019],5.56
Kuwait,2019 [YR2019],2.194
Kyrgyz Republic,2019 [YR2019],5.2
Lao PDR,2019 [YR2019],6.505
Latvia,2019 [YR2019],14.5
Lebanon,2019 [YR2019],5.178
Lesotho,2019 [YR2019],13.014
Liberia,2019 [YR2019],8.658
Libya,2019 [YR2019],5.454
Liechtenstein,2019 [YR2019],6.8
Lithuania,2019 [YR2019],13.7
Luxembourg,2019 [YR2019],6.9
"Macao SAR, China",2019 [YR2019],3.983
Madagascar,2019 [YR2019],6.518
Malawi,2019 [YR2019],6.611
Malaysia,2019 [YR2019],5.253
Maldives,2019 [YR2019],2.858
Mali,2019 [YR2019],9.205
Malta,2019 [YR2019],7.3
Marshall Islands,2019 [YR2019],7.29
Mauritania,2019 [YR2019],7.003
Mauritius,2019 [YR2019],8.8
Mexico,2019 [YR2019],6.931
"Micronesia, Fed. Sts.",2019 [YR2019],5.728
Moldova,2019 [YR2019],13.089
Mongolia,2019 [YR2019],5.499
Montenegro,2019 [YR2019],10.6
Morocco,2019 [YR2019],5.658
Mozambique,2019 [YR2019],8.04
Myanmar,2019 [YR2019],8.692
Namibia,2019 [YR2019],8.248
Nauru,2019 [YR2019],6.48
Nepal,2019 [YR2019],6.871
Netherlands,2019 [YR2019],8.8
New Caledonia,2019 [YR2019],6.0
New Zealand,2019 [YR2019],6.87
Nicaragua,2019 [YR2019],4.626
Niger,2019 [YR2019],7.824
Nigeria,2019 [YR2019],12.989
North Macedonia,2019 [YR2019],9.8
Northern Mariana Islands,2019 [YR2019],4.0
Norway,2019 [YR2019],7.6
Oman,2019 [YR2019],2.205
Pakistan,2019 [YR2019],6.765
Palau,2019 [YR2019],10.2
Panama,2019 [YR2019],5.12
Papua New Guinea,2019 [YR2019],6.468
Paraguay,2019 [YR2019],5.636
Peru,2019 [YR2019],6.006
Philippines,2019 [YR2019],5.609
Poland,2019 [YR2019],10.8
Portugal,2019 [YR2019],10.9
Puerto Rico,2019 [YR2019],9.194
Qatar,2019 [YR2019],0.991
Romania,2019 [YR2019],13.4
Russian Federation,2019 [YR2019],12.3
Rwanda,2019 [YR2019],6.137
Samoa,2019 [YR2019],5.5
San Marino,2019 [YR2019],7.2
Sao Tome and Principe,2019 [YR2019],5.876
Saudi Arabia,2019 [YR2019],2.656
Senegal,2019 [YR2019],5.409
Serbia,2019 [YR2019],14.6
Seychelles,2019 [YR2019],8.1
Sierra Leone,2019 [YR2019],9.065
Singapore,2019 [YR2019],5.0
Sint Maarten (Dutch part),2019 [YR2019],4.7
Slovak Republic,2019 [YR2019],9.8
Slovenia,2019 [YR2019],9.9
Solomon Islands,2019 [YR2019],4.989
Somalia,2019 [YR2019],11.041
South Africa,2019 [YR2019],8.614
South Sudan,2019 [YR2019],10.531
Spain,2019 [YR2019],8.8
Sri Lanka,2019 [YR2019],7.072
St. Kitts and Nevis,2019 [YR2019],9.91
St. Lucia,2019 [YR2019],8.068
St. Martin (French part),2019 [YR2019],4.661
St. Vincent and the Grenadines,2019 [YR2019],10.1
Sudan,2019 [YR2019],6.586
Suriname,2019 [YR2019],7.06
Sweden,2019 [YR2019],8.6
Switzerland,2019 [YR2019],7.9
Syrian Arab Republic,2019 [YR2019],5.033
Tajikistan,2019 [YR2019],4.843
Tanzania,2019 [YR2019],6.012
Thailand,2019 [YR2019],7.14
Timor-Leste,2019 [YR2019],6.888
Togo,2019 [YR2019],8.465
Tonga,2019 [YR2019],6.909
Trinidad and Tobago,2019 [YR2019],7.701
Tunisia,2019 [YR2019],6.145
Turkiye,2019 [YR2019],5.084
Turkmenistan,2019 [YR2019],6.583
Turks and Caicos Islands,2019 [YR2019],8.458
Tuvalu,2019 [YR2019],10.161
Uganda,2019 [YR2019],5.823
Ukraine,2019 [YR2019],14.7
United Arab Emirates,2019 [YR2019],1.471
United Kingdom,2019 [YR2019],9.0
United States,2019 [YR2019],8.697
Uruguay,2019 [YR2019],10.057
Uzbekistan,2019 [YR2019],4.6
Vanuatu,2019 [YR2019],5.663
"Venezuela, RB",2019 [YR2019],7.017
Virgin Islands (U.S.),2019 [YR2019],8.2
West Bank and Gaza,2019 [YR2019],3.225
"Yemen, Rep.",2019 [YR2019],6.416
Zambia,2019 [YR2019],6.571
Zimbabwe,2019 [YR2019],8.043
Africa Eastern and Southern,2019 [YR2019],7.44119818996751
Africa Western and Central,2019 [YR2019],10.5150851922965
Arab World,2019 [YR2019],5.25082252377641
Caribbean small states,2019 [YR2019],7.38409064127783
Central Europe and the Baltics,2019 [YR2019],11.9809865041268
Early-demographic dividend,2019 [YR2019],6.47190732894393
East Asia & Pacific,2019 [YR2019],7.2523964362758
East Asia & Pacific (excluding high income),2019 [YR2019],7.06998321727706
East Asia & Pacific (IDA & IBRD countries),2019 [YR2019],7.04744186775676
Euro area,2019 [YR2019],10.0747179073682
Europe & Central Asia,2019 [YR2019],9.90483429480502
Europe & Central Asia (excluding high income),2019 [YR2019],7.97788633146116
Europe & Central Asia (IDA & IBRD countries),2019 [YR2019],9.94938914287569
European Union,2019 [YR2019],10.4015377977704
Fragile and conflict affected situations,2019 [YR2019],9.05836635168544
Heavily indebted poor countries (HIPC),2019 [YR2019],7.51201792762017
High income,2019 [YR2019],9.31168379988891
IBRD only,2019 [YR2019],7.05702729431575
IDA & IBRD total,2019 [YR2019],7.23954269209878
IDA blend,2019 [YR2019],9.0152940562231
IDA only,2019 [YR2019],7.10556324462166
IDA total,2019 [YR2019],7.7451723220142
Late-demographic dividend,2019 [YR2019],7.3930174980509
Latin America & Caribbean,2019 [YR2019],6.56974099622554
Latin America & Caribbean (excluding high income),2019 [YR2019],6.52343986109888
Latin America & the Caribbean (IDA & IBRD countries),2019 [YR2019],6.49572746680907
Least developed countries: UN classification,2019 [YR2019],7.20255652004082
Low & middle income,2019 [YR2019],7.08321894917288
Low income,2019 [YR2019],7.63545561154721
Lower middle income,2019 [YR2019],7.0332847366919
Middle East & North Africa,2019 [YR2019],4.8350562492351
Middle East & North Africa (excluding high income),2019 [YR2019],5.15509512285093
Middle East & North Africa (IDA & IBRD countries),2019 [YR2019],5.17730589474772
Middle income,2019 [YR2019],7.0192495129372
North America,2019 [YR2019],8.58419914595826
OECD members,2019 [YR2019],8.62398085137251
Other small states,2019 [YR2019],7.22422662117995
Pacific island small states,2019 [YR2019],6.4339887618272
Post-demographic dividend,2019 [YR2019],9.54628752184516
Pre-demographic dividend,2019 [YR2019],8.79724407532251
Small states,2019 [YR2019],7.14500499420549
South Asia,2019 [YR2019],6.59818939129428
South Asia (IDA & IBRD),2019 [YR2019],6.59818939129428
Sub-Saharan Africa,2019 [YR2019],8.69136359367892
Sub-Saharan Africa (excluding high income),2019 [YR2019],8.69141427043367
Sub-Saharan Africa (IDA & IBRD countries),2019 [YR2019],8.69136359367892
Upper middle income,2019 [YR2019],7.00445865634473
World,2019 [YR2019],7.47935648799639
Viet Nam,2020 [YR2020],6.169
Afghanistan,2020 [YR2020],7.113
Albania,2020 [YR2020],10.785
Algeria,2020 [YR2020],5.398
American Samoa,2020 [YR2020],5.6
Angola,2020 [YR2020],7.821
Antigua and Barbuda,2020 [YR2020],5.961
Argentina,2020 [YR2020],8.509
Armenia,2020 [YR2020],12.792
Aruba,2020 [YR2020],9.69
Australia,2020 [YR2020],6.3
Austria,2020 [YR2020],10.3
Azerbaijan,2020 [YR2020],7.5
"Bahamas, The",2020 [YR2020],8.076
Bahrain,2020 [YR2020],2.239
Bangladesh,2020 [YR2020],5.816
Barbados,2020 [YR2020],8.973
Belarus,2020 [YR2020],16.553
Belgium,2020 [YR2020],11.0
Belize,2020 [YR2020],5.244
Benin,2020 [YR2020],9.364
Bermuda,2020 [YR2020],8.8
Bhutan,2020 [YR2020],6.545
Bolivia,2020 [YR2020],9.3
Bosnia and Herzegovina,2020 [YR2020],14.094
Botswana,2020 [YR2020],6.95
Brazil,2020 [YR2020],7.42
British Virgin Islands,2020 [YR2020],6.38
Brunei Darussalam,2020 [YR2020],4.975
Bulgaria,2020 [YR2020],18.0
Burkina Faso,2020 [YR2020],8.813
Burundi,2020 [YR2020],7.562
Cabo Verde,2020 [YR2020],5.692
Cambodia,2020 [YR2020],6.228
Cameroon,2020 [YR2020],8.419
Canada,2020 [YR2020],8.1
Cayman Islands,2020 [YR2020],3.3
Central African Republic,2020 [YR2020],11.041
Chad,2020 [YR2020],12.486
Channel Islands,2020 [YR2020],8.47393243061603
Chile,2020 [YR2020],7.221
China,2020 [YR2020],7.07
Colombia,2020 [YR2020],6.606
Comoros,2020 [YR2020],8.274
"Congo, Dem. Rep.",2020 [YR2020],9.537
"Congo, Rep.",2020 [YR2020],6.923
Costa Rica,2020 [YR2020],5.627
Cote d'Ivoire,2020 [YR2020],8.817
Croatia,2020 [YR2020],14.1
Cuba,2020 [YR2020],10.23
Curacao,2020 [YR2020],9.3
Cyprus,2020 [YR2020],6.93
Czechia,2020 [YR2020],12.1
Denmark,2020 [YR2020],9.4
Djibouti,2020 [YR2020],8.821
Dominica,2020 [YR2020],8.177
Dominican Republic,2020 [YR2020],6.46
Ecuador,2020 [YR2020],7.534
"Egypt, Arab Rep.",2020 [YR2020],5.851
El Salvador,2020 [YR2020],8.442
Equatorial Guinea,2020 [YR2020],9.026
Eritrea,2020 [YR2020],6.424
Estonia,2020 [YR2020],11.9
Eswatini,2020 [YR2020],9.603
Ethiopia,2020 [YR2020],6.616
Faroe Islands,2020 [YR2020],7.0
Fiji,2020 [YR2020],8.078
Finland,2020 [YR2020],10.0
France,2020 [YR2020],9.9
French Polynesia,2020 [YR2020],3.859
Gabon,2020 [YR2020],6.909
"Gambia, The",2020 [YR2020],7.373
Georgia,2020 [YR2020],13.976
Germany,2020 [YR2020],11.9
Ghana,2020 [YR2020],7.448
Gibraltar,2020 [YR2020],8.685
Greece,2020 [YR2020],12.2
Greenland,2020 [YR2020],9.2
Grenada,2020 [YR2020],8.061
Guam,2020 [YR2020],7.178
Guatemala,2020 [YR2020],5.337
Guinea,2020 [YR2020],9.847
Guinea-Bissau,2020 [YR2020],8.574
Guyana,2020 [YR2020],8.026
Haiti,2020 [YR2020],8.176
Honduras,2020 [YR2020],4.945
"Hong Kong SAR, China",2020 [YR2020],6.8
Hungary,2020 [YR2020],14.5
Iceland,2020 [YR2020],6.3
India,2020 [YR2020],7.35
Indonesia,2020 [YR2020],8.964
"Iran, Islamic Rep.",2020 [YR2020],5.567
Iraq,2020 [YR2020],5.239
Ireland,2020 [YR2020],6.5
Isle of Man,2020 [YR2020],10.414
Israel,2020 [YR2020],5.3
Italy,2020 [YR2020],12.5
Jamaica,2020 [YR2020],7.583
Japan,2020 [YR2020],11.1
Jordan,2020 [YR2020],3.475
Kazakhstan,2020 [YR2020],8.6
Kenya,2020 [YR2020],7.456
Kiribati,2020 [YR2020],6.242
"Korea, Dem. People's Rep.",2020 [YR2020],9.078
"Korea, Rep.",2020 [YR2020],5.9
Kosovo,2020 [YR2020],7.505
Kuwait,2020 [YR2020],3.254
Kyrgyz Republic,2020 [YR2020],6.1
Lao PDR,2020 [YR2020],6.366
Latvia,2020 [YR2020],15.2
Lebanon,2020 [YR2020],6.253
Lesotho,2020 [YR2020],12.858
Liberia,2020 [YR2020],8.753
Libya,2020 [YR2020],5.598
Liechtenstein,2020 [YR2020],8.2
Lithuania,2020 [YR2020],15.6
Luxembourg,2020 [YR2020],7.3
"Macao SAR, China",2020 [YR2020],4.047
Madagascar,2020 [YR2020],6.801
Malawi,2020 [YR2020],6.706
Malaysia,2020 [YR2020],5.311
Maldives,2020 [YR2020],3.001
Mali,2020 [YR2020],9.529
Malta,2020 [YR2020],7.9
Marshall Islands,2020 [YR2020],7.425
Mauritania,2020 [YR2020],7.466
Mauritius,2020 [YR2020],8.7
Mexico,2020 [YR2020],9.33
"Micronesia, Fed. Sts.",2020 [YR2020],6.065
Moldova,2020 [YR2020],14.445
Mongolia,2020 [YR2020],5.475
Montenegro,2020 [YR2020],11.7
Morocco,2020 [YR2020],6.073
Mozambique,2020 [YR2020],8.004
Myanmar,2020 [YR2020],8.819
Namibia,2020 [YR2020],8.475
Nauru,2020 [YR2020],6.602
Nepal,2020 [YR2020],7.209
Netherlands,2020 [YR2020],9.7
New Caledonia,2020 [YR2020],5.7
New Zealand,2020 [YR2020],6.41
Nicaragua,2020 [YR2020],5.703
Niger,2020 [YR2020],8.281
Nigeria,2020 [YR2020],12.997
North Macedonia,2020 [YR2020],12.4
Norway,2020 [YR2020],7.5
Oman,2020 [YR2020],3.025
Pakistan,2020 [YR2020],7.06
Palau,2020 [YR2020],8.4
Panama,2020 [YR2020],5.747
Papua New Guinea,2020 [YR2020],6.402
Paraguay,2020 [YR2020],5.916
Peru,2020 [YR2020],7.327
Philippines,2020 [YR2020],5.566
Poland,2020 [YR2020],12.6
Portugal,2020 [YR2020],12.0
Puerto Rico,2020 [YR2020],10.131
Qatar,2020 [YR2020],1.219
Romania,2020 [YR2020],15.5
Russian Federation,2020 [YR2020],14.6
Rwanda,2020 [YR2020],5.998
Samoa,2020 [YR2020],5.305
San Marino,2020 [YR2020],9.9
Sao Tome and Principe,2020 [YR2020],6.294
Saudi Arabia,2020 [YR2020],2.913
Senegal,2020 [YR2020],5.584
Serbia,2020 [YR2020],16.9
Seychelles,2020 [YR2020],6.8
Sierra Leone,2020 [YR2020],9.296
Singapore,2020 [YR2020],5.2
Sint Maarten (Dutch part),2020 [YR2020],5.5
Slovak Republic,2020 [YR2020],10.8
Slovenia,2020 [YR2020],11.4
Solomon Islands,2020 [YR2020],5.082
Somalia,2020 [YR2020],11.39
South Africa,2020 [YR2020],9.425
South Sudan,2020 [YR2020],10.759
Spain,2020 [YR2020],10.4
Sri Lanka,2020 [YR2020],7.056
St. Kitts and Nevis,2020 [YR2020],10.036
St. Lucia,2020 [YR2020],8.205
St. Martin (French part),2020 [YR2020],4.788
St. Vincent and the Grenadines,2020 [YR2020],11.038
Sudan,2020 [YR2020],6.67
Suriname,2020 [YR2020],7.036
Sweden,2020 [YR2020],9.5
Switzerland,2020 [YR2020],8.8
Syrian Arab Republic,2020 [YR2020],4.99
Tajikistan,2020 [YR2020],6.121
Tanzania,2020 [YR2020],6.179
Thailand,2020 [YR2020],7.264
Timor-Leste,2020 [YR2020],6.831
Togo,2020 [YR2020],8.417
Tonga,2020 [YR2020],6.946
Trinidad and Tobago,2020 [YR2020],7.9
Tunisia,2020 [YR2020],6.752
Turkiye,2020 [YR2020],6.378
Turkmenistan,2020 [YR2020],6.836
Turks and Caicos Islands,2020 [YR2020],8.823
Tuvalu,2020 [YR2020],10.188
Uganda,2020 [YR2020],5.852
Ukraine,2020 [YR2020],15.9
United Arab Emirates,2020 [YR2020],1.766
United Kingdom,2020 [YR2020],10.1
United States,2020 [YR2020],10.27
Uruguay,2020 [YR2020],9.432
Uzbekistan,2020 [YR2020],5.1
Vanuatu,2020 [YR2020],5.487
"Venezuela, RB",2020 [YR2020],7.575
Virgin Islands (U.S.),2020 [YR2020],8.4
West Bank and Gaza,2020 [YR2020],3.489
"Yemen, Rep.",2020 [YR2020],6.509
Zambia,2020 [YR2020],6.602
Zimbabwe,2020 [YR2020],8.132
Africa Eastern and Southern,2020 [YR2020],7.62983137493464
Africa Western and Central,2020 [YR2020],10.6232215069827
Arab World,2020 [YR2020],5.65665191102103
Caribbean small states,2020 [YR2020],7.65597770855827
Central Europe and the Baltics,2020 [YR2020],13.7015249858766
Early-demographic dividend,2020 [YR2020],7.16221733431458
East Asia & Pacific,2020 [YR2020],7.38421107176169
East Asia & Pacific (excluding high income),2020 [YR2020],7.22553864647044
East Asia & Pacific (IDA & IBRD countries),2020 [YR2020],7.20244302234716
Euro area,2020 [YR2020],11.1503687196979
Europe & Central Asia,2020 [YR2020],11.2822343942532
Europe & Central Asia (excluding high income),2020 [YR2020],9.27831046376471
Europe & Central Asia (IDA & IBRD countries),2020 [YR2020],11.6452420021189
European Union,2020 [YR2020],11.601065863335
Fragile and conflict affected situations,2020 [YR2020],9.27620830476807
Heavily indebted poor countries (HIPC),2020 [YR2020],7.71848077265389
High income,2020 [YR2020],10.3955872336438
IBRD only,2020 [YR2020],7.66409206999603
IDA & IBRD total,2020 [YR2020],7.74402503472105
IDA blend,2020 [YR2020],9.19112878169977
IDA only,2020 [YR2020],7.34536997436599
IDA total,2020 [YR2020],7.96213713577166
Late-demographic dividend,2020 [YR2020],7.72643695280495
Latin America & Caribbean,2020 [YR2020],7.77135605041071
Latin America & Caribbean (excluding high income),2020 [YR2020],7.78980294541234
Latin America & the Caribbean (IDA & IBRD countries),2020 [YR2020],7.71524230498628
Least developed countries: UN classification,2020 [YR2020],7.42295285098522
Low & middle income,2020 [YR2020],7.53186879566584
Low income,2020 [YR2020],7.79096673505319
Lower middle income,2020 [YR2020],7.4442292360773
Middle East & North Africa,2020 [YR2020],5.31809277259342
Middle East & North Africa (excluding high income),2020 [YR2020],5.66114922384866
Middle East & North Africa (IDA & IBRD countries),2020 [YR2020],5.68637154808257
Middle income,2020 [YR2020],7.50129322014454
North America,2020 [YR2020],10.0464818015655
OECD members,2020 [YR2020],9.76520810362653
Other small states,2020 [YR2020],7.47530381000706
Pacific island small states,2020 [YR2020],6.46582812474716
Post-demographic dividend,2020 [YR2020],10.5505780460055
Pre-demographic dividend,2020 [YR2020],8.94838538315564
Small states,2020 [YR2020],7.36998253604067
South Asia,2020 [YR2020],7.16751094575845
South Asia (IDA & IBRD),2020 [YR2020],7.16751094575845
Sub-Saharan Africa,2020 [YR2020],8.84501737700215
Sub-Saharan Africa (excluding high income),2020 [YR2020],8.84518963602727
Sub-Saharan Africa (IDA & IBRD countries),2020 [YR2020],8.84501737700214
Upper middle income,2020 [YR2020],7.56191697997631
World,2020 [YR2020],8.03848543207749
Viet Nam,2021 [YR2021],7.317
Afghanistan,2021 [YR2021],7.344
Albania,2021 [YR2021],11.325
Algeria,2021 [YR2021],4.546
Angola,2021 [YR2021],8.009
Antigua and Barbuda,2021 [YR2021],6.365
Argentina,2021 [YR2021],8.955
Armenia,2021 [YR2021],13.007
Aruba,2021 [YR2021],11.235
Australia,2021 [YR2021],6.7
Austria,2021 [YR2021],10.3
Azerbaijan,2021 [YR2021],7.6
"Bahamas, The",2021 [YR2021],8.986
Bahrain,2021 [YR2021],2.479
Bangladesh,2021 [YR2021],5.68
Barbados,2021 [YR2021],9.007
Belarus,2021 [YR2021],16.544
Belgium,2021 [YR2021],9.7
Belize,2021 [YR2021],6.353
Benin,2021 [YR2021],9.434
Bermuda,2021 [YR2021],11.3
Bhutan,2021 [YR2021],6.477
Bolivia,2021 [YR2021],9.945
Bosnia and Herzegovina,2021 [YR2021],15.712
Botswana,2021 [YR2021],9.461
Brazil,2021 [YR2021],8.326
British Virgin Islands,2021 [YR2021],7.613
Brunei Darussalam,2021 [YR2021],5.211
Bulgaria,2021 [YR2021],21.7
Burkina Faso,2021 [YR2021],8.958
Burundi,2021 [YR2021],7.474
Cabo Verde,2021 [YR2021],6.028
Cambodia,2021 [YR2021],6.838
Cameroon,2021 [YR2021],8.582
Canada,2021 [YR2021],8.2
Cayman Islands,2021 [YR2021],4.0
Central African Republic,2021 [YR2021],11.393
Chad,2021 [YR2021],12.504
Channel Islands,2021 [YR2021],8.44900771934701
Chile,2021 [YR2021],7.426
China,2021 [YR2021],7.18
Colombia,2021 [YR2021],7.735
Comoros,2021 [YR2021],8.718
"Congo, Dem. Rep.",2021 [YR2021],9.7
"Congo, Rep.",2021 [YR2021],7.063
Costa Rica,2021 [YR2021],7.192
Cote d'Ivoire,2021 [YR2021],9.001
Croatia,2021 [YR2021],16.2
Cuba,2021 [YR2021],14.652
Curacao,2021 [YR2021],11.1
Cyprus,2021 [YR2021],7.257
Czechia,2021 [YR2021],13.3
Denmark,2021 [YR2021],9.8
Djibouti,2021 [YR2021],9.147
Dominica,2021 [YR2021],8.986
Dominican Republic,2021 [YR2021],6.678
Ecuador,2021 [YR2021],6.719
"Egypt, Arab Rep.",2021 [YR2021],6.327
El Salvador,2021 [YR2021],8.661
Equatorial Guinea,2021 [YR2021],9.042
Eritrea,2021 [YR2021],6.729
Estonia,2021 [YR2021],14.0
Eswatini,2021 [YR2021],11.356
Ethiopia,2021 [YR2021],6.776
Faroe Islands,2021 [YR2021],8.1
Fiji,2021 [YR2021],8.859
Finland,2021 [YR2021],10.4
France,2021 [YR2021],9.8
French Polynesia,2021 [YR2021],5.376
Gabon,2021 [YR2021],7.258
"Gambia, The",2021 [YR2021],7.543
Georgia,2021 [YR2021],15.166
Germany,2021 [YR2021],12.3
Ghana,2021 [YR2021],7.627
Gibraltar,2021 [YR2021],11.546
Greece,2021 [YR2021],13.6
Greenland,2021 [YR2021],9.4
Grenada,2021 [YR2021],8.151
Guam,2021 [YR2021],7.337
Guatemala,2021 [YR2021],6.504
Guinea,2021 [YR2021],9.99
Guinea-Bissau,2021 [YR2021],8.716
Guyana,2021 [YR2021],9.987
Haiti,2021 [YR2021],8.676
Honduras,2021 [YR2021],5.608
"Hong Kong SAR, China",2021 [YR2021],6.9
Hungary,2021 [YR2021],16.1
Iceland,2021 [YR2021],6.3
India,2021 [YR2021],9.448
Indonesia,2021 [YR2021],10.065
"Iran, Islamic Rep.",2021 [YR2021],6.437
Iraq,2021 [YR2021],4.753
Ireland,2021 [YR2021],6.8
Isle of Man,2021 [YR2021],10.604
Israel,2021 [YR2021],5.4
Italy,2021 [YR2021],11.9
Jamaica,2021 [YR2021],8.797
Japan,2021 [YR2021],11.7
Jordan,2021 [YR2021],3.868
Kazakhstan,2021 [YR2021],9.61
Kenya,2021 [YR2021],8.056
Kiribati,2021 [YR2021],6.236
"Korea, Dem. People's Rep.",2021 [YR2021],9.313
"Korea, Rep.",2021 [YR2021],6.2
Kosovo,2021 [YR2021],7.22
Kuwait,2021 [YR2021],2.906
Kyrgyz Republic,2021 [YR2021],5.8
Lao PDR,2021 [YR2021],6.613
Latvia,2021 [YR2021],18.4
Lebanon,2021 [YR2021],8.271
Lesotho,2021 [YR2021],14.186
Liberia,2021 [YR2021],8.838
Libya,2021 [YR2021],6.018
Liechtenstein,2021 [YR2021],6.9
Lithuania,2021 [YR2021],17.0
Luxembourg,2021 [YR2021],7.0
"Macao SAR, China",2021 [YR2021],4.111
Madagascar,2021 [YR2021],7.104
Malawi,2021 [YR2021],6.983
Malaysia,2021 [YR2021],6.034
Maldives,2021 [YR2021],3.02
Mali,2021 [YR2021],9.274
Malta,2021 [YR2021],8.0
Marshall Islands,2021 [YR2021],7.556
Mauritania,2021 [YR2021],7.44
Mauritius,2021 [YR2021],10.5
Mexico,2021 [YR2021],9.406
"Micronesia, Fed. Sts.",2021 [YR2021],6.211
Moldova,2021 [YR2021],16.36
Mongolia,2021 [YR2021],6.131
Montenegro,2021 [YR2021],14.8
Morocco,2021 [YR2021],6.17
Mozambique,2021 [YR2021],8.793
Myanmar,2021 [YR2021],9.769
Namibia,2021 [YR2021],10.709
Nauru,2021 [YR2021],6.633
Nepal,2021 [YR2021],7.776
Netherlands,2021 [YR2021],9.8
New Caledonia,2021 [YR2021],7.3
New Zealand,2021 [YR2021],6.83
Nicaragua,2021 [YR2021],4.859
Niger,2021 [YR2021],8.141
Nigeria,2021 [YR2021],13.083
North Macedonia,2021 [YR2021],15.5
Norway,2021 [YR2021],7.8
Oman,2021 [YR2021],3.796
Pakistan,2021 [YR2021],7.168
Palau,2021 [YR2021],9.7
Panama,2021 [YR2021],6.067
Papua New Guinea,2021 [YR2021],6.683
Paraguay,2021 [YR2021],7.638
Peru,2021 [YR2021],7.988
Philippines,2021 [YR2021],7.311
Poland,2021 [YR2021],13.8
Portugal,2021 [YR2021],12.0
Puerto Rico,2021 [YR2021],10.2
Qatar,2021 [YR2021],1.311
Romania,2021 [YR2021],17.5
Russian Federation,2021 [YR2021],16.7
Rwanda,2021 [YR2021],6.28
Samoa,2021 [YR2021],5.343
San Marino,2021 [YR2021],9.1
Sao Tome and Principe,2021 [YR2021],6.387
Saudi Arabia,2021 [YR2021],2.864
Senegal,2021 [YR2021],5.922
Serbia,2021 [YR2021],20.0
Seychelles,2021 [YR2021],9.3
Sierra Leone,2021 [YR2021],9.113
Singapore,2021 [YR2021],5.8
Sint Maarten (Dutch part),2021 [YR2021],5.6
Slovak Republic,2021 [YR2021],13.5
Slovenia,2021 [YR2021],11.0
Solomon Islands,2021 [YR2021],5.028
Somalia,2021 [YR2021],11.596
South Africa,2021 [YR2021],11.432
South Sudan,2021 [YR2021],11.05
Spain,2021 [YR2021],9.5
Sri Lanka,2021 [YR2021],7.36
St. Kitts and Nevis,2021 [YR2021],10.181
St. Lucia,2021 [YR2021],10.299
St. Martin (French part),2021 [YR2021],4.911
St. Vincent and the Grenadines,2021 [YR2021],13.425
Sudan,2021 [YR2021],6.799
Suriname,2021 [YR2021],8.667
Sweden,2021 [YR2021],8.8
Switzerland,2021 [YR2021],8.2
Syrian Arab Republic,2021 [YR2021],5.117
Tajikistan,2021 [YR2021],4.548
Tanzania,2021 [YR2021],6.222
Thailand,2021 [YR2021],7.922
Timor-Leste,2021 [YR2021],7.233
Togo,2021 [YR2021],8.168
Tonga,2021 [YR2021],6.97
Trinidad and Tobago,2021 [YR2021],9.131
Tunisia,2021 [YR2021],7.884
Turkiye,2021 [YR2021],6.398
Turkmenistan,2021 [YR2021],6.585
Turks and Caicos Islands,2021 [YR2021],9.241
Tuvalu,2021 [YR2021],10.159
Uganda,2021 [YR2021],5.877
Ukraine,2021 [YR2021],18.5
United Arab Emirates,2021 [YR2021],1.874
United Kingdom,2021 [YR2021],9.7
United States,2021 [YR2021],10.4
Uruguay,2021 [YR2021],12.162
Uzbekistan,2021 [YR2021],5.0
Vanuatu,2021 [YR2021],5.395
"Venezuela, RB",2021 [YR2021],8.124
Virgin Islands (U.S.),2021 [YR2021],8.6
West Bank and Gaza,2021 [YR2021],3.815
"Yemen, Rep.",2021 [YR2021],6.845
Zambia,2021 [YR2021],6.973
Zimbabwe,2021 [YR2021],9.057
Africa Eastern and Southern,2021 [YR2021],8.04924628908896
Africa Western and Central,2021 [YR2021],10.6989966794129
Arab World,2021 [YR2021],5.80168841190391
Caribbean small states,2021 [YR2021],8.98326150939916
Central Europe and the Baltics,2021 [YR2021],15.4079464235965
Early-demographic dividend,2021 [YR2021],8.31012576138975
East Asia & Pacific,2021 [YR2021],7.82028020130018
East Asia & Pacific (excluding high income),2021 [YR2021],7.65694017371121
East Asia & Pacific (IDA & IBRD countries),2021 [YR2021],7.63628790896753
Euro area,2021 [YR2021],11.1133181656321
Europe & Central Asia,2021 [YR2021],11.8589398931656
Europe & Central Asia (excluding high income),2021 [YR2021],9.8692346792274
Europe & Central Asia (IDA & IBRD countries),2021 [YR2021],12.8575184859214
European Union,2021 [YR2021],11.8610332279177
Fragile and conflict affected situations,2021 [YR2021],9.57907153255536
Heavily indebted poor countries (HIPC),2021 [YR2021],7.8862387264205
High income,2021 [YR2021],10.8155870362731
IBRD only,2021 [YR2021],8.68476126641779
IDA & IBRD total,2021 [YR2021],8.53390687165759
IDA blend,2021 [YR2021],9.36006781174243
IDA only,2021 [YR2021],7.51273377656557
IDA total,2021 [YR2021],8.12892666613102
Late-demographic dividend,2021 [YR2021],8.21180405094763
Latin America & Caribbean,2021 [YR2021],8.43592472801294
Latin America & Caribbean (excluding high income),2021 [YR2021],8.46601098190559
Latin America & the Caribbean (IDA & IBRD countries),2021 [YR2021],8.31712063607286
Least developed countries: UN classification,2021 [YR2021],7.60815490398764
Low & middle income,2021 [YR2021],8.29199970052347
Low income,2021 [YR2021],7.95998292349422
Lower middle income,2021 [YR2021],8.63418675444054
Middle East & North Africa,2021 [YR2021],5.5874197145464
Middle East & North Africa (excluding high income),2021 [YR2021],5.95224680349106
Middle East & North Africa (IDA & IBRD countries),2021 [YR2021],5.97729366266798
Middle income,2021 [YR2021],8.33191605658171
North America,2021 [YR2021],10.1730019559773
OECD members,2021 [YR2021],9.93907943402933
Other small states,2021 [YR2021],8.29273768164744
Pacific island small states,2021 [YR2021],6.71997262418906
Post-demographic dividend,2021 [YR2021],10.8201127440825
Pre-demographic dividend,2021 [YR2021],9.08003767588609
Small states,2021 [YR2021],8.19259340486098
South Asia,2021 [YR2021],8.73593795280445
South Asia (IDA & IBRD),2021 [YR2021],8.73593795280445
Sub-Saharan Africa,2021 [YR2021],9.1231049593998
Sub-Saharan Africa (excluding high income),2021 [YR2021],9.12309031425639
Sub-Saharan Africa (IDA & IBRD countries),2021 [YR2021],9.1231049593998
Upper middle income,2021 [YR2021],8.00800550755939
World,2021 [YR2021],8.73325951763906
Viet Nam,2022 [YR2022],6.831
Afghanistan,2022 [YR2022],6.906
Albania,2022 [YR2022],11.194
Algeria,2022 [YR2022],4.329
American Samoa,2022 [YR2022],7.8
Andorra,2022 [YR2022],4.6
Angola,2022 [YR2022],7.863
Antigua and Barbuda,2022 [YR2022],6.094
Argentina,2022 [YR2022],8.589
Armenia,2022 [YR2022],11.881
Aruba,2022 [YR2022],11.084
Australia,2022 [YR2022],7.3
Austria,2022 [YR2022],10.3
Azerbaijan,2022 [YR2022],6.0
"Bahamas, The",2022 [YR2022],7.298
Bahrain,2022 [YR2022],2.476
Bangladesh,2022 [YR2022],5.296
Barbados,2022 [YR2022],9.114
Belarus,2022 [YR2022],15.49
Belgium,2022 [YR2022],10.0
Belize,2022 [YR2022],6.253
Benin,2022 [YR2022],9.323
Bermuda,2022 [YR2022],9.1
Bhutan,2022 [YR2022],6.356
Bolivia,2022 [YR2022],9.062
Bosnia and Herzegovina,2022 [YR2022],15.865
Botswana,2022 [YR2022],6.897
Brazil,2022 [YR2022],8.139
British Virgin Islands,2022 [YR2022],6.515
Brunei Darussalam,2022 [YR2022],5.431
Bulgaria,2022 [YR2022],18.4
Burkina Faso,2022 [YR2022],8.662
Burundi,2022 [YR2022],7.311
Cabo Verde,2022 [YR2022],5.659
Cambodia,2022 [YR2022],6.785
Cameroon,2022 [YR2022],8.225
Canada,2022 [YR2022],8.6
Cayman Islands,2022 [YR2022],4.5
Central African Republic,2022 [YR2022],11.003
Chad,2022 [YR2022],12.157
Channel Islands,2022 [YR2022],8.21466115958846
Chile,2022 [YR2022],7.199
China,2022 [YR2022],7.37
Colombia,2022 [YR2022],7.409
Comoros,2022 [YR2022],8.528
"Congo, Dem. Rep.",2022 [YR2022],9.352
"Congo, Rep.",2022 [YR2022],7.275
Costa Rica,2022 [YR2022],7.113
Cote d'Ivoire,2022 [YR2022],8.843
Croatia,2022 [YR2022],14.8
Cuba,2022 [YR2022],9.852
Curacao,2022 [YR2022],9.3
Cyprus,2022 [YR2022],6.971
Czechia,2022 [YR2022],11.3
Denmark,2022 [YR2022],10.1
Djibouti,2022 [YR2022],8.962
Dominica,2022 [YR2022],8.921
Dominican Republic,2022 [YR2022],6.068
Ecuador,2022 [YR2022],4.85
"Egypt, Arab Rep.",2022 [YR2022],6.39
El Salvador,2022 [YR2022],8.173
Equatorial Guinea,2022 [YR2022],8.708
Eritrea,2022 [YR2022],6.727
Estonia,2022 [YR2022],12.8
Eswatini,2022 [YR2022],11.883
Ethiopia,2022 [YR2022],6.497
Faroe Islands,2022 [YR2022],9.1
Fiji,2022 [YR2022],8.235
Finland,2022 [YR2022],11.4
France,2022 [YR2022],9.8
French Polynesia,2022 [YR2022],3.64
Gabon,2022 [YR2022],7.307
"Gambia, The",2022 [YR2022],7.137
Georgia,2022 [YR2022],15.197
Germany,2022 [YR2022],12.7
Ghana,2022 [YR2022],7.585
Gibraltar,2022 [YR2022],8.511
Greece,2022 [YR2022],13.4
Greenland,2022 [YR2022],9.3
Grenada,2022 [YR2022],7.942
Guam,2022 [YR2022],6.55
Guatemala,2022 [YR2022],6.767
Guinea,2022 [YR2022],9.87
Guinea-Bissau,2022 [YR2022],8.597
Guyana,2022 [YR2022],9.762
Haiti,2022 [YR2022],8.48
Honduras,2022 [YR2022],5.404
"Hong Kong SAR, China",2022 [YR2022],8.7
Hungary,2022 [YR2022],14.2
Iceland,2022 [YR2022],7.0
India,2022 [YR2022],9.074
Indonesia,2022 [YR2022],9.59
"Iran, Islamic Rep.",2022 [YR2022],6.152
Iraq,2022 [YR2022],4.433
Ireland,2022 [YR2022],6.9
Isle of Man,2022 [YR2022],10.461
Israel,2022 [YR2022],5.4
Italy,2022 [YR2022],12.1
Jamaica,2022 [YR2022],8.787
Japan,2022 [YR2022],12.9
Jordan,2022 [YR2022],3.957
Kazakhstan,2022 [YR2022],6.8
Kenya,2022 [YR2022],7.83
Kiribati,2022 [YR2022],6.182
"Korea, Dem. People's Rep.",2022 [YR2022],9.353
"Korea, Rep.",2022 [YR2022],7.3
Kosovo,2022 [YR2022],5.709
Kuwait,2022 [YR2022],2.606
Kyrgyz Republic,2022 [YR2022],4.5
Lao PDR,2022 [YR2022],6.195
Latvia,2022 [YR2022],16.4
Lebanon,2022 [YR2022],8.857
Lesotho,2022 [YR2022],14.069
Liberia,2022 [YR2022],8.632
Libya,2022 [YR2022],5.954
Liechtenstein,2022 [YR2022],7.1
Lithuania,2022 [YR2022],15.1
Luxembourg,2022 [YR2022],6.8
"Macao SAR, China",2022 [YR2022],4.256
Madagascar,2022 [YR2022],6.799
Malawi,2022 [YR2022],6.934
Malaysia,2022 [YR2022],5.443
Maldives,2022 [YR2022],2.777
Mali,2022 [YR2022],8.951
Malta,2022 [YR2022],8.0
Marshall Islands,2022 [YR2022],7.919
Mauritania,2022 [YR2022],7.203
Mauritius,2022 [YR2022],10.2
Mexico,2022 [YR2022],6.705
"Micronesia, Fed. Sts.",2022 [YR2022],6.275
Moldova,2022 [YR2022],16.609
Mongolia,2022 [YR2022],5.479
Montenegro,2022 [YR2022],11.5
Morocco,2022 [YR2022],5.766
Mozambique,2022 [YR2022],8.611
Myanmar,2022 [YR2022],8.749
Namibia,2022 [YR2022],11.457
Nauru,2022 [YR2022],6.582
Nepal,2022 [YR2022],6.651
Netherlands,2022 [YR2022],9.6
New Caledonia,2022 [YR2022],7.1
New Zealand,2022 [YR2022],7.53
Nicaragua,2022 [YR2022],4.655
Niger,2022 [YR2022],7.834
Nigeria,2022 [YR2022],12.431
North Macedonia,2022 [YR2022],12.3
Norway,2022 [YR2022],8.4
Oman,2022 [YR2022],3.279
Pakistan,2022 [YR2022],7.021
Palau,2022 [YR2022],11.4
Panama,2022 [YR2022],5.904
Papua New Guinea,2022 [YR2022],6.459
Paraguay,2022 [YR2022],7.437
Peru,2022 [YR2022],7.505
Philippines,2022 [YR2022],5.568
Poland,2022 [YR2022],12.2
Portugal,2022 [YR2022],11.9
Puerto Rico,2022 [YR2022],11.0
Qatar,2022 [YR2022],1.08
Romania,2022 [YR2022],14.3
Russian Federation,2022 [YR2022],12.9
Rwanda,2022 [YR2022],5.847
Samoa,2022 [YR2022],5.45
San Marino,2022 [YR2022],7.8
Sao Tome and Principe,2022 [YR2022],5.838
Saudi Arabia,2022 [YR2022],2.752
Senegal,2022 [YR2022],5.548
Serbia,2022 [YR2022],16.2
Seychelles,2022 [YR2022],7.8
Sierra Leone,2022 [YR2022],8.909
Singapore,2022 [YR2022],6.3
Sint Maarten (Dutch part),2022 [YR2022],6.0
Slovak Republic,2022 [YR2022],11.0
Slovenia,2022 [YR2022],10.6
Solomon Islands,2022 [YR2022],4.888
Somalia,2022 [YR2022],11.012
South Africa,2022 [YR2022],12.032
South Sudan,2022 [YR2022],10.745
Spain,2022 [YR2022],9.7
Sri Lanka,2022 [YR2022],7.287
St. Kitts and Nevis,2022 [YR2022],10.078
St. Lucia,2022 [YR2022],10.151
St. Martin (French part),2022 [YR2022],5.101
St. Vincent and the Grenadines,2022 [YR2022],14.004
Sudan,2022 [YR2022],6.677
Suriname,2022 [YR2022],8.637
Sweden,2022 [YR2022],9.0
Switzerland,2022 [YR2022],8.5
Syrian Arab Republic,2022 [YR2022],5.047
Tajikistan,2022 [YR2022],4.695
Tanzania,2022 [YR2022],5.959
Thailand,2022 [YR2022],7.487
Timor-Leste,2022 [YR2022],6.535
Togo,2022 [YR2022],8.213
Tonga,2022 [YR2022],6.885
Trinidad and Tobago,2022 [YR2022],8.097
Tunisia,2022 [YR2022],7.601
Turkiye,2022 [YR2022],5.101
Turkmenistan,2022 [YR2022],6.585
Turks and Caicos Islands,2022 [YR2022],9.04
Tuvalu,2022 [YR2022],10.103
Uganda,2022 [YR2022],5.579
Ukraine,2022 [YR2022],21.4
United Arab Emirates,2022 [YR2022],1.865
United Kingdom,2022 [YR2022],9.1
United States,2022 [YR2022],9.8
Uruguay,2022 [YR2022],9.879
Uzbekistan,2022 [YR2022],4.8
Vanuatu,2022 [YR2022],5.312
"Venezuela, RB",2022 [YR2022],8.1
Virgin Islands (U.S.),2022 [YR2022],8.8
West Bank and Gaza,2022 [YR2022],3.854
"Yemen, Rep.",2022 [YR2022],6.824
Zambia,2022 [YR2022],6.716
Zimbabwe,2022 [YR2022],8.943
Africa Eastern and Southern,2022 [YR2022],7.85756094074036
Africa Western and Central,2022 [YR2022],10.2813066390412
Arab World,2022 [YR2022],5.66654257725265
Caribbean small states,2022 [YR2022],8.68614038808816
Central Europe and the Baltics,2022 [YR2022],13.276046102818
Early-demographic dividend,2022 [YR2022],7.82533927678611
East Asia & Pacific,2022 [YR2022],7.83712295856962
East Asia & Pacific (excluding high income),2022 [YR2022],7.55252632085728
East Asia & Pacific (IDA & IBRD countries),2022 [YR2022],7.53005757324741
Euro area,2022 [YR2022],11.1852683553019
Europe & Central Asia,2022 [YR2022],10.8776574679525
Europe & Central Asia (excluding high income),2022 [YR2022],9.20841911506012
Europe & Central Asia (IDA & IBRD countries),2022 [YR2022],10.9902889323503
European Union,2022 [YR2022],11.5103824520112
Fragile and conflict affected situations,2022 [YR2022],9.28786807358812
Heavily indebted poor countries (HIPC),2022 [YR2022],7.61690484795043
High income,2022 [YR2022],10.3070408246119
IBRD only,2022 [YR2022],8.26116974327149
IDA & IBRD total,2022 [YR2022],8.13513545565369
IDA blend,2022 [YR2022],9.01836507687084
IDA only,2022 [YR2022],7.19530658445449
IDA total,2022 [YR2022],7.80233335847154
Late-demographic dividend,2022 [YR2022],7.89060630490881
Latin America & Caribbean,2022 [YR2022],7.5758982956289
Latin America & Caribbean (excluding high income),2022 [YR2022],7.53842196630831
Latin America & the Caribbean (IDA & IBRD countries),2022 [YR2022],7.51864032041907
Least developed countries: UN classification,2022 [YR2022],7.27558394232191
Low & middle income,2022 [YR2022],7.98334567999387
Low income,2022 [YR2022],7.70566361479831
Lower middle income,2022 [YR2022],8.22894556069342
Middle East & North Africa,2022 [YR2022],5.44010009326094
Middle East & North Africa (excluding high income),2022 [YR2022],5.81228113727999
Middle East & North Africa (IDA & IBRD countries),2022 [YR2022],5.83540179425691
Middle income,2022 [YR2022],8.01736231092355
North America,2022 [YR2022],9.67436125347651
OECD members,2022 [YR2022],9.54515108816978
Other small states,2022 [YR2022],7.89952191448726
Pacific island small states,2022 [YR2022],6.45963164798541
Post-demographic dividend,2022 [YR2022],10.8496814642131
Pre-demographic dividend,2022 [YR2022],8.72918669077287
Small states,2022 [YR2022],7.83148387834967
South Asia,2022 [YR2022],8.37778465316779
South Asia (IDA & IBRD),2022 [YR2022],8.37778465316779
Sub-Saharan Africa,2022 [YR2022],8.83830583985278
Sub-Saharan Africa (excluding high income),2022 [YR2022],8.83840711002797
Sub-Saharan Africa (IDA & IBRD countries),2022 [YR2022],8.83830583985278
Upper middle income,2022 [YR2022],7.78842419378598
World,2022 [YR2022],8.38886857290187
