Country Name,Country Code,Series Name,Series Code,2023 [YR2023],2022 [YR2022],2021 [YR2021],2020 [YR2020],2019 [YR2019],2018 [YR2018],2017 [YR2017],2016 [YR2016],2015 [YR2015],2014 [YR2014],2013 [YR2013],2012 [YR2012],2011 [YR2011],2010 [YR2010],2009 [YR2009],2008 [YR2008],2007 [YR2007],2006 [YR2006],2005 [YR2005],2004 [YR2004],2003 [YR2003],2002 [YR2002],2001 [YR2001],2000 [YR2000],1999 [YR1999],1998 [YR1998],1997 [YR1997],1996 [YR1996],1995 [YR1995],1994 [YR1994],1993 [YR1993],1992 [YR1992],1991 [YR1991],1990 [YR1990],1989 [YR1989],1988 [YR1988],1987 [YR1987],1986 [YR1986],1985 [YR1985],1984 [YR1984],1983 [YR1983],1982 [YR1982],1981 [YR1981],1980 [YR1980],1979 [YR1979],1978 [YR1978],1977 [YR1977],1976 [YR1976],1975 [YR1975],1974 [YR1974],1973 [YR1973],1972 [YR1972],1971 [YR1971],1970 [YR1970],1969 [YR1969],1968 [YR1968],1967 [YR1967],1966 [YR1966],1965 [YR1965],1964 [YR1964],1963 [YR1963],1962 [YR1962],1961 [YR1961],1960 [YR1960]
Afghanistan,AFG,Young people (ages 15-24) newly infected with HIV,SH.HIV.INCD.YG,..,500,500,500,500,500,500,500,500,500,500,500,500,500,500,500,500,500,500,500,500,500,200,200,200,200,200,200,200,200,100,100,100,100,..,..,..,..,..,..,..,..,..,..,..,..,..,..,..,..,..,..,..,..,..,..,..,..,..,..,..,..,..,..
Afghanistan,AFG,Women's share of population ages 15+ living with HIV (%),SH.DYN.AIDS.FE.ZS,..,29.3134328358209,29.2310408757835,29.1522648717482,29.0687880205896,28.9957430340557,28.9618031315448,28.8410256410256,28.6895674300254,28.6549707602339,28.6753666705162,28.7495460597991,28.8351368555061,28.8681757656458,28.8386917960089,28.6861732644865,28.4650885812119,28.2043295436848,27.9462383215866,27.7487821851079,27.6160060116476,27.5470138458359,27.5034610059991,27.4610074149834,27.3369104772663,27.0754716981132,26.6968325791855,26.295585412668,25.8050478677111,25.3421186011151,24.8932275777913,24.5495495495496,24.2224316682375,23.8823529411765,..,..,..,..,..,..,..,..,..,..,..,..,..,..,..,..,..,..,..,..,..,..,..,..,..,..,..,..,..,..
Albania,ALB,Young people (ages 15-24) newly infected with HIV,SH.HIV.INCD.YG,..,100,100,100,100,100,100,100,100,100,100,100,100,100,100,100,100,100,100,100,100,100,100,100,100,100,100,100,100,100,100,100,100,100,..,..,..,..,..,..,..,..,..,..,..,..,..,..,..,..,..,..,..,..,..,..,..,..,..,..,..,..,..,..
Albania,ALB,Women's share of population ages 15+ living with HIV (%),SH.DYN.AIDS.FE.ZS,..,28.7972508591065,28.5613540197461,28.3333333333333,28.1133482475764,27.9320987654321,27.8807413376309,27.9050042408821,27.7628032345014,27.7511961722488,27.6464542651593,27.5862068965517,27.6029055690073,27.5769745649264,27.5187969924812,27.4914089347079,27.2908366533864,27.2300469483568,26.685393258427,26.3698630136986,26.271186440678,25.6410256410256,25.7861635220126,25.5813953488372,25,25.3012048192771,24.2424242424242,25,24.390243902439,21.875,24,21.0526315789474,20,18.1818181818182,..,..,..,..,..,..,..,..,..,..,..,..,..,..,..,..,..,..,..,..,..,..,..,..,..,..,..,..,..,..
Algeria,DZA,Young people (ages 15-24) newly infected with HIV,SH.HIV.INCD.YG,..,500,500,500,500,500,500,500,500,500,500,500,500,500,500,500,500,500,500,500,200,200,200,200,200,200,100,100,100,100,100,100,100,100,..,..,..,..,..,..,..,..,..,..,..,..,..,..,..,..,..,..,..,..,..,..,..,..,..,..,..,..,..,..
Algeria,DZA,Women's share of population ages 15+ living with HIV (%),SH.DYN.AIDS.FE.ZS,..,47.7838608069597,47.7251810651835,47.6290336386202,47.5042398129899,47.3658272140358,47.2123116246872,47.0472554803632,46.8447370086714,46.5875785066294,46.2907093679895,45.9782983120909,45.6170703575548,45.1786482996126,44.7001817080557,44.4201909959072,44.3778801843318,44.4328824141519,44.5252604678592,44.6492007104796,44.7381671701913,44.7270648756788,44.7009102730819,44.6051167964405,44.6943972835314,45.01953125,45.1377178189994,44.9423815620999,44.7291361639824,44.5670628183362,44.4995044598612,44.340723453909,44.1666666666667,44.2016806722689,..,..,..,..,..,..,..,..,..,..,..,..,..,..,..,..,..,..,..,..,..,..,..,..,..,..,..,..,..,..
American Samoa,ASM,Young people (ages 15-24) newly infected with HIV,SH.HIV.INCD.YG,..,..,..,..,..,..,..,..,..,..,..,..,..,..,..,..,..,..,..,..,..,..,..,..,..,..,..,..,..,..,..,..,..,..,..,..,..,..,..,..,..,..,..,..,..,..,..,..,..,..,..,..,..,..,..,..,..,..,..,..,..,..,..,..
American Samoa,ASM,Women's share of population ages 15+ living with HIV (%),SH.DYN.AIDS.FE.ZS,..,..,..,..,..,..,..,..,..,..,..,..,..,..,..,..,..,..,..,..,..,..,..,..,..,..,..,..,..,..,..,..,..,..,..,..,..,..,..,..,..,..,..,..,..,..,..,..,..,..,..,..,..,..,..,..,..,..,..,..,..,..,..,..
Andorra,AND,Young people (ages 15-24) newly infected with HIV,SH.HIV.INCD.YG,..,..,..,..,..,..,..,..,..,..,..,..,..,..,..,..,..,..,..,..,..,..,..,..,..,..,..,..,..,..,..,..,..,..,..,..,..,..,..,..,..,..,..,..,..,..,..,..,..,..,..,..,..,..,..,..,..,..,..,..,..,..,..,..
Andorra,AND,Women's share of population ages 15+ living with HIV (%),SH.DYN.AIDS.FE.ZS,..,..,..,..,..,..,..,..,..,..,..,..,..,..,..,..,..,..,..,..,..,..,..,..,..,..,..,..,..,..,..,..,..,..,..,..,..,..,..,..,..,..,..,..,..,..,..,..,..,..,..,..,..,..,..,..,..,..,..,..,..,..,..,..
Angola,AGO,Young people (ages 15-24) newly infected with HIV,SH.HIV.INCD.YG,..,4600,4700,4900,5100,5200,5400,5600,5700,6100,6800,7500,7700,7800,8100,8200,8100,8100,7700,7600,7300,6800,6500,6200,5700,5300,4800,4300,3900,3400,3000,2700,2300,2000,..,..,..,..,..,..,..,..,..,..,..,..,..,..,..,..,..,..,..,..,..,..,..,..,..,..,..,..,..,..
Angola,AGO,Women's share of population ages 15+ living with HIV (%),SH.DYN.AIDS.FE.ZS,..,66.448632018065,65.9638282111045,65.4148976387112,64.8839872499034,64.5138651587135,64.2392973450146,63.9593012555916,63.5621346624252,63.0693856450785,62.5824909863508,62.2614163025964,62.0935871328478,61.9624043873575,61.8511131220004,61.7652507873878,61.6946193520229,61.6327180140038,61.5800365185636,61.527718863184,61.4761857665626,61.4160816307699,61.3155419703739,61.1773189966809,61.0382395605074,60.844421404297,60.638422720338,60.4164810028815,60.135227195313,59.7671665351223,59.2262931530164,58.5713901079669,57.8663345786633,57.0915619389587,..,..,..,..,..,..,..,..,..,..,..,..,..,..,..,..,..,..,..,..,..,..,..,..,..,..,..,..,..,..
Antigua and Barbuda,ATG,Young people (ages 15-24) newly infected with HIV,SH.HIV.INCD.YG,..,..,..,..,..,..,..,..,..,..,..,..,..,..,..,..,..,..,..,..,..,..,..,..,..,..,..,..,..,..,..,..,..,..,..,..,..,..,..,..,..,..,..,..,..,..,..,..,..,..,..,..,..,..,..,..,..,..,..,..,..,..,..,..
Antigua and Barbuda,ATG,Women's share of population ages 15+ living with HIV (%),SH.DYN.AIDS.FE.ZS,..,..,..,..,..,..,..,..,..,..,..,..,..,..,..,..,..,..,..,..,..,..,..,..,..,..,..,..,..,..,..,..,..,..,..,..,..,..,..,..,..,..,..,..,..,..,..,..,..,..,..,..,..,..,..,..,..,..,..,..,..,..,..,..
Argentina,ARG,Young people (ages 15-24) newly infected with HIV,SH.HIV.INCD.YG,..,..,..,..,..,..,..,..,..,..,..,..,..,..,..,..,..,..,..,..,..,..,..,..,..,..,..,..,..,..,..,..,..,..,..,..,..,..,..,..,..,..,..,..,..,..,..,..,..,..,..,..,..,..,..,..,..,..,..,..,..,..,..,..
Argentina,ARG,Women's share of population ages 15+ living with HIV (%),SH.DYN.AIDS.FE.ZS,..,36.2569050264027,36.2316376758958,36.2081708390993,36.1882394433935,36.1711888845196,36.1586281533931,36.1500043055197,36.1430735298026,36.1350600957148,36.0969303501835,36.0281332421608,35.9392724031761,35.8308620943488,35.7092857924095,35.5770655904049,35.4433242474379,35.2960203028003,35.1513651521467,35.0198277040886,34.8817798500482,34.7287198493226,34.5534407027818,34.3505048776314,34.1367077496983,33.9137433501502,33.7200211304807,33.5813741154987,33.441265060241,33.2956791866704,33.1445593819563,32.9797720910059,32.8029131540879,32.6047603084143,..,..,..,..,..,..,..,..,..,..,..,..,..,..,..,..,..,..,..,..,..,..,..,..,..,..,..,..,..,..
Armenia,ARM,Young people (ages 15-24) newly infected with HIV,SH.HIV.INCD.YG,..,100,100,100,100,100,100,100,100,100,100,100,100,100,100,100,100,100,100,100,100,100,100,100,100,100,100,100,100,100,100,100,100,100,..,..,..,..,..,..,..,..,..,..,..,..,..,..,..,..,..,..,..,..,..,..,..,..,..,..,..,..,..,..
Armenia,ARM,Women's share of population ages 15+ living with HIV (%),SH.DYN.AIDS.FE.ZS,..,27.631802000339,27.7989475594266,27.8294573643411,27.8391331527402,27.7752808988764,27.5853658536585,27.2921108742004,26.7977692985031,26.078431372549,25.0368188512518,23.5690235690236,21.6520039100684,19.2374350086655,16.4116828929068,13.8107416879795,11.6080937167199,10.2040816326531,9.38053097345133,8.81670533642691,8.86850152905199,9.01639344262295,9.82658959537572,10.3448275862069,11.8421052631579,14.5833333333333,16.6666666666667,22.2222222222222,18.1818181818182,16.6666666666667,25,0,0,0,..,..,..,..,..,..,..,..,..,..,..,..,..,..,..,..,..,..,..,..,..,..,..,..,..,..,..,..,..,..
Aruba,ABW,Young people (ages 15-24) newly infected with HIV,SH.HIV.INCD.YG,..,..,..,..,..,..,..,..,..,..,..,..,..,..,..,..,..,..,..,..,..,..,..,..,..,..,..,..,..,..,..,..,..,..,..,..,..,..,..,..,..,..,..,..,..,..,..,..,..,..,..,..,..,..,..,..,..,..,..,..,..,..,..,..
Aruba,ABW,Women's share of population ages 15+ living with HIV (%),SH.DYN.AIDS.FE.ZS,..,..,..,..,..,..,..,..,..,..,..,..,..,..,..,..,..,..,..,..,..,..,..,..,..,..,..,..,..,..,..,..,..,..,..,..,..,..,..,..,..,..,..,..,..,..,..,..,..,..,..,..,..,..,..,..,..,..,..,..,..,..,..,..
Australia,AUS,Young people (ages 15-24) newly infected with HIV,SH.HIV.INCD.YG,..,..,100,100,100,100,100,100,100,100,100,100,100,100,100,100,100,100,100,100,100,100,100,100,100,100,100,100,100,100,100,100,100,100,..,..,..,..,..,..,..,..,..,..,..,..,..,..,..,..,..,..,..,..,..,..,..,..,..,..,..,..,..,..
Australia,AUS,Women's share of population ages 15+ living with HIV (%),SH.DYN.AIDS.FE.ZS,..,12.4978922874583,12.4546225614928,12.3212019346208,12.1307905735258,12.013763129301,11.9249530956848,11.8879205908789,11.966537342386,12.0261437908497,12.1031398000351,12.169384678635,12.1968787515006,12.2272932443954,12.2320633090509,12.2178391409161,12.1815469359651,12.1275955461932,12.0196290867376,11.8832569425721,11.7298916143754,11.5643175466425,11.3782051282051,11.1703478040112,10.9066427289049,10.587899543379,10.1809045226131,9.66722830665543,8.97435897435897,8.21818181818182,7.48402798904776,6.78963110667996,6.14530676974923,5.56389472630842,..,..,..,..,..,..,..,..,..,..,..,..,..,..,..,..,..,..,..,..,..,..,..,..,..,..,..,..,..,..
Austria,AUT,Young people (ages 15-24) newly infected with HIV,SH.HIV.INCD.YG,..,..,..,..,..,..,..,..,..,..,..,..,..,..,..,..,..,..,..,..,..,..,..,..,..,..,..,..,..,..,..,..,..,..,..,..,..,..,..,..,..,..,..,..,..,..,..,..,..,..,..,..,..,..,..,..,..,..,..,..,..,..,..,..
Austria,AUT,Women's share of population ages 15+ living with HIV (%),SH.DYN.AIDS.FE.ZS,..,24.194729136164,24.1248932796683,24.0464547677262,23.9783357951748,23.9176543980037,23.8741595839148,23.8187702265372,23.731283953889,23.6780981008334,23.6266064115238,23.5844915874177,23.5267314702309,23.4587417009169,23.3954792938459,23.3229598893499,23.2464929859719,23.1702619414484,23.0392156862745,22.8527940856708,22.6691467100674,22.5468164794008,22.4631860776439,22.4870763928777,22.4837410963146,22.438044206296,22.4150397686189,22.3552123552124,22.2537494933117,22.1711899791232,22.0441749675184,22.0145852324521,21.8978102189781,21.805702217529,..,..,..,..,..,..,..,..,..,..,..,..,..,..,..,..,..,..,..,..,..,..,..,..,..,..,..,..,..,..
Azerbaijan,AZE,Young people (ages 15-24) newly infected with HIV,SH.HIV.INCD.YG,..,100,100,100,100,100,100,100,200,200,200,200,200,200,200,200,200,200,200,200,200,200,200,200,200,200,100,100,100,100,100,100,100,100,..,..,..,..,..,..,..,..,..,..,..,..,..,..,..,..,..,..,..,..,..,..,..,..,..,..,..,..,..,..
Azerbaijan,AZE,Women's share of population ages 15+ living with HIV (%),SH.DYN.AIDS.FE.ZS,..,33.9606419564387,33.8914206459283,33.7671654027465,33.6307626938602,33.5246715973065,33.4096371752318,33.294034425843,33.200290275762,33.1471829238024,33.189491052164,33.3246921581335,33.4701986754967,33.6001085187195,33.6362365441074,33.5551055828753,33.5608128601759,33.5532668168651,33.5065835065835,33.453853472883,33.4188582424631,33.2756061355765,33.0990041007616,32.9259525521208,32.7038231229848,32.4620060790273,31.9306930693069,31.3860252004582,30.6451612903226,29.8440979955457,29.2035398230089,28.6245353159851,28,27.0408163265306,..,..,..,..,..,..,..,..,..,..,..,..,..,..,..,..,..,..,..,..,..,..,..,..,..,..,..,..,..,..
"Bahamas, The",BHS,Young people (ages 15-24) newly infected with HIV,SH.HIV.INCD.YG,..,100,100,100,100,100,100,100,100,100,100,100,100,100,100,100,100,100,100,100,100,100,100,100,100,100,100,100,100,100,100,100,100,100,..,..,..,..,..,..,..,..,..,..,..,..,..,..,..,..,..,..,..,..,..,..,..,..,..,..,..,..,..,..
"Bahamas, The",BHS,Women's share of population ages 15+ living with HIV (%),SH.DYN.AIDS.FE.ZS,..,48.1962107448741,48.3547557840617,48.4108822781592,48.4229119354025,48.4619263741805,48.4090909090909,48.3546847525747,48.1204879263132,47.9254658385093,47.6485148514852,47.320773183264,47.0716889428919,46.7738008278549,46.4840858623242,45.8946843024707,45.4178237818733,44.9948665297741,44.6475195822454,44.441496418148,44.2463533225284,44.1040932502033,44.0096488876977,43.9434364994664,43.8422323584653,43.7771739130435,43.7308868501529,43.6583261432269,43.5936086825445,43.5494223363286,43.5175530066041,43.4882827506723,43.4839270199826,43.469490670701,..,..,..,..,..,..,..,..,..,..,..,..,..,..,..,..,..,..,..,..,..,..,..,..,..,..,..,..,..,..
Bahrain,BHR,Young people (ages 15-24) newly infected with HIV,SH.HIV.INCD.YG,..,..,..,..,..,..,..,..,..,..,..,..,..,..,..,..,..,..,..,..,..,..,..,..,..,..,..,..,..,..,..,..,..,..,..,..,..,..,..,..,..,..,..,..,..,..,..,..,..,..,..,..,..,..,..,..,..,..,..,..,..,..,..,..
Bahrain,BHR,Women's share of population ages 15+ living with HIV (%),SH.DYN.AIDS.FE.ZS,..,16.1434977578475,16.2844036697248,16.4319248826291,16.7058823529412,17.0673076923077,16.953316953317,17.7083333333333,18.6813186813187,19.6531791907514,19.8813056379822,19.7568389057751,20.5696202531646,21.25,21.5384615384615,22.1854304635762,22.7758007117438,23.3716475095785,23.3606557377049,23.0434782608696,23.1481481481481,22.3300970873786,22,21.6494845360825,21.6931216931217,21.3903743315508,21.7391304347826,20.9944751381216,20.9039548022599,20.3488372093023,20,19.7452229299363,19.1780821917808,18.796992481203,..,..,..,..,..,..,..,..,..,..,..,..,..,..,..,..,..,..,..,..,..,..,..,..,..,..,..,..,..,..
Bangladesh,BGD,Young people (ages 15-24) newly infected with HIV,SH.HIV.INCD.YG,..,500,500,500,500,500,500,500,500,500,500,500,500,500,500,500,500,500,500,500,200,200,200,100,100,100,100,100,100,100,100,100,100,100,..,..,..,..,..,..,..,..,..,..,..,..,..,..,..,..,..,..,..,..,..,..,..,..,..,..,..,..,..,..
Bangladesh,BGD,Women's share of population ages 15+ living with HIV (%),SH.DYN.AIDS.FE.ZS,..,33.4308257379948,33.1804065499718,32.987430575855,32.7604562737643,32.4506461587251,32.1603859911821,31.9259585720582,31.8491208167896,31.8714941356451,31.840300818403,31.6270127373228,31.1535443369082,30.335322534811,29.2357773988529,28,26.5672205438066,25.1439539347409,23.7192118226601,22.7110582639715,22.085201793722,21.8323586744639,21.980198019802,22.4862888482633,23.1552162849873,23.6427320490368,23.8770685579196,23.7179487179487,23.5807860262009,23.3532934131736,23.728813559322,24.0963855421687,23.3333333333333,23.2558139534884,..,..,..,..,..,..,..,..,..,..,..,..,..,..,..,..,..,..,..,..,..,..,..,..,..,..,..,..,..,..
Barbados,BRB,Young people (ages 15-24) newly infected with HIV,SH.HIV.INCD.YG,..,100,100,100,100,100,100,100,100,100,100,100,100,100,100,100,100,100,100,100,100,100,100,100,100,100,100,100,100,100,100,100,100,100,..,..,..,..,..,..,..,..,..,..,..,..,..,..,..,..,..,..,..,..,..,..,..,..,..,..,..,..,..,..
Barbados,BRB,Women's share of population ages 15+ living with HIV (%),SH.DYN.AIDS.FE.ZS,..,39.5435491383326,39.5726892707849,39.6287703016241,39.7584765443567,39.9906890130354,40.2894491129785,40.5342080599813,40.7808090310442,40.9929078014184,41.2297426120114,41.4739884393064,41.6585365853659,41.8109846610589,41.9436052366566,41.8676244227809,41.7190775681342,41.5591397849462,41.4634146341463,41.4031052328925,41.4619532654284,41.5270018621974,41.7777777777778,41.8574231523872,42.0299727520436,42.1773612112473,42.3887587822014,42.6086956521739,42.8571428571428,43.2234432234432,43.6220472440945,43.9824945295405,44.1860465116279,44.6927374301676,..,..,..,..,..,..,..,..,..,..,..,..,..,..,..,..,..,..,..,..,..,..,..,..,..,..,..,..,..,..
Belarus,BLR,Young people (ages 15-24) newly infected with HIV,SH.HIV.INCD.YG,..,200,200,200,200,200,500,500,500,500,500,500,500,500,500,500,500,500,500,500,500,200,200,200,100,100,100,100,100,100,100,100,100,100,..,..,..,..,..,..,..,..,..,..,..,..,..,..,..,..,..,..,..,..,..,..,..,..,..,..,..,..,..,..
Belarus,BLR,Women's share of population ages 15+ living with HIV (%),SH.DYN.AIDS.FE.ZS,..,44.1825010225709,43.8348394903014,43.5391421427197,43.2104104418934,42.825320967154,42.4140398131392,41.9380495780125,41.4376024350269,40.9927021893432,40.6598137882783,40.3289050155089,39.9216089442909,39.5720399429387,39.420452721143,39.5186478045196,39.8348702552005,40.4092071611253,41.2184157494962,42.1574232894988,43.2201377345049,44.2152466367713,45.0682852807284,45.7807953443259,46.4621164683782,46.9487388120423,47.4413646055437,48.0959097320169,48.5875706214689,49.1139240506329,49.4845360824742,50,50.3267973856209,50.9090909090909,..,..,..,..,..,..,..,..,..,..,..,..,..,..,..,..,..,..,..,..,..,..,..,..,..,..,..,..,..,..
Belgium,BEL,Young people (ages 15-24) newly infected with HIV,SH.HIV.INCD.YG,..,100,100,100,100,100,100,100,100,100,100,100,200,200,200,200,200,200,100,100,100,100,100,100,100,100,100,100,100,100,100,100,100,100,..,..,..,..,..,..,..,..,..,..,..,..,..,..,..,..,..,..,..,..,..,..,..,..,..,..,..,..,..,..
Belgium,BEL,Women's share of population ages 15+ living with HIV (%),SH.DYN.AIDS.FE.ZS,..,34.4686789332231,34.7320818215281,34.9675481413936,35.1740367775832,35.3507103702875,35.4820242729563,35.608151758971,35.6978851963746,35.7766687461011,35.8269753006595,35.8382669537137,35.8363214511706,35.8340101897659,35.8021806853583,35.7454875133932,35.668678387125,35.5495629533197,35.4094464798495,35.2847934058967,35.1650836725464,35.0636749545179,34.9634846113719,34.8755449303895,34.8044437680718,34.7438016528926,34.7214710654408,34.6890424481737,34.6337234503684,34.5136921624174,34.3654822335025,34.2257797405465,34.0964590964591,33.9792387543253,..,..,..,..,..,..,..,..,..,..,..,..,..,..,..,..,..,..,..,..,..,..,..,..,..,..,..,..,..,..
Belize,BLZ,Young people (ages 15-24) newly infected with HIV,SH.HIV.INCD.YG,..,100,100,100,100,100,100,100,100,100,100,100,100,100,100,100,100,100,100,100,100,100,100,100,100,100,100,100,100,100,100,100,100,100,..,..,..,..,..,..,..,..,..,..,..,..,..,..,..,..,..,..,..,..,..,..,..,..,..,..,..,..,..,..
Belize,BLZ,Women's share of population ages 15+ living with HIV (%),SH.DYN.AIDS.FE.ZS,..,46.1752433936022,45.9557794570389,45.7263751763047,45.4907539118065,45.2786601212821,45.0146627565982,44.7195704057279,44.41400304414,44.0361258175023,43.6520626798849,43.3003300330033,42.8277986990757,42.3529411764706,41.9366852886406,41.4102064666926,40.9815950920245,40.6574394463668,40.4333794375288,40.2072027627035,39.989350372737,39.7562391178178,39.5156150414277,39.2045454545455,38.961038961039,38.7189292543021,38.5780885780886,38.2570162481536,38.2066276803119,37.8016085790885,37.6923076923077,37.1428571428572,37.1681415929204,36.6197183098592,..,..,..,..,..,..,..,..,..,..,..,..,..,..,..,..,..,..,..,..,..,..,..,..,..,..,..,..,..,..
Benin,BEN,Young people (ages 15-24) newly infected with HIV,SH.HIV.INCD.YG,..,500,500,500,500,1000,1000,1000,1000,1000,1000,1100,1100,1200,1400,1600,1700,1700,1800,1800,1900,2000,2000,2100,2300,2400,2500,2700,2800,2600,2500,2200,2000,1700,..,..,..,..,..,..,..,..,..,..,..,..,..,..,..,..,..,..,..,..,..,..,..,..,..,..,..,..,..,..
Benin,BEN,Women's share of population ages 15+ living with HIV (%),SH.DYN.AIDS.FE.ZS,..,65.7312793117371,65.4939253129969,65.193183216439,64.8484104954837,64.3714495143852,63.9011299004285,63.5164936138932,63.1474257166207,62.7392446787008,62.2756470810504,61.8360424932804,61.5077743079967,61.1792500251332,60.8387630571931,60.5281878001067,60.306336247381,60.3028838408249,60.2837256256309,60.1541089796064,60.1040052715001,60.0380282700725,59.96541996542,59.8694002083643,59.7553246653479,59.6246022475531,59.4673476833272,59.28589716733,59.036455643912,58.673647469459,58.2551870609378,57.8523378456939,57.2706935123042,56.5356548457304,..,..,..,..,..,..,..,..,..,..,..,..,..,..,..,..,..,..,..,..,..,..,..,..,..,..,..,..,..,..
Bermuda,BMU,Young people (ages 15-24) newly infected with HIV,SH.HIV.INCD.YG,..,..,..,..,..,..,..,..,..,..,..,..,..,..,..,..,..,..,..,..,..,..,..,..,..,..,..,..,..,..,..,..,..,..,..,..,..,..,..,..,..,..,..,..,..,..,..,..,..,..,..,..,..,..,..,..,..,..,..,..,..,..,..,..
Bermuda,BMU,Women's share of population ages 15+ living with HIV (%),SH.DYN.AIDS.FE.ZS,..,..,..,..,..,..,..,..,..,..,..,..,..,..,..,..,..,..,..,..,..,..,..,..,..,..,..,..,..,..,..,..,..,..,..,..,..,..,..,..,..,..,..,..,..,..,..,..,..,..,..,..,..,..,..,..,..,..,..,..,..,..,..,..
Bhutan,BTN,Young people (ages 15-24) newly infected with HIV,SH.HIV.INCD.YG,..,100,100,100,100,100,100,100,100,100,100,100,100,100,100,100,100,100,100,100,100,100,100,100,100,100,100,100,100,100,100,100,100,100,..,..,..,..,..,..,..,..,..,..,..,..,..,..,..,..,..,..,..,..,..,..,..,..,..,..,..,..,..,..
Bhutan,BTN,Women's share of population ages 15+ living with HIV (%),SH.DYN.AIDS.FE.ZS,..,44.8148148148148,44.6768060836502,44.5853658536585,44.4555444555445,44.3762781186094,44.2468619246862,44.136460554371,43.8370846730975,43.5952637244349,43.1034482758621,42.7645788336933,42.2993492407809,41.8579234972678,41.5094339622641,41.1831626848692,40.8284023668639,40.4761904761905,40.0544959128065,39.9691358024691,40.2193784277879,40.4063205417607,40.4069767441861,40.3162055335968,39.8876404494382,39.344262295082,38.5542168674699,36.8421052631579,35.7142857142857,31.25,32,28.5714285714286,25,23.5294117647059,..,..,..,..,..,..,..,..,..,..,..,..,..,..,..,..,..,..,..,..,..,..,..,..,..,..,..,..,..,..
Bolivia,BOL,Young people (ages 15-24) newly infected with HIV,SH.HIV.INCD.YG,..,500,500,500,500,500,500,500,500,500,500,500,500,500,500,500,500,500,500,500,500,500,500,500,500,500,500,500,500,500,500,500,200,100,..,..,..,..,..,..,..,..,..,..,..,..,..,..,..,..,..,..,..,..,..,..,..,..,..,..,..,..,..,..
Bolivia,BOL,Women's share of population ages 15+ living with HIV (%),SH.DYN.AIDS.FE.ZS,..,30.42463510642,30.5611948955917,30.7282616907154,30.8545361595029,30.9447722058341,30.9961996669371,30.9771033013844,30.9572113611214,30.9513560051657,30.9824300915615,31.0380109479716,31.142781736606,31.3537640846987,31.6177297783778,31.9337016574586,32.2989957303506,32.6634729048715,33.0220275666624,33.371237458194,33.6986681465039,34.0046196044464,34.2867924528302,34.5261657825984,34.7478319440936,34.9202055720855,35.0454633391372,35.1365546218487,35.2098023349902,35.2964851086665,35.4537597234226,35.6832971800434,35.8448506464556,35.875486381323,..,..,..,..,..,..,..,..,..,..,..,..,..,..,..,..,..,..,..,..,..,..,..,..,..,..,..,..,..,..
Bosnia and Herzegovina,BIH,Young people (ages 15-24) newly infected with HIV,SH.HIV.INCD.YG,..,..,..,..,..,..,..,..,..,..,..,..,..,..,..,..,..,..,..,..,..,..,..,..,..,..,..,..,..,..,..,..,..,..,..,..,..,..,..,..,..,..,..,..,..,..,..,..,..,..,..,..,..,..,..,..,..,..,..,..,..,..,..,..
Bosnia and Herzegovina,BIH,Women's share of population ages 15+ living with HIV (%),SH.DYN.AIDS.FE.ZS,..,14.4212523719165,14.5833333333333,14.7392290249433,14.8514851485149,14.9051490514905,15.1785714285714,15.359477124183,15.4676258992806,15.4150197628458,15.7205240174673,15.9420289855072,16.4021164021164,16.2790697674419,16.5605095541401,16.9014084507042,17.96875,18.4210526315789,19,19.5402298850575,19.2307692307692,20,20.6349206349206,19.2982456140351,19.6078431372549,20,20,20,20,19.2307692307692,20,20.8333333333333,20,17.3913043478261,..,..,..,..,..,..,..,..,..,..,..,..,..,..,..,..,..,..,..,..,..,..,..,..,..,..,..,..,..,..
Botswana,BWA,Young people (ages 15-24) newly infected with HIV,SH.HIV.INCD.YG,..,1400,1600,1700,1900,2300,2700,3000,3400,3500,3600,4000,4300,4400,4600,4900,5400,5900,6500,7200,7800,8300,8900,9400,10000,11000,12000,13000,13000,13000,13000,11000,9100,6700,..,..,..,..,..,..,..,..,..,..,..,..,..,..,..,..,..,..,..,..,..,..,..,..,..,..,..,..,..,..
Botswana,BWA,Women's share of population ages 15+ living with HIV (%),SH.DYN.AIDS.FE.ZS,..,60.9951917369108,60.7696341438124,60.4788601207319,60.2592271027872,60.0744133647589,59.9363727694589,59.8054722297973,59.6763425477256,59.5430006513352,59.3959924211977,59.2631096758683,59.1804674994117,59.1054053229671,59.1457032143575,59.2254221863392,59.3385530622209,59.4664235166434,59.5857378245593,59.6789853521299,59.7935392008543,59.8953840148336,59.9683469365202,60.075623044492,60.1906814031556,60.3083019823154,60.4244029352279,60.5295677008824,60.6064658681242,60.6286067600989,60.6261437684927,60.5948671463373,60.456695954427,59.9921639689497,..,..,..,..,..,..,..,..,..,..,..,..,..,..,..,..,..,..,..,..,..,..,..,..,..,..,..,..,..,..
Brazil,BRA,Young people (ages 15-24) newly infected with HIV,SH.HIV.INCD.YG,..,..,..,..,..,..,..,..,..,..,..,..,..,..,..,..,..,..,..,..,..,..,..,..,..,..,..,..,..,..,..,..,..,..,..,..,..,..,..,..,..,..,..,..,..,..,..,..,..,..,..,..,..,..,..,..,..,..,..,..,..,..,..,..
Brazil,BRA,Women's share of population ages 15+ living with HIV (%),SH.DYN.AIDS.FE.ZS,..,34.5284107533438,34.9464977198959,35.3713143701919,35.7520660220791,36.1819250520032,36.5485821340373,36.9245496035905,37.3438399662137,37.7789256057556,38.1981291974271,38.5980042069637,38.9422340854929,39.2280183913266,39.4772242520754,39.6606289380391,39.8315740835426,39.951914207567,40.0127716639349,40.0040373523134,39.9135834499213,39.7664928115598,39.5500522020275,39.2443918999006,38.8672165316227,38.4236435305444,37.8568823225258,37.0636420369991,35.94132703469,34.5410853093352,33.119802439951,31.6803034470114,30.1521777375657,28.23152340497,..,..,..,..,..,..,..,..,..,..,..,..,..,..,..,..,..,..,..,..,..,..,..,..,..,..,..,..,..,..
British Virgin Islands,VGB,Young people (ages 15-24) newly infected with HIV,SH.HIV.INCD.YG,..,..,..,..,..,..,..,..,..,..,..,..,..,..,..,..,..,..,..,..,..,..,..,..,..,..,..,..,..,..,..,..,..,..,..,..,..,..,..,..,..,..,..,..,..,..,..,..,..,..,..,..,..,..,..,..,..,..,..,..,..,..,..,..
British Virgin Islands,VGB,Women's share of population ages 15+ living with HIV (%),SH.DYN.AIDS.FE.ZS,..,..,..,..,..,..,..,..,..,..,..,..,..,..,..,..,..,..,..,..,..,..,..,..,..,..,..,..,..,..,..,..,..,..,..,..,..,..,..,..,..,..,..,..,..,..,..,..,..,..,..,..,..,..,..,..,..,..,..,..,..,..,..,..
Brunei Darussalam,BRN,Young people (ages 15-24) newly infected with HIV,SH.HIV.INCD.YG,..,..,..,..,..,..,..,..,..,..,..,..,..,..,..,..,..,..,..,..,..,..,..,..,..,..,..,..,..,..,..,..,..,..,..,..,..,..,..,..,..,..,..,..,..,..,..,..,..,..,..,..,..,..,..,..,..,..,..,..,..,..,..,..
Brunei Darussalam,BRN,Women's share of population ages 15+ living with HIV (%),SH.DYN.AIDS.FE.ZS,..,27.0833333333333,27.1604938271605,27.1428571428571,26.6666666666667,26,24.390243902439,24.2424242424242,23.0769230769231,25,21.4285714285714,22.2222222222222,20,0,0,0,..,..,..,..,..,..,..,..,..,..,..,..,..,..,..,..,..,..,..,..,..,..,..,..,..,..,..,..,..,..,..,..,..,..,..,..,..,..,..,..,..,..,..,..,..,..,..,..
Bulgaria,BGR,Young people (ages 15-24) newly infected with HIV,SH.HIV.INCD.YG,..,100,100,100,100,100,100,100,100,100,100,100,100,100,100,100,100,100,100,100,100,100,100,100,100,100,100,100,100,100,100,100,100,100,..,..,..,..,..,..,..,..,..,..,..,..,..,..,..,..,..,..,..,..,..,..,..,..,..,..,..,..,..,..
Bulgaria,BGR,Women's share of population ages 15+ living with HIV (%),SH.DYN.AIDS.FE.ZS,..,17.3125174240312,17.4686497521143,17.8169656430526,18.18759936407,18.6582109479306,19.1496837666901,19.6296296296296,20.0779727095517,20.5170291341814,20.8981001727116,21.1678832116788,21.4697406340058,21.7501264542236,22.0031965903037,22.2905027932961,22.6557949912638,22.8952150211993,23.0188679245283,23.1372549019608,23.3174711080897,23.4961075725407,23.7075332348597,23.9164086687307,23.9837398373984,24.190800681431,24.3794326241135,24.582560296846,24.6588693957115,24.7678018575851,24.9173098125689,24.9106078665078,25.0327653997379,25.0368188512518,..,..,..,..,..,..,..,..,..,..,..,..,..,..,..,..,..,..,..,..,..,..,..,..,..,..,..,..,..,..
Burkina Faso,BFA,Young people (ages 15-24) newly infected with HIV,SH.HIV.INCD.YG,..,500,500,500,500,500,1000,1000,1000,1000,1000,1000,1100,1200,1300,1400,1500,1700,1900,1900,2000,2200,2200,2400,2600,2800,2900,3200,3400,3900,4300,4900,5200,5300,..,..,..,..,..,..,..,..,..,..,..,..,..,..,..,..,..,..,..,..,..,..,..,..,..,..,..,..,..,..
Burkina Faso,BFA,Women's share of population ages 15+ living with HIV (%),SH.DYN.AIDS.FE.ZS,..,64.7308537441184,64.4042318160595,64.0054173015067,63.5734644833175,63.024727489591,62.4598650153987,61.9457463121747,61.4228800308437,60.8415852081169,60.2357444034363,59.6154046697882,59.0798629141136,58.8499979264297,58.7963632606674,58.7740632342636,58.7639404254449,58.7792591393716,58.8348912151478,58.9023561730158,58.970589648248,58.9992921277151,58.9978579756514,58.9462505266114,58.8388808077351,58.6824692185275,58.4837753729064,58.1417072120735,57.7295543683522,57.2938706356348,56.8284827254163,56.2823464248005,55.6673385978215,54.9487192441772,..,..,..,..,..,..,..,..,..,..,..,..,..,..,..,..,..,..,..,..,..,..,..,..,..,..,..,..,..,..
Burundi,BDI,Young people (ages 15-24) newly infected with HIV,SH.HIV.INCD.YG,..,500,500,500,500,500,500,1000,1000,1000,1000,1000,1000,1000,1100,1200,1300,1300,1300,1400,1600,1600,1800,2000,2400,2600,2900,3500,4200,4100,4200,6500,7500,8100,..,..,..,..,..,..,..,..,..,..,..,..,..,..,..,..,..,..,..,..,..,..,..,..,..,..,..,..,..,..
Burundi,BDI,Women's share of population ages 15+ living with HIV (%),SH.DYN.AIDS.FE.ZS,..,60.7209302325581,60.5838317207023,60.4375632020553,60.2640597479554,60.0460122699387,59.7669655706853,59.3967549196952,58.944451171113,58.3552010755051,57.7498588368154,57.1437663891647,56.7820143793668,56.5803809595371,56.4068610464829,56.2496848686532,56.0884033402398,55.9362667355143,55.7688856989054,55.5781472025508,55.3802313236855,55.1622005859038,54.8939682669085,54.5800968744823,54.2422625400213,53.9144251703069,53.5623518906481,53.1834961288426,52.7666213774878,52.3324690501406,51.9501358834278,51.3644059356638,50.8622766590763,50.2491794263718,..,..,..,..,..,..,..,..,..,..,..,..,..,..,..,..,..,..,..,..,..,..,..,..,..,..,..,..,..,..
Cabo Verde,CPV,Young people (ages 15-24) newly infected with HIV,SH.HIV.INCD.YG,..,100,100,100,100,100,100,100,100,100,100,100,100,100,100,100,100,100,100,100,100,100,100,100,100,100,100,100,100,100,100,100,100,100,..,..,..,..,..,..,..,..,..,..,..,..,..,..,..,..,..,..,..,..,..,..,..,..,..,..,..,..,..,..
Cabo Verde,CPV,Women's share of population ages 15+ living with HIV (%),SH.DYN.AIDS.FE.ZS,..,52.8913963328632,52.338337182448,51.6607354685647,50.9335782063055,50.1585288522511,49.2915980230643,48.2960413080895,47.2865412445731,46.4353074311581,45.6872784560851,44.9239621866009,44.1252144082333,43.4316353887399,42.7906976744186,42.5747348119576,42.4075924075924,42.2520661157025,42.0212765957447,41.7853231106243,41.4743950478334,41.1900635470826,40.9904534606205,40.8163265306122,40.6514657980456,40.1907356948229,39.7270114942529,39.3292682926829,38.9568052159739,38.6443661971831,38.4245917387128,38.2571732199788,38.1127450980392,38.0200860832138,..,..,..,..,..,..,..,..,..,..,..,..,..,..,..,..,..,..,..,..,..,..,..,..,..,..,..,..,..,..
Cambodia,KHM,Young people (ages 15-24) newly infected with HIV,SH.HIV.INCD.YG,..,1000,1000,1000,1000,1000,1000,1000,1000,1000,1000,1000,1000,1000,1000,1000,1100,1300,1500,1700,1900,1900,2000,2400,2900,3300,3800,3900,3600,2900,1800,1000,500,100,..,..,..,..,..,..,..,..,..,..,..,..,..,..,..,..,..,..,..,..,..,..,..,..,..,..,..,..,..,..
Cambodia,KHM,Women's share of population ages 15+ living with HIV (%),SH.DYN.AIDS.FE.ZS,..,49.5327737484041,50.0901878348139,50.6143104568088,51.0693489333531,51.4307259335066,51.7026950962917,51.9464590443686,52.1523047154558,52.2827203075222,52.3460506511354,52.3436990677358,52.2825577153577,52.1604132964567,51.9898579326389,51.7534106813514,51.4301020474828,51.0082588646015,50.4764979338843,49.7855830100061,48.9434796337228,47.9908612746513,46.9416050114068,45.8041283518745,44.5913965407657,43.4496840348158,42.2523514650395,41.5257542732592,41.1470674153656,40.9896023825696,41.0266574175007,41.7121176191605,42.9304029304029,43.3766233766234,..,..,..,..,..,..,..,..,..,..,..,..,..,..,..,..,..,..,..,..,..,..,..,..,..,..,..,..,..,..
Cameroon,CMR,Young people (ages 15-24) newly infected with HIV,SH.HIV.INCD.YG,..,2600,3300,3800,4600,5300,6100,6900,7600,8200,8600,9000,9800,10000,11000,11000,12000,13000,13000,14000,16000,17000,19000,20000,21000,22000,21000,20000,18000,16000,13000,10000,7600,5600,..,..,..,..,..,..,..,..,..,..,..,..,..,..,..,..,..,..,..,..,..,..,..,..,..,..,..,..,..,..
Cameroon,CMR,Women's share of population ages 15+ living with HIV (%),SH.DYN.AIDS.FE.ZS,..,67.6515319469694,67.4670958354461,67.2329814462887,66.9353743433821,66.5729237511454,66.1545655370725,65.7081840008351,65.2232359675293,64.7169369627134,64.2203658203658,63.7623810076492,63.5974073373759,63.6572461989817,63.749660251926,63.8564519867587,63.9469963218412,64.0072972600854,64.0492317667628,64.076454954405,64.0517095069286,63.9926311322398,63.935819894194,63.8761508462445,63.8142344522378,63.7418354555651,63.6536217166588,63.528006859739,63.3388546177932,63.0467676816981,62.7191904852902,62.2796123124878,61.7305158524992,61.0319912645494,..,..,..,..,..,..,..,..,..,..,..,..,..,..,..,..,..,..,..,..,..,..,..,..,..,..,..,..,..,..
Canada,CAN,Young people (ages 15-24) newly infected with HIV,SH.HIV.INCD.YG,..,..,..,200,200,200,200,200,200,200,200,200,500,500,500,500,500,500,500,500,500,500,500,500,500,500,500,500,500,500,500,500,500,500,..,..,..,..,..,..,..,..,..,..,..,..,..,..,..,..,..,..,..,..,..,..,..,..,..,..,..,..,..,..
Canada,CAN,Women's share of population ages 15+ living with HIV (%),SH.DYN.AIDS.FE.ZS,..,24.9784323391669,24.822950614189,24.6450255772816,24.385059709242,24.2380841354961,24.1466845048197,24.049917921381,23.9417436940454,23.8211640014182,23.692584924469,23.5663662956201,23.4387834832609,23.3245122776786,23.215832048493,23.1236442516269,23.0745417154988,23.0564273940434,23.0682133284037,23.110509954676,23.17897004112,23.2635452353762,23.3447368421053,23.4477502245692,23.555580583399,23.6288515813669,23.6650157586673,23.672750857037,23.5588815480477,23.2855712676761,23.0167948516716,22.751724574394,22.451989355904,22.1945464079706,..,..,..,..,..,..,..,..,..,..,..,..,..,..,..,..,..,..,..,..,..,..,..,..,..,..,..,..,..,..
Cayman Islands,CYM,Young people (ages 15-24) newly infected with HIV,SH.HIV.INCD.YG,..,..,..,..,..,..,..,..,..,..,..,..,..,..,..,..,..,..,..,..,..,..,..,..,..,..,..,..,..,..,..,..,..,..,..,..,..,..,..,..,..,..,..,..,..,..,..,..,..,..,..,..,..,..,..,..,..,..,..,..,..,..,..,..
Cayman Islands,CYM,Women's share of population ages 15+ living with HIV (%),SH.DYN.AIDS.FE.ZS,..,..,..,..,..,..,..,..,..,..,..,..,..,..,..,..,..,..,..,..,..,..,..,..,..,..,..,..,..,..,..,..,..,..,..,..,..,..,..,..,..,..,..,..,..,..,..,..,..,..,..,..,..,..,..,..,..,..,..,..,..,..,..,..
Central African Republic,CAF,Young people (ages 15-24) newly infected with HIV,SH.HIV.INCD.YG,..,3000,3300,3000,3000,3000,2800,2900,3100,3000,3100,3100,3100,3100,3000,3200,3400,3400,3500,3800,3700,4000,4200,4400,4700,5000,5600,6000,6200,6200,6100,5900,5400,4900,..,..,..,..,..,..,..,..,..,..,..,..,..,..,..,..,..,..,..,..,..,..,..,..,..,..,..,..,..,..
Central African Republic,CAF,Women's share of population ages 15+ living with HIV (%),SH.DYN.AIDS.FE.ZS,..,64.6908673379262,64.3973163623819,64.0186787529186,63.6756098703001,63.2963329652336,62.865679671813,62.4089064933567,62.2868538178455,62.3934337894271,62.3759226266225,62.504062469806,62.6407533899165,62.8627264217562,63.2062072379901,63.6051384766363,63.994536083293,64.3459307982719,64.6101960902664,64.9241283618221,65.1935259914953,65.406231861489,65.6984113571066,65.7035456244595,65.953263519894,66.1697305464618,66.3475759760385,66.4917776037588,66.6139878950908,66.5433857505525,66.6704313274536,66.7537867537868,66.785329324332,66.6753512931409,..,..,..,..,..,..,..,..,..,..,..,..,..,..,..,..,..,..,..,..,..,..,..,..,..,..,..,..,..,..
Chad,TCD,Young people (ages 15-24) newly infected with HIV,SH.HIV.INCD.YG,..,1000,1200,1400,1500,1600,1800,1900,2000,2000,2000,2000,2100,2100,2000,2300,2400,2400,2400,2500,2700,2700,2800,2800,3100,3500,3500,3500,3900,4000,3900,3900,3600,3100,..,..,..,..,..,..,..,..,..,..,..,..,..,..,..,..,..,..,..,..,..,..,..,..,..,..,..,..,..,..
Chad,TCD,Women's share of population ages 15+ living with HIV (%),SH.DYN.AIDS.FE.ZS,..,62.3180878180157,62.047804549608,61.7248594598243,61.3230590287874,60.8416888343223,60.3689366408595,59.9374131432399,59.5873379951487,59.3150488812533,59.0149424688915,58.7164382976907,58.4708939254989,58.2769680940859,58.1394271954805,58.0866413163225,58.0834696226301,58.0758230390069,58.0498700157446,58.01327557125,57.969262648938,57.9233453000961,57.8498380556477,57.7573619671538,57.640736614457,57.5159589607362,57.3533393180296,57.163377939064,56.9335621317102,56.719441734824,56.372339516198,55.828640101798,55.2845067226414,54.7012010905608,..,..,..,..,..,..,..,..,..,..,..,..,..,..,..,..,..,..,..,..,..,..,..,..,..,..,..,..,..,..
Channel Islands,CHI,Young people (ages 15-24) newly infected with HIV,SH.HIV.INCD.YG,..,..,..,..,..,..,..,..,..,..,..,..,..,..,..,..,..,..,..,..,..,..,..,..,..,..,..,..,..,..,..,..,..,..,..,..,..,..,..,..,..,..,..,..,..,..,..,..,..,..,..,..,..,..,..,..,..,..,..,..,..,..,..,..
Channel Islands,CHI,Women's share of population ages 15+ living with HIV (%),SH.DYN.AIDS.FE.ZS,..,..,..,..,..,..,..,..,..,..,..,..,..,..,..,..,..,..,..,..,..,..,..,..,..,..,..,..,..,..,..,..,..,..,..,..,..,..,..,..,..,..,..,..,..,..,..,..,..,..,..,..,..,..,..,..,..,..,..,..,..,..,..,..
Chile,CHL,Young people (ages 15-24) newly infected with HIV,SH.HIV.INCD.YG,..,1100,1100,1100,1100,1100,1100,1100,1100,1000,1000,1000,1000,1000,1000,1000,1000,500,500,500,500,500,1000,1000,1000,1000,1000,1000,1000,500,500,500,500,200,..,..,..,..,..,..,..,..,..,..,..,..,..,..,..,..,..,..,..,..,..,..,..,..,..,..,..,..,..,..
Chile,CHL,Women's share of population ages 15+ living with HIV (%),SH.DYN.AIDS.FE.ZS,..,16.2345925898993,16.2439106332941,16.266449412447,16.2488902042024,16.1901707688607,16.0148488967897,15.9879902420717,15.9580699238553,15.9245381666086,15.8798080332868,15.833954121606,15.758657224112,15.6522001934236,15.5453118870145,15.4319901460496,15.3209109730849,15.2253836317136,15.1718321737297,15.1239340785579,15.0769373377827,15.0230595623589,14.9665595871294,14.9011014359033,14.8143397678445,14.7173913043478,14.6166807076664,14.5028180354267,14.3949673121993,14.2658208262417,14.1328047571853,13.9974126778784,13.8297872340426,13.6657433056325,..,..,..,..,..,..,..,..,..,..,..,..,..,..,..,..,..,..,..,..,..,..,..,..,..,..,..,..,..,..
China,CHN,Young people (ages 15-24) newly infected with HIV,SH.HIV.INCD.YG,..,..,..,..,..,..,..,..,..,..,..,..,..,..,..,..,..,..,..,..,..,..,..,..,..,..,..,..,..,..,..,..,..,..,..,..,..,..,..,..,..,..,..,..,..,..,..,..,..,..,..,..,..,..,..,..,..,..,..,..,..,..,..,..
China,CHN,Women's share of population ages 15+ living with HIV (%),SH.DYN.AIDS.FE.ZS,..,30.5337217872042,30.4859554869051,30.4410884883131,30.4122057347381,30.3991249005569,30.357536646154,30.2639355494459,30.2133297999205,30.113032436977,29.9041250976448,29.6845950823299,29.5792626586851,29.5288228593797,29.4987284062573,29.4833585383547,29.4404871029358,29.3938494133509,29.3144105171257,29.2174085169494,29.1297108416782,29.0239807393797,28.8967255672528,28.7490348092627,28.5936160751687,28.415542959643,28.2135630328295,27.9974700694447,27.7289309682664,27.3526615969582,26.4771327737702,26.0596546310832,25.6281336262746,25.1743892165122,..,..,..,..,..,..,..,..,..,..,..,..,..,..,..,..,..,..,..,..,..,..,..,..,..,..,..,..,..,..
Colombia,COL,Young people (ages 15-24) newly infected with HIV,SH.HIV.INCD.YG,..,1000,1000,1000,1000,1000,1000,1000,1000,1000,1000,1000,1000,1100,1100,1100,1100,1100,1100,1100,1100,1100,1100,1200,1200,1200,1200,1200,1200,1100,1100,1000,1000,1000,..,..,..,..,..,..,..,..,..,..,..,..,..,..,..,..,..,..,..,..,..,..,..,..,..,..,..,..,..,..
Colombia,COL,Women's share of population ages 15+ living with HIV (%),SH.DYN.AIDS.FE.ZS,..,18.5534423573058,18.8700172162627,19.2122576177285,19.5797238601344,19.9534295959408,20.2574059841161,20.5698215068048,20.8427372365063,21.0990903708488,21.3434244843753,21.6172152488375,21.9329119068826,22.2825600744332,22.6908333640485,23.1438355514661,23.5850534644158,23.9792387543253,24.4072244029922,24.9057885281101,25.4710865980554,26.1430691599881,26.9421260775728,27.8907619512066,29.0834504393249,30.5033061065733,32.0792147527127,33.9220331682102,35.9397710755814,38.0653503219029,40.2782356431727,42.4184500311656,44.3269908386187,45.9789442901009,..,..,..,..,..,..,..,..,..,..,..,..,..,..,..,..,..,..,..,..,..,..,..,..,..,..,..,..,..,..
Comoros,COM,Young people (ages 15-24) newly infected with HIV,SH.HIV.INCD.YG,..,100,100,100,100,100,100,100,100,100,100,100,100,100,100,100,100,100,100,100,100,100,100,100,100,100,100,100,100,100,100,100,100,100,..,..,..,..,..,..,..,..,..,..,..,..,..,..,..,..,..,..,..,..,..,..,..,..,..,..,..,..,..,..
Comoros,COM,Women's share of population ages 15+ living with HIV (%),SH.DYN.AIDS.FE.ZS,..,56.7567567567568,55.8558558558559,56.3636363636364,56.8807339449541,57.4074074074074,56.4814814814815,56.6037735849057,57.1428571428572,57.2815533980583,57.4257425742574,57.5757575757576,57.2916666666667,56.989247311828,57.7777777777778,58.4269662921348,59.3023255813954,61.4457831325301,61.25,62.3376623376623,63.013698630137,65.2173913043478,65.1515151515152,66.6666666666667,65,66.0714285714286,66.6666666666667,65.9574468085106,65.1162790697674,66.6666666666667,65.7142857142857,65.625,67.8571428571429,64,..,..,..,..,..,..,..,..,..,..,..,..,..,..,..,..,..,..,..,..,..,..,..,..,..,..,..,..,..,..
"Congo, Dem. Rep.",COD,Young people (ages 15-24) newly infected with HIV,SH.HIV.INCD.YG,..,2900,3700,4800,5500,5500,6000,6700,6800,7300,7500,7900,8400,8700,9100,9500,9900,10000,11000,11000,11000,12000,12000,13000,14000,15000,16000,16000,17000,19000,19000,19000,19000,19000,..,..,..,..,..,..,..,..,..,..,..,..,..,..,..,..,..,..,..,..,..,..,..,..,..,..,..,..,..,..
"Congo, Dem. Rep.",COD,Women's share of population ages 15+ living with HIV (%),SH.DYN.AIDS.FE.ZS,..,63.2074373469179,63.0221820292233,62.793347216645,62.5107794983315,62.1174154076957,61.6239767936206,61.2152580727959,60.7744016448136,60.2508421531009,59.7604514836388,59.3670224642802,59.0674937875243,58.8855455354309,58.8013464159051,58.7286777505648,58.6589927813452,58.5824625549649,58.4952074315611,58.3993389362517,58.2903183700592,58.1570649007238,57.9942290124669,57.8108781104828,57.5983445437224,57.2927171792383,56.9520047131589,56.6326031824534,56.2653227217576,55.864945035077,55.4041970112866,54.8834092736532,54.3061164638428,53.6352003811257,..,..,..,..,..,..,..,..,..,..,..,..,..,..,..,..,..,..,..,..,..,..,..,..,..,..,..,..,..,..
"Congo, Rep.",COG,Young people (ages 15-24) newly infected with HIV,SH.HIV.INCD.YG,..,5000,4500,4000,4100,3700,3400,3300,3000,2800,2700,2500,2300,2200,2100,2000,2000,1900,2200,2000,2100,1900,1800,1900,2100,2200,2000,2100,2100,2100,2300,2400,2500,2800,..,..,..,..,..,..,..,..,..,..,..,..,..,..,..,..,..,..,..,..,..,..,..,..,..,..,..,..,..,..
"Congo, Rep.",COG,Women's share of population ages 15+ living with HIV (%),SH.DYN.AIDS.FE.ZS,..,68.3400131331658,68.031302599775,67.6737109469961,67.2006222198918,66.6930096213047,66.2088360352059,65.7431737119222,65.3122468899919,64.9452235586982,64.6115647759876,64.3337727871983,64.1477093851661,64.1294626670856,64.2839287053471,64.4134234630615,64.5826251308758,64.6819048149024,64.7664043488779,64.8097327600123,64.7642274004788,64.6937662809717,64.5911017266424,64.423689867319,64.1662395750827,63.8982492986223,63.532304155558,62.9646576207005,62.5598411707255,62.108243457768,61.6367124394184,61.112780891427,60.5441027374113,59.9035089497476,..,..,..,..,..,..,..,..,..,..,..,..,..,..,..,..,..,..,..,..,..,..,..,..,..,..,..,..,..,..
Costa Rica,CRI,Young people (ages 15-24) newly infected with HIV,SH.HIV.INCD.YG,..,500,500,500,500,500,500,500,500,500,500,500,500,500,500,500,500,500,500,500,200,200,200,200,100,100,100,100,100,100,100,100,100,100,..,..,..,..,..,..,..,..,..,..,..,..,..,..,..,..,..,..,..,..,..,..,..,..,..,..,..,..,..,..
Costa Rica,CRI,Women's share of population ages 15+ living with HIV (%),SH.DYN.AIDS.FE.ZS,..,14.7614761476148,14.9699857664459,15.2083732210096,15.529303062302,15.8287671232877,16.1111111111111,16.3942950527411,16.7146525562213,17.1234557800867,17.5253268681271,17.9612998796408,18.4392196098049,18.9209809264305,19.3042858838893,19.5868302130407,19.8647506339814,20.1696222050887,20.4741744284505,20.7874603470797,21.1145510835913,21.4760485904194,21.8191108840061,22.1777650757359,22.6164079822616,23.125,23.6349751813669,24.1263157894737,24.6390312063344,25.154958677686,25.6748994830557,26.1203585147247,26.6284896206156,27.1050521251002,..,..,..,..,..,..,..,..,..,..,..,..,..,..,..,..,..,..,..,..,..,..,..,..,..,..,..,..,..,..
Cote d'Ivoire,CIV,Young people (ages 15-24) newly infected with HIV,SH.HIV.INCD.YG,..,1900,2200,2200,2400,2600,3000,3500,3600,3800,4100,4300,5000,4900,5100,5500,6100,6500,6900,8200,8400,9400,10000,12000,14000,15000,16000,18000,20000,21000,22000,22000,21000,20000,..,..,..,..,..,..,..,..,..,..,..,..,..,..,..,..,..,..,..,..,..,..,..,..,..,..,..,..,..,..
Cote d'Ivoire,CIV,Women's share of population ages 15+ living with HIV (%),SH.DYN.AIDS.FE.ZS,..,67.2554537600811,66.8668179527261,66.4504297297503,66.042538677795,65.5980289644861,65.0823939684177,64.5285006541691,64.0090235101358,63.5179014029387,63.0917030159594,62.7111710394003,62.3374562489663,61.9757707038637,61.6885084301668,61.4102731804752,61.1638678397123,60.9377143839945,60.7128267215319,60.5014950390273,60.3047480191038,60.0684635907094,59.8144231209709,59.4845286635809,59.1428605712263,58.7932448236153,58.3974658048229,57.9651138470977,57.4950573573608,56.9859917957641,56.4702956292588,55.9018136577512,55.2798015380297,54.5799799408009,..,..,..,..,..,..,..,..,..,..,..,..,..,..,..,..,..,..,..,..,..,..,..,..,..,..,..,..,..,..
Croatia,HRV,Young people (ages 15-24) newly infected with HIV,SH.HIV.INCD.YG,..,100,100,100,100,100,100,100,100,100,100,100,100,100,100,100,100,100,100,100,100,100,100,100,100,100,100,100,100,100,100,100,100,100,..,..,..,..,..,..,..,..,..,..,..,..,..,..,..,..,..,..,..,..,..,..,..,..,..,..,..,..,..,..
Croatia,HRV,Women's share of population ages 15+ living with HIV (%),SH.DYN.AIDS.FE.ZS,..,9.31919642857143,9.48821161587119,9.75177304964539,10.1034692635423,10.4899497487437,10.8441558441558,11.2382234185733,11.6783216783217,12.0815138282387,12.4620060790274,12.8082736674622,13.1996658312448,13.556338028169,13.9664804469274,14.3422354104847,14.6469968387777,14.9606299212598,15.1990349819059,15.5149934810952,15.7001414427157,15.919629057187,16.271186440678,16.4794007490637,16.4948453608247,16.4383561643836,16.243654822335,16.0112359550562,15.9509202453988,16.1184210526316,15.8273381294964,15.8102766798419,15.5172413793104,15.4929577464789,..,..,..,..,..,..,..,..,..,..,..,..,..,..,..,..,..,..,..,..,..,..,..,..,..,..,..,..,..,..
Cuba,CUB,Young people (ages 15-24) newly infected with HIV,SH.HIV.INCD.YG,..,1000,1000,1000,1000,1000,1000,1000,1000,1000,1000,1000,1000,1000,1000,1000,1000,1000,1000,1000,1000,500,500,500,500,500,200,200,100,100,100,100,100,100,..,..,..,..,..,..,..,..,..,..,..,..,..,..,..,..,..,..,..,..,..,..,..,..,..,..,..,..,..,..
Cuba,CUB,Women's share of population ages 15+ living with HIV (%),SH.DYN.AIDS.FE.ZS,..,19.2048871283349,19.1620166905338,19.1069600818833,19.0866166937872,19.0781585478069,19.0634864959663,19.0433740124804,19.0269077217696,19.010425627086,18.987805324642,18.96889446055,18.9656627014258,18.9644929854225,18.9864560947574,19.0365705446912,19.099388473655,19.1814422874764,19.2606374373079,19.3536085422824,19.4543570852999,19.5751354433989,19.7218710493047,19.9256850905713,20.2767749699158,20.7635372029607,21.3611525086935,22.051597051597,22.7967953386744,23.5148514851485,24.0942028985507,24.802371541502,25.4945054945055,26.4294790343075,..,..,..,..,..,..,..,..,..,..,..,..,..,..,..,..,..,..,..,..,..,..,..,..,..,..,..,..,..,..
Curacao,CUW,Young people (ages 15-24) newly infected with HIV,SH.HIV.INCD.YG,..,..,..,..,..,..,..,..,..,..,..,..,..,..,..,..,..,..,..,..,..,..,..,..,..,..,..,..,..,..,..,..,..,..,..,..,..,..,..,..,..,..,..,..,..,..,..,..,..,..,..,..,..,..,..,..,..,..,..,..,..,..,..,..
Curacao,CUW,Women's share of population ages 15+ living with HIV (%),SH.DYN.AIDS.FE.ZS,..,..,..,..,..,..,..,..,..,..,..,..,..,..,..,..,..,..,..,..,..,..,..,..,..,..,..,..,..,..,..,..,..,..,..,..,..,..,..,..,..,..,..,..,..,..,..,..,..,..,..,..,..,..,..,..,..,..,..,..,..,..,..,..
Cyprus,CYP,Young people (ages 15-24) newly infected with HIV,SH.HIV.INCD.YG,..,..,100,100,100,100,100,100,100,100,100,100,100,100,100,100,100,100,100,100,100,100,100,100,100,100,100,100,100,100,100,100,100,100,..,..,..,..,..,..,..,..,..,..,..,..,..,..,..,..,..,..,..,..,..,..,..,..,..,..,..,..,..,..
Cyprus,CYP,Women's share of population ages 15+ living with HIV (%),SH.DYN.AIDS.FE.ZS,..,15.9712230215827,15.8940397350993,15.8527422990233,15.916149068323,15.9036144578313,15.9966499162479,16.140350877193,16.2983425414365,16.6504381694255,16.9164882226981,17.0441001191895,17.0698924731183,17.0506912442396,16.9642857142857,16.798418972332,16.6666666666667,16.5853658536585,16.5311653116531,16.4670658682635,16.1184210526316,16.0142348754448,15.9090909090909,15.6862745098039,15.5378486055777,15.6626506024096,15.4471544715447,15.6378600823045,15.546218487395,15.2173913043478,15.4545454545455,15.3846153846154,15.0259067357513,15.3409090909091,..,..,..,..,..,..,..,..,..,..,..,..,..,..,..,..,..,..,..,..,..,..,..,..,..,..,..,..,..,..
Czechia,CZE,Young people (ages 15-24) newly infected with HIV,SH.HIV.INCD.YG,..,100,100,100,100,100,100,100,100,100,100,100,100,100,100,100,100,100,100,100,100,100,100,100,100,100,100,100,100,100,100,100,100,100,..,..,..,..,..,..,..,..,..,..,..,..,..,..,..,..,..,..,..,..,..,..,..,..,..,..,..,..,..,..
Czechia,CZE,Women's share of population ages 15+ living with HIV (%),SH.DYN.AIDS.FE.ZS,..,12.5160297512183,12.6899493468408,12.8531855955679,13.0233901241698,13.2668479903294,13.5512535702951,13.8368983957219,14.2101551480959,14.5941921072226,14.9842271293375,15.2620545073375,15.5785682125169,15.87147030185,16.2262156448203,16.5991902834008,16.9871794871795,17.2883787661406,17.6755447941889,18.1569343065693,18.6652763295099,19.2028985507246,19.5467422096317,20,20.4819277108434,20.873786407767,21.301775147929,21.6606498194946,22.0779220779221,22.5130890052356,23.0769230769231,23.6220472440945,23.5294117647059,23.4567901234568,..,..,..,..,..,..,..,..,..,..,..,..,..,..,..,..,..,..,..,..,..,..,..,..,..,..,..,..,..,..
Denmark,DNK,Young people (ages 15-24) newly infected with HIV,SH.HIV.INCD.YG,..,100,100,100,100,100,100,100,100,100,100,100,100,100,100,100,100,100,100,100,100,100,100,100,100,100,100,100,100,100,100,100,100,100,..,..,..,..,..,..,..,..,..,..,..,..,..,..,..,..,..,..,..,..,..,..,..,..,..,..,..,..,..,..
Denmark,DNK,Women's share of population ages 15+ living with HIV (%),SH.DYN.AIDS.FE.ZS,..,25.8307937890002,25.7853403141361,25.7414170927684,25.7290132547865,25.7147111375819,25.7095410628019,25.713847098557,25.7317264047582,25.776,25.8318308474021,25.8791855965001,25.9432329525788,26.0024950989128,26.0741828865222,26.1395876678646,26.1765849863866,26.1790567545963,26.1620732208968,26.1146496815287,26.0611392126677,25.9835315645014,25.9020310633214,25.8218318695107,25.7029177718833,25.529511437447,25.3410124280085,25.0405449237755,24.5989304812834,24.0559440559441,23.5031610264039,22.8571428571429,22.1729490022173,21.4250124564026,..,..,..,..,..,..,..,..,..,..,..,..,..,..,..,..,..,..,..,..,..,..,..,..,..,..,..,..,..,..
Djibouti,DJI,Young people (ages 15-24) newly infected with HIV,SH.HIV.INCD.YG,..,..,..,..,..,..,..,..,..,..,..,..,..,..,..,..,..,..,..,..,..,..,..,..,..,..,..,..,..,..,..,..,..,..,..,..,..,..,..,..,..,..,..,..,..,..,..,..,..,..,..,..,..,..,..,..,..,..,..,..,..,..,..,..
Djibouti,DJI,Women's share of population ages 15+ living with HIV (%),SH.DYN.AIDS.FE.ZS,..,51.8948398825339,51.6034206306788,51.2846733989518,50.8582638548308,50.3787878787879,49.8223902830297,49.4085129906026,49.1536250399233,48.8105004101723,48.4242662989955,48.0965909090909,47.7457704618198,47.3693487265356,46.9469554835408,46.4923891462608,46.008860249698,45.5031867180738,45.0730350104336,44.7132413897053,44.3602318323674,43.99201891812,43.5600030323706,43.1049644256136,42.5617662519713,41.9927429636167,41.345600920069,40.5767844268205,39.7397769516729,38.7522191224956,37.572463768116,36.1959654178674,34.5195729537367,32.8125,..,..,..,..,..,..,..,..,..,..,..,..,..,..,..,..,..,..,..,..,..,..,..,..,..,..,..,..,..,..
Dominica,DMA,Young people (ages 15-24) newly infected with HIV,SH.HIV.INCD.YG,..,..,..,..,..,..,..,..,..,..,..,..,..,..,..,..,..,..,..,..,..,..,..,..,..,..,..,..,..,..,..,..,..,..,..,..,..,..,..,..,..,..,..,..,..,..,..,..,..,..,..,..,..,..,..,..,..,..,..,..,..,..,..,..
Dominica,DMA,Women's share of population ages 15+ living with HIV (%),SH.DYN.AIDS.FE.ZS,..,..,..,..,..,..,..,..,..,..,..,..,..,..,..,..,..,..,..,..,..,..,..,..,..,..,..,..,..,..,..,..,..,..,..,..,..,..,..,..,..,..,..,..,..,..,..,..,..,..,..,..,..,..,..,..,..,..,..,..,..,..,..,..
Dominican Republic,DOM,Young people (ages 15-24) newly infected with HIV,SH.HIV.INCD.YG,..,1200,1300,1300,1300,1200,1100,1100,1100,1100,1200,1300,1400,1400,1400,1400,1500,1600,1800,1900,2000,2200,2400,2700,2900,3200,3400,3400,3500,3400,3300,3100,2800,2400,..,..,..,..,..,..,..,..,..,..,..,..,..,..,..,..,..,..,..,..,..,..,..,..,..,..,..,..,..,..
Dominican Republic,DOM,Women's share of population ages 15+ living with HIV (%),SH.DYN.AIDS.FE.ZS,..,48.112861854159,48.1122865205355,48.1986488153153,48.2349978313489,48.2238048530854,48.1419744216123,47.9973384635413,47.8050411373085,47.5628564777092,47.3194557506687,47.0548968959963,46.8055152394775,46.6374247701208,46.5503140061341,46.5536081122427,46.6618318949888,46.8833987266273,47.2050747158244,47.5836223291196,47.9772614382692,48.3542083481788,48.7238755658288,49.3018709857582,49.9007108527355,50.5335607444191,51.2511315142894,52.0914026989264,53.1092237334442,54.3968818380744,56.0416103755742,57.9342566327382,60.2698392172076,62.8770028275212,..,..,..,..,..,..,..,..,..,..,..,..,..,..,..,..,..,..,..,..,..,..,..,..,..,..,..,..,..,..
Ecuador,ECU,Young people (ages 15-24) newly infected with HIV,SH.HIV.INCD.YG,..,1000,1000,1000,1000,1000,1000,1000,1000,1000,1000,1000,1000,1000,1000,1000,1000,1000,1000,1000,1000,1100,1200,1300,1300,1300,1200,1100,1000,1000,1000,1000,500,500,..,..,..,..,..,..,..,..,..,..,..,..,..,..,..,..,..,..,..,..,..,..,..,..,..,..,..,..,..,..
Ecuador,ECU,Women's share of population ages 15+ living with HIV (%),SH.DYN.AIDS.FE.ZS,..,33.8363083772099,34.0710695705846,34.2356724212639,34.388723615243,34.5259215454366,34.5909020338457,34.6138282662063,34.4201067115979,33.9345649826343,33.3131728559332,32.791922739245,32.4466872863422,32.0812182741117,31.5793171280034,30.9494451294698,30.203548085901,29.3896497487244,28.566927893514,27.7836347417079,27.0724735160585,26.4897456209841,26.0940561724363,25.9234961647154,26.0604364857303,26.5836457208209,27.5437172581716,29.0087719298246,30.9875749785775,33.3289142251094,35.7685950413223,37.841726618705,39.2463470904896,39.6030245746692,..,..,..,..,..,..,..,..,..,..,..,..,..,..,..,..,..,..,..,..,..,..,..,..,..,..,..,..,..,..
"Egypt, Arab Rep.",EGY,Young people (ages 15-24) newly infected with HIV,SH.HIV.INCD.YG,..,1000,1000,1000,1000,1000,1000,1000,500,500,500,500,500,500,500,200,200,200,200,200,100,100,100,100,100,100,100,100,100,100,100,100,100,100,..,..,..,..,..,..,..,..,..,..,..,..,..,..,..,..,..,..,..,..,..,..,..,..,..,..,..,..,..,..
"Egypt, Arab Rep.",EGY,Women's share of population ages 15+ living with HIV (%),SH.DYN.AIDS.FE.ZS,..,17.1702172793115,18.0178620880642,19.0840906385174,20.3735842162952,21.9104383142571,23.588264178738,25.4804577844958,27.5631248940858,29.7963665402276,32.1821407451212,34.679234665166,37.2929563326083,40.0441146982154,43.0012004801921,46.2421113023523,49.6219931271478,53.0696332921302,56.4420218037661,59.4546532305868,62.4289772727273,65.3321976149915,68.1678607983623,70.8487084870849,73.3431516936672,75.886524822695,78.0383795309168,80.0511508951407,81.9018404907975,83.7037037037037,85.5855855855856,86.9565217391304,88.0794701986755,89.4308943089431,..,..,..,..,..,..,..,..,..,..,..,..,..,..,..,..,..,..,..,..,..,..,..,..,..,..,..,..,..,..
El Salvador,SLV,Young people (ages 15-24) newly infected with HIV,SH.HIV.INCD.YG,..,500,500,500,500,500,500,500,500,500,500,500,500,500,500,1000,1000,1000,1000,1000,1000,1000,1000,1000,1000,1000,1000,1000,1000,500,500,500,500,500,..,..,..,..,..,..,..,..,..,..,..,..,..,..,..,..,..,..,..,..,..,..,..,..,..,..,..,..,..,..
El Salvador,SLV,Women's share of population ages 15+ living with HIV (%),SH.DYN.AIDS.FE.ZS,..,33.7918099406064,33.8316746971676,33.8108622721915,33.7336194694306,33.4535494179411,32.9914763662884,32.542729183804,32.1121185621577,31.6620974861763,31.248821866164,30.8695860712744,30.5908934623508,30.3944903023244,30.2297524129249,30.07309622518,29.9429874572406,29.848957084632,29.6730142821348,29.5693277310924,29.4745540940707,29.3619178677482,29.2392722806479,29.1231818555346,29.0167438546491,28.9267528397963,28.8621444201313,28.8078646092583,28.7778098815371,28.7777204744714,28.806410797132,28.8775783552103,28.9492242595204,29.0306867998052,..,..,..,..,..,..,..,..,..,..,..,..,..,..,..,..,..,..,..,..,..,..,..,..,..,..,..,..,..,..
Equatorial Guinea,GNQ,Young people (ages 15-24) newly infected with HIV,SH.HIV.INCD.YG,..,1100,1100,1200,1100,1100,1100,1200,1200,1200,1200,1300,1300,1300,1200,1200,1100,1000,1000,1000,1000,1000,1000,1000,1000,1000,500,500,500,500,500,500,500,200,..,..,..,..,..,..,..,..,..,..,..,..,..,..,..,..,..,..,..,..,..,..,..,..,..,..,..,..,..,..
Equatorial Guinea,GNQ,Women's share of population ages 15+ living with HIV (%),SH.DYN.AIDS.FE.ZS,..,60.1923788383278,59.4767371234208,58.7397834002719,57.8728278933187,57.0945263583115,56.3844442089647,55.6953581024738,55.0630067402559,54.5616654225761,54.2650889664003,54.1606530225955,54.1613642148129,54.2667725940334,54.463995268372,54.6858411350256,54.8571227229485,55.032624223003,55.2649456521739,55.5364047142125,55.8272124916534,56.1048986774139,56.3352703385548,56.5063898891478,56.6019801980198,56.7855193742041,56.9253541975048,57.0151477526695,57.0081061164333,56.902058197303,56.7267985220604,56.197450501763,55.5708390646492,54.8102383053839,..,..,..,..,..,..,..,..,..,..,..,..,..,..,..,..,..,..,..,..,..,..,..,..,..,..,..,..,..,..
Eritrea,ERI,Young people (ages 15-24) newly infected with HIV,SH.HIV.INCD.YG,..,100,100,100,100,100,100,100,200,200,200,200,200,500,500,500,500,500,500,500,500,500,500,500,500,1000,1000,1000,1000,1000,1000,1000,1000,1000,..,..,..,..,..,..,..,..,..,..,..,..,..,..,..,..,..,..,..,..,..,..,..,..,..,..,..,..,..,..
Eritrea,ERI,Women's share of population ages 15+ living with HIV (%),SH.DYN.AIDS.FE.ZS,..,60.9995800083998,60.7216409918445,60.4668125455872,60.161046001754,59.8219167382645,59.6119793671568,59.5595444603666,59.5009174311927,59.4360552494096,59.3920552677029,59.3835057158411,59.3366257341164,59.3402251925989,59.4695726383509,59.595041858654,59.7201333943634,59.8785166240409,59.9757502273416,59.96850209986,59.9065367940994,59.9248337669847,59.8333896206237,59.7857224704939,59.5893064703603,58.9027595269382,58.3840232545621,58.186643557385,57.9380656416967,57.8039320583122,57.4824770575909,57.152682255846,56.6739606126915,56.1052738957462,..,..,..,..,..,..,..,..,..,..,..,..,..,..,..,..,..,..,..,..,..,..,..,..,..,..,..,..,..,..
Estonia,EST,Young people (ages 15-24) newly infected with HIV,SH.HIV.INCD.YG,..,100,100,100,100,100,100,100,100,100,100,100,100,100,100,100,100,100,100,100,100,200,200,100,100,100,100,100,100,100,100,100,100,100,..,..,..,..,..,..,..,..,..,..,..,..,..,..,..,..,..,..,..,..,..,..,..,..,..,..,..,..,..,..
Estonia,EST,Women's share of population ages 15+ living with HIV (%),SH.DYN.AIDS.FE.ZS,..,40.117630967036,39.9917627677101,39.850869925435,39.7271714922049,39.720417961028,39.7553956834532,39.8032594332697,39.7430150903929,39.6223541952185,39.5547945205479,39.5111040102253,39.4363876071193,39.3773520355799,39.3163922691482,39.2728649876917,39.2320195042666,39.1313981830268,39.037037037037,38.9695417022488,38.8484217828651,38.7535145267104,38.6581469648562,38.4937238493724,..,..,..,..,..,..,..,..,..,..,..,..,..,..,..,..,..,..,..,..,..,..,..,..,..,..,..,..,..,..,..,..,..,..,..,..,..,..,..,..
Eswatini,SWZ,Young people (ages 15-24) newly infected with HIV,SH.HIV.INCD.YG,..,1700,2100,2100,2900,3200,3200,3700,4700,5400,5500,5100,4700,5300,6300,6700,7400,7600,7500,7700,7600,7600,7700,7800,8000,8200,8700,8900,9100,8400,6800,4600,2600,1300,..,..,..,..,..,..,..,..,..,..,..,..,..,..,..,..,..,..,..,..,..,..,..,..,..,..,..,..,..,..
Eswatini,SWZ,Women's share of population ages 15+ living with HIV (%),SH.DYN.AIDS.FE.ZS,..,64.0522391858684,63.6321870764707,63.346395488957,63.1060703936804,63.0199884395219,62.9536223670539,62.9236924017034,62.8712607999845,62.7509925981597,62.5371685485107,62.250978605745,61.9376991810607,61.614138605997,61.2564038157103,60.8496527485225,60.353892633621,59.6649100444546,58.9969043469213,58.3487749639695,57.6766822990512,57.019880114966,56.3648984363583,55.7736214570697,55.2543930171127,54.6453608984906,53.9436056394361,53.0309755185947,51.9830110457194,50.7620744259699,48.7032850113047,46.7538781102223,44.5494000510595,41.7784310123094,..,..,..,..,..,..,..,..,..,..,..,..,..,..,..,..,..,..,..,..,..,..,..,..,..,..,..,..,..,..
Ethiopia,ETH,Young people (ages 15-24) newly infected with HIV,SH.HIV.INCD.YG,..,2400,2700,2900,3200,3400,3700,4300,4700,5100,5600,6200,6600,7300,7900,8700,9000,9600,10000,11000,12000,13000,15000,16000,18000,21000,23000,27000,31000,37000,41000,42000,40000,36000,..,..,..,..,..,..,..,..,..,..,..,..,..,..,..,..,..,..,..,..,..,..,..,..,..,..,..,..,..,..
Ethiopia,ETH,Women's share of population ages 15+ living with HIV (%),SH.DYN.AIDS.FE.ZS,..,61.6123081644111,61.4283262516837,61.2565770072483,61.0777498465306,60.8967546590473,60.7289155295945,60.586157964604,60.4588707720966,60.3676321773397,60.308607675013,60.2702609475518,60.1870162845773,60.1083242329235,60.044052159745,59.9971173966889,59.9639661345441,59.931223898043,59.8874886201285,59.8212844534261,59.7251598679681,59.6046255816398,59.4627368445052,59.3062884024843,59.1366336847709,58.9566913377339,58.765009582926,58.5606688675532,58.3275551241159,58.0489895149999,57.734445771902,57.3245888735201,56.8185820569528,56.1498900010199,..,..,..,..,..,..,..,..,..,..,..,..,..,..,..,..,..,..,..,..,..,..,..,..,..,..,..,..,..,..
Faroe Islands,FRO,Young people (ages 15-24) newly infected with HIV,SH.HIV.INCD.YG,..,..,..,..,..,..,..,..,..,..,..,..,..,..,..,..,..,..,..,..,..,..,..,..,..,..,..,..,..,..,..,..,..,..,..,..,..,..,..,..,..,..,..,..,..,..,..,..,..,..,..,..,..,..,..,..,..,..,..,..,..,..,..,..
Faroe Islands,FRO,Women's share of population ages 15+ living with HIV (%),SH.DYN.AIDS.FE.ZS,..,..,..,..,..,..,..,..,..,..,..,..,..,..,..,..,..,..,..,..,..,..,..,..,..,..,..,..,..,..,..,..,..,..,..,..,..,..,..,..,..,..,..,..,..,..,..,..,..,..,..,..,..,..,..,..,..,..,..,..,..,..,..,..
Fiji,FJI,Young people (ages 15-24) newly infected with HIV,SH.HIV.INCD.YG,..,100,100,100,100,100,100,100,100,100,100,100,100,100,100,100,100,100,100,100,100,100,100,100,100,100,100,100,100,100,100,100,100,100,..,..,..,..,..,..,..,..,..,..,..,..,..,..,..,..,..,..,..,..,..,..,..,..,..,..,..,..,..,..
Fiji,FJI,Women's share of population ages 15+ living with HIV (%),SH.DYN.AIDS.FE.ZS,..,46.3576158940397,46.3834672789897,46.4124111182935,46.4285714285714,46.2857142857143,46.2031107044831,45.9958932238193,45.8429561200924,45.7846952010376,45.7308248914617,45.5429497568882,45.4379562043796,45.2479338842975,45.0704225352113,44.973544973545,44.7761194029851,44.5578231292517,44.7470817120622,44.3946188340807,44.3298969072165,43.7869822485207,43.2432432432432,43.0769230769231,42.4778761061947,41.8367346938776,41.1764705882353,41.0958904109589,40.3225806451613,40.3846153846154,39.5348837209302,37.1428571428572,35.7142857142857,34.7826086956522,..,..,..,..,..,..,..,..,..,..,..,..,..,..,..,..,..,..,..,..,..,..,..,..,..,..,..,..,..,..
Finland,FIN,Young people (ages 15-24) newly infected with HIV,SH.HIV.INCD.YG,..,..,..,..,..,..,..,..,..,..,..,..,..,..,..,..,..,..,..,..,..,..,..,..,..,..,..,..,..,..,..,..,..,..,..,..,..,..,..,..,..,..,..,..,..,..,..,..,..,..,..,..,..,..,..,..,..,..,..,..,..,..,..,..
Finland,FIN,Women's share of population ages 15+ living with HIV (%),SH.DYN.AIDS.FE.ZS,..,26.4110756123536,26.3519077683228,26.2858766695084,26.2333825701625,26.2022194821208,26.1290322580645,26.0677966101695,26.0293591120659,25.938566552901,25.8467741935484,25.7745266781411,25.7024412713035,25.6549678695007,25.5702917771883,25.4566210045662,25.4153846153846,25.3324468085106,25.2699784017279,25.1366120218579,25.0424448217317,25.0231696014829,24.9746192893401,24.804469273743,24.8148148148148,24.7252747252747,24.5398773006135,24.3986254295533,24.3346007604563,24.2236024844721,24.0909090909091,23.989898989899,23.7960339943343,23.7012987012987,..,..,..,..,..,..,..,..,..,..,..,..,..,..,..,..,..,..,..,..,..,..,..,..,..,..,..,..,..,..
France,FRA,Young people (ages 15-24) newly infected with HIV,SH.HIV.INCD.YG,..,1000,1000,1000,1000,1000,1000,1000,1000,1000,1000,1000,1000,1000,1000,1000,1000,1000,1000,1000,1000,1000,1000,1000,1000,1000,1000,1000,1000,1000,1000,1000,1000,1000,..,..,..,..,..,..,..,..,..,..,..,..,..,..,..,..,..,..,..,..,..,..,..,..,..,..,..,..,..,..
France,FRA,Women's share of population ages 15+ living with HIV (%),SH.DYN.AIDS.FE.ZS,..,33.7682347970874,33.6143078525519,33.4651923376421,33.311201291803,33.1579119228509,32.9978003327415,32.846840954856,32.6790594985803,32.5383211678832,32.4358281715269,32.3491321805793,32.2512989824637,32.1508885959409,32.0469514663134,31.9428193127232,31.8381230155203,31.7288216370785,31.6469593074528,31.5866446179875,31.5556417136852,31.5319749319159,31.5181692975951,31.5028168299244,31.5066243293551,31.5660060661386,31.6793832835727,31.7459255045012,31.6734951150331,31.5947751005498,31.5119716517551,31.4259344716198,31.340538576813,31.2493829598183,..,..,..,..,..,..,..,..,..,..,..,..,..,..,..,..,..,..,..,..,..,..,..,..,..,..,..,..,..,..
French Polynesia,PYF,Young people (ages 15-24) newly infected with HIV,SH.HIV.INCD.YG,..,..,..,..,..,..,..,..,..,..,..,..,..,..,..,..,..,..,..,..,..,..,..,..,..,..,..,..,..,..,..,..,..,..,..,..,..,..,..,..,..,..,..,..,..,..,..,..,..,..,..,..,..,..,..,..,..,..,..,..,..,..,..,..
French Polynesia,PYF,Women's share of population ages 15+ living with HIV (%),SH.DYN.AIDS.FE.ZS,..,..,..,..,..,..,..,..,..,..,..,..,..,..,..,..,..,..,..,..,..,..,..,..,..,..,..,..,..,..,..,..,..,..,..,..,..,..,..,..,..,..,..,..,..,..,..,..,..,..,..,..,..,..,..,..,..,..,..,..,..,..,..,..
Gabon,GAB,Young people (ages 15-24) newly infected with HIV,SH.HIV.INCD.YG,..,1000,1000,1000,500,500,1000,1000,1000,1000,1000,1000,1000,1000,1000,1000,1000,1000,1000,1100,1200,1300,1400,1500,1500,1600,1700,1800,1600,1500,1300,1100,1000,1000,..,..,..,..,..,..,..,..,..,..,..,..,..,..,..,..,..,..,..,..,..,..,..,..,..,..,..,..,..,..
Gabon,GAB,Women's share of population ages 15+ living with HIV (%),SH.DYN.AIDS.FE.ZS,..,71.1973062228842,70.8631306038673,70.4794017204859,70.1253979598467,69.8699903298592,69.6258786829904,69.3945853762524,69.2069326608681,69.0679154887023,68.9571224915013,68.8711440233756,69.0670956923704,69.4397166382998,69.8286757477882,70.206249700914,70.6225490196078,71.061488998292,71.4724322092933,71.7752167477268,71.9083887289071,71.9374121925016,71.9240297274979,71.8678510948038,71.7937417364478,71.7097671893029,71.6206151783719,71.5147170447837,71.3827001926592,71.1943379534061,70.9290491421925,70.5925789182204,70.142237222758,69.6017769316199,..,..,..,..,..,..,..,..,..,..,..,..,..,..,..,..,..,..,..,..,..,..,..,..,..,..,..,..,..,..
"Gambia, The",GMB,Young people (ages 15-24) newly infected with HIV,SH.HIV.INCD.YG,..,500,500,500,500,500,500,500,500,500,500,500,500,500,500,500,500,500,500,500,500,500,500,500,500,500,500,500,500,200,200,200,100,100,..,..,..,..,..,..,..,..,..,..,..,..,..,..,..,..,..,..,..,..,..,..,..,..,..,..,..,..,..,..
"Gambia, The",GMB,Women's share of population ages 15+ living with HIV (%),SH.DYN.AIDS.FE.ZS,..,61.7017705798439,61.3836372057771,61.0386870860229,60.6246302087736,60.1696352841391,59.7184785864031,59.3257841988806,58.9897298012077,58.6776118063966,58.3750057347341,58.0524874917398,57.7039422326308,57.5147273551181,57.4673304293715,57.4154240820908,57.3611340945447,57.297081167533,57.2178164689047,57.1303859824157,57.0414201183432,56.9545808828739,56.7809010396612,56.6153846153846,56.4312122981125,56.2392771359945,56.0215202096841,55.7612456747405,55.4526981259878,55.0711474417197,54.6822742474916,54.2617046818728,53.7511032656664,53.2894736842105,..,..,..,..,..,..,..,..,..,..,..,..,..,..,..,..,..,..,..,..,..,..,..,..,..,..,..,..,..,..
Georgia,GEO,Young people (ages 15-24) newly infected with HIV,SH.HIV.INCD.YG,..,100,100,100,100,100,100,100,100,100,100,100,100,100,100,100,100,100,100,100,100,100,100,100,100,100,100,100,100,100,100,100,100,100,..,..,..,..,..,..,..,..,..,..,..,..,..,..,..,..,..,..,..,..,..,..,..,..,..,..,..,..,..,..
Georgia,GEO,Women's share of population ages 15+ living with HIV (%),SH.DYN.AIDS.FE.ZS,..,32.2457728030483,32.2040208488459,32.1502860114405,32.1018062397373,32.0179242555652,31.9116293341516,31.7839607201309,31.6408995080815,31.4888762122076,31.3253012048193,31.3075506445672,31.3212435233161,31.2963512310887,31.2630117973629,31.1725846407927,31.0920121334681,30.9859154929578,30.9243697478992,30.8924485125858,30.7073954983923,30.607476635514,30.4195804195804,29.6296296296296,29.5081967213115,28.2051282051282,29.1666666666667,26.6666666666667,27.7777777777778,27.2727272727273,28.5714285714286,25,50,0,..,..,..,..,..,..,..,..,..,..,..,..,..,..,..,..,..,..,..,..,..,..,..,..,..,..,..,..,..,..
Germany,DEU,Young people (ages 15-24) newly infected with HIV,SH.HIV.INCD.YG,..,..,..,..,..,..,..,..,..,..,..,..,..,..,..,..,..,..,..,..,..,..,..,..,..,..,..,..,..,..,..,..,..,..,..,..,..,..,..,..,..,..,..,..,..,..,..,..,..,..,..,..,..,..,..,..,..,..,..,..,..,..,..,..
Germany,DEU,Women's share of population ages 15+ living with HIV (%),SH.DYN.AIDS.FE.ZS,..,20.0202853029708,19.93786972471,19.6009113048943,19.2753141718122,19.0415192789066,18.8040467300976,18.6189201249442,18.3652035810802,18.0830551972661,17.8588706890594,17.6640179006856,17.5243621215503,17.3888255416192,17.265102554645,17.3888360132913,17.5389511602287,17.7186480057532,17.9173972335866,18.0865706596545,18.2024267023619,18.2603790613718,18.2581568268712,18.2405927647828,18.2343378767038,18.223962089214,18.2604529848562,18.3834919229918,18.5085096596136,18.5328638497653,18.1857389304198,17.804753240846,17.4077253218884,17.0554448482007,..,..,..,..,..,..,..,..,..,..,..,..,..,..,..,..,..,..,..,..,..,..,..,..,..,..,..,..,..,..
Ghana,GHA,Young people (ages 15-24) newly infected with HIV,SH.HIV.INCD.YG,..,4600,5100,5900,6200,6200,6100,5800,5900,5800,5600,5700,5800,6000,6000,6000,6300,6600,6800,7100,7400,7700,8100,8500,8900,9400,9700,10000,10000,11000,11000,10000,9500,8500,..,..,..,..,..,..,..,..,..,..,..,..,..,..,..,..,..,..,..,..,..,..,..,..,..,..,..,..,..,..
Ghana,GHA,Women's share of population ages 15+ living with HIV (%),SH.DYN.AIDS.FE.ZS,..,68.9008676165529,68.5800324870468,68.151444159683,67.6484960713964,67.0555484511947,66.3887107119949,65.7657811042176,65.246760455878,64.8923242143342,64.6613564458714,64.5030448259942,64.4231559290383,64.485396937279,64.6389463205452,64.7786606567436,64.9001188278235,64.9806502597398,65.0169843001617,65.0069668793398,64.9534513902827,64.8630971961532,64.7510027455897,64.6224430668117,64.4670605816388,64.2676146735461,64.0464326210016,63.8003398080544,63.4772364295995,63.0878457479809,62.6607673192315,62.2578844543678,61.7676645910062,61.1564605052636,..,..,..,..,..,..,..,..,..,..,..,..,..,..,..,..,..,..,..,..,..,..,..,..,..,..,..,..,..,..
Gibraltar,GIB,Young people (ages 15-24) newly infected with HIV,SH.HIV.INCD.YG,..,..,..,..,..,..,..,..,..,..,..,..,..,..,..,..,..,..,..,..,..,..,..,..,..,..,..,..,..,..,..,..,..,..,..,..,..,..,..,..,..,..,..,..,..,..,..,..,..,..,..,..,..,..,..,..,..,..,..,..,..,..,..,..
Gibraltar,GIB,Women's share of population ages 15+ living with HIV (%),SH.DYN.AIDS.FE.ZS,..,..,..,..,..,..,..,..,..,..,..,..,..,..,..,..,..,..,..,..,..,..,..,..,..,..,..,..,..,..,..,..,..,..,..,..,..,..,..,..,..,..,..,..,..,..,..,..,..,..,..,..,..,..,..,..,..,..,..,..,..,..,..,..
Greece,GRC,Young people (ages 15-24) newly infected with HIV,SH.HIV.INCD.YG,..,100,100,100,100,100,100,100,100,100,100,100,100,100,100,100,100,100,100,100,100,100,100,100,100,100,100,100,100,100,100,100,100,100,..,..,..,..,..,..,..,..,..,..,..,..,..,..,..,..,..,..,..,..,..,..,..,..,..,..,..,..,..,..
Greece,GRC,Women's share of population ages 15+ living with HIV (%),SH.DYN.AIDS.FE.ZS,..,16.4461027225558,16.4401019541206,16.4142678347935,16.3845068616134,16.3448321005433,16.3037670317927,16.2700041034058,16.2360581674432,16.2162162162162,16.1970734744707,16.1887295765255,16.1864330232138,16.1812617237634,16.1769489320178,16.150178784267,16.1134343962363,16.0439247005134,15.9615682628235,15.8610271903323,15.7885272433016,15.7337949605693,15.6673511293634,15.6215861918287,15.5823107200741,15.5311355311355,15.4911515773275,15.4384077461001,15.3976790263232,15.3481481481481,15.3194066000605,15.282181357007,15.2716091561326,15.2645603349829,..,..,..,..,..,..,..,..,..,..,..,..,..,..,..,..,..,..,..,..,..,..,..,..,..,..,..,..,..,..
Greenland,GRL,Young people (ages 15-24) newly infected with HIV,SH.HIV.INCD.YG,..,..,..,..,..,..,..,..,..,..,..,..,..,..,..,..,..,..,..,..,..,..,..,..,..,..,..,..,..,..,..,..,..,..,..,..,..,..,..,..,..,..,..,..,..,..,..,..,..,..,..,..,..,..,..,..,..,..,..,..,..,..,..,..
Greenland,GRL,Women's share of population ages 15+ living with HIV (%),SH.DYN.AIDS.FE.ZS,..,..,..,..,..,..,..,..,..,..,..,..,..,..,..,..,..,..,..,..,..,..,..,..,..,..,..,..,..,..,..,..,..,..,..,..,..,..,..,..,..,..,..,..,..,..,..,..,..,..,..,..,..,..,..,..,..,..,..,..,..,..,..,..
Grenada,GRD,Young people (ages 15-24) newly infected with HIV,SH.HIV.INCD.YG,..,100,100,100,100,100,100,100,100,100,100,100,100,100,100,100,100,100,100,100,100,100,100,100,100,100,100,100,100,100,100,100,100,100,..,..,..,..,..,..,..,..,..,..,..,..,..,..,..,..,..,..,..,..,..,..,..,..,..,..,..,..,..,..
Grenada,GRD,Women's share of population ages 15+ living with HIV (%),SH.DYN.AIDS.FE.ZS,..,..,..,..,..,..,..,..,..,..,..,..,..,..,..,..,..,..,..,..,..,..,..,..,..,..,..,..,..,..,..,..,..,..,..,..,..,..,..,..,..,..,..,..,..,..,..,..,..,..,..,..,..,..,..,..,..,..,..,..,..,..,..,..
Guam,GUM,Young people (ages 15-24) newly infected with HIV,SH.HIV.INCD.YG,..,..,..,..,..,..,..,..,..,..,..,..,..,..,..,..,..,..,..,..,..,..,..,..,..,..,..,..,..,..,..,..,..,..,..,..,..,..,..,..,..,..,..,..,..,..,..,..,..,..,..,..,..,..,..,..,..,..,..,..,..,..,..,..
Guam,GUM,Women's share of population ages 15+ living with HIV (%),SH.DYN.AIDS.FE.ZS,..,..,..,..,..,..,..,..,..,..,..,..,..,..,..,..,..,..,..,..,..,..,..,..,..,..,..,..,..,..,..,..,..,..,..,..,..,..,..,..,..,..,..,..,..,..,..,..,..,..,..,..,..,..,..,..,..,..,..,..,..,..,..,..
Guatemala,GTM,Young people (ages 15-24) newly infected with HIV,SH.HIV.INCD.YG,..,500,500,500,500,500,500,500,500,500,200,500,500,500,500,500,500,500,1000,1000,1000,1000,1000,1000,1000,1100,1200,1300,1300,1300,1300,1200,1100,1000,..,..,..,..,..,..,..,..,..,..,..,..,..,..,..,..,..,..,..,..,..,..,..,..,..,..,..,..,..,..
Guatemala,GTM,Women's share of population ages 15+ living with HIV (%),SH.DYN.AIDS.FE.ZS,..,37.9124072617867,38.2482056999512,38.6177565124934,38.9038537513917,39.1658189216684,39.3418018083977,39.4048626181631,39.3388063013091,39.1186817256064,38.8985786915055,38.7238151834794,38.536621712242,38.4546237686805,38.4481978585432,38.4832317073171,38.6292834890966,38.9203124398784,39.1946564885496,39.5371738060069,40.006043208944,40.1142900109027,39.7958802198213,39.4483378930405,39.0799344986481,38.7012987012987,38.3541847309963,38.0092304961392,37.6741457691744,37.3821931477991,37.1864847303444,37.0930510228449,37.2066577070195,37.5789917146468,..,..,..,..,..,..,..,..,..,..,..,..,..,..,..,..,..,..,..,..,..,..,..,..,..,..,..,..,..,..
Guinea,GIN,Young people (ages 15-24) newly infected with HIV,SH.HIV.INCD.YG,..,1800,2100,2200,2500,2600,2600,2700,2800,2900,2800,2800,2900,2900,3000,3200,3200,3100,3200,3200,3100,3200,3300,3300,3300,3300,3300,3300,3200,3100,2900,2500,2200,1900,..,..,..,..,..,..,..,..,..,..,..,..,..,..,..,..,..,..,..,..,..,..,..,..,..,..,..,..,..,..
Guinea,GIN,Women's share of population ages 15+ living with HIV (%),SH.DYN.AIDS.FE.ZS,..,65.4683411826269,65.057848614016,64.5849944008959,64.0595428737808,63.5628842307977,63.2443047176669,62.8098695995531,62.2796663519043,61.7760812199102,61.2902225484014,60.8536430027174,60.6660390164868,60.6633352596571,60.6801587115254,60.7005118005191,60.7048711317667,60.684693943092,60.5773147114083,60.3332355059897,60.1126193520307,59.9443418918163,59.764514819326,59.0796387035834,58.678397834246,58.3672202897131,58.0794025434178,57.430460083994,57.1362557499632,56.7809239940388,56.3482973433528,55.8529549875897,55.2629449838188,54.5642943792964,..,..,..,..,..,..,..,..,..,..,..,..,..,..,..,..,..,..,..,..,..,..,..,..,..,..,..,..,..,..
Guinea-Bissau,GNB,Young people (ages 15-24) newly infected with HIV,SH.HIV.INCD.YG,..,500,500,500,500,500,500,500,1000,1000,1000,1000,1000,1000,1000,1000,1000,1000,1000,1000,1100,1300,1500,1600,1700,1600,1400,1100,1000,1000,500,500,200,200,..,..,..,..,..,..,..,..,..,..,..,..,..,..,..,..,..,..,..,..,..,..,..,..,..,..,..,..,..,..
Guinea-Bissau,GNB,Women's share of population ages 15+ living with HIV (%),SH.DYN.AIDS.FE.ZS,..,66.2877608221738,65.9726316442734,65.5652227570036,64.9379446275138,64.090518300172,63.3193650016823,62.7444997101096,62.2018460413684,61.668998236117,61.1370386084005,60.6688091195731,60.4523208803234,60.4607170099161,60.4933737336639,60.5383099285538,60.5736992425183,60.5952492723688,60.5893127842345,60.5761527862339,60.5590574568496,60.5443590276335,60.5318117401358,60.5320485965647,60.5299380591879,60.4872107186358,60.4058893752487,60.3393886652888,60.183908045977,59.8717665266416,59.5084087968952,59.0094339622641,58.3732057416268,57.6576576576577,..,..,..,..,..,..,..,..,..,..,..,..,..,..,..,..,..,..,..,..,..,..,..,..,..,..,..,..,..,..
Guyana,GUY,Young people (ages 15-24) newly infected with HIV,SH.HIV.INCD.YG,..,100,100,100,100,100,100,100,100,100,100,100,100,100,100,100,100,100,100,100,100,100,100,100,100,100,100,100,100,100,100,100,100,100,..,..,..,..,..,..,..,..,..,..,..,..,..,..,..,..,..,..,..,..,..,..,..,..,..,..,..,..,..,..
Guyana,GUY,Women's share of population ages 15+ living with HIV (%),SH.DYN.AIDS.FE.ZS,..,50.1513186338089,50.0721821210439,49.9658392165794,49.818224463469,49.1343775762572,49.7774386366527,49.518479958355,49.2879009716491,49.0589198036007,48.8885782189291,48.7625899280576,48.9190398091546,49.1535857186827,49.4708146247595,49.9072356215213,50.467794170565,51.1962653180315,52.1739130434783,53.4531693472091,55.2456839309429,57.751586582049,60.9941318605454,63.8272583201268,66.219342896807,68.0525164113786,69.1607026675342,69.7602474864656,70.046511627907,69.8924731182796,68.8102893890675,66.6666666666667,60.9243697478992,54.2857142857143,..,..,..,..,..,..,..,..,..,..,..,..,..,..,..,..,..,..,..,..,..,..,..,..,..,..,..,..,..,..
Haiti,HTI,Young people (ages 15-24) newly infected with HIV,SH.HIV.INCD.YG,..,1700,1700,1900,2200,2300,2400,2500,2500,2500,2500,2500,2500,2400,2400,2400,2400,2500,2600,2700,2700,2900,3000,3100,3100,3200,3200,3400,3600,3700,4000,4400,4700,4900,..,..,..,..,..,..,..,..,..,..,..,..,..,..,..,..,..,..,..,..,..,..,..,..,..,..,..,..,..,..
Haiti,HTI,Women's share of population ages 15+ living with HIV (%),SH.DYN.AIDS.FE.ZS,..,58.5172512959672,58.2695298932331,58.0216364184691,57.7365058172802,57.3433444416241,56.9017175169853,56.4467233703466,55.9840883977901,55.5383780851641,55.1127236470393,54.7164311037135,54.3686818064664,54.0671102111657,53.827640201821,53.5761337353983,53.3166286570028,53.0495428616082,52.7711333417263,52.4795796513016,52.1618953603159,51.8058575857123,51.412713507187,50.9758877050811,50.4956813258914,49.9709284123335,49.3991008901546,48.7774300325598,48.0917431192661,47.332736102598,46.626302671089,45.8640732122173,45.0168764823937,44.0660021690854,..,..,..,..,..,..,..,..,..,..,..,..,..,..,..,..,..,..,..,..,..,..,..,..,..,..,..,..,..,..
Honduras,HND,Young people (ages 15-24) newly infected with HIV,SH.HIV.INCD.YG,..,100,100,100,100,100,100,100,100,100,100,100,100,100,100,100,100,200,200,200,500,500,500,1000,1000,1000,1000,1000,1000,1000,1000,1000,1000,1000,..,..,..,..,..,..,..,..,..,..,..,..,..,..,..,..,..,..,..,..,..,..,..,..,..,..,..,..,..,..
Honduras,HND,Women's share of population ages 15+ living with HIV (%),SH.DYN.AIDS.FE.ZS,..,40.7666435321125,41.6524792509044,42.6095228029382,43.4191253400293,44.1319660244458,44.726192305722,45.1401492236338,45.4612984697668,45.5772766863447,45.5514671195396,45.5000229473588,45.4581904040629,45.4164687594456,45.3096901007904,45.1472191930207,45.0919167870107,45.0655910735826,45.1789427602058,45.4002051427157,45.570578319056,45.8257774195715,46.1941133864489,46.5807633188344,47.0004974299453,47.4234221887206,47.8757934218119,48.2821538103187,48.641013568463,48.898231371412,49.0734001455686,49.1674437191954,49.1580310880829,49.0575496290355,..,..,..,..,..,..,..,..,..,..,..,..,..,..,..,..,..,..,..,..,..,..,..,..,..,..,..,..,..,..
"Hong Kong SAR, China",HKG,Young people (ages 15-24) newly infected with HIV,SH.HIV.INCD.YG,..,..,..,..,..,..,..,..,..,..,..,..,..,..,..,..,..,..,..,..,..,..,..,..,..,..,..,..,..,..,..,..,..,..,..,..,..,..,..,..,..,..,..,..,..,..,..,..,..,..,..,..,..,..,..,..,..,..,..,..,..,..,..,..
"Hong Kong SAR, China",HKG,Women's share of population ages 15+ living with HIV (%),SH.DYN.AIDS.FE.ZS,..,..,..,..,..,..,..,..,..,..,..,..,..,..,..,..,..,..,..,..,..,..,..,..,..,..,..,..,..,..,..,..,..,..,..,..,..,..,..,..,..,..,..,..,..,..,..,..,..,..,..,..,..,..,..,..,..,..,..,..,..,..,..,..
Hungary,HUN,Young people (ages 15-24) newly infected with HIV,SH.HIV.INCD.YG,..,..,..,..,..,..,..,..,..,..,..,..,..,..,..,..,..,..,..,..,..,..,..,..,..,..,..,..,..,..,..,..,..,..,..,..,..,..,..,..,..,..,..,..,..,..,..,..,..,..,..,..,..,..,..,..,..,..,..,..,..,..,..,..
Hungary,HUN,Women's share of population ages 15+ living with HIV (%),SH.DYN.AIDS.FE.ZS,..,18.2748856458288,17.9505468378507,17.9207920792079,17.9069767441861,17.9027438196142,17.9318246920653,17.9510426110607,17.9380785189914,17.8922399186716,17.7865612648221,17.6515440335494,17.4745417515275,17.4714661984197,17.4242424242424,17.469262295082,17.4930362116992,17.451690821256,17.5449871465296,17.5846051758461,17.5485599464166,17.526455026455,17.4582798459564,17.3645320197044,17.2796263864565,17.2167216721672,17.1384457025219,17.0009551098376,16.821602478973,16.6389351081531,16.4813343923749,16.2745854222908,16.1007249141549,15.916955017301,..,..,..,..,..,..,..,..,..,..,..,..,..,..,..,..,..,..,..,..,..,..,..,..,..,..,..,..,..,..
Iceland,ISL,Young people (ages 15-24) newly infected with HIV,SH.HIV.INCD.YG,..,100,100,100,100,100,100,100,100,100,100,100,100,100,100,100,100,100,100,100,100,100,100,100,100,100,100,100,100,100,100,100,100,100,..,..,..,..,..,..,..,..,..,..,..,..,..,..,..,..,..,..,..,..,..,..,..,..,..,..,..,..,..,..
Iceland,ISL,Women's share of population ages 15+ living with HIV (%),SH.DYN.AIDS.FE.ZS,..,27.7173913043478,28.2485875706215,28.8235294117647,29.1411042944785,29.7734627831715,30.3448275862069,30.8550185873606,31.6205533596838,31.6666666666667,31.5789473684211,31.6279069767442,31.7073170731707,31.2820512820513,31.1827956989247,30,29.4117647058824,29.2993630573248,29.5774647887324,29.6875,29.6610169491525,29.3577981651376,29,28.5714285714286,28.0487804878049,27.027027027027,26.4705882352941,26.1538461538462,24.1935483870968,23.728813559322,23.6363636363636,23.0769230769231,22.4489795918367,22.2222222222222,..,..,..,..,..,..,..,..,..,..,..,..,..,..,..,..,..,..,..,..,..,..,..,..,..,..,..,..,..,..
India,IND,Young people (ages 15-24) newly infected with HIV,SH.HIV.INCD.YG,..,..,..,..,..,..,..,..,..,..,..,..,..,..,..,..,..,..,..,..,..,..,..,..,..,..,..,..,..,..,..,..,..,..,..,..,..,..,..,..,..,..,..,..,..,..,..,..,..,..,..,..,..,..,..,..,..,..,..,..,..,..,..,..
India,IND,Women's share of population ages 15+ living with HIV (%),SH.DYN.AIDS.FE.ZS,..,45.2619301600164,45.0568300088811,44.7632663499876,44.4795470830679,44.1665742368591,43.7400771535874,43.2529205181556,42.7757961552733,42.3277382764445,41.9286502263084,41.5553764467796,41.2241288590389,40.8802531721511,40.5898490236119,40.3593589873532,40.1766583346845,40.0116244993991,39.8440519933416,39.6462552200147,39.4161469633937,39.1734872476029,38.9037228553872,38.5951980565336,38.2304942167356,37.7326005098692,37.0290617413473,36.1957648959981,35.2344380209734,34.1659665107053,33.0726962521126,32.1713253558575,31.4729498834669,30.7943771808002,..,..,..,..,..,..,..,..,..,..,..,..,..,..,..,..,..,..,..,..,..,..,..,..,..,..,..,..,..,..
Indonesia,IDN,Young people (ages 15-24) newly infected with HIV,SH.HIV.INCD.YG,..,12000,13000,13000,14000,15000,16000,17000,19000,20000,22000,24000,25000,26000,26000,26000,27000,28000,27000,25000,24000,22000,18000,11000,7300,5300,4000,2900,1900,1100,1000,500,200,200,..,..,..,..,..,..,..,..,..,..,..,..,..,..,..,..,..,..,..,..,..,..,..,..,..,..,..,..,..,..
Indonesia,IDN,Women's share of population ages 15+ living with HIV (%),SH.DYN.AIDS.FE.ZS,..,36.9967460024094,37.0516100539857,36.9881759730169,36.8131557098649,36.5343538793632,36.1643504257675,35.7102365679762,35.1344539108618,34.445909334002,33.6923900099772,32.8932066403175,32.050907894015,31.1231567589786,30.0722053505047,28.8848626244074,27.5287488324376,26.0460945456062,24.5127664320915,22.8908554572271,21.1432102205611,19.5024686669199,18.6943753222588,18.7455764888275,18.2960997743671,17.1303022786066,15.8090706934892,14.7518749002713,14.1093011035208,13.7875659554944,13.6741479634248,13.7254901960784,13.8297872340426,14.1141141141141,..,..,..,..,..,..,..,..,..,..,..,..,..,..,..,..,..,..,..,..,..,..,..,..,..,..,..,..,..,..
"Iran, Islamic Rep.",IRN,Young people (ages 15-24) newly infected with HIV,SH.HIV.INCD.YG,..,1000,500,500,500,500,500,500,500,1000,1000,1000,1000,1000,1300,1500,1900,2200,2400,2600,2500,2300,1800,1400,1000,1000,1000,500,500,200,200,100,100,100,..,..,..,..,..,..,..,..,..,..,..,..,..,..,..,..,..,..,..,..,..,..,..,..,..,..,..,..,..,..
"Iran, Islamic Rep.",IRN,Women's share of population ages 15+ living with HIV (%),SH.DYN.AIDS.FE.ZS,..,33.8524626899117,32.8848454748629,31.8666996247275,30.8018100354428,29.6721275231589,28.4613032844165,27.1886334857167,25.8856615177972,24.6132381304116,23.4163530071274,22.333670925522,21.3554549259865,20.4989255348968,19.8085158105354,19.3030204982775,19.0517410977769,19.1451843143841,19.6841276457783,20.7569689414635,22.5385792628491,25.0909527045936,28.4201371124527,32.293089319858,36.428900138058,40.4297602782263,43.905746736735,46.7509920634921,48.8077496274218,51.4197212183789,56.864064602961,62.88,68.3187560738581,73.1736526946108,..,..,..,..,..,..,..,..,..,..,..,..,..,..,..,..,..,..,..,..,..,..,..,..,..,..,..,..,..,..
Iraq,IRQ,Young people (ages 15-24) newly infected with HIV,SH.HIV.INCD.YG,..,200,200,200,100,100,100,100,100,100,100,100,100,100,100,100,100,100,100,100,100,100,100,200,100,100,100,100,100,100,100,100,100,100,..,..,..,..,..,..,..,..,..,..,..,..,..,..,..,..,..,..,..,..,..,..,..,..,..,..,..,..,..,..
Iraq,IRQ,Women's share of population ages 15+ living with HIV (%),SH.DYN.AIDS.FE.ZS,..,41.9015889287545,42.1597633136095,42.400544032642,42.6953125,43.054935238946,43.4317718940937,43.7428243398393,44.0894568690096,44.3741209563994,44.7328244274809,44.96699669967,45.3097345132743,45.6642066420664,46.124763705104,46.551724137931,46.9447138700291,47.4323062558357,47.8798586572438,48.3449477351916,48.8392089423904,49.320882852292,49.8727735368957,50.377358490566,50.8833922261484,51.2445095168375,51.6423357664234,51.9362186788155,52.1367521367521,52.6881720430108,52.7027027027027,53.2163742690058,53.3333333333333,54.2056074766355,..,..,..,..,..,..,..,..,..,..,..,..,..,..,..,..,..,..,..,..,..,..,..,..,..,..,..,..,..,..
Ireland,IRL,Young people (ages 15-24) newly infected with HIV,SH.HIV.INCD.YG,..,..,..,..,..,..,..,..,..,..,..,..,..,..,..,..,..,..,..,..,..,..,..,..,..,..,..,..,..,..,..,..,..,..,..,..,..,..,..,..,..,..,..,..,..,..,..,..,..,..,..,..,..,..,..,..,..,..,..,..,..,..,..,..
Ireland,IRL,Women's share of population ages 15+ living with HIV (%),SH.DYN.AIDS.FE.ZS,..,29.1231365183707,28.9430275345768,29.1405433646813,29.4141468682505,29.7682211672717,30.1928133216477,30.6703397612489,31.176565266377,31.754921928038,32.3792486583184,33.0494037478705,33.8093322606597,34.4930629669157,35.2472089314195,35.9649122807018,36.7008681925809,37.4567474048443,38.4345047923323,39.469964664311,40.4929577464789,41.2808308091735,41.7508417508418,41.9093851132686,41.9296116504854,41.5753424657534,41.0714285714286,40.4951370468612,39.6019900497512,38.4105960264901,36.9135802469136,35.1540616246499,33.0081300813008,30.7543520309478,..,..,..,..,..,..,..,..,..,..,..,..,..,..,..,..,..,..,..,..,..,..,..,..,..,..,..,..,..,..
Isle of Man,IMN,Young people (ages 15-24) newly infected with HIV,SH.HIV.INCD.YG,..,..,..,..,..,..,..,..,..,..,..,..,..,..,..,..,..,..,..,..,..,..,..,..,..,..,..,..,..,..,..,..,..,..,..,..,..,..,..,..,..,..,..,..,..,..,..,..,..,..,..,..,..,..,..,..,..,..,..,..,..,..,..,..
Isle of Man,IMN,Women's share of population ages 15+ living with HIV (%),SH.DYN.AIDS.FE.ZS,..,..,..,..,..,..,..,..,..,..,..,..,..,..,..,..,..,..,..,..,..,..,..,..,..,..,..,..,..,..,..,..,..,..,..,..,..,..,..,..,..,..,..,..,..,..,..,..,..,..,..,..,..,..,..,..,..,..,..,..,..,..,..,..
Israel,ISR,Young people (ages 15-24) newly infected with HIV,SH.HIV.INCD.YG,..,..,..,..,..,..,..,..,..,..,..,..,..,..,..,..,..,..,..,..,..,..,..,..,..,..,..,..,..,..,..,..,..,..,..,..,..,..,..,..,..,..,..,..,..,..,..,..,..,..,..,..,..,..,..,..,..,..,..,..,..,..,..,..
Israel,ISR,Women's share of population ages 15+ living with HIV (%),SH.DYN.AIDS.FE.ZS,..,28.1736619573064,28.1401731053409,28.1294104874607,28.0892576810944,28.0381439702291,27.9903147699758,27.9605263157895,27.9251790925975,27.9040580114349,27.881368374688,27.8551532033426,27.8421138476594,27.847448891943,27.8229448961156,27.7619859768808,27.6722090261283,27.5613275613276,27.395498392283,27.2178770949721,27.0872420262664,26.9651741293532,26.8508583690987,26.741440377804,26.6356692128861,26.5391969407266,26.398916967509,26.1865793780687,25.8839226150767,25.7959183673469,25.6592292089249,25.4752851711027,25.434439178515,25.147347740668,..,..,..,..,..,..,..,..,..,..,..,..,..,..,..,..,..,..,..,..,..,..,..,..,..,..,..,..,..,..
Italy,ITA,Young people (ages 15-24) newly infected with HIV,SH.HIV.INCD.YG,..,200,200,500,500,500,500,500,500,500,500,500,500,500,500,500,500,500,500,500,500,500,500,500,500,500,1000,1000,1000,1000,1000,1000,1000,1000,..,..,..,..,..,..,..,..,..,..,..,..,..,..,..,..,..,..,..,..,..,..,..,..,..,..,..,..,..,..
Italy,ITA,Women's share of population ages 15+ living with HIV (%),SH.DYN.AIDS.FE.ZS,..,27.0195393257645,26.9862495799261,26.9472512295833,26.909793777803,26.8707482993197,26.8657261629054,26.8572874117393,26.848175171398,26.8338480160146,26.8027805362463,26.7690951245796,26.7399575743291,26.6725703668976,26.5650404678278,26.4657146580775,26.35770829498,26.2334402736593,26.1587415313616,26.0847084708471,26.0056408359534,25.8899518615563,25.8142124054618,25.7131367292225,25.5904183535763,25.4459152687284,25.2678571428571,25.1090283394389,25.023661709739,24.928542591845,24.8283303904257,24.7356835540139,24.6473313883645,24.5595349844754,..,..,..,..,..,..,..,..,..,..,..,..,..,..,..,..,..,..,..,..,..,..,..,..,..,..,..,..,..,..
Jamaica,JAM,Young people (ages 15-24) newly infected with HIV,SH.HIV.INCD.YG,..,500,500,500,500,500,500,500,500,500,500,1000,1000,1000,1000,1000,1000,1000,1000,1000,1000,1000,1000,1000,1000,1000,1000,1000,1000,1000,1000,1000,1000,1200,..,..,..,..,..,..,..,..,..,..,..,..,..,..,..,..,..,..,..,..,..,..,..,..,..,..,..,..,..,..
Jamaica,JAM,Women's share of population ages 15+ living with HIV (%),SH.DYN.AIDS.FE.ZS,..,50.4390176979009,50.2302405498282,49.9757718399557,49.6952714535902,49.4013884953244,49.0663417081825,48.7638009049774,48.4836305173926,48.1903212688085,47.8211913072852,47.6105182926829,47.5828648962977,47.5463510848126,47.4055273547659,47.2133431685927,47.014553014553,46.7936588032463,46.5394402035623,46.2398503592229,45.909877950927,45.5472981483814,45.1995820271682,44.8960892924076,44.6500167056465,44.4607822543377,44.2941601803411,44.1173916818616,43.9287786157348,43.7224209206187,43.4838454698152,43.2383295010962,42.9902707771656,42.7362204724409,..,..,..,..,..,..,..,..,..,..,..,..,..,..,..,..,..,..,..,..,..,..,..,..,..,..,..,..,..,..
Japan,JPN,Young people (ages 15-24) newly infected with HIV,SH.HIV.INCD.YG,..,..,..,..,..,..,..,..,..,..,..,..,..,..,..,..,..,..,..,..,..,..,..,..,..,..,..,..,..,..,..,..,..,..,..,..,..,..,..,..,..,..,..,..,..,..,..,..,..,..,..,..,..,..,..,..,..,..,..,..,..,..,..,..
Japan,JPN,Women's share of population ages 15+ living with HIV (%),SH.DYN.AIDS.FE.ZS,..,7.77746939278996,7.98987021209243,8.15606313106558,8.34741466711727,8.52829924348557,8.67098275987488,8.81105641802348,8.92976984722277,9.05380333951762,9.17838957452317,9.31854199683043,9.45121951219512,9.57954488370925,9.71152313658822,9.85160525870338,9.96327734633677,10.0728703166312,10.1920543576232,10.3262898529082,10.437167285046,10.5640577175339,10.655346751884,10.7660020986359,10.8799813018581,11.0114730317816,11.1881785283474,11.3739922888188,11.6206681884208,11.8567103935419,12.1173469387755,12.4050632911392,12.6768867924528,12.9173989455184,..,..,..,..,..,..,..,..,..,..,..,..,..,..,..,..,..,..,..,..,..,..,..,..,..,..,..,..,..,..
Jordan,JOR,Young people (ages 15-24) newly infected with HIV,SH.HIV.INCD.YG,..,100,100,100,100,100,100,100,100,100,100,100,100,100,100,100,100,100,100,100,100,100,100,100,100,100,100,100,100,100,100,100,100,100,..,..,..,..,..,..,..,..,..,..,..,..,..,..,..,..,..,..,..,..,..,..,..,..,..,..,..,..,..,..
Jordan,JOR,Women's share of population ages 15+ living with HIV (%),SH.DYN.AIDS.FE.ZS,..,18.6520376175549,18.9102564102564,19.2629815745394,19.6836555360281,20.1851851851852,20.6627680311891,21.1498973305955,21.8142548596112,22.4343675417661,23.3695652173913,23.98753894081,24.5161290322581,25,25.8181818181818,26.5384615384615,27.3469387755102,27.8260869565217,28.7878787878788,29.0322580645161,30.4597701149425,31.0975609756098,32.0261437908497,33.0985915492958,33.5820895522388,34.375,34.9593495934959,35.8974358974359,36.3636363636364,37.2549019607843,38.7096774193548,39.2857142857143,41.3333333333333,41.7910447761194,..,..,..,..,..,..,..,..,..,..,..,..,..,..,..,..,..,..,..,..,..,..,..,..,..,..,..,..,..,..
Kazakhstan,KAZ,Young people (ages 15-24) newly infected with HIV,SH.HIV.INCD.YG,..,..,..,..,..,..,..,..,..,..,..,..,..,..,..,..,..,..,..,..,..,..,..,..,..,..,..,..,..,..,..,..,..,..,..,..,..,..,..,..,..,..,..,..,..,..,..,..,..,..,..,..,..,..,..,..,..,..,..,..,..,..,..,..
Kazakhstan,KAZ,Women's share of population ages 15+ living with HIV (%),SH.DYN.AIDS.FE.ZS,..,40.0557574550704,40.0262960180316,40.0186106022274,39.986056534415,40.0083553822587,40.0130673738422,39.962331992124,39.5703896354091,39.349584548506,39.3459442128888,38.8714264331687,38.2839451570102,37.5912795004762,36.6525695245419,35.776065419091,34.9950932286555,33.6697021904996,32.1561338289963,30.3689320388349,29.9586776859504,30.1507537688442,30.6468716861082,31.9256756756757,33.3333333333333,31.5533980582524,31.4814814814815,29.4117647058824,31.8181818181818,20,25,0,..,..,..,..,..,..,..,..,..,..,..,..,..,..,..,..,..,..,..,..,..,..,..,..,..,..,..,..,..,..,..,..
Kenya,KEN,Young people (ages 15-24) newly infected with HIV,SH.HIV.INCD.YG,..,7300,9000,10000,10000,11000,12000,14000,16000,18000,20000,21000,23000,25000,26000,26000,27000,28000,30000,31000,32000,34000,36000,39000,42000,45000,50000,56000,63000,74000,82000,85000,83000,74000,..,..,..,..,..,..,..,..,..,..,..,..,..,..,..,..,..,..,..,..,..,..,..,..,..,..,..,..,..,..
Kenya,KEN,Women's share of population ages 15+ living with HIV (%),SH.DYN.AIDS.FE.ZS,..,66.0227572018032,65.8407565972771,65.6163973483773,65.3744071637659,65.1542944261134,64.9354004965024,64.7073110912443,64.4823785907664,64.2044009440399,63.894930143115,63.6313691578276,63.4544216104303,63.5139055900515,63.723691966298,63.9870871078251,64.2725385605802,64.5358377661317,64.734425437158,64.8462868326169,64.8645977954219,64.8186726142828,64.7479022414065,64.6531044628519,64.5369952555553,64.4048377213387,64.2642253209234,64.1039136050873,63.9135654456331,63.6801726392203,63.3649020756004,62.9298838449084,62.3651739375796,61.6349420075879,..,..,..,..,..,..,..,..,..,..,..,..,..,..,..,..,..,..,..,..,..,..,..,..,..,..,..,..,..,..
Kiribati,KIR,Young people (ages 15-24) newly infected with HIV,SH.HIV.INCD.YG,..,..,..,..,..,..,..,..,..,..,..,..,..,..,..,..,..,..,..,..,..,..,..,..,..,..,..,..,..,..,..,..,..,..,..,..,..,..,..,..,..,..,..,..,..,..,..,..,..,..,..,..,..,..,..,..,..,..,..,..,..,..,..,..
Kiribati,KIR,Women's share of population ages 15+ living with HIV (%),SH.DYN.AIDS.FE.ZS,..,..,..,..,..,..,..,..,..,..,..,..,..,..,..,..,..,..,..,..,..,..,..,..,..,..,..,..,..,..,..,..,..,..,..,..,..,..,..,..,..,..,..,..,..,..,..,..,..,..,..,..,..,..,..,..,..,..,..,..,..,..,..,..
"Korea, Dem. People's Rep.",PRK,Young people (ages 15-24) newly infected with HIV,SH.HIV.INCD.YG,..,..,..,..,..,..,..,..,..,..,..,..,..,..,..,..,..,..,..,..,..,..,..,..,..,..,..,..,..,..,..,..,..,..,..,..,..,..,..,..,..,..,..,..,..,..,..,..,..,..,..,..,..,..,..,..,..,..,..,..,..,..,..,..
"Korea, Dem. People's Rep.",PRK,Women's share of population ages 15+ living with HIV (%),SH.DYN.AIDS.FE.ZS,..,42.8159261396422,43.1710392027376,43.7095659820363,44.4664946748694,45.490306265805,46.7092892064686,47.7767878836964,48.5107485107485,48.5501391507317,48.5882572924458,48.6187845303867,48.6538461538462,48.6981371718882,48.7182296231376,48.7609912070344,48.7964728312679,48.8418430884184,48.8790406673618,48.920174958994,48.9514507325481,48.9792832300015,48.9880478087649,48.9734096263884,48.9574050971306,48.9212717638153,48.8615756598831,48.7946620749031,48.6966551326413,48.5367063492063,48.3767104910115,48.1632653061224,47.9299363057325,47.6223776223776,..,..,..,..,..,..,..,..,..,..,..,..,..,..,..,..,..,..,..,..,..,..,..,..,..,..,..,..,..,..
"Korea, Rep.",KOR,Young people (ages 15-24) newly infected with HIV,SH.HIV.INCD.YG,..,..,..,..,..,..,..,..,..,..,..,..,..,..,..,..,..,..,..,..,..,..,..,..,..,..,..,..,..,..,..,..,..,..,..,..,..,..,..,..,..,..,..,..,..,..,..,..,..,..,..,..,..,..,..,..,..,..,..,..,..,..,..,..
"Korea, Rep.",KOR,Women's share of population ages 15+ living with HIV (%),SH.DYN.AIDS.FE.ZS,..,9.70561998215879,9.68864468864469,9.67925063866023,9.68090859924283,9.67775093796577,9.68577907353418,9.69949250156811,9.72180315008147,9.79052529809861,9.87406587323554,9.96279761904762,10.0599760095962,10.1662952168695,10.2452710652548,10.3045829775121,10.3745541022592,10.4563716905326,10.5579399141631,10.655090765588,10.7757065544197,10.9262413205817,11.1305872042068,11.3875438303557,11.6784037558685,11.9839584807738,12.3054331864905,12.6797880393641,13.0761523046092,13.4550371872887,13.8967136150235,14.2666666666667,14.7286821705426,15.0724637681159,..,..,..,..,..,..,..,..,..,..,..,..,..,..,..,..,..,..,..,..,..,..,..,..,..,..,..,..,..,..
Kosovo,XKX,Young people (ages 15-24) newly infected with HIV,SH.HIV.INCD.YG,..,..,..,..,..,..,..,..,..,..,..,..,..,..,..,..,..,..,..,..,..,..,..,..,..,..,..,..,..,..,..,..,..,..,..,..,..,..,..,..,..,..,..,..,..,..,..,..,..,..,..,..,..,..,..,..,..,..,..,..,..,..,..,..
Kosovo,XKX,Women's share of population ages 15+ living with HIV (%),SH.DYN.AIDS.FE.ZS,..,..,..,..,..,..,..,..,..,..,..,..,..,..,..,..,..,..,..,..,..,..,..,..,..,..,..,..,..,..,..,..,..,..,..,..,..,..,..,..,..,..,..,..,..,..,..,..,..,..,..,..,..,..,..,..,..,..,..,..,..,..,..,..
Kuwait,KWT,Young people (ages 15-24) newly infected with HIV,SH.HIV.INCD.YG,..,..,..,..,..,..,..,..,..,..,..,..,..,..,..,..,..,..,..,..,..,..,..,..,..,..,..,..,..,..,..,..,..,..,..,..,..,..,..,..,..,..,..,..,..,..,..,..,..,..,..,..,..,..,..,..,..,..,..,..,..,..,..,..
Kuwait,KWT,Women's share of population ages 15+ living with HIV (%),SH.DYN.AIDS.FE.ZS,..,18.3879093198992,18.7088274044796,18.8602442333786,18.6351706036745,18.7414500683994,19.5814648729447,20.5592105263158,20.5685618729097,23.6328125,25.2049180327869,25.9953161592506,27.10027100271,28.1645569620253,28.8256227758007,29.0836653386454,29.1479820627803,29.1457286432161,29.2134831460674,29.559748427673,29.8611111111111,31.0077519379845,31.0344827586207,31.4285714285714,31.9148936170213,33.3333333333333,33.3333333333333,34.3283582089552,35,37.037037037037,37.2549019607843,38.7755102040816,38.6363636363636,37.9310344827586,..,..,..,..,..,..,..,..,..,..,..,..,..,..,..,..,..,..,..,..,..,..,..,..,..,..,..,..,..,..
Kyrgyz Republic,KGZ,Young people (ages 15-24) newly infected with HIV,SH.HIV.INCD.YG,..,100,100,100,100,100,100,100,100,100,100,200,200,200,200,200,200,200,100,100,100,100,100,100,100,100,100,100,100,100,100,100,100,100,..,..,..,..,..,..,..,..,..,..,..,..,..,..,..,..,..,..,..,..,..,..,..,..,..,..,..,..,..,..
Kyrgyz Republic,KGZ,Women's share of population ages 15+ living with HIV (%),SH.DYN.AIDS.FE.ZS,..,42.6306060900866,42.563519933898,42.3552588376929,42.0893789901335,41.8994413407821,41.5598290598291,41.2095032397408,40.7892684448604,40.4117747149906,39.9289321114644,39.3570987018339,38.6978450252178,38.0005166623612,37.3619814980603,36.8011323425336,36.4428945074106,36.281179138322,35.8255451713396,35.1111111111111,34.5291479820628,34.0136054421769,33.7378640776699,23.0769230769231,40,..,..,..,..,..,..,..,..,..,..,..,..,..,..,..,..,..,..,..,..,..,..,..,..,..,..,..,..,..,..,..,..,..,..,..,..,..,..,..
Lao PDR,LAO,Young people (ages 15-24) newly infected with HIV,SH.HIV.INCD.YG,..,500,500,500,500,500,500,500,500,500,500,500,500,500,500,500,500,500,500,500,500,500,500,500,500,500,200,100,100,100,100,100,100,100,..,..,..,..,..,..,..,..,..,..,..,..,..,..,..,..,..,..,..,..,..,..,..,..,..,..,..,..,..,..
Lao PDR,LAO,Women's share of population ages 15+ living with HIV (%),SH.DYN.AIDS.FE.ZS,..,38.9405315218687,39.3967431532198,39.8887894669564,40.3012807751012,40.5820142393032,40.7559988435964,40.8078205516823,40.791779512506,40.696600923206,40.6274926881149,40.4932228915663,40.2937034801851,40.0866738894908,39.9126946672959,39.7848068446979,39.7238602042284,39.6028414594769,39.4149908592322,39.1604010025063,38.6423602782442,38.1154499151103,37.7260083449235,37.5055679287305,37.3099415204678,37.2408293460925,38.3594692400482,40.0390625,42.0560747663551,43.3497536945813,45.1612903225806,44.4444444444444,41.025641025641,33.3333333333333,..,..,..,..,..,..,..,..,..,..,..,..,..,..,..,..,..,..,..,..,..,..,..,..,..,..,..,..,..,..
Latvia,LVA,Young people (ages 15-24) newly infected with HIV,SH.HIV.INCD.YG,..,100,100,100,100,100,100,100,100,100,100,100,100,100,100,200,200,200,200,200,200,200,200,200,500,500,200,100,100,100,100,100,100,100,..,..,..,..,..,..,..,..,..,..,..,..,..,..,..,..,..,..,..,..,..,..,..,..,..,..,..,..,..,..
Latvia,LVA,Women's share of population ages 15+ living with HIV (%),SH.DYN.AIDS.FE.ZS,..,33.7195204095379,33.4477550459975,33.2578545145768,33.1325301204819,33.0162626572568,32.8981302385558,32.7941426868721,32.7096077725801,32.7402135231317,32.8236887942713,32.906837265094,32.9890518487916,33.0703624733476,33.1500219973603,33.26544467074,33.3798882681564,33.4770114942529,33.5532746823069,33.5994013469693,33.6403172166795,33.7042925278219,33.7069207060801,33.730522456462,33.7416870843542,33.7773549000951,33.704390847248,33.6158192090396,33.515625,33.3913043478261,33.1389698736637,32.9321663019694,32.5898389095415,32.2990126939351,..,..,..,..,..,..,..,..,..,..,..,..,..,..,..,..,..,..,..,..,..,..,..,..,..,..,..,..,..,..
Lebanon,LBN,Young people (ages 15-24) newly infected with HIV,SH.HIV.INCD.YG,..,..,..,..,..,..,..,..,..,..,..,..,..,..,..,..,..,..,..,..,..,..,..,..,..,..,..,..,..,..,..,..,..,..,..,..,..,..,..,..,..,..,..,..,..,..,..,..,..,..,..,..,..,..,..,..,..,..,..,..,..,..,..,..
Lebanon,LBN,Women's share of population ages 15+ living with HIV (%),SH.DYN.AIDS.FE.ZS,..,10.3435114503817,10.4733507267984,10.7315261789826,11.0449981405727,11.1150070126227,11.3201209271078,11.5786040443575,11.9718309859155,12.4564183835182,13.3213644524237,14.2857142857143,15.1980198019802,16.1670235546039,17.183908045977,18.3406113537118,19.5254237288136,20.8023774145617,22.1138211382114,23.4250221827862,24.8302618816683,26.2433862433862,27.7522935779817,29.3017456359102,30.9041835357625,32.7007299270073,34.384858044164,36.3481228668942,38.0073800738007,39.9201596806387,41.6846652267819,43.3566433566434,45.2020202020202,46.8493150684931,..,..,..,..,..,..,..,..,..,..,..,..,..,..,..,..,..,..,..,..,..,..,..,..,..,..,..,..,..,..
Lesotho,LSO,Young people (ages 15-24) newly infected with HIV,SH.HIV.INCD.YG,..,1700,2100,2500,2800,3100,3700,4400,5300,5800,6300,6300,6500,6700,7200,7600,7900,8100,8200,8200,8100,8200,8300,8600,8900,9500,10000,11000,11000,9700,7800,5800,3900,2400,..,..,..,..,..,..,..,..,..,..,..,..,..,..,..,..,..,..,..,..,..,..,..,..,..,..,..,..,..,..
Lesotho,LSO,Women's share of population ages 15+ living with HIV (%),SH.DYN.AIDS.FE.ZS,..,62.1318914381855,61.8611868223025,61.6580424727816,61.4690020106412,61.2740363825064,61.0853146452269,60.9297424724078,60.7578509323876,60.5587693547459,60.3698220008803,60.2345518292232,60.181109720987,60.1562259148503,60.1736046663165,60.2981205970537,60.4963291366681,60.7060943993371,60.8672836561397,60.9732644270666,61.0736610424733,61.1651810699027,61.2569740728585,61.3587136808008,61.4839880894219,61.6338205492084,61.8108217020185,62.0084571058686,62.1996318892941,62.3300518307233,62.4582869855395,62.4821781722853,62.4190379157266,62.2024888244533,..,..,..,..,..,..,..,..,..,..,..,..,..,..,..,..,..,..,..,..,..,..,..,..,..,..,..,..,..,..
Liberia,LBR,Young people (ages 15-24) newly infected with HIV,SH.HIV.INCD.YG,..,500,1000,1000,1000,500,1000,1000,1000,1000,1000,1000,1000,1000,1000,1000,1000,1000,1000,1000,1000,1100,1200,1300,1300,1400,1300,1200,1300,1400,1400,1400,1600,1700,..,..,..,..,..,..,..,..,..,..,..,..,..,..,..,..,..,..,..,..,..,..,..,..,..,..,..,..,..,..
Liberia,LBR,Women's share of population ages 15+ living with HIV (%),SH.DYN.AIDS.FE.ZS,..,65.3033336511266,65.041224214815,64.5685607900275,63.9414914457359,63.2799973822846,62.4712550607287,61.6632730974803,61.1886915684384,60.7398822775931,60.2925373134328,60.002931691586,59.8922159140033,59.8542543977541,59.8320026119735,59.8297646746974,59.84372696447,59.8419561652005,59.8164417474263,59.7553083299948,59.686216829074,59.5636342106042,59.459778597786,59.3378988606119,59.1944546231831,59.012076053443,58.8122672050684,58.574619457313,58.271064158722,57.9075309818875,57.476867973336,56.9907170112193,56.4074022540699,55.5941104754759,..,..,..,..,..,..,..,..,..,..,..,..,..,..,..,..,..,..,..,..,..,..,..,..,..,..,..,..,..,..
Libya,LBY,Young people (ages 15-24) newly infected with HIV,SH.HIV.INCD.YG,..,..,..,..,..,..,..,..,..,..,..,..,..,..,..,..,..,..,..,..,..,..,..,..,..,..,..,..,..,..,..,..,..,..,..,..,..,..,..,..,..,..,..,..,..,..,..,..,..,..,..,..,..,..,..,..,..,..,..,..,..,..,..,..
Libya,LBY,Women's share of population ages 15+ living with HIV (%),SH.DYN.AIDS.FE.ZS,..,37.4756777792191,37.3617588274484,37.2355042594119,37.096544859946,36.9260298243024,36.7990112776147,36.6991869918699,36.5335162009258,36.3768643142961,36.2663032898579,36.1351636747624,35.9715531085111,36.2946245383668,36.1702127659574,36.0558283794262,36.0355029585799,36.027397260274,36.0576923076923,35.540733682706,35.0574712643678,34.6180798878767,34.0535868625756,33.5140997830803,32.6815642458101,32.3636363636364,31.8072289156627,31.5960912052117,31.0810810810811,30.379746835443,30.2752293577982,29.7297297297297,28.5714285714286,28.125,..,..,..,..,..,..,..,..,..,..,..,..,..,..,..,..,..,..,..,..,..,..,..,..,..,..,..,..,..,..
Liechtenstein,LIE,Young people (ages 15-24) newly infected with HIV,SH.HIV.INCD.YG,..,..,..,..,..,..,..,..,..,..,..,..,..,..,..,..,..,..,..,..,..,..,..,..,..,..,..,..,..,..,..,..,..,..,..,..,..,..,..,..,..,..,..,..,..,..,..,..,..,..,..,..,..,..,..,..,..,..,..,..,..,..,..,..
Liechtenstein,LIE,Women's share of population ages 15+ living with HIV (%),SH.DYN.AIDS.FE.ZS,..,..,..,..,..,..,..,..,..,..,..,..,..,..,..,..,..,..,..,..,..,..,..,..,..,..,..,..,..,..,..,..,..,..,..,..,..,..,..,..,..,..,..,..,..,..,..,..,..,..,..,..,..,..,..,..,..,..,..,..,..,..,..,..
Lithuania,LTU,Young people (ages 15-24) newly infected with HIV,SH.HIV.INCD.YG,..,100,100,100,100,100,100,100,100,100,100,100,100,100,100,100,100,100,100,100,100,100,100,100,100,100,100,100,100,100,100,100,100,100,..,..,..,..,..,..,..,..,..,..,..,..,..,..,..,..,..,..,..,..,..,..,..,..,..,..,..,..,..,..
Lithuania,LTU,Women's share of population ages 15+ living with HIV (%),SH.DYN.AIDS.FE.ZS,..,22.4687933425798,21.912013536379,21.8066743383199,21.7830609212481,21.8740304064536,21.8831168831169,21.8601493550577,21.7623974313236,21.5620328849028,21.2875197472354,20.9819555182543,20.7890070921986,20.5498602050326,20.1565557729941,19.7219361483007,19.3286410395236,18.7535410764872,18.1872037914692,17.606943583385,17.04619388419,16.4513936097893,15.819209039548,14.207650273224,13.4299516908213,12.5256673511294,11.8421052631579,11.1633372502938,10.5196451204056,10.1648351648352,9.88023952095808,9.86842105263158,9.85401459854015,9.79591836734694,..,..,..,..,..,..,..,..,..,..,..,..,..,..,..,..,..,..,..,..,..,..,..,..,..,..,..,..,..,..
Luxembourg,LUX,Young people (ages 15-24) newly infected with HIV,SH.HIV.INCD.YG,..,100,100,100,100,100,100,100,100,100,100,100,100,100,100,100,100,100,100,100,100,100,100,100,100,100,100,100,100,100,100,100,100,100,..,..,..,..,..,..,..,..,..,..,..,..,..,..,..,..,..,..,..,..,..,..,..,..,..,..,..,..,..,..
Luxembourg,LUX,Women's share of population ages 15+ living with HIV (%),SH.DYN.AIDS.FE.ZS,..,28.3987915407855,28.2507739938081,27.9871692060946,27.8101582014988,27.6373147340889,27.4311926605505,27.2727272727273,27.0896273917422,26.9602577873255,26.8539325842697,26.7148014440433,26.5806451612903,26.5646731571627,26.5275707898659,26.3736263736264,26.3069139966273,26.1261261261261,25.9615384615385,25.6147540983607,25.4901960784314,25.4079254079254,25.3731343283582,25.3333333333333,25.1445086705202,24.9221183800623,24.9158249158249,24.9084249084249,24.7011952191235,24.5689655172414,24.2009132420091,23.6453201970443,23.9130434782609,23.4567901234568,..,..,..,..,..,..,..,..,..,..,..,..,..,..,..,..,..,..,..,..,..,..,..,..,..,..,..,..,..,..
"Macao SAR, China",MAC,Young people (ages 15-24) newly infected with HIV,SH.HIV.INCD.YG,..,..,..,..,..,..,..,..,..,..,..,..,..,..,..,..,..,..,..,..,..,..,..,..,..,..,..,..,..,..,..,..,..,..,..,..,..,..,..,..,..,..,..,..,..,..,..,..,..,..,..,..,..,..,..,..,..,..,..,..,..,..,..,..
"Macao SAR, China",MAC,Women's share of population ages 15+ living with HIV (%),SH.DYN.AIDS.FE.ZS,..,..,..,..,..,..,..,..,..,..,..,..,..,..,..,..,..,..,..,..,..,..,..,..,..,..,..,..,..,..,..,..,..,..,..,..,..,..,..,..,..,..,..,..,..,..,..,..,..,..,..,..,..,..,..,..,..,..,..,..,..,..,..,..
Madagascar,MDG,Young people (ages 15-24) newly infected with HIV,SH.HIV.INCD.YG,..,1600,1600,1600,1500,1500,1400,1300,1200,1100,1000,1000,1000,1000,1000,500,500,500,500,500,500,200,200,200,100,100,100,100,100,100,100,100,100,100,..,..,..,..,..,..,..,..,..,..,..,..,..,..,..,..,..,..,..,..,..,..,..,..,..,..,..,..,..,..
Madagascar,MDG,Women's share of population ages 15+ living with HIV (%),SH.DYN.AIDS.FE.ZS,..,69.7684125904397,69.8454687002963,69.9729897434026,70.1741014120667,70.3908137704773,70.5880900041989,70.7251665699041,70.7547169811321,70.6590441019814,70.3810529736757,69.8938309714232,69.2295162078514,68.347748664462,67.2292229222922,65.9269162210339,64.4913627639155,62.998712998713,61.5300031416902,60.1792324176895,59.068746952706,58.3229813664596,58.063209076175,58.3645109567076,59.2485549132948,60.5314960629921,62.3815967523681,64.5833333333333,66.9312169312169,68.8888888888889,70.6185567010309,72.1428571428571,73,73.972602739726,..,..,..,..,..,..,..,..,..,..,..,..,..,..,..,..,..,..,..,..,..,..,..,..,..,..,..,..,..,..
Malawi,MWI,Young people (ages 15-24) newly infected with HIV,SH.HIV.INCD.YG,..,3800,4600,5300,5400,5800,6300,6600,8200,9700,11000,13000,15000,16000,16000,19000,18000,20000,21000,22000,24000,25000,27000,29000,28000,32000,33000,35000,36000,39000,40000,39000,37000,34000,..,..,..,..,..,..,..,..,..,..,..,..,..,..,..,..,..,..,..,..,..,..,..,..,..,..,..,..,..,..
Malawi,MWI,Women's share of population ages 15+ living with HIV (%),SH.DYN.AIDS.FE.ZS,..,62.417010973973,62.1329736928756,61.8357314654627,61.5373831924581,61.2657167075849,60.9869149722455,60.7003651129912,60.4320192737725,60.1757540823476,59.9284605329596,59.7105607205113,59.5088083751315,59.3020085315448,59.0723695519682,58.8344724765176,58.5878493297544,58.3811570849639,58.2281256811472,58.1149170009288,58.0198870424125,57.9212855814998,57.8065176002317,57.6761261984846,57.5269400002956,57.3476271077071,57.1839883141345,57.0624088065567,56.9184542880852,56.7162773027093,56.3079750019652,55.820964031424,55.2607805348109,54.5782656375547,..,..,..,..,..,..,..,..,..,..,..,..,..,..,..,..,..,..,..,..,..,..,..,..,..,..,..,..,..,..
Malaysia,MYS,Young people (ages 15-24) newly infected with HIV,SH.HIV.INCD.YG,..,1000,1000,1000,1000,1000,1000,1000,1000,1100,1100,1200,1200,1300,1300,1300,1300,1300,1300,1200,1200,1200,1200,1200,1200,1100,1100,1100,1000,1000,1000,1100,1400,1600,..,..,..,..,..,..,..,..,..,..,..,..,..,..,..,..,..,..,..,..,..,..,..,..,..,..,..,..,..,..
Malaysia,MYS,Women's share of population ages 15+ living with HIV (%),SH.DYN.AIDS.FE.ZS,..,19.9194374592531,19.8071017386532,19.6399633622208,19.4175791654336,19.1321805427755,18.8037080457825,18.488992457227,18.1519261667227,17.7334798701381,17.3024628014366,16.9082819003875,16.4971404956474,16.0307742764219,15.5229584668128,15.0780852763856,14.621351050717,14.1468800049758,13.6757634723317,13.2144756081351,12.764241592313,12.3310002657925,11.9450491155542,11.536935949984,11.0327170386585,10.3864586519833,9.68114207556847,8.91385599135408,8.08068751492003,7.18024666138958,6.21367284804871,5.19512269657428,4.16010085092972,3.18493447886835,..,..,..,..,..,..,..,..,..,..,..,..,..,..,..,..,..,..,..,..,..,..,..,..,..,..,..,..,..,..
Maldives,MDV,Young people (ages 15-24) newly infected with HIV,SH.HIV.INCD.YG,..,100,100,100,100,100,100,100,100,100,100,100,100,100,100,100,100,100,100,100,100,100,100,100,100,100,100,100,100,100,100,100,100,100,..,..,..,..,..,..,..,..,..,..,..,..,..,..,..,..,..,..,..,..,..,..,..,..,..,..,..,..,..,..
Maldives,MDV,Women's share of population ages 15+ living with HIV (%),SH.DYN.AIDS.FE.ZS,..,22.0338983050848,21.4285714285714,21.5686274509804,21.2765957446809,23.2558139534884,23.0769230769231,22.8571428571429,22.5806451612903,21.4285714285714,24,26.0869565217391,23.8095238095238,26.3157894736842,29.4117647058824,26.6666666666667,28.5714285714286,33.3333333333333,25,27.2727272727273,27.2727272727273,30,33.3333333333333,22.2222222222222,25,28.5714285714286,20,25,33.3333333333333,50,0,0,0,0,..,..,..,..,..,..,..,..,..,..,..,..,..,..,..,..,..,..,..,..,..,..,..,..,..,..,..,..,..,..
Mali,MLI,Young people (ages 15-24) newly infected with HIV,SH.HIV.INCD.YG,..,1900,1900,2000,2200,2100,2300,2300,2300,2400,2400,2400,2600,2600,2800,2900,2900,3000,3000,3200,3300,3400,3400,3800,4000,4200,4300,4600,4800,5000,5100,4900,4800,4400,..,..,..,..,..,..,..,..,..,..,..,..,..,..,..,..,..,..,..,..,..,..,..,..,..,..,..,..,..,..
Mali,MLI,Women's share of population ages 15+ living with HIV (%),SH.DYN.AIDS.FE.ZS,..,64.3349661768136,64.2391964494277,64.0683555688802,63.85651994136,63.6616661949241,63.4713110091395,63.2834880256675,63.0489763340353,62.749770852429,62.4136494433841,62.0982230033197,61.8230421760212,61.733481223261,61.7924623014678,61.8525488912528,61.910173273004,61.9454339806133,61.9261524737966,61.8642178459579,61.7751365858334,61.6478576995761,61.491182906423,61.3142153792999,61.125277527423,60.9154969276735,60.6806197209389,60.4252018132894,60.1396812402466,59.8184614539562,59.4437971887246,59.0075788611225,58.5136814693523,57.9222614840989,..,..,..,..,..,..,..,..,..,..,..,..,..,..,..,..,..,..,..,..,..,..,..,..,..,..,..,..,..,..
Malta,MLT,Young people (ages 15-24) newly infected with HIV,SH.HIV.INCD.YG,..,100,100,100,100,100,100,100,100,100,100,100,100,100,100,100,100,100,100,100,100,100,100,100,100,100,100,100,100,100,100,100,100,100,..,..,..,..,..,..,..,..,..,..,..,..,..,..,..,..,..,..,..,..,..,..,..,..,..,..,..,..,..,..
Malta,MLT,Women's share of population ages 15+ living with HIV (%),SH.DYN.AIDS.FE.ZS,..,20.9677419354839,21.1936662606577,21.4747736093144,21.8707015130674,22.1407624633431,22.3787167449139,22.742474916388,22.9390681003584,23.3201581027668,23.5807860262009,23.855421686747,24.2021276595745,24.633431085044,24.9190938511327,25,25.1968503937008,25.3275109170306,25.7281553398058,25.6830601092896,26.0869565217391,26.4285714285714,26.6666666666667,26.4705882352941,26.7441860465116,27.6315789473684,28.3582089552239,28.3333333333333,29.0909090909091,30,29.1666666666667,30.4347826086956,30.4347826086956,30.4347826086956,..,..,..,..,..,..,..,..,..,..,..,..,..,..,..,..,..,..,..,..,..,..,..,..,..,..,..,..,..,..
Marshall Islands,MHL,Young people (ages 15-24) newly infected with HIV,SH.HIV.INCD.YG,..,..,..,..,..,..,..,..,..,..,..,..,..,..,..,..,..,..,..,..,..,..,..,..,..,..,..,..,..,..,..,..,..,..,..,..,..,..,..,..,..,..,..,..,..,..,..,..,..,..,..,..,..,..,..,..,..,..,..,..,..,..,..,..
Marshall Islands,MHL,Women's share of population ages 15+ living with HIV (%),SH.DYN.AIDS.FE.ZS,..,..,..,..,..,..,..,..,..,..,..,..,..,..,..,..,..,..,..,..,..,..,..,..,..,..,..,..,..,..,..,..,..,..,..,..,..,..,..,..,..,..,..,..,..,..,..,..,..,..,..,..,..,..,..,..,..,..,..,..,..,..,..,..
Mauritania,MRT,Young people (ages 15-24) newly infected with HIV,SH.HIV.INCD.YG,..,100,100,100,100,100,100,100,100,100,100,100,100,100,100,100,100,200,200,200,200,200,200,200,200,200,200,200,200,200,200,200,100,100,..,..,..,..,..,..,..,..,..,..,..,..,..,..,..,..,..,..,..,..,..,..,..,..,..,..,..,..,..,..
Mauritania,MRT,Women's share of population ages 15+ living with HIV (%),SH.DYN.AIDS.FE.ZS,..,49.2695016957996,49.4313673631315,49.5862253069941,49.6175010065763,49.5503959200107,49.4133333333333,49.3527080581242,49.2770613520907,49.1030240902101,48.8732217046456,48.6669958035053,48.5956416464891,48.3828775267539,48.0464625131996,47.7243627051566,47.4503426646533,47.2157502329916,47.043611143764,46.9295101553166,46.8650502081803,46.8238874096615,46.7802022352315,46.7403628117914,46.7210591133005,46.6926729986431,46.6590519703027,46.5670348711284,46.4456166792263,46.2197282929711,45.9219858156028,45.4900260190807,45,44.3671766342142,..,..,..,..,..,..,..,..,..,..,..,..,..,..,..,..,..,..,..,..,..,..,..,..,..,..,..,..,..,..
Mauritius,MUS,Young people (ages 15-24) newly infected with HIV,SH.HIV.INCD.YG,..,..,..,..,..,..,..,..,..,..,..,..,..,..,..,..,..,..,..,..,..,..,..,..,..,..,..,..,..,..,..,..,..,..,..,..,..,..,..,..,..,..,..,..,..,..,..,..,..,..,..,..,..,..,..,..,..,..,..,..,..,..,..,..
Mauritius,MUS,Women's share of population ages 15+ living with HIV (%),SH.DYN.AIDS.FE.ZS,..,49.6275071633238,49.1128634795466,48.5958285432748,47.952736522524,47.2989589310599,46.6835899115624,46.0836253973429,45.5464102355146,45.0443058746308,44.4924047480701,43.8964554606209,43.4068797776234,42.7994616419919,42.0222201475119,41.3475663500147,40.8036454018227,40.4325755903774,40.2563493947306,40.3477141017386,40.4481633810807,40.6190172303765,40.9250046065966,41.4677276746242,42.4268018018018,44.0440060698027,46.481178396072,49.748743718593,53.59565807327,58.0046403712297,62.2950819672131,67.175572519084,71.0144927536232,75,..,..,..,..,..,..,..,..,..,..,..,..,..,..,..,..,..,..,..,..,..,..,..,..,..,..,..,..,..,..
Mexico,MEX,Young people (ages 15-24) newly infected with HIV,SH.HIV.INCD.YG,..,8600,8600,8600,8600,8600,8500,8500,8400,8400,8300,8200,8100,7900,7800,7600,7400,7300,7100,7000,6800,6700,6500,6300,6100,5900,5600,5300,4900,4400,3800,3500,4100,4800,..,..,..,..,..,..,..,..,..,..,..,..,..,..,..,..,..,..,..,..,..,..,..,..,..,..,..,..,..,..
Mexico,MEX,Women's share of population ages 15+ living with HIV (%),SH.DYN.AIDS.FE.ZS,..,19.2728703841926,19.3872147199171,19.4731893630295,19.4966293776985,19.5396111709201,19.5889738512781,19.6026490066225,19.5751420851579,19.5146688423235,19.4112106063389,19.2341857390222,19.1309725240275,19.1595737007249,19.1917130899394,19.2274742616668,19.2563503293745,19.2727884858177,19.2691641146167,19.2534886786649,19.2363827816247,19.2138592236452,19.1893603546548,19.1567192914902,19.1162286504434,19.0826556908311,19.0718478080413,19.0862110702971,19.1222962676553,19.1699073055005,19.2299660663012,19.3164644714038,19.4319020215435,19.6125356125356,..,..,..,..,..,..,..,..,..,..,..,..,..,..,..,..,..,..,..,..,..,..,..,..,..,..,..,..,..,..
"Micronesia, Fed. Sts.",FSM,Young people (ages 15-24) newly infected with HIV,SH.HIV.INCD.YG,..,..,..,..,..,..,..,..,..,..,..,..,..,..,..,..,..,..,..,..,..,..,..,..,..,..,..,..,..,..,..,..,..,..,..,..,..,..,..,..,..,..,..,..,..,..,..,..,..,..,..,..,..,..,..,..,..,..,..,..,..,..,..,..
"Micronesia, Fed. Sts.",FSM,Women's share of population ages 15+ living with HIV (%),SH.DYN.AIDS.FE.ZS,..,..,..,..,..,..,..,..,..,..,..,..,..,..,..,..,..,..,..,..,..,..,..,..,..,..,..,..,..,..,..,..,..,..,..,..,..,..,..,..,..,..,..,..,..,..,..,..,..,..,..,..,..,..,..,..,..,..,..,..,..,..,..,..
Moldova,MDA,Young people (ages 15-24) newly infected with HIV,SH.HIV.INCD.YG,..,200,200,200,200,200,200,200,500,500,500,500,500,500,500,500,500,500,500,500,500,500,500,500,200,200,1000,500,100,100,100,100,100,100,..,..,..,..,..,..,..,..,..,..,..,..,..,..,..,..,..,..,..,..,..,..,..,..,..,..,..,..,..,..
Moldova,MDA,Women's share of population ages 15+ living with HIV (%),SH.DYN.AIDS.FE.ZS,..,36.4347935866683,36.0773268467546,35.6828193832599,35.2783059070347,34.8710449348578,34.3842630018863,33.8562269813122,33.3218184330524,32.8786486677504,32.5159143518518,32.1162499077967,31.7375217095824,31.5282417838552,31.4944190154983,31.4660210385707,31.4522459659834,31.4484399304602,31.4315951510487,31.4126016260163,31.3636852868367,31.2649982859102,31.1316172899466,30.9406582016066,30.7282166409429,30.4460739382829,30.1056938288442,29.607931500676,28.7914691943128,28.3171521035599,27.991452991453,27.6353276353276,27.0992366412214,26.8041237113402,..,..,..,..,..,..,..,..,..,..,..,..,..,..,..,..,..,..,..,..,..,..,..,..,..,..,..,..,..,..
Monaco,MCO,Young people (ages 15-24) newly infected with HIV,SH.HIV.INCD.YG,..,..,..,..,..,..,..,..,..,..,..,..,..,..,..,..,..,..,..,..,..,..,..,..,..,..,..,..,..,..,..,..,..,..,..,..,..,..,..,..,..,..,..,..,..,..,..,..,..,..,..,..,..,..,..,..,..,..,..,..,..,..,..,..
Monaco,MCO,Women's share of population ages 15+ living with HIV (%),SH.DYN.AIDS.FE.ZS,..,..,..,..,..,..,..,..,..,..,..,..,..,..,..,..,..,..,..,..,..,..,..,..,..,..,..,..,..,..,..,..,..,..,..,..,..,..,..,..,..,..,..,..,..,..,..,..,..,..,..,..,..,..,..,..,..,..,..,..,..,..,..,..
Mongolia,MNG,Young people (ages 15-24) newly infected with HIV,SH.HIV.INCD.YG,..,100,100,100,100,100,100,100,100,100,100,100,100,100,100,100,100,100,100,100,100,100,100,100,100,100,100,100,100,100,100,100,100,100,..,..,..,..,..,..,..,..,..,..,..,..,..,..,..,..,..,..,..,..,..,..,..,..,..,..,..,..,..,..
Mongolia,MNG,Women's share of population ages 15+ living with HIV (%),SH.DYN.AIDS.FE.ZS,..,20.414673046252,20.259319286872,20,20.1030927835052,20,19.7106690777577,19.3245778611632,18.4466019417476,18.2926829268293,17.8879310344828,17.2811059907834,16.5841584158416,15.5913978494624,15.2492668621701,14.4230769230769,13.4275618374558,12.5984251968504,11.0091743119266,9.88372093023256,8.87096774193548,8.98876404494382,6.45161290322581,7.14285714285714,6.89655172413793,5,7.14285714285714,10,0,0,0,0,0,0,..,..,..,..,..,..,..,..,..,..,..,..,..,..,..,..,..,..,..,..,..,..,..,..,..,..,..,..,..,..
Montenegro,MNE,Young people (ages 15-24) newly infected with HIV,SH.HIV.INCD.YG,..,100,100,100,100,100,100,100,100,100,100,100,100,100,100,100,100,100,100,100,100,100,100,100,100,100,100,100,100,100,100,100,100,100,..,..,..,..,..,..,..,..,..,..,..,..,..,..,..,..,..,..,..,..,..,..,..,..,..,..,..,..,..,..
Montenegro,MNE,Women's share of population ages 15+ living with HIV (%),SH.DYN.AIDS.FE.ZS,..,11.7647058823529,11.8686868686869,11.8110236220472,12.054794520548,11.8155619596542,11.9266055045872,12.0915032679739,11.9718309859155,12.2137404580153,12.0833333333333,12.4423963133641,12.8205128205128,12.7906976744186,13.0718954248366,13.3333333333333,13.4453781512605,13.4615384615385,14.2857142857143,13.9240506329114,14.2857142857143,14.5161290322581,14.5454545454545,14.2857142857143,13.953488372093,15.7894736842105,15.1515151515152,13.7931034482759,16,13.6363636363636,16.6666666666667,13.3333333333333,15.3846153846154,20,..,..,..,..,..,..,..,..,..,..,..,..,..,..,..,..,..,..,..,..,..,..,..,..,..,..,..,..,..,..
Morocco,MAR,Young people (ages 15-24) newly infected with HIV,SH.HIV.INCD.YG,..,100,100,100,100,200,200,200,200,200,200,200,200,500,500,500,500,500,500,500,500,500,500,500,500,500,500,200,200,200,200,200,200,200,..,..,..,..,..,..,..,..,..,..,..,..,..,..,..,..,..,..,..,..,..,..,..,..,..,..,..,..,..,..
Morocco,MAR,Women's share of population ages 15+ living with HIV (%),SH.DYN.AIDS.FE.ZS,..,44.6333171442448,45.0339934968962,45.4836771480072,45.8496217698127,46.2659662134322,46.6635264562726,46.8940963919443,47.015650296816,47.2573839662447,47.5787127333519,47.8779614794614,48.2357728303203,48.6441285390037,49.0390538376247,49.384370015949,49.6444473981525,49.7917534360683,49.8468271334792,49.7950661201763,49.5634985999012,49.2843972253929,48.8680131517144,48.3697853381936,47.8805183395563,47.4239156482147,47.0936349289847,46.9168121000582,46.9222023712847,47.1355123026074,47.5471698113208,48.3143342226534,49.3771234428086,50.5505505505505,..,..,..,..,..,..,..,..,..,..,..,..,..,..,..,..,..,..,..,..,..,..,..,..,..,..,..,..,..,..
Mozambique,MOZ,Young people (ages 15-24) newly infected with HIV,SH.HIV.INCD.YG,..,35000,43000,47000,47000,48000,48000,50000,52000,53000,56000,55000,53000,52000,51000,50000,49000,49000,49000,49000,50000,50000,50000,50000,48000,45000,42000,38000,33000,28000,24000,20000,16000,13000,..,..,..,..,..,..,..,..,..,..,..,..,..,..,..,..,..,..,..,..,..,..,..,..,..,..,..,..,..,..
Mozambique,MOZ,Women's share of population ages 15+ living with HIV (%),SH.DYN.AIDS.FE.ZS,..,64.2560364128818,64.0055642245854,63.6580976675985,63.2512658657692,62.8242143785368,62.4314638373779,62.1009582943927,61.8464747205867,61.543389579298,61.2874587960052,61.0693064028792,60.8970799897212,60.7742108542641,60.7051054436834,60.6177706709798,60.53646416321,60.5048157704856,60.4834459465375,60.4383228190562,60.3964834218041,60.3261049700867,60.243670215331,60.1384659013847,59.9956772175599,59.8160772506747,59.6075592101599,59.3413431721905,59.1172374820884,58.843510230179,58.5048954126134,58.058860363181,57.5233498681682,56.8606220119605,..,..,..,..,..,..,..,..,..,..,..,..,..,..,..,..,..,..,..,..,..,..,..,..,..,..,..,..,..,..
Myanmar,MMR,Young people (ages 15-24) newly infected with HIV,SH.HIV.INCD.YG,..,5800,5700,5600,6000,6600,7100,7700,8200,8700,9000,9200,9400,9700,10000,11000,12000,12000,13000,14000,14000,15000,15000,15000,14000,12000,11000,9500,8600,8400,8800,11000,10000,6200,..,..,..,..,..,..,..,..,..,..,..,..,..,..,..,..,..,..,..,..,..,..,..,..,..,..,..,..,..,..
Myanmar,MMR,Women's share of population ages 15+ living with HIV (%),SH.DYN.AIDS.FE.ZS,..,41.1250400852203,41.3115487914055,41.4499495889708,41.4691032504271,41.4205128991217,41.3140402231958,41.1584984195537,40.9687856870955,40.7430343047172,40.4618850920015,40.1171297006271,39.7012102874433,39.1790298631291,38.5033228883303,37.6617316791313,36.7606395235479,35.7831123352707,34.7275875229221,33.5314975044804,32.2089803658518,30.7241373782283,29.0725808769016,27.3047614852663,25.5173867228662,23.7288539432928,21.8384601547041,19.816759001357,17.6154373091526,15.2512998266898,12.803861756659,10.4793075573257,8.88816779256025,9.5411638188553,..,..,..,..,..,..,..,..,..,..,..,..,..,..,..,..,..,..,..,..,..,..,..,..,..,..,..,..,..,..
Namibia,NAM,Young people (ages 15-24) newly infected with HIV,SH.HIV.INCD.YG,..,2000,2300,2300,2600,2900,3200,3300,3200,3000,2900,3000,3000,3100,3000,3100,3200,3500,3900,3900,4100,4300,4500,4700,5000,5400,5600,5800,5500,4900,4100,3200,2400,1700,..,..,..,..,..,..,..,..,..,..,..,..,..,..,..,..,..,..,..,..,..,..,..,..,..,..,..,..,..,..
Namibia,NAM,Women's share of population ages 15+ living with HIV (%),SH.DYN.AIDS.FE.ZS,..,64.8934688093008,64.5430200414651,64.2100336771815,63.9317521144866,63.6611051946515,63.361622230567,63.0746401089235,62.8474484397721,62.6022023473228,62.3969153804983,62.1961319783319,62.0272627134202,61.8793137911978,61.7558850329176,61.6186729998516,61.4707297310984,61.3372693917627,61.2125672754037,61.097155226553,61.0076544411988,60.9444746308282,60.8585697587929,60.7595592425128,60.6496578060298,60.5365225767405,60.425321557928,60.2934554600068,60.116886214848,59.839941189247,59.5232351586658,59.0748924988055,58.5168838739226,57.8302556818182,..,..,..,..,..,..,..,..,..,..,..,..,..,..,..,..,..,..,..,..,..,..,..,..,..,..,..,..,..,..
Nauru,NRU,Young people (ages 15-24) newly infected with HIV,SH.HIV.INCD.YG,..,..,..,..,..,..,..,..,..,..,..,..,..,..,..,..,..,..,..,..,..,..,..,..,..,..,..,..,..,..,..,..,..,..,..,..,..,..,..,..,..,..,..,..,..,..,..,..,..,..,..,..,..,..,..,..,..,..,..,..,..,..,..,..
Nauru,NRU,Women's share of population ages 15+ living with HIV (%),SH.DYN.AIDS.FE.ZS,..,..,..,..,..,..,..,..,..,..,..,..,..,..,..,..,..,..,..,..,..,..,..,..,..,..,..,..,..,..,..,..,..,..,..,..,..,..,..,..,..,..,..,..,..,..,..,..,..,..,..,..,..,..,..,..,..,..,..,..,..,..,..,..
Nepal,NPL,Young people (ages 15-24) newly infected with HIV,SH.HIV.INCD.YG,..,100,100,100,200,200,200,200,200,500,500,500,500,500,500,500,500,1000,1000,1000,1000,1000,1000,1000,1000,1000,500,500,200,100,100,100,100,100,..,..,..,..,..,..,..,..,..,..,..,..,..,..,..,..,..,..,..,..,..,..,..,..,..,..,..,..,..,..
Nepal,NPL,Women's share of population ages 15+ living with HIV (%),SH.DYN.AIDS.FE.ZS,..,44.7413164925917,44.5468403547672,44.4922366764582,44.3703233093322,43.8950024532137,43.2354574482854,42.4399450926562,41.5360607910985,40.4597240319401,39.1803278688525,37.7257997240671,36.1215173933575,34.3674381088292,32.5038449707782,30.5605842103648,28.5872337810013,26.6452052250356,24.7905403269152,23.0400740031055,21.268472035636,19.3180934608506,17.212571277019,15.0041779820347,12.8955539406752,11.2672098904187,10.4351823475329,10.1954120645709,9.84513274336283,9,7.84313725490196,6.80272108843537,5.88235294117647,0,..,..,..,..,..,..,..,..,..,..,..,..,..,..,..,..,..,..,..,..,..,..,..,..,..,..,..,..,..,..
Netherlands,NLD,Young people (ages 15-24) newly infected with HIV,SH.HIV.INCD.YG,..,..,100,100,100,200,200,200,200,500,500,500,500,500,500,500,500,500,500,500,500,500,500,500,200,200,200,200,200,200,200,200,200,200,..,..,..,..,..,..,..,..,..,..,..,..,..,..,..,..,..,..,..,..,..,..,..,..,..,..,..,..,..,..
Netherlands,NLD,Women's share of population ages 15+ living with HIV (%),SH.DYN.AIDS.FE.ZS,..,18.6255806237558,18.5692983182835,18.4993585233622,18.4353600332019,18.3696515956334,18.3007920037271,18.235496939919,18.2009931010239,18.1679114550526,18.1414496507702,18.1175684064753,18.1016982720206,18.091799896854,18.0813201035375,18.0676547120715,18.0384455156817,18.0184708173651,18.0033277870216,18.0171254688274,18.0293184222457,18.0509502628387,18.0807642205819,18.1078807142189,18.1588775613203,18.1887783003391,18.2422802850356,18.320020613244,18.3787465940054,18.2754359467252,18.1680022105554,18.0368778594205,17.900291626163,17.7619645597879,..,..,..,..,..,..,..,..,..,..,..,..,..,..,..,..,..,..,..,..,..,..,..,..,..,..,..,..,..,..
New Caledonia,NCL,Young people (ages 15-24) newly infected with HIV,SH.HIV.INCD.YG,..,..,..,..,..,..,..,..,..,..,..,..,..,..,..,..,..,..,..,..,..,..,..,..,..,..,..,..,..,..,..,..,..,..,..,..,..,..,..,..,..,..,..,..,..,..,..,..,..,..,..,..,..,..,..,..,..,..,..,..,..,..,..,..
New Caledonia,NCL,Women's share of population ages 15+ living with HIV (%),SH.DYN.AIDS.FE.ZS,..,..,..,..,..,..,..,..,..,..,..,..,..,..,..,..,..,..,..,..,..,..,..,..,..,..,..,..,..,..,..,..,..,..,..,..,..,..,..,..,..,..,..,..,..,..,..,..,..,..,..,..,..,..,..,..,..,..,..,..,..,..,..,..
New Zealand,NZL,Young people (ages 15-24) newly infected with HIV,SH.HIV.INCD.YG,..,100,100,100,100,100,100,100,100,100,100,100,100,100,100,100,100,100,100,100,100,100,100,100,100,100,100,100,100,100,100,100,100,100,..,..,..,..,..,..,..,..,..,..,..,..,..,..,..,..,..,..,..,..,..,..,..,..,..,..,..,..,..,..
New Zealand,NZL,Women's share of population ages 15+ living with HIV (%),SH.DYN.AIDS.FE.ZS,..,16.1009817671809,16.0598362969235,16.0250926717993,15.981335666375,16.0244648318043,16.0025101976781,15.9443725743855,15.9538357094365,15.9195199435228,15.9073935772965,15.8761270090161,15.8264462809917,15.83552055993,15.7845868152275,15.7608695652174,15.7451290152712,15.6917885264342,15.634395670475,15.6572164948454,15.5862068965517,15.5261221486387,15.546875,15.4987633965375,15.5516941789748,15.5677655677656,15.4589371980676,15.3688524590164,15.2505446623094,15.0622876557191,15.0513112884835,14.9132947976879,14.8456057007126,14.7869674185464,..,..,..,..,..,..,..,..,..,..,..,..,..,..,..,..,..,..,..,..,..,..,..,..,..,..,..,..,..,..
Nicaragua,NIC,Young people (ages 15-24) newly infected with HIV,SH.HIV.INCD.YG,..,500,500,500,500,500,500,500,500,500,500,500,500,500,500,500,500,500,500,500,500,500,500,500,1000,1000,500,500,500,500,200,200,100,100,..,..,..,..,..,..,..,..,..,..,..,..,..,..,..,..,..,..,..,..,..,..,..,..,..,..,..,..,..,..
Nicaragua,NIC,Women's share of population ages 15+ living with HIV (%),SH.DYN.AIDS.FE.ZS,..,33.5591766723842,33.7665736217725,33.9047788239474,33.9656893891259,33.9617384843982,33.9387599847851,33.9346660165773,33.8645019041892,33.7085613962615,33.5750079965881,33.4806141610516,33.3524618386319,33.1422429236833,32.9841626137922,32.8802927339258,32.9259920362488,32.885032537961,32.6266015863331,32.2861285645239,31.8568994889268,31.4088598402324,31.0919427563223,31.024811218986,31.5081887069176,33.4211296458882,36.7279411764706,40.4225352112676,44.1087613293051,48.0570975416336,51.8987341772152,53.8674033149171,55,55.2995391705069,..,..,..,..,..,..,..,..,..,..,..,..,..,..,..,..,..,..,..,..,..,..,..,..,..,..,..,..,..,..
Niger,NER,Young people (ages 15-24) newly infected with HIV,SH.HIV.INCD.YG,..,200,200,200,200,200,500,500,500,500,200,200,200,200,200,200,500,500,500,500,500,1000,1000,1000,1000,1100,1100,1200,1200,1100,1000,1000,1000,1000,..,..,..,..,..,..,..,..,..,..,..,..,..,..,..,..,..,..,..,..,..,..,..,..,..,..,..,..,..,..
Niger,NER,Women's share of population ages 15+ living with HIV (%),SH.DYN.AIDS.FE.ZS,..,57.0901475867571,56.9668151223922,56.7228445520907,56.3586644610243,55.9521388380449,55.4022832291384,54.7132051151589,53.8731562426165,52.8631564880396,51.73029841858,50.7202252340732,49.786725263362,48.81459734192,47.8690739376075,47.0595147171141,46.4057353226119,45.865133298484,45.4869446850637,45.3425947727808,45.4549550564329,45.7869946356143,46.0701460120852,46.2805985641381,46.4063195371607,46.4074446444855,46.2582973675576,45.9074534334944,45.3313349065629,44.5180224245617,43.3845163663112,41.9947053406998,40.3254437869822,38.5536257482092,..,..,..,..,..,..,..,..,..,..,..,..,..,..,..,..,..,..,..,..,..,..,..,..,..,..,..,..,..,..
Nigeria,NGA,Young people (ages 15-24) newly infected with HIV,SH.HIV.INCD.YG,..,..,..,..,..,..,..,..,..,..,..,..,..,..,..,..,..,..,..,..,..,..,..,..,..,..,..,..,..,..,..,..,..,..,..,..,..,..,..,..,..,..,..,..,..,..,..,..,..,..,..,..,..,..,..,..,..,..,..,..,..,..,..,..
Nigeria,NGA,Women's share of population ages 15+ living with HIV (%),SH.DYN.AIDS.FE.ZS,..,64.7749952952407,64.6003104384944,64.3677768472589,64.0499027485295,63.6032106789459,63.0815514629461,62.5197894289302,61.897948330317,61.3168095373581,60.7627880158719,60.1370673683489,59.6382971764314,59.3087267724775,59.1925876286018,59.1846195908437,59.1565434237008,59.1054488233663,59.0317961212231,58.9053723011234,58.7534005958523,58.5536889536831,58.3356229054467,58.1000866249304,57.8455095861074,57.5687886646606,57.2704145078189,56.9315560581105,56.540219953439,56.0780715579199,55.6003770568962,55.0237309464246,54.3587002452299,53.5442408307203,..,..,..,..,..,..,..,..,..,..,..,..,..,..,..,..,..,..,..,..,..,..,..,..,..,..,..,..,..,..
North Macedonia,MKD,Young people (ages 15-24) newly infected with HIV,SH.HIV.INCD.YG,..,100,100,100,100,100,100,100,100,100,100,100,100,100,100,100,100,100,100,100,100,100,100,100,100,100,100,100,100,100,100,100,100,100,..,..,..,..,..,..,..,..,..,..,..,..,..,..,..,..,..,..,..,..,..,..,..,..,..,..,..,..,..,..
North Macedonia,MKD,Women's share of population ages 15+ living with HIV (%),SH.DYN.AIDS.FE.ZS,..,7.70519262981575,7.83242258652095,7.76892430278884,7.87746170678337,7.97101449275362,8.04289544235925,8.08383233532934,8.08080808080808,8.3969465648855,8.69565217391304,8.45771144278607,8.57142857142857,9.21052631578947,9.09090909090909,9.64912280701754,9.18367346938776,9.52380952380952,9.58904109589041,9.52380952380952,10.9090909090909,10.6382978723404,12.1951219512195,11.4285714285714,10,12,13.6363636363636,11.1111111111111,13.3333333333333,15.3846153846154,9.09090909090909,10,11.1111111111111,14.2857142857143,..,..,..,..,..,..,..,..,..,..,..,..,..,..,..,..,..,..,..,..,..,..,..,..,..,..,..,..,..,..
Northern Mariana Islands,MNP,Young people (ages 15-24) newly infected with HIV,SH.HIV.INCD.YG,..,..,..,..,..,..,..,..,..,..,..,..,..,..,..,..,..,..,..,..,..,..,..,..,..,..,..,..,..,..,..,..,..,..,..,..,..,..,..,..,..,..,..,..,..,..,..,..,..,..,..,..,..,..,..,..,..,..,..,..,..,..,..,..
Northern Mariana Islands,MNP,Women's share of population ages 15+ living with HIV (%),SH.DYN.AIDS.FE.ZS,..,..,..,..,..,..,..,..,..,..,..,..,..,..,..,..,..,..,..,..,..,..,..,..,..,..,..,..,..,..,..,..,..,..,..,..,..,..,..,..,..,..,..,..,..,..,..,..,..,..,..,..,..,..,..,..,..,..,..,..,..,..,..,..
Norway,NOR,Young people (ages 15-24) newly infected with HIV,SH.HIV.INCD.YG,..,..,..,..,..,..,..,..,..,..,..,..,..,..,..,..,..,..,..,..,..,..,..,..,..,..,..,..,..,..,..,..,..,..,..,..,..,..,..,..,..,..,..,..,..,..,..,..,..,..,..,..,..,..,..,..,..,..,..,..,..,..,..,..
Norway,NOR,Women's share of population ages 15+ living with HIV (%),SH.DYN.AIDS.FE.ZS,..,32.4269889224572,32.3595049705823,32.3095823095823,32.3328503415442,32.3480083857442,32.3904721395151,32.4184136589583,32.4752475247525,32.5325550067355,32.6061997703789,32.6904985888993,32.7781800627565,32.8535980148883,32.9246487867178,32.9614873837981,33.0277777777778,33.1388564760793,33.180006133088,33.0851408222726,32.9553264604811,32.7579875137716,32.4742268041237,32.2121604139715,31.9279962103269,31.5817130846033,31.1581422692534,30.5298013245033,29.7096053611318,28.5123966942149,27.2474513438369,25.813221406086,24.3697478991597,22.9166666666667,..,..,..,..,..,..,..,..,..,..,..,..,..,..,..,..,..,..,..,..,..,..,..,..,..,..,..,..,..,..
Oman,OMN,Young people (ages 15-24) newly infected with HIV,SH.HIV.INCD.YG,..,100,100,100,100,100,100,100,100,100,100,100,100,100,100,100,100,100,100,100,100,100,100,100,100,100,100,100,100,100,100,100,100,100,..,..,..,..,..,..,..,..,..,..,..,..,..,..,..,..,..,..,..,..,..,..,..,..,..,..,..,..,..,..
Oman,OMN,Women's share of population ages 15+ living with HIV (%),SH.DYN.AIDS.FE.ZS,..,26.5893642542983,26.744671959883,26.2350936967632,24.394250513347,23.0675839740996,22.0868859114901,21.4108910891089,21.317157712305,21.1397058823529,20.625,20.9413008989952,22.3806571605704,24.2245199409158,26.5178571428571,26.5654648956357,26.4321608040201,26.3549415515409,26.2626262626263,26.1282660332542,26.1034047919294,25.9060402684564,25.8620689655172,25.8461538461539,25.9319286871961,26.0434056761269,26.3793103448276,26.7857142857143,27.5925925925926,28.5163776493256,29.8597194388778,32.5274725274725,35.9223300970874,39.8921832884097,..,..,..,..,..,..,..,..,..,..,..,..,..,..,..,..,..,..,..,..,..,..,..,..,..,..,..,..,..,..
Pakistan,PAK,Young people (ages 15-24) newly infected with HIV,SH.HIV.INCD.YG,..,..,..,..,..,..,..,..,..,..,..,..,..,..,..,..,..,..,..,..,..,..,..,..,..,..,..,..,..,..,..,..,..,..,..,..,..,..,..,..,..,..,..,..,..,..,..,..,..,..,..,..,..,..,..,..,..,..,..,..,..,..,..,..
Pakistan,PAK,Women's share of population ages 15+ living with HIV (%),SH.DYN.AIDS.FE.ZS,..,18.5144981356003,18.6970896157892,18.8150931292813,18.8795557870569,18.8218631157505,18.5960802590267,18.1423494251636,17.5102953811513,16.7844740536414,15.9251250664272,14.8857835301397,13.6595729696102,12.2450640052072,10.7047594562458,9.22701741059828,7.98755186721992,7.07920792079208,6.70162116555174,8.30193756727664,16.6323377960865,20.9090909090909,21.6366158113731,21.7472118959108,21.6417910447761,20.327868852459,19.3693693693694,18.8311688311688,17.5925925925926,15.9420289855072,16.2162162162162,16.6666666666667,16.6666666666667,..,..,..,..,..,..,..,..,..,..,..,..,..,..,..,..,..,..,..,..,..,..,..,..,..,..,..,..,..,..,..
Palau,PLW,Young people (ages 15-24) newly infected with HIV,SH.HIV.INCD.YG,..,..,..,..,..,..,..,..,..,..,..,..,..,..,..,..,..,..,..,..,..,..,..,..,..,..,..,..,..,..,..,..,..,..,..,..,..,..,..,..,..,..,..,..,..,..,..,..,..,..,..,..,..,..,..,..,..,..,..,..,..,..,..,..
Palau,PLW,Women's share of population ages 15+ living with HIV (%),SH.DYN.AIDS.FE.ZS,..,..,..,..,..,..,..,..,..,..,..,..,..,..,..,..,..,..,..,..,..,..,..,..,..,..,..,..,..,..,..,..,..,..,..,..,..,..,..,..,..,..,..,..,..,..,..,..,..,..,..,..,..,..,..,..,..,..,..,..,..,..,..,..
Panama,PAN,Young people (ages 15-24) newly infected with HIV,SH.HIV.INCD.YG,..,1000,1000,1000,1000,1000,1000,1000,1000,1000,1000,1000,1000,1000,1000,1000,1000,1000,1000,1000,1000,1000,500,500,500,500,500,500,500,500,500,500,500,500,..,..,..,..,..,..,..,..,..,..,..,..,..,..,..,..,..,..,..,..,..,..,..,..,..,..,..,..,..,..
Panama,PAN,Women's share of population ages 15+ living with HIV (%),SH.DYN.AIDS.FE.ZS,..,27.1894736842105,27.4062578945469,27.5508694043655,27.6774832419257,27.7484227129337,27.723623853211,27.6703577512777,27.6084745013048,27.5949134646284,27.5424537302042,27.5628003765545,27.4863444295579,27.3718120805369,27.2773222509267,27.1538326197877,26.9971273149563,26.8161778800077,26.6086374288584,26.3820509213673,26.1343416370107,25.8636934673367,25.5951883718988,25.3703373192932,25.1826220684352,24.9714937286203,24.7649955237243,24.5500183665973,24.3397767492513,24.1203703703704,23.8888888888889,23.6593736593737,23.4587670136109,23.2379623168179,..,..,..,..,..,..,..,..,..,..,..,..,..,..,..,..,..,..,..,..,..,..,..,..,..,..,..,..,..,..
Papua New Guinea,PNG,Young people (ages 15-24) newly infected with HIV,SH.HIV.INCD.YG,..,1700,1600,1400,1300,1200,1000,1000,1000,1000,1000,1000,1000,1000,1000,1000,1000,1000,1000,1000,1000,1000,1000,1000,1000,1000,500,500,500,500,200,200,200,100,..,..,..,..,..,..,..,..,..,..,..,..,..,..,..,..,..,..,..,..,..,..,..,..,..,..,..,..,..,..
Papua New Guinea,PNG,Women's share of population ages 15+ living with HIV (%),SH.DYN.AIDS.FE.ZS,..,61.2135800463695,60.7978494965722,60.3410124020104,59.8743648960739,59.4063337635263,58.9531856783169,58.5520032743645,58.194116797458,57.8608837138354,57.5380248500429,57.2058658276211,56.8734739505192,56.6143601442797,56.4727954971857,56.3693942179998,56.271676300578,56.1596723085246,56.0083420229406,55.8166110527038,55.5930470347648,55.3292361720808,54.9865415142522,54.5484755337709,53.9317810457516,53.1090723751274,52.0180820148531,50.5519683399292,48.503158472947,45.5393803658081,43.8614900314795,41.952707856598,39.7899649941657,37.3831775700935,..,..,..,..,..,..,..,..,..,..,..,..,..,..,..,..,..,..,..,..,..,..,..,..,..,..,..,..,..,..
Paraguay,PRY,Young people (ages 15-24) newly infected with HIV,SH.HIV.INCD.YG,..,..,..,..,..,..,..,..,..,..,..,..,..,..,..,..,..,..,..,..,..,..,..,..,..,..,..,..,..,..,..,..,..,..,..,..,..,..,..,..,..,..,..,..,..,..,..,..,..,..,..,..,..,..,..,..,..,..,..,..,..,..,..,..
Paraguay,PRY,Women's share of population ages 15+ living with HIV (%),SH.DYN.AIDS.FE.ZS,..,32.216967474182,32.2530554998998,32.287861392339,32.2928055980757,32.2871759498764,32.274907413029,32.2136422136422,32.1069547972372,31.9959147942807,31.8718249316139,31.7272115708039,31.6158397815203,31.5611646626255,31.5244633322436,31.4998210237442,31.4877540385618,31.4953933380581,31.5116995073892,31.4950166112957,31.4689063616869,31.444099378882,31.4109384975527,31.3795568263045,31.3461538461539,31.3054916146005,31.3072439633639,31.2862108922364,31.2096029547553,31.3167259786477,31.2217194570136,31.25,31.25,33.3333333333333,..,..,..,..,..,..,..,..,..,..,..,..,..,..,..,..,..,..,..,..,..,..,..,..,..,..,..,..,..,..
Peru,PER,Young people (ages 15-24) newly infected with HIV,SH.HIV.INCD.YG,..,1000,1000,1000,1000,1000,1000,1000,1000,500,500,500,500,500,500,1000,1000,1000,1000,1000,1000,1000,1000,1000,1000,1000,1000,1000,1200,1300,1300,1400,1400,1400,..,..,..,..,..,..,..,..,..,..,..,..,..,..,..,..,..,..,..,..,..,..,..,..,..,..,..,..,..,..
Peru,PER,Women's share of population ages 15+ living with HIV (%),SH.DYN.AIDS.FE.ZS,..,23.7628994753733,23.6854713139298,23.6302120860875,23.5798124631156,23.5843408175014,23.5604069314642,23.483610742367,23.3139194723685,23.139109632359,22.9798551380715,22.8168279538738,22.6588826485368,22.4717753422193,22.187948892417,21.8160395172133,21.4516881670254,21.3406885829185,21.4139208192536,21.5115354017502,21.6169789892107,21.7047770611721,21.736869474779,21.6965127238454,21.5641387387867,21.317706264071,20.9138886678866,20.288497564631,19.3612883043401,18.0455980357769,16.3608810157871,14.3079291279216,11.9666444524188,9.38408067916358,..,..,..,..,..,..,..,..,..,..,..,..,..,..,..,..,..,..,..,..,..,..,..,..,..,..,..,..,..,..
Philippines,PHL,Young people (ages 15-24) newly infected with HIV,SH.HIV.INCD.YG,..,11000,10000,8800,7800,7000,6200,5500,4900,4300,3600,3000,2600,2300,1700,1200,1000,1000,1000,500,500,500,200,200,100,100,100,100,100,100,100,100,100,100,..,..,..,..,..,..,..,..,..,..,..,..,..,..,..,..,..,..,..,..,..,..,..,..,..,..,..,..,..,..
Philippines,PHL,Women's share of population ages 15+ living with HIV (%),SH.DYN.AIDS.FE.ZS,..,6.63243762583456,6.52914874469427,6.46914922533297,6.39816564811528,6.28947072704798,6.20906784276738,6.16703101733042,6.12864425224812,6.10342894515556,6.16245686280196,6.27634830643989,6.37054085155351,6.46360474877084,6.61022468251384,7.00566226268458,7.69344141488578,8.3220437391136,9.03094875697616,10.0499168053245,11.1842105263158,12.2106481481482,13.4600760456274,15.3617443012884,17.3076923076923,18.9542483660131,20.8677685950413,22.7513227513228,24.2214532871972,25.7009345794392,26.6666666666667,28.0373831775701,29.1139240506329,30.5084745762712,..,..,..,..,..,..,..,..,..,..,..,..,..,..,..,..,..,..,..,..,..,..,..,..,..,..,..,..,..,..
Poland,POL,Young people (ages 15-24) newly infected with HIV,SH.HIV.INCD.YG,..,..,200,200,200,200,200,200,200,200,200,200,200,200,200,200,200,200,200,200,200,200,200,200,500,500,500,500,500,200,200,200,100,100,..,..,..,..,..,..,..,..,..,..,..,..,..,..,..,..,..,..,..,..,..,..,..,..,..,..,..,..,..,..
Poland,POL,Women's share of population ages 15+ living with HIV (%),SH.DYN.AIDS.FE.ZS,..,24.1308706223606,18.9608470819995,19.0928927680798,19.363148087252,19.746879334258,20.1194976222412,20.4197244753444,20.6915291080769,21.0356682423722,21.4328853993659,21.7788729035848,22.0532954640381,22.3147012440862,22.5264124942582,22.7167630057804,22.8093173338711,22.8035017403228,22.6696083838941,22.4791859389454,22.1641337386018,21.7815428058016,21.3056541928435,20.8161461402475,20.4444444444444,19.9777818922422,19.4695989650712,18.8679245283019,18.375499334221,17.8698752228164,17.3521850899743,16.8527918781726,16.3375224416517,15.9010600706714,..,..,..,..,..,..,..,..,..,..,..,..,..,..,..,..,..,..,..,..,..,..,..,..,..,..,..,..,..,..
Portugal,PRT,Young people (ages 15-24) newly infected with HIV,SH.HIV.INCD.YG,..,200,200,200,200,200,500,500,500,500,500,500,500,500,500,500,500,500,500,500,500,500,1000,1000,1000,1000,1000,1000,1000,1000,1000,1000,1000,1000,..,..,..,..,..,..,..,..,..,..,..,..,..,..,..,..,..,..,..,..,..,..,..,..,..,..,..,..,..,..
Portugal,PRT,Women's share of population ages 15+ living with HIV (%),SH.DYN.AIDS.FE.ZS,..,30.3390721513997,30.3152806767,30.287558296311,30.2273183572401,30.1945630804691,30.1024140453548,30.0379524206239,29.9716806703021,29.8816778507576,29.739001103488,29.5912422933152,29.47008462901,29.3434267725978,29.244009879561,29.1529124320952,29.0511840288839,28.9714798401349,28.8942133563648,28.8081835585907,28.7184750733138,28.6132135210928,28.4754409431673,28.4157234529683,28.3818650939919,28.3439824028491,28.3055433669738,28.2765777538627,28.2491637431672,28.2300884955752,28.2186774655538,28.2041003321498,28.1821341675356,28.1541330018645,..,..,..,..,..,..,..,..,..,..,..,..,..,..,..,..,..,..,..,..,..,..,..,..,..,..,..,..,..,..
Puerto Rico,PRI,Young people (ages 15-24) newly infected with HIV,SH.HIV.INCD.YG,..,..,..,..,..,..,..,..,..,..,..,..,..,..,..,..,..,..,..,..,..,..,..,..,..,..,..,..,..,..,..,..,..,..,..,..,..,..,..,..,..,..,..,..,..,..,..,..,..,..,..,..,..,..,..,..,..,..,..,..,..,..,..,..
Puerto Rico,PRI,Women's share of population ages 15+ living with HIV (%),SH.DYN.AIDS.FE.ZS,..,..,..,..,..,..,..,..,..,..,..,..,..,..,..,..,..,..,..,..,..,..,..,..,..,..,..,..,..,..,..,..,..,..,..,..,..,..,..,..,..,..,..,..,..,..,..,..,..,..,..,..,..,..,..,..,..,..,..,..,..,..,..,..
Qatar,QAT,Young people (ages 15-24) newly infected with HIV,SH.HIV.INCD.YG,..,100,100,100,100,100,100,100,100,100,100,100,100,100,100,100,100,100,100,100,100,100,100,100,100,100,100,100,100,100,100,100,100,100,..,..,..,..,..,..,..,..,..,..,..,..,..,..,..,..,..,..,..,..,..,..,..,..,..,..,..,..,..,..
Qatar,QAT,Women's share of population ages 15+ living with HIV (%),SH.DYN.AIDS.FE.ZS,..,21.0596026490066,21.3649851632048,21.6666666666667,22.2423146473779,21.5163934426229,21.1267605633803,20.7650273224044,20.655737704918,21.6326530612245,22.9591836734694,23.125,23.134328358209,22.1238938053097,21.0526315789474,21.3333333333333,22.8070175438597,26.1904761904762,31.0344827586207,31.8181818181818,31.5789473684211,31.25,30.7692307692308,36.3636363636364,33.3333333333333,42.8571428571428,33.3333333333333,40,50,25,33.3333333333333,33.3333333333333,50,50,..,..,..,..,..,..,..,..,..,..,..,..,..,..,..,..,..,..,..,..,..,..,..,..,..,..,..,..,..,..
Romania,ROU,Young people (ages 15-24) newly infected with HIV,SH.HIV.INCD.YG,..,100,100,100,100,100,100,100,100,100,100,100,100,100,100,100,100,100,100,100,200,200,100,100,100,100,100,100,100,100,100,100,100,100,..,..,..,..,..,..,..,..,..,..,..,..,..,..,..,..,..,..,..,..,..,..,..,..,..,..,..,..,..,..
Romania,ROU,Women's share of population ages 15+ living with HIV (%),SH.DYN.AIDS.FE.ZS,..,37.7756898427455,38.4409026353164,39.2417213245881,39.9652758938744,40.700957865013,41.4245336348219,42.1077012159815,42.8333729498455,43.7171815850531,44.9081907626747,46.0724880691345,46.9193365749684,47.5763016157989,48.1640541120893,48.6597783767595,49.1186279180562,49.4576446280992,49.7219025700038,49.9338040600177,50.1040582726327,50.2502345949327,50.3313766332134,50.3396739130435,50.2384737678855,50.093574547723,49.870322341608,49.4591086109909,48.949256791389,48.3672211953173,47.6691729323308,46.8779123951538,45.8920187793427,44.7129909365559,..,..,..,..,..,..,..,..,..,..,..,..,..,..,..,..,..,..,..,..,..,..,..,..,..,..,..,..,..,..
Russian Federation,RUS,Young people (ages 15-24) newly infected with HIV,SH.HIV.INCD.YG,..,..,..,..,..,..,..,..,..,..,..,..,..,..,..,..,..,..,..,..,..,..,..,..,..,..,..,..,..,..,..,..,..,..,..,..,..,..,..,..,..,..,..,..,..,..,..,..,..,..,..,..,..,..,..,..,..,..,..,..,..,..,..,..
Russian Federation,RUS,Women's share of population ages 15+ living with HIV (%),SH.DYN.AIDS.FE.ZS,..,32.5226099520766,32.2258883532609,31.9609422906995,31.7189894433961,31.4992071646242,31.3026793259432,31.092198673676,30.871902423915,30.6520115414936,30.4275610649419,30.2097910855225,29.9747266395116,29.7185721414965,29.3626186207198,28.9908279715754,28.7383364360031,28.6429059200504,28.4625711564279,28.2121475720207,27.9473947385029,27.659833054354,27.3753918593964,27.0716304634159,26.7554055345031,26.4439371323207,26.1413633506657,25.8453837033734,25.5585986654964,25.2955082742317,25.0683652737357,24.881797344731,24.713063615005,24.5450737655326,..,..,..,..,..,..,..,..,..,..,..,..,..,..,..,..,..,..,..,..,..,..,..,..,..,..,..,..,..,..
Rwanda,RWA,Young people (ages 15-24) newly infected with HIV,SH.HIV.INCD.YG,..,1000,1000,1000,1000,1200,1400,1600,2000,2300,2500,2700,2900,3100,3200,3500,3700,4000,4400,5300,5800,6100,6400,6700,7000,7300,7300,6000,5600,7700,8400,8100,7900,7500,..,..,..,..,..,..,..,..,..,..,..,..,..,..,..,..,..,..,..,..,..,..,..,..,..,..,..,..,..,..
Rwanda,RWA,Women's share of population ages 15+ living with HIV (%),SH.DYN.AIDS.FE.ZS,..,62.9824940756987,62.8206650570193,62.6616871704745,62.5021436769226,62.3394923643281,62.1845730879902,62.0077278446961,61.8161434977578,61.6267157440482,61.445101852235,61.2969646600709,61.1772138069928,61.1039416128954,61.0558523459559,61.004507340669,60.9497019487575,60.8846563240792,60.8132732826008,60.7458292443572,60.6889908776701,60.6164030969442,60.6065757884867,60.651230700728,60.6982661385515,60.7145729343706,60.7003934171885,60.4877726688836,60.3288407572823,60.0416531679548,56.3005029437704,55.7557564340602,55.1492897263151,54.4880650680232,..,..,..,..,..,..,..,..,..,..,..,..,..,..,..,..,..,..,..,..,..,..,..,..,..,..,..,..,..,..
Samoa,WSM,Young people (ages 15-24) newly infected with HIV,SH.HIV.INCD.YG,..,..,..,..,..,..,..,..,..,..,..,..,..,..,..,..,..,..,..,..,..,..,..,..,..,..,..,..,..,..,..,..,..,..,..,..,..,..,..,..,..,..,..,..,..,..,..,..,..,..,..,..,..,..,..,..,..,..,..,..,..,..,..,..
Samoa,WSM,Women's share of population ages 15+ living with HIV (%),SH.DYN.AIDS.FE.ZS,..,..,..,..,..,..,..,..,..,..,..,..,..,..,..,..,..,..,..,..,..,..,..,..,..,..,..,..,..,..,..,..,..,..,..,..,..,..,..,..,..,..,..,..,..,..,..,..,..,..,..,..,..,..,..,..,..,..,..,..,..,..,..,..
San Marino,SMR,Young people (ages 15-24) newly infected with HIV,SH.HIV.INCD.YG,..,..,..,..,..,..,..,..,..,..,..,..,..,..,..,..,..,..,..,..,..,..,..,..,..,..,..,..,..,..,..,..,..,..,..,..,..,..,..,..,..,..,..,..,..,..,..,..,..,..,..,..,..,..,..,..,..,..,..,..,..,..,..,..
San Marino,SMR,Women's share of population ages 15+ living with HIV (%),SH.DYN.AIDS.FE.ZS,..,..,..,..,..,..,..,..,..,..,..,..,..,..,..,..,..,..,..,..,..,..,..,..,..,..,..,..,..,..,..,..,..,..,..,..,..,..,..,..,..,..,..,..,..,..,..,..,..,..,..,..,..,..,..,..,..,..,..,..,..,..,..,..
Sao Tome and Principe,STP,Young people (ages 15-24) newly infected with HIV,SH.HIV.INCD.YG,..,100,100,100,100,100,100,100,100,100,100,100,100,100,100,100,100,100,100,100,100,100,100,100,100,100,100,100,100,100,100,100,100,100,..,..,..,..,..,..,..,..,..,..,..,..,..,..,..,..,..,..,..,..,..,..,..,..,..,..,..,..,..,..
Sao Tome and Principe,STP,Women's share of population ages 15+ living with HIV (%),SH.DYN.AIDS.FE.ZS,..,59.843290891283,59.3992248062016,58.9251439539347,58.3412774070543,57.9792256846081,57.5559701492537,57.208448117539,56.6816143497758,55.8441558441558,54.9295774647887,54.1501976284585,53.4039334341906,52.4945770065076,51.5485203028218,50.7501630789302,49.9384993849938,49.2182976259409,48.6088379705401,48.0492813141684,47.6581361661033,47.3732297852901,47.1078001752848,46.7959527824621,46.5475223395613,46.2727993655829,46.0211681693454,45.8003169572108,45.514133551823,45.2276707530648,44.8910411622276,44.5073612684032,44.0467997247075,43.49376114082,..,..,..,..,..,..,..,..,..,..,..,..,..,..,..,..,..,..,..,..,..,..,..,..,..,..,..,..,..,..
Saudi Arabia,SAU,Young people (ages 15-24) newly infected with HIV,SH.HIV.INCD.YG,..,500,200,200,200,100,100,100,100,100,100,100,100,100,100,100,100,100,100,100,100,100,200,200,200,500,500,500,500,500,200,200,200,200,..,..,..,..,..,..,..,..,..,..,..,..,..,..,..,..,..,..,..,..,..,..,..,..,..,..,..,..,..,..
Saudi Arabia,SAU,Women's share of population ages 15+ living with HIV (%),SH.DYN.AIDS.FE.ZS,..,15.141446743877,15.9671045605041,16.7983956588416,17.5231887691151,18.6477059297022,19.7040169133192,20.6540697674419,21.9599109131403,22.9468960359013,23.2382922145073,23.4683580798616,23.6845797670829,23.8602238602239,23.9617885100173,23.9938080495356,24.0381000125329,24.0594179958602,24.0848240729771,24.1666666666667,24.5019696117051,25.1537859299855,26.0770975056689,27.2716586340661,28.8108040515193,30.7041484716157,32.9767726161369,35.632988968657,38.5982836125868,41.7971573114912,45.0514874141876,48.3704974271012,52.1996615905245,56.3328033916269,..,..,..,..,..,..,..,..,..,..,..,..,..,..,..,..,..,..,..,..,..,..,..,..,..,..,..,..,..,..
Senegal,SEN,Young people (ages 15-24) newly infected with HIV,SH.HIV.INCD.YG,..,500,200,200,200,500,500,500,200,500,500,500,500,500,500,500,500,1000,1000,1000,1000,1000,1000,1200,1200,1200,1000,1000,1000,1000,1000,500,500,500,..,..,..,..,..,..,..,..,..,..,..,..,..,..,..,..,..,..,..,..,..,..,..,..,..,..,..,..,..,..
Senegal,SEN,Women's share of population ages 15+ living with HIV (%),SH.DYN.AIDS.FE.ZS,..,58.9790265136525,58.8520571306758,58.6711106332652,58.4177180917312,58.0731999129867,57.6311844077961,57.0657212980638,56.508401878546,55.8808519781902,55.1734188283299,54.2781726949613,53.2192064643116,52.1726782164158,51.1538958521773,50.169860740126,49.31578125813,48.6984143381024,48.4929841446735,48.2853774176555,48.0796335447498,47.8739021814717,47.6745440811482,47.4740424046767,47.2683778366846,47.0368866078352,46.7639291744231,46.447015079529,46.0928723005867,45.6739213440244,45.2266515879747,44.7060201452331,44.07617386248,43.3399602385686,..,..,..,..,..,..,..,..,..,..,..,..,..,..,..,..,..,..,..,..,..,..,..,..,..,..,..,..,..,..
Serbia,SRB,Young people (ages 15-24) newly infected with HIV,SH.HIV.INCD.YG,..,100,100,100,100,100,100,100,100,100,100,100,100,100,100,100,100,100,100,100,100,100,100,100,100,100,100,100,100,100,100,100,100,100,..,..,..,..,..,..,..,..,..,..,..,..,..,..,..,..,..,..,..,..,..,..,..,..,..,..,..,..,..,..
Serbia,SRB,Women's share of population ages 15+ living with HIV (%),SH.DYN.AIDS.FE.ZS,..,13.1558339859045,13.5289323553382,14.0102098695406,14.4936144936145,14.9812734082397,15.4985192497532,15.948575399583,16.3355408388521,16.783762685402,17.3100871731009,17.884019477645,18.2765151515151,18.7404773996953,19.2685589519651,19.8940553266627,20.5975842339479,21.3498622589532,22.1556886227545,22.9950900163666,23.9247311827957,25.0483558994197,26.3779527559055,27.5449101796407,28.8461538461539,30.2158273381295,31.5457413249211,32.7904451682953,34.1685649202733,35.5663824604141,36.884154460719,38.4730538922156,40.3114186851211,42.0618556701031,..,..,..,..,..,..,..,..,..,..,..,..,..,..,..,..,..,..,..,..,..,..,..,..,..,..,..,..,..,..
Seychelles,SYC,Young people (ages 15-24) newly infected with HIV,SH.HIV.INCD.YG,..,..,..,..,..,..,..,..,..,..,..,..,..,..,..,..,..,..,..,..,..,..,..,..,..,..,..,..,..,..,..,..,..,..,..,..,..,..,..,..,..,..,..,..,..,..,..,..,..,..,..,..,..,..,..,..,..,..,..,..,..,..,..,..
Seychelles,SYC,Women's share of population ages 15+ living with HIV (%),SH.DYN.AIDS.FE.ZS,..,..,..,..,..,..,..,..,..,..,..,..,..,..,..,..,..,..,..,..,..,..,..,..,..,..,..,..,..,..,..,..,..,..,..,..,..,..,..,..,..,..,..,..,..,..,..,..,..,..,..,..,..,..,..,..,..,..,..,..,..,..,..,..
Sierra Leone,SLE,Young people (ages 15-24) newly infected with HIV,SH.HIV.INCD.YG,..,1200,1500,1600,1700,1700,1700,1800,1900,1900,1900,2000,2000,2100,2100,2100,2100,2200,2200,2200,2200,2200,2100,2100,2200,2200,2300,2300,2300,2200,2100,2000,1800,1500,..,..,..,..,..,..,..,..,..,..,..,..,..,..,..,..,..,..,..,..,..,..,..,..,..,..,..,..,..,..
Sierra Leone,SLE,Women's share of population ages 15+ living with HIV (%),SH.DYN.AIDS.FE.ZS,..,62.937643020595,62.5568000926167,62.0145989715704,61.3895646655283,60.7462478940291,60.0604162712722,59.3502874905378,58.6807093524944,57.9801683193067,57.3737749868824,56.9226520290681,56.6626650660264,56.5247339895227,56.4166589024504,56.3263358778626,56.2532827545959,56.179886433334,56.107137848829,56.0217116271477,55.9226801962346,55.8053742550916,55.6735876388218,55.5147521191237,55.342191973208,55.0002807569207,54.7192176618758,54.4506816359262,54.142887338829,53.7441860465116,53.3109111557613,52.8134403209629,52.20700152207,51.5141296283807,..,..,..,..,..,..,..,..,..,..,..,..,..,..,..,..,..,..,..,..,..,..,..,..,..,..,..,..,..,..
Singapore,SGP,Young people (ages 15-24) newly infected with HIV,SH.HIV.INCD.YG,..,..,..,..,..,..,..,..,..,..,..,..,..,..,..,..,..,..,..,..,..,..,..,..,..,..,..,..,..,..,..,..,..,..,..,..,..,..,..,..,..,..,..,..,..,..,..,..,..,..,..,..,..,..,..,..,..,..,..,..,..,..,..,..
Singapore,SGP,Women's share of population ages 15+ living with HIV (%),SH.DYN.AIDS.FE.ZS,..,8.54604745305296,8.62641768816588,8.74515788238056,8.90717657025293,9.06921241050119,9.28065108952481,9.50538822879248,9.77432590855803,10.1164254247955,10.5118986474919,10.9921082299887,11.4832535885167,11.8632240055827,11.9776417354272,12.0226730310262,12.0764844012077,12.0754716981132,12.035472972973,11.9884448724121,11.9506966773848,11.9304556354916,11.9433198380567,12.0214395099541,12.0353982300885,12.111801242236,12.1951219512195,12.1915820029028,12.1951219512195,12.2105263157895,12.4352331606218,12.2977346278317,12.3456790123457,12.8342245989305,..,..,..,..,..,..,..,..,..,..,..,..,..,..,..,..,..,..,..,..,..,..,..,..,..,..,..,..,..,..
Sint Maarten (Dutch part),SXM,Young people (ages 15-24) newly infected with HIV,SH.HIV.INCD.YG,..,..,..,..,..,..,..,..,..,..,..,..,..,..,..,..,..,..,..,..,..,..,..,..,..,..,..,..,..,..,..,..,..,..,..,..,..,..,..,..,..,..,..,..,..,..,..,..,..,..,..,..,..,..,..,..,..,..,..,..,..,..,..,..
Sint Maarten (Dutch part),SXM,Women's share of population ages 15+ living with HIV (%),SH.DYN.AIDS.FE.ZS,..,..,..,..,..,..,..,..,..,..,..,..,..,..,..,..,..,..,..,..,..,..,..,..,..,..,..,..,..,..,..,..,..,..,..,..,..,..,..,..,..,..,..,..,..,..,..,..,..,..,..,..,..,..,..,..,..,..,..,..,..,..,..,..
Slovak Republic,SVK,Young people (ages 15-24) newly infected with HIV,SH.HIV.INCD.YG,..,100,100,100,100,100,100,100,100,100,100,100,100,100,100,100,100,100,100,100,100,100,100,100,100,100,100,100,100,100,100,100,100,100,..,..,..,..,..,..,..,..,..,..,..,..,..,..,..,..,..,..,..,..,..,..,..,..,..,..,..,..,..,..
Slovak Republic,SVK,Women's share of population ages 15+ living with HIV (%),SH.DYN.AIDS.FE.ZS,..,14.4363876071193,11.5781126090404,11.931330472103,12.2774133083411,12.5773195876289,12.9142857142857,13.265306122449,13.6103151862464,14.0776699029126,14.4424131627057,14.8148148148148,15.1724137931035,15.4822335025381,15.5988857938719,16.1094224924012,16.2251655629139,16.6666666666667,16.7330677290837,17.1806167400881,17.0731707317073,17.741935483871,17.9640718562874,18.2432432432432,18.6046511627907,18.9189189189189,18.9473684210526,19.7530864197531,19.1176470588235,19.2982456140351,21.2765957446809,20.5128205128205,21.875,19.2307692307692,..,..,..,..,..,..,..,..,..,..,..,..,..,..,..,..,..,..,..,..,..,..,..,..,..,..,..,..,..,..
Slovenia,SVN,Young people (ages 15-24) newly infected with HIV,SH.HIV.INCD.YG,..,..,..,..,..,..,..,..,..,..,..,..,..,..,..,..,..,..,..,..,..,..,..,..,..,..,..,..,..,..,..,..,..,..,..,..,..,..,..,..,..,..,..,..,..,..,..,..,..,..,..,..,..,..,..,..,..,..,..,..,..,..,..,..
Slovenia,SVN,Women's share of population ages 15+ living with HIV (%),SH.DYN.AIDS.FE.ZS,..,10.479375696767,10.5747126436782,10.6132075471698,10.6408706166868,10.6172839506173,10.678391959799,10.727969348659,10.6493506493506,10.8465608465609,10.9017496635262,11.0192837465565,11.2375533428165,11.3095238095238,11.5689381933439,11.965811965812,12.406015037594,12.8964059196617,13.3495145631068,14.1643059490085,14.8148148148148,15.4471544715447,16.3366336633663,17.3652694610778,18.5714285714286,19.8347107438017,20.353982300885,21.0526315789474,21.1864406779661,21.1382113821138,21.4285714285714,21.4285714285714,21.1382113821138,21.551724137931,..,..,..,..,..,..,..,..,..,..,..,..,..,..,..,..,..,..,..,..,..,..,..,..,..,..,..,..,..,..
Solomon Islands,SLB,Young people (ages 15-24) newly infected with HIV,SH.HIV.INCD.YG,..,..,..,..,..,..,..,..,..,..,..,..,..,..,..,..,..,..,..,..,..,..,..,..,..,..,..,..,..,..,..,..,..,..,..,..,..,..,..,..,..,..,..,..,..,..,..,..,..,..,..,..,..,..,..,..,..,..,..,..,..,..,..,..
Solomon Islands,SLB,Women's share of population ages 15+ living with HIV (%),SH.DYN.AIDS.FE.ZS,..,..,..,..,..,..,..,..,..,..,..,..,..,..,..,..,..,..,..,..,..,..,..,..,..,..,..,..,..,..,..,..,..,..,..,..,..,..,..,..,..,..,..,..,..,..,..,..,..,..,..,..,..,..,..,..,..,..,..,..,..,..,..,..
Somalia,SOM,Young people (ages 15-24) newly infected with HIV,SH.HIV.INCD.YG,..,..,..,..,..,..,..,..,..,..,..,..,..,..,..,..,..,..,..,..,..,..,..,..,..,..,..,..,..,..,..,..,..,..,..,..,..,..,..,..,..,..,..,..,..,..,..,..,..,..,..,..,..,..,..,..,..,..,..,..,..,..,..,..
Somalia,SOM,Women's share of population ages 15+ living with HIV (%),SH.DYN.AIDS.FE.ZS,..,53.1352701459182,52.8134635149024,52.5241137417011,52.2705078125,52.0405727923628,51.8056849953402,51.5726126944476,51.3390376708523,51.137339055794,50.8602819237148,50.6467462147799,50.5436351390359,50.5447015395696,50.6082933516107,50.7119030184688,50.8086357656891,50.8985593346205,50.9993598406715,51.0989010989011,51.2032531164589,51.340219665272,51.5015111568388,51.6931890515595,51.9352568613652,52.2433807225773,52.6025554808339,53.0068849234228,53.5102101654494,54.0062938755749,54.5358370801375,55.0711097269802,55.5387830933581,56.0203432930706,..,..,..,..,..,..,..,..,..,..,..,..,..,..,..,..,..,..,..,..,..,..,..,..,..,..,..,..,..,..
South Africa,ZAF,Young people (ages 15-24) newly infected with HIV,SH.HIV.INCD.YG,..,56000,59000,65000,69000,78000,88000,100000,110000,120000,130000,140000,150000,160000,160000,170000,170000,180000,190000,190000,200000,210000,220000,220000,220000,220000,210000,200000,180000,150000,120000,84000,57000,37000,..,..,..,..,..,..,..,..,..,..,..,..,..,..,..,..,..,..,..,..,..,..,..,..,..,..,..,..,..,..
South Africa,ZAF,Women's share of population ages 15+ living with HIV (%),SH.DYN.AIDS.FE.ZS,..,65.3278317615364,65.1342928284127,64.9761745404164,64.8379149221241,64.6921855479674,64.551497386176,64.4194974623799,64.3144623508875,64.2339784622098,64.1644452818442,64.0959855603745,64.0317225633308,63.9665979551041,63.8300389622457,63.598752218538,63.346129594405,63.0488361858877,62.7191234060331,62.3965599526791,62.0377592410689,61.6142106196048,61.1283031702599,60.4901306885539,59.7714739913898,58.9758099232083,58.0960526121769,57.1260427422368,56.0868156527906,54.9236146592767,53.6334451292319,52.2386851540182,50.782258043829,49.0670930752788,..,..,..,..,..,..,..,..,..,..,..,..,..,..,..,..,..,..,..,..,..,..,..,..,..,..,..,..,..,..
South Sudan,SSD,Young people (ages 15-24) newly infected with HIV,SH.HIV.INCD.YG,..,3400,3400,3400,3500,3800,4100,4400,4400,4800,4700,4600,4100,4100,4100,3800,3900,3600,3600,3900,3600,3300,3300,3500,3800,3700,3800,3700,3600,3300,3200,2800,2500,2000,..,..,..,..,..,..,..,..,..,..,..,..,..,..,..,..,..,..,..,..,..,..,..,..,..,..,..,..,..,..
South Sudan,SSD,Women's share of population ages 15+ living with HIV (%),SH.DYN.AIDS.FE.ZS,..,63.8014762365987,63.4984566229828,63.1835877155039,62.8848161385995,62.5572387127728,62.1738044699713,61.7171677831438,61.2070549329414,60.7721756629078,60.395471537406,60.1980593572756,60.059739172275,59.9914475644996,60.0173091188834,60.0322838694932,60.0627481301949,60.102359567192,60.1427140099215,60.1787852865697,60.2082653024201,60.2222670083206,60.2019590023225,60.1672204952299,60.1185181762525,60.0342770090136,59.6692740496775,59.3996840442338,59.0461522487757,58.6027194856538,58.2517598539973,57.5504069421206,56.7655042806431,55.9634249189933,..,..,..,..,..,..,..,..,..,..,..,..,..,..,..,..,..,..,..,..,..,..,..,..,..,..,..,..,..,..
Spain,ESP,Young people (ages 15-24) newly infected with HIV,SH.HIV.INCD.YG,..,..,..,..,..,..,..,..,..,..,..,..,..,..,..,..,..,..,..,..,..,..,..,..,..,..,..,..,..,..,..,..,..,..,..,..,..,..,..,..,..,..,..,..,..,..,..,..,..,..,..,..,..,..,..,..,..,..,..,..,..,..,..,..
Spain,ESP,Women's share of population ages 15+ living with HIV (%),SH.DYN.AIDS.FE.ZS,..,17.6531393317675,17.6759528868603,17.7159473927698,17.7508511916683,17.7959771285771,17.851292224534,17.9146979412757,17.9966615802331,18.0880495798994,18.1833049606375,18.2689767108293,18.3395624045494,18.4229890096127,18.4831254877602,18.4993260204535,18.5012208511545,18.5076572173346,18.4807592810918,18.4682476195391,18.4727837986534,18.4750239302301,18.5137674351377,18.5404967553448,18.6065121412804,18.724564089161,18.9104547228542,19.1839161111761,19.5956809114547,20.1709987699381,20.7558431766776,21.353247391586,21.9764630415474,22.6606155155297,..,..,..,..,..,..,..,..,..,..,..,..,..,..,..,..,..,..,..,..,..,..,..,..,..,..,..,..,..,..
Sri Lanka,LKA,Young people (ages 15-24) newly infected with HIV,SH.HIV.INCD.YG,..,100,100,100,100,100,100,100,100,100,100,100,100,100,100,100,100,100,100,200,200,200,200,200,200,200,100,100,100,100,100,100,100,100,..,..,..,..,..,..,..,..,..,..,..,..,..,..,..,..,..,..,..,..,..,..,..,..,..,..,..,..,..,..
Sri Lanka,LKA,Women's share of population ages 15+ living with HIV (%),SH.DYN.AIDS.FE.ZS,..,29.0132547864507,29.397233201581,29.7619047619048,30.1168863466799,30.3677932405567,30.5101535413571,30.5774925962488,30.615763546798,30.6860093434964,30.7409224730128,30.7053941908714,30.4463852498787,29.9370764762827,29.3061620572538,28.6203522504892,27.8925105747698,27.1424916858532,26.378896882494,25.6619718309859,24.9697336561743,24.2866622428666,23.6147266641874,22.9620145113103,22.3618090452261,21.7980295566502,21.243115656963,20.8421052631579,20.353982300885,20,19.8653198653199,19.4444444444444,19.2307692307692,19.6428571428571,..,..,..,..,..,..,..,..,..,..,..,..,..,..,..,..,..,..,..,..,..,..,..,..,..,..,..,..,..,..
St. Kitts and Nevis,KNA,Young people (ages 15-24) newly infected with HIV,SH.HIV.INCD.YG,..,100,100,100,100,100,100,100,100,100,100,100,100,100,100,100,100,100,100,100,100,100,100,100,100,100,100,100,100,100,100,100,100,100,..,..,..,..,..,..,..,..,..,..,..,..,..,..,..,..,..,..,..,..,..,..,..,..,..,..,..,..,..,..
St. Kitts and Nevis,KNA,Women's share of population ages 15+ living with HIV (%),SH.DYN.AIDS.FE.ZS,..,..,..,..,..,..,..,..,..,..,..,..,..,..,..,..,..,..,..,..,..,..,..,..,..,..,..,..,..,..,..,..,..,..,..,..,..,..,..,..,..,..,..,..,..,..,..,..,..,..,..,..,..,..,..,..,..,..,..,..,..,..,..,..
St. Lucia,LCA,Young people (ages 15-24) newly infected with HIV,SH.HIV.INCD.YG,..,..,..,..,..,..,..,..,..,..,..,..,..,..,..,..,..,..,..,..,..,..,..,..,..,..,..,..,..,..,..,..,..,..,..,..,..,..,..,..,..,..,..,..,..,..,..,..,..,..,..,..,..,..,..,..,..,..,..,..,..,..,..,..
St. Lucia,LCA,Women's share of population ages 15+ living with HIV (%),SH.DYN.AIDS.FE.ZS,..,..,..,..,..,..,..,..,..,..,..,..,..,..,..,..,..,..,..,..,..,..,..,..,..,..,..,..,..,..,..,..,..,..,..,..,..,..,..,..,..,..,..,..,..,..,..,..,..,..,..,..,..,..,..,..,..,..,..,..,..,..,..,..
St. Martin (French part),MAF,Young people (ages 15-24) newly infected with HIV,SH.HIV.INCD.YG,..,..,..,..,..,..,..,..,..,..,..,..,..,..,..,..,..,..,..,..,..,..,..,..,..,..,..,..,..,..,..,..,..,..,..,..,..,..,..,..,..,..,..,..,..,..,..,..,..,..,..,..,..,..,..,..,..,..,..,..,..,..,..,..
St. Martin (French part),MAF,Women's share of population ages 15+ living with HIV (%),SH.DYN.AIDS.FE.ZS,..,..,..,..,..,..,..,..,..,..,..,..,..,..,..,..,..,..,..,..,..,..,..,..,..,..,..,..,..,..,..,..,..,..,..,..,..,..,..,..,..,..,..,..,..,..,..,..,..,..,..,..,..,..,..,..,..,..,..,..,..,..,..,..
St. Vincent and the Grenadines,VCT,Young people (ages 15-24) newly infected with HIV,SH.HIV.INCD.YG,..,..,..,..,..,..,..,..,..,..,..,..,..,..,..,..,..,..,..,..,..,..,..,..,..,..,..,..,..,..,..,..,..,..,..,..,..,..,..,..,..,..,..,..,..,..,..,..,..,..,..,..,..,..,..,..,..,..,..,..,..,..,..,..
St. Vincent and the Grenadines,VCT,Women's share of population ages 15+ living with HIV (%),SH.DYN.AIDS.FE.ZS,..,..,..,..,..,..,..,..,..,..,..,..,..,..,..,..,..,..,..,..,..,..,..,..,..,..,..,..,..,..,..,..,..,..,..,..,..,..,..,..,..,..,..,..,..,..,..,..,..,..,..,..,..,..,..,..,..,..,..,..,..,..,..,..
Sudan,SDN,Young people (ages 15-24) newly infected with HIV,SH.HIV.INCD.YG,..,1000,1000,1000,1000,1000,1000,1000,1000,1000,1000,1000,1000,1000,1000,1000,1000,1000,1000,1000,1000,1000,1000,1000,1000,1000,1000,1000,1000,500,500,500,500,500,..,..,..,..,..,..,..,..,..,..,..,..,..,..,..,..,..,..,..,..,..,..,..,..,..,..,..,..,..,..
Sudan,SDN,Women's share of population ages 15+ living with HIV (%),SH.DYN.AIDS.FE.ZS,..,48.345769779436,48.4004876915931,48.5055429656397,48.6740171654505,48.8515990180583,49.0037600590364,49.2037220934937,49.4531875166711,49.7161648984066,49.9899091826438,50.2543485395471,50.5479337460264,50.9013605442177,51.2181376799029,51.4626412397838,51.6367137355584,51.7602820211516,51.8726410529372,51.9243281117061,51.9458369941599,51.9345317950094,51.9037739023159,51.8170537138805,51.6826923076923,51.5031429352282,51.1724547343425,50.8804826349258,50.5719992736517,50.2754539889818,50.0408830744072,49.6256684491979,49.3384615384615,49.1571506253399,..,..,..,..,..,..,..,..,..,..,..,..,..,..,..,..,..,..,..,..,..,..,..,..,..,..,..,..,..,..
Suriname,SUR,Young people (ages 15-24) newly infected with HIV,SH.HIV.INCD.YG,..,100,100,100,100,100,100,100,100,100,100,100,100,100,100,100,100,100,100,100,100,100,100,100,100,100,100,100,100,100,100,100,100,100,..,..,..,..,..,..,..,..,..,..,..,..,..,..,..,..,..,..,..,..,..,..,..,..,..,..,..,..,..,..
Suriname,SUR,Women's share of population ages 15+ living with HIV (%),SH.DYN.AIDS.FE.ZS,..,46.1429582448691,45.9588644264195,45.8314757021846,45.7357219415097,45.5648337797385,45.3616607200778,45.0734802939212,44.7083118224058,44.2692648361382,43.8083043716847,43.3573050719152,43.0086410054988,42.7555374923796,42.5531914893617,42.3344947735192,42.1396396396396,42.045189843932,42.0711196540125,42.2095615556106,42.4211336240062,42.9069455618128,43.4977578475336,44.251690679212,45.1230913057027,46.0797342192691,47.1428571428572,48.2705013602798,49.3790149892934,50.5016722408027,51.3903743315508,52.3030303030303,53.1779661016949,54.0790580319596,..,..,..,..,..,..,..,..,..,..,..,..,..,..,..,..,..,..,..,..,..,..,..,..,..,..,..,..,..,..
Sweden,SWE,Young people (ages 15-24) newly infected with HIV,SH.HIV.INCD.YG,..,..,..,..,..,..,..,..,..,..,..,..,..,..,..,..,..,..,..,..,..,..,..,..,..,..,..,..,..,..,..,..,..,..,..,..,..,..,..,..,..,..,..,..,..,..,..,..,..,..,..,..,..,..,..,..,..,..,..,..,..,..,..,..
Sweden,SWE,Women's share of population ages 15+ living with HIV (%),SH.DYN.AIDS.FE.ZS,..,31.042679632631,31.0087719298246,30.9635068980863,30.9321553969872,30.8847497089639,30.8394379728594,30.7960199004975,30.74236937403,30.69962182604,30.6373937677054,30.5878842136676,30.5323013741905,30.4552326558038,30.3840631730079,30.3152633602461,30.266144006602,30.1911960871498,30.1346801346801,30.0469483568075,29.9801643525078,29.8953201970443,29.7829716193656,29.6536796536796,29.5278637770898,29.4020618556701,29.2757417102967,29.1133455210238,28.8533834586466,28.5919540229885,28.3308568598316,28.1004709576138,27.8280542986425,27.6142767689418,..,..,..,..,..,..,..,..,..,..,..,..,..,..,..,..,..,..,..,..,..,..,..,..,..,..,..,..,..,..
Switzerland,CHE,Young people (ages 15-24) newly infected with HIV,SH.HIV.INCD.YG,..,..,..,..,..,..,..,..,..,..,..,..,..,..,..,..,..,..,..,..,..,..,..,..,..,..,..,..,..,..,..,..,..,..,..,..,..,..,..,..,..,..,..,..,..,..,..,..,..,..,..,..,..,..,..,..,..,..,..,..,..,..,..,..
Switzerland,CHE,Women's share of population ages 15+ living with HIV (%),SH.DYN.AIDS.FE.ZS,..,26.9202173291393,26.8888250502729,26.8797864933859,26.8370044052863,26.7902927672768,26.7415730337079,26.6844687325343,26.6555974200141,26.6297176035893,26.6150578886073,26.6148026550567,26.6215412079738,26.6201008925107,26.6277939747328,26.6114024699712,26.6341463414634,26.6660496112551,26.6398544479556,26.6015200868621,26.5264655084832,26.4229765013055,26.3084363245567,26.2305986696231,26.0558583106267,25.8957654723127,25.7074910820452,25.5298534576723,25.3643600734844,25.230615806532,25.1168831168831,25.0034843205575,24.9069478908189,24.6913580246914,..,..,..,..,..,..,..,..,..,..,..,..,..,..,..,..,..,..,..,..,..,..,..,..,..,..,..,..,..,..
Syrian Arab Republic,SYR,Young people (ages 15-24) newly infected with HIV,SH.HIV.INCD.YG,..,100,100,100,100,100,100,100,100,100,100,100,100,100,100,100,100,100,100,100,100,100,100,100,100,100,100,100,100,100,100,100,100,100,..,..,..,..,..,..,..,..,..,..,..,..,..,..,..,..,..,..,..,..,..,..,..,..,..,..,..,..,..,..
Syrian Arab Republic,SYR,Women's share of population ages 15+ living with HIV (%),SH.DYN.AIDS.FE.ZS,..,28.4591194968554,28.7456445993031,28.8679245283019,29.0123456790123,29.1571753986333,29.1457286432161,29.0155440414508,28.9189189189189,29.0666666666667,29.1878172588833,29.5774647887324,29.5774647887324,29.5566502463054,29.3963254593176,29.0502793296089,28.6127167630058,28.6184210526316,27.9850746268657,27.710843373494,27.7056277056277,27.4418604651163,27.363184079602,27.2727272727273,27.0114942528736,26.7080745341615,26.8456375838926,26.2773722627737,26.1904761904762,25.8620689655172,25.4716981132076,26.0416666666667,25,25.3164556962025,..,..,..,..,..,..,..,..,..,..,..,..,..,..,..,..,..,..,..,..,..,..,..,..,..,..,..,..,..,..
Tajikistan,TJK,Young people (ages 15-24) newly infected with HIV,SH.HIV.INCD.YG,..,200,200,200,200,200,200,200,200,200,200,200,200,200,200,100,100,100,100,100,100,100,100,100,100,100,100,100,100,100,100,100,100,100,..,..,..,..,..,..,..,..,..,..,..,..,..,..,..,..,..,..,..,..,..,..,..,..,..,..,..,..,..,..
Tajikistan,TJK,Women's share of population ages 15+ living with HIV (%),SH.DYN.AIDS.FE.ZS,..,37.4861419068736,37.3550401427297,37.3259277147227,37.244225871608,37.2480280455741,37.6623376623377,37.7568922305764,37.8511439328121,38.1572187018325,38.080684596577,37.9618150260352,37.8470080197409,37.9392025266482,37.9346133886871,38.0381086803105,38.1143430290873,38.1954887218045,38.0722891566265,37.7593360995851,37.7049180327869,38.1818181818182,38.0952380952381,42.8571428571428,33.3333333333333,50,50,50,100,0,0,0,0,0,..,..,..,..,..,..,..,..,..,..,..,..,..,..,..,..,..,..,..,..,..,..,..,..,..,..,..,..,..,..
Tanzania,TZA,Young people (ages 15-24) newly infected with HIV,SH.HIV.INCD.YG,..,9600,12000,15000,20000,23000,25000,27000,27000,29000,29000,30000,31000,30000,30000,29000,30000,31000,32000,33000,34000,35000,36000,38000,39000,40000,43000,44000,47000,48000,50000,50000,51000,50000,..,..,..,..,..,..,..,..,..,..,..,..,..,..,..,..,..,..,..,..,..,..,..,..,..,..,..,..,..,..
Tanzania,TZA,Women's share of population ages 15+ living with HIV (%),SH.DYN.AIDS.FE.ZS,..,65.3325868121811,65.113616011737,64.8899087433062,64.629239246323,64.3427433201089,64.0247666763824,63.5541331480343,62.9901033252965,62.3455048820421,61.8306092124814,61.3308658339497,60.8939003154094,60.4455716426659,60.2264673921603,60.3909308864583,60.4743183538922,60.4927056330784,60.4833711692224,60.4604960984371,60.4296031877802,60.393261891469,60.305353482331,60.2027189932565,59.9878877884292,59.7376028060985,59.5530877843661,59.2497143169952,59.272237431775,58.9922491254544,58.3366583491644,57.62501743178,57.1083522771811,56.5061924170002,..,..,..,..,..,..,..,..,..,..,..,..,..,..,..,..,..,..,..,..,..,..,..,..,..,..,..,..,..,..
Thailand,THA,Young people (ages 15-24) newly infected with HIV,SH.HIV.INCD.YG,..,4400,4500,4700,5000,5200,5500,5900,6300,6600,6800,7100,7600,7900,8200,8700,9500,10000,12000,13000,15000,17000,18000,20000,22000,25000,28000,33000,39000,48000,60000,77000,89000,88000,..,..,..,..,..,..,..,..,..,..,..,..,..,..,..,..,..,..,..,..,..,..,..,..,..,..,..,..,..,..
Thailand,THA,Women's share of population ages 15+ living with HIV (%),SH.DYN.AIDS.FE.ZS,..,41.2710688330407,41.7463061707007,42.2464611737437,42.7442972581461,43.227523914586,43.6910452830253,44.13261003043,44.5364293566979,44.9241440663639,45.2344323173037,45.4206337984536,45.5386003978875,45.5182457135411,45.2991491455453,44.9791826408685,44.4836530776533,43.8319434628975,43.0125585526261,42.0369292458932,40.9164211951479,39.648798638385,38.2272598049516,36.6479746692464,34.8444836385831,32.7605440961991,30.4591084859356,28.0227335116449,25.5680128621901,22.9675129601839,20.1211997473033,17.2399509131297,14.416005888454,11.6226691092033,..,..,..,..,..,..,..,..,..,..,..,..,..,..,..,..,..,..,..,..,..,..,..,..,..,..,..,..,..,..
Timor-Leste,TLS,Young people (ages 15-24) newly infected with HIV,SH.HIV.INCD.YG,..,100,100,100,100,100,100,100,100,100,100,100,100,100,100,100,100,100,100,100,100,100,100,100,100,100,100,100,100,100,100,100,100,100,..,..,..,..,..,..,..,..,..,..,..,..,..,..,..,..,..,..,..,..,..,..,..,..,..,..,..,..,..,..
Timor-Leste,TLS,Women's share of population ages 15+ living with HIV (%),SH.DYN.AIDS.FE.ZS,..,43.7814521926672,44.1044776119403,44.487881157154,44.9013157894737,45.242214532872,45.3965360072926,45.5417066155321,45.5005055611729,45.6008583690987,45.3302961275626,45.3446191051995,45.3265044814341,45.1700680272109,45.0072358900145,44.9386503067485,44.8780487804878,44.9826989619377,45.0184501845018,44.9704142011834,44.9367088607595,44.5454545454545,44.1176470588235,43.8829787234043,43.3048433048433,42.9012345679012,42.3728813559322,41.9475655430712,41.1764705882353,40.7582938388626,39.6739130434783,38.6075949367089,38.3458646616541,36.9369369369369,..,..,..,..,..,..,..,..,..,..,..,..,..,..,..,..,..,..,..,..,..,..,..,..,..,..,..,..,..,..
Togo,TGO,Young people (ages 15-24) newly infected with HIV,SH.HIV.INCD.YG,..,1000,1000,1000,1000,1000,1000,1200,1300,1300,1400,1500,1600,1700,1800,2000,2000,2100,2200,2400,2600,2900,3200,3700,4200,4700,4900,5100,4800,4200,3900,3100,2400,1800,..,..,..,..,..,..,..,..,..,..,..,..,..,..,..,..,..,..,..,..,..,..,..,..,..,..,..,..,..,..
Togo,TGO,Women's share of population ages 15+ living with HIV (%),SH.DYN.AIDS.FE.ZS,..,65.302845138419,64.9044028070034,64.486573468772,64.084075639957,63.5927639037997,62.8917957199419,62.1237859226988,61.4264368961052,60.7105963685486,60.0665755216073,59.5777385509431,59.378630365494,59.3671691659043,59.3599428945333,59.3235643408875,59.2577448059661,59.1756075460058,59.0750343951741,58.9570090251503,58.8088860282634,58.6464598626569,58.4736455060311,58.3015173764072,58.1238535400633,57.9459161147903,57.7536561107086,57.530082330589,57.2570870648441,56.8861269734632,56.4798741456005,55.9529318437231,55.3178349287573,54.5334928229665,..,..,..,..,..,..,..,..,..,..,..,..,..,..,..,..,..,..,..,..,..,..,..,..,..,..,..,..,..,..
Tonga,TON,Young people (ages 15-24) newly infected with HIV,SH.HIV.INCD.YG,..,..,..,..,..,..,..,..,..,..,..,..,..,..,..,..,..,..,..,..,..,..,..,..,..,..,..,..,..,..,..,..,..,..,..,..,..,..,..,..,..,..,..,..,..,..,..,..,..,..,..,..,..,..,..,..,..,..,..,..,..,..,..,..
Tonga,TON,Women's share of population ages 15+ living with HIV (%),SH.DYN.AIDS.FE.ZS,..,..,..,..,..,..,..,..,..,..,..,..,..,..,..,..,..,..,..,..,..,..,..,..,..,..,..,..,..,..,..,..,..,..,..,..,..,..,..,..,..,..,..,..,..,..,..,..,..,..,..,..,..,..,..,..,..,..,..,..,..,..,..,..
Trinidad and Tobago,TTO,Young people (ages 15-24) newly infected with HIV,SH.HIV.INCD.YG,..,..,..,..,..,..,..,..,..,..,..,..,..,..,..,..,..,..,..,..,..,..,..,..,..,..,..,..,..,..,..,..,..,..,..,..,..,..,..,..,..,..,..,..,..,..,..,..,..,..,..,..,..,..,..,..,..,..,..,..,..,..,..,..
Trinidad and Tobago,TTO,Women's share of population ages 15+ living with HIV (%),SH.DYN.AIDS.FE.ZS,..,50.9981231871694,51.0885465966784,51.2121212121212,51.3387054847933,51.2531006757335,51.8363430166623,51.8550775126285,51.7361413279958,51.6117790555846,51.6143106457243,51.6112129944983,51.5135653842799,51.4036617262424,51.2918660287081,51.1682242990654,51.0530387690192,50.9477656745862,50.8480413258717,50.7556018759771,50.6791321220674,50.6140509301066,50.5700555921982,50.545014129996,50.4921700223714,50.4471129279509,50.3699229956213,50.3346969133507,50.3734827264239,50.3918022905365,50.3795445465442,50.3743315508021,50.3628447024673,50.3976143141153,..,..,..,..,..,..,..,..,..,..,..,..,..,..,..,..,..,..,..,..,..,..,..,..,..,..,..,..,..,..
Tunisia,TUN,Young people (ages 15-24) newly infected with HIV,SH.HIV.INCD.YG,..,..,..,..,..,..,..,..,..,..,..,..,..,..,..,..,..,..,..,..,..,..,..,..,..,..,..,..,..,..,..,..,..,..,..,..,..,..,..,..,..,..,..,..,..,..,..,..,..,..,..,..,..,..,..,..,..,..,..,..,..,..,..,..
Tunisia,TUN,Women's share of population ages 15+ living with HIV (%),SH.DYN.AIDS.FE.ZS,..,38.3275261324042,38.4316654219567,38.456809099293,38.3766745468873,38.2357684244477,38.0701465503046,37.8922638026514,37.73811566844,37.5463371579876,37.3974849644615,37.3503136285877,37.4874974994999,37.8960982970468,38.2843713278496,38.7723387723388,39.5144779175197,40.2329450915142,40.9229595728452,41.4945054945055,41.8486541391569,42.0070011668611,42.0348058902276,42.0045906656465,42.0365535248042,42.2354104846686,42.3900789177001,42.5997425997426,42.9837518463811,43.4188034188034,44.311377245509,45.3051643192488,46.5181058495822,48.1727574750831,..,..,..,..,..,..,..,..,..,..,..,..,..,..,..,..,..,..,..,..,..,..,..,..,..,..,..,..,..,..
Turkiye,TUR,Young people (ages 15-24) newly infected with HIV,SH.HIV.INCD.YG,..,..,..,..,..,..,..,..,..,..,..,..,..,..,..,..,..,..,..,..,..,..,..,..,..,..,..,..,..,..,..,..,..,..,..,..,..,..,..,..,..,..,..,..,..,..,..,..,..,..,..,..,..,..,..,..,..,..,..,..,..,..,..,..
Turkiye,TUR,Women's share of population ages 15+ living with HIV (%),SH.DYN.AIDS.FE.ZS,..,20.3177195456907,20.5988697538635,20.9322753491641,21.3372505972751,21.8552328924669,22.5120499007655,23.3584748507704,24.4206194498592,25.8261933904529,26.9731680527224,27.978321881351,28.833615068824,29.5104261106074,29.9489506522972,30.2737140160453,30.4878048780488,30.5788005578801,30.5318717011774,30.365296803653,30.0800800800801,29.6296296296296,29.1319857312723,28.4776902887139,27.7490774907749,26.9425675675676,25.9368836291913,24.6768507638073,23.2424677187948,21.6845878136201,19.954128440367,18.3183183183183,16.7330677290837,15.0537634408602,..,..,..,..,..,..,..,..,..,..,..,..,..,..,..,..,..,..,..,..,..,..,..,..,..,..,..,..,..,..
Turkmenistan,TKM,Young people (ages 15-24) newly infected with HIV,SH.HIV.INCD.YG,..,..,..,..,..,..,..,..,..,..,..,..,..,..,..,..,..,..,..,..,..,..,..,..,..,..,..,..,..,..,..,..,..,..,..,..,..,..,..,..,..,..,..,..,..,..,..,..,..,..,..,..,..,..,..,..,..,..,..,..,..,..,..,..
Turkmenistan,TKM,Women's share of population ages 15+ living with HIV (%),SH.DYN.AIDS.FE.ZS,..,32.030629973617,31.9883319713066,31.9453143820766,31.8998345962996,31.8487199485517,31.7953229235393,31.7399677959145,31.6808503366486,31.6147045137273,31.5453097561972,31.4719436161561,31.3925903492833,31.3054390918685,31.2036341056897,31.0833396642103,30.9351222367296,30.7721775296886,30.5766621438263,30.3480876665234,30.076863094575,29.7508477075041,29.3671391495309,28.9365210222589,28.4294994268246,27.9317697228145,27.3738872403561,26.8795056642637,26.2626262626263,25.7261410788382,25,24.1545893719807,24,23.1884057971014,..,..,..,..,..,..,..,..,..,..,..,..,..,..,..,..,..,..,..,..,..,..,..,..,..,..,..,..,..,..
Turks and Caicos Islands,TCA,Young people (ages 15-24) newly infected with HIV,SH.HIV.INCD.YG,..,..,..,..,..,..,..,..,..,..,..,..,..,..,..,..,..,..,..,..,..,..,..,..,..,..,..,..,..,..,..,..,..,..,..,..,..,..,..,..,..,..,..,..,..,..,..,..,..,..,..,..,..,..,..,..,..,..,..,..,..,..,..,..
Turks and Caicos Islands,TCA,Women's share of population ages 15+ living with HIV (%),SH.DYN.AIDS.FE.ZS,..,..,..,..,..,..,..,..,..,..,..,..,..,..,..,..,..,..,..,..,..,..,..,..,..,..,..,..,..,..,..,..,..,..,..,..,..,..,..,..,..,..,..,..,..,..,..,..,..,..,..,..,..,..,..,..,..,..,..,..,..,..,..,..
Tuvalu,TUV,Young people (ages 15-24) newly infected with HIV,SH.HIV.INCD.YG,..,..,..,..,..,..,..,..,..,..,..,..,..,..,..,..,..,..,..,..,..,..,..,..,..,..,..,..,..,..,..,..,..,..,..,..,..,..,..,..,..,..,..,..,..,..,..,..,..,..,..,..,..,..,..,..,..,..,..,..,..,..,..,..
Tuvalu,TUV,Women's share of population ages 15+ living with HIV (%),SH.DYN.AIDS.FE.ZS,..,..,..,..,..,..,..,..,..,..,..,..,..,..,..,..,..,..,..,..,..,..,..,..,..,..,..,..,..,..,..,..,..,..,..,..,..,..,..,..,..,..,..,..,..,..,..,..,..,..,..,..,..,..,..,..,..,..,..,..,..,..,..,..
Uganda,UGA,Young people (ages 15-24) newly infected with HIV,SH.HIV.INCD.YG,..,19000,20000,19000,20000,20000,22000,23000,23000,24000,25000,27000,27000,27000,27000,27000,26000,25000,25000,25000,26000,25000,26000,26000,25000,25000,26000,26000,25000,25000,25000,26000,27000,29000,..,..,..,..,..,..,..,..,..,..,..,..,..,..,..,..,..,..,..,..,..,..,..,..,..,..,..,..,..,..
Uganda,UGA,Women's share of population ages 15+ living with HIV (%),SH.DYN.AIDS.FE.ZS,..,63.4046777159548,63.1722658051216,62.933085109416,62.6930244310734,62.4499289313865,62.1922732261345,61.8954540037458,61.556151712886,61.2032941061263,60.8348946559275,60.4998261324455,60.3200331540295,60.267626931459,60.2269754055468,60.1923690950915,60.1583936143677,60.138992518997,60.1523291755927,60.176240317468,60.1843618165274,60.1787670628307,60.1564580862014,60.0925678497952,59.9720074026592,59.7928826720835,59.5660345734234,59.3017901671545,59.0051385783649,58.6810838478518,58.3388468198382,57.9800597052578,57.6114675907988,57.2375614513912,..,..,..,..,..,..,..,..,..,..,..,..,..,..,..,..,..,..,..,..,..,..,..,..,..,..,..,..,..,..
Ukraine,UKR,Young people (ages 15-24) newly infected with HIV,SH.HIV.INCD.YG,..,..,..,..,..,..,..,..,..,..,..,..,..,..,..,..,..,..,..,..,..,..,..,..,..,..,..,..,..,..,..,..,..,..,..,..,..,..,..,..,..,..,..,..,..,..,..,..,..,..,..,..,..,..,..,..,..,..,..,..,..,..,..,..
Ukraine,UKR,Women's share of population ages 15+ living with HIV (%),SH.DYN.AIDS.FE.ZS,..,42.1659616139824,47.8714095491725,47.7701001023533,47.6926167153871,47.6280744988389,47.5649209846133,47.5057341949888,47.4838355495913,47.424786376794,47.2966927971162,47.1589801356064,47.0351204980068,46.8808814974506,46.7144126940923,46.5323504907869,46.3055532218768,46.0679271123879,45.8269254748743,45.5564654581128,45.281715206968,45.0093486668545,44.7207537270629,44.3821562613119,44.0024635772841,43.5862009144868,43.1448124575171,42.6236322259516,41.9477300536504,41.1377944760357,40.2115269332877,39.1858052514846,38.1747036482909,37.1912745628268,..,..,..,..,..,..,..,..,..,..,..,..,..,..,..,..,..,..,..,..,..,..,..,..,..,..,..,..,..,..
United Arab Emirates,ARE,Young people (ages 15-24) newly infected with HIV,SH.HIV.INCD.YG,..,..,..,..,..,..,..,..,..,..,..,..,..,..,..,..,..,..,..,..,..,..,..,..,..,..,..,..,..,..,..,..,..,..,..,..,..,..,..,..,..,..,..,..,..,..,..,..,..,..,..,..,..,..,..,..,..,..,..,..,..,..,..,..
United Arab Emirates,ARE,Women's share of population ages 15+ living with HIV (%),SH.DYN.AIDS.FE.ZS,..,19.4132334581773,20.2523240371846,20.7454289732771,21.7008797653959,22.5563909774436,23.3024691358025,23.949246629659,24.4698205546493,24.8735244519393,25.1097453906936,25.2302025782689,25.2173913043478,25.0253292806484,24.7598719316969,26.3224181360202,28.9763779527559,32.719836400818,37.007874015748,39.8753894080997,41.4285714285714,43.2098765432099,45.0236966824644,47.3118279569892,49.0909090909091,51.7006802721088,53.030303030303,55.9322033898305,57.5471698113208,58.9473684210526,60.7142857142857,61.3333333333333,63.6363636363636,65.5172413793103,..,..,..,..,..,..,..,..,..,..,..,..,..,..,..,..,..,..,..,..,..,..,..,..,..,..,..,..,..,..
United Kingdom,GBR,Young people (ages 15-24) newly infected with HIV,SH.HIV.INCD.YG,..,..,..,..,..,..,..,..,..,..,..,..,..,..,..,..,..,..,..,..,..,..,..,..,..,..,..,..,..,..,..,..,..,..,..,..,..,..,..,..,..,..,..,..,..,..,..,..,..,..,..,..,..,..,..,..,..,..,..,..,..,..,..,..
United Kingdom,GBR,Women's share of population ages 15+ living with HIV (%),SH.DYN.AIDS.FE.ZS,..,30.9629874058186,30.9104394585574,30.8265951259779,30.7411318170144,30.6761882644372,30.608700800221,30.5402570154734,30.4689357215946,30.3925209843268,30.3115404368778,30.2241707710167,30.1307958396907,30.0449619691655,29.94350988577,29.8233545757784,29.6639426059282,29.4571905088927,29.2167752656667,28.9357959542656,28.638008120448,28.3669561197874,28.1514499791869,28.0203064291474,27.9756207145787,27.9797427923006,27.9943496388781,27.8838789376158,27.5466701972726,27.1480778492309,26.7124337246008,26.238138349596,25.7284977170645,25.1882984478382,..,..,..,..,..,..,..,..,..,..,..,..,..,..,..,..,..,..,..,..,..,..,..,..,..,..,..,..,..,..
United States,USA,Young people (ages 15-24) newly infected with HIV,SH.HIV.INCD.YG,..,..,5600,5900,6200,6500,6600,7000,7400,7900,8400,9100,9500,10000,..,..,..,..,..,..,..,..,..,..,..,..,..,..,..,..,..,..,..,..,..,..,..,..,..,..,..,..,..,..,..,..,..,..,..,..,..,..,..,..,..,..,..,..,..,..,..,..,..,..
United States,USA,Women's share of population ages 15+ living with HIV (%),SH.DYN.AIDS.FE.ZS,..,21.9021321739583,21.9315850559153,21.9280430026418,21.9748991203105,22.0159402083113,22.0524977318822,22.0930699626974,22.1511665537778,22.2316084502246,22.3139225868787,22.3713467772326,22.4157004595573,22.4080606111204,22.3371510724727,22.2880484889122,22.2634358701123,22.2677478948926,22.2987436801534,22.3328143512,22.3684765857308,22.3927997259046,22.3896632336802,22.3872173572818,22.3893899544738,22.3941972093334,22.3655832964466,22.2890513103046,22.1915223946734,22.0736914341119,21.927437345039,21.7756106853932,21.6477903398403,21.544275084807,..,..,..,..,..,..,..,..,..,..,..,..,..,..,..,..,..,..,..,..,..,..,..,..,..,..,..,..,..,..
Uruguay,URY,Young people (ages 15-24) newly infected with HIV,SH.HIV.INCD.YG,..,200,500,500,500,500,500,500,500,500,500,500,500,500,500,200,200,200,200,200,200,200,200,200,200,200,200,200,200,200,200,200,200,200,..,..,..,..,..,..,..,..,..,..,..,..,..,..,..,..,..,..,..,..,..,..,..,..,..,..,..,..,..,..
Uruguay,URY,Women's share of population ages 15+ living with HIV (%),SH.DYN.AIDS.FE.ZS,..,34.6555740432612,34.5435684647303,34.3886854763443,34.2046303211352,34.0624270257648,33.9723801787165,33.9497794367153,33.9346010307446,33.9874778058125,34.0691830097566,34.1097308488613,34.1587922233084,34.2126390641129,34.2047930283224,34.1594276954522,34.0785907859079,33.9535554593971,33.7738168408113,33.5244022273174,33.1348511383538,32.713963963964,32.2574137583216,31.8023508924684,31.4076868663051,31.0574948665298,30.6850084222347,30.3339517625232,30.058000682361,29.8377970577141,29.6610169491525,29.4317629917436,29.2,28.9986091794159,..,..,..,..,..,..,..,..,..,..,..,..,..,..,..,..,..,..,..,..,..,..,..,..,..,..,..,..,..,..
Uzbekistan,UZB,Young people (ages 15-24) newly infected with HIV,SH.HIV.INCD.YG,..,..,..,..,..,..,..,..,..,..,..,..,..,..,..,..,..,..,..,..,..,..,..,..,..,..,..,..,..,..,..,..,..,..,..,..,..,..,..,..,..,..,..,..,..,..,..,..,..,..,..,..,..,..,..,..,..,..,..,..,..,..,..,..
Uzbekistan,UZB,Women's share of population ages 15+ living with HIV (%),SH.DYN.AIDS.FE.ZS,..,47.152669212435,47.0975699009257,46.9951888450347,46.8519262257098,46.6801376039544,46.5354676022366,46.3652356783208,46.1623774925873,45.9321424905041,45.627096698252,45.2851361920631,44.9587571073917,44.6801346801347,44.4097916911851,44.160423093874,43.9234808702176,43.6749203236087,43.4369885433715,43.2647644326477,43.1134083307996,42.9426860564585,42.7603203943315,42.5841674249318,42.3076923076923,41.9148936170213,41.8918918918919,41.2087912087912,41.2844036697248,41.2698412698413,40,42.1052631578947,40,33.3333333333333,..,..,..,..,..,..,..,..,..,..,..,..,..,..,..,..,..,..,..,..,..,..,..,..,..,..,..,..,..,..
Vanuatu,VUT,Young people (ages 15-24) newly infected with HIV,SH.HIV.INCD.YG,..,..,..,..,..,..,..,..,..,..,..,..,..,..,..,..,..,..,..,..,..,..,..,..,..,..,..,..,..,..,..,..,..,..,..,..,..,..,..,..,..,..,..,..,..,..,..,..,..,..,..,..,..,..,..,..,..,..,..,..,..,..,..,..
Vanuatu,VUT,Women's share of population ages 15+ living with HIV (%),SH.DYN.AIDS.FE.ZS,..,..,..,..,..,..,..,..,..,..,..,..,..,..,..,..,..,..,..,..,..,..,..,..,..,..,..,..,..,..,..,..,..,..,..,..,..,..,..,..,..,..,..,..,..,..,..,..,..,..,..,..,..,..,..,..,..,..,..,..,..,..,..,..
"Venezuela, RB",VEN,Young people (ages 15-24) newly infected with HIV,SH.HIV.INCD.YG,..,..,..,..,..,..,..,..,..,..,..,..,..,..,..,..,..,..,..,..,..,..,..,..,..,..,..,..,..,..,..,..,..,..,..,..,..,..,..,..,..,..,..,..,..,..,..,..,..,..,..,..,..,..,..,..,..,..,..,..,..,..,..,..
"Venezuela, RB",VEN,Women's share of population ages 15+ living with HIV (%),SH.DYN.AIDS.FE.ZS,..,28.1655862617992,28.236368442554,28.3244599846493,28.3587935761849,28.1441699767316,27.8172295947805,27.5393784127053,27.3065549262884,27.0608905726679,26.7885741866128,26.5377103859911,26.3064960133364,26.101190150329,25.9177687887742,25.7555406312962,25.615408605504,25.4936914241797,25.3656448938105,25.195654857425,25.0138133596999,24.819426291532,24.6087062851553,24.3617252103474,24.1201887543351,23.9016876506831,23.6820249159581,23.4533789163115,23.2154769846564,22.975654935168,22.7236862868865,22.4695783416659,22.2134297987791,21.958174904943,..,..,..,..,..,..,..,..,..,..,..,..,..,..,..,..,..,..,..,..,..,..,..,..,..,..,..,..,..,..
Viet Nam,VNM,Young people (ages 15-24) newly infected with HIV,SH.HIV.INCD.YG,..,2100,2200,2300,2600,2800,2900,2900,3100,3100,3000,3000,3000,2900,3000,3200,3500,3800,4100,4400,4700,4800,4800,4800,4700,4600,4400,4200,3900,3300,2400,1500,1000,500,..,..,..,..,..,..,..,..,..,..,..,..,..,..,..,..,..,..,..,..,..,..,..,..,..,..,..,..,..,..
Viet Nam,VNM,Women's share of population ages 15+ living with HIV (%),SH.DYN.AIDS.FE.ZS,..,29.6967479674797,30.1039445085574,30.4391613888423,30.7291924033536,30.9484213713106,31.0859887535145,31.1405366035435,31.1324938112152,31.0699010196643,30.912492597046,30.6086573370725,30.2683110525325,29.9633199114251,29.6136780216148,29.1465595438642,28.5098175778843,27.6383353876597,26.688496111273,25.7107127969987,24.6616333381529,23.5942326108361,22.4742389275162,21.2521651446276,19.9160541798787,18.3771235623088,16.7409061821649,14.9613136309367,13.151269035533,11.5559678775404,10.3561517113784,9.57615121991839,9.14868707141662,8.92791803878522,..,..,..,..,..,..,..,..,..,..,..,..,..,..,..,..,..,..,..,..,..,..,..,..,..,..,..,..,..,..
Virgin Islands (U.S.),VIR,Young people (ages 15-24) newly infected with HIV,SH.HIV.INCD.YG,..,..,..,..,..,..,..,..,..,..,..,..,..,..,..,..,..,..,..,..,..,..,..,..,..,..,..,..,..,..,..,..,..,..,..,..,..,..,..,..,..,..,..,..,..,..,..,..,..,..,..,..,..,..,..,..,..,..,..,..,..,..,..,..
Virgin Islands (U.S.),VIR,Women's share of population ages 15+ living with HIV (%),SH.DYN.AIDS.FE.ZS,..,..,..,..,..,..,..,..,..,..,..,..,..,..,..,..,..,..,..,..,..,..,..,..,..,..,..,..,..,..,..,..,..,..,..,..,..,..,..,..,..,..,..,..,..,..,..,..,..,..,..,..,..,..,..,..,..,..,..,..,..,..,..,..
West Bank and Gaza,PSE,Young people (ages 15-24) newly infected with HIV,SH.HIV.INCD.YG,..,..,..,..,..,..,..,..,..,..,..,..,..,..,..,..,..,..,..,..,..,..,..,..,..,..,..,..,..,..,..,..,..,..,..,..,..,..,..,..,..,..,..,..,..,..,..,..,..,..,..,..,..,..,..,..,..,..,..,..,..,..,..,..
West Bank and Gaza,PSE,Women's share of population ages 15+ living with HIV (%),SH.DYN.AIDS.FE.ZS,..,..,..,..,..,..,..,..,..,..,..,..,..,..,..,..,..,..,..,..,..,..,..,..,..,..,..,..,..,..,..,..,..,..,..,..,..,..,..,..,..,..,..,..,..,..,..,..,..,..,..,..,..,..,..,..,..,..,..,..,..,..,..,..
"Yemen, Rep.",YEM,Young people (ages 15-24) newly infected with HIV,SH.HIV.INCD.YG,..,500,500,500,500,500,500,500,500,500,500,500,500,200,200,200,200,200,200,200,200,200,200,200,100,100,100,100,100,100,100,100,100,100,..,..,..,..,..,..,..,..,..,..,..,..,..,..,..,..,..,..,..,..,..,..,..,..,..,..,..,..,..,..
"Yemen, Rep.",YEM,Women's share of population ages 15+ living with HIV (%),SH.DYN.AIDS.FE.ZS,..,35.6181150550796,35.5399883245768,35.4419516979282,35.3290322580645,35.2260348583878,35.0950460829493,34.9579831932773,34.8243331164606,34.6889120611748,34.5271404588696,34.3561973525872,34.1621621621622,33.9653558052434,33.8324873096447,33.7273227047829,33.6306868867083,33.5254562920269,33.4021327829377,33.2348596750369,33.0424434748116,32.8644501278772,32.6146788990826,32.4270884824518,32.1790090570059,31.8965517241379,31.5952824332713,31.3804713804714,31.1812179016875,31.1328443357783,31.3473877176902,31.633714880333,32.0710059171598,32.3529411764706,..,..,..,..,..,..,..,..,..,..,..,..,..,..,..,..,..,..,..,..,..,..,..,..,..,..,..,..,..,..
Zambia,ZMB,Young people (ages 15-24) newly infected with HIV,SH.HIV.INCD.YG,..,12000,14000,16000,20000,23000,23000,22000,23000,25000,26000,25000,25000,24000,24000,24000,25000,25000,26000,26000,27000,27000,27000,27000,28000,29000,29000,30000,31000,32000,34000,34000,34000,33000,..,..,..,..,..,..,..,..,..,..,..,..,..,..,..,..,..,..,..,..,..,..,..,..,..,..,..,..,..,..
Zambia,ZMB,Women's share of population ages 15+ living with HIV (%),SH.DYN.AIDS.FE.ZS,..,62.6433192058889,62.4083814232011,62.1708757921563,61.9154939914331,61.6795602223904,61.4561862624515,61.2725775725141,61.1169371690529,61.0008937507024,60.9564297047615,60.9458064391637,60.9180355516917,60.9360853379003,61.0338205646257,61.1923545343828,61.3363223925092,61.5489737683501,61.7344909736627,61.9516951753449,62.0778059559181,62.2364895267389,62.3154662321597,62.4501359422357,62.4409579846992,62.3461898199004,62.1654121810058,61.9754464981941,61.6934929826283,61.3395519083744,60.9634357803514,60.5219959576913,60.0136892214018,59.4471224790949,..,..,..,..,..,..,..,..,..,..,..,..,..,..,..,..,..,..,..,..,..,..,..,..,..,..,..,..,..,..
Zimbabwe,ZWE,Young people (ages 15-24) newly infected with HIV,SH.HIV.INCD.YG,..,4900,5200,5900,6900,8400,11000,14000,16000,18000,20000,21000,22000,27000,27000,29000,30000,32000,34000,36000,37000,39000,41000,42000,45000,48000,52000,57000,62000,68000,74000,79000,82000,82000,..,..,..,..,..,..,..,..,..,..,..,..,..,..,..,..,..,..,..,..,..,..,..,..,..,..,..,..,..,..
Zimbabwe,ZWE,Women's share of population ages 15+ living with HIV (%),SH.DYN.AIDS.FE.ZS,..,60.825293664042,60.6931797198608,60.5516086911776,60.3776096269848,60.2161468471976,60.0536229593552,59.8889834645066,59.7404557361028,59.6069507242823,59.4779346144568,59.2418622610664,58.994811790349,58.7941946932944,57.9466308027975,57.8582220352965,57.7755622003062,57.657077317077,57.5015429691474,57.3253695660184,57.1249222737901,56.8916340445782,56.6336470211829,56.3630111105922,56.0899998965043,55.8221295691041,55.5669318603014,55.3094219998139,55.035718126589,54.7315155909012,54.4077321774068,54.0359072558514,53.6073901893076,53.0768367702715,..,..,..,..,..,..,..,..,..,..,..,..,..,..,..,..,..,..,..,..,..,..,..,..,..,..,..,..,..,..
Africa Eastern and Southern,AFE,Young people (ages 15-24) newly infected with HIV,SH.HIV.INCD.YG,..,..,..,..,..,..,..,..,..,..,..,..,..,..,..,..,..,..,..,..,..,..,..,..,..,..,..,..,..,..,..,..,..,..,..,..,..,..,..,..,..,..,..,..,..,..,..,..,..,..,..,..,..,..,..,..,..,..,..,..,..,..,..,..
Africa Eastern and Southern,AFE,Women's share of population ages 15+ living with HIV (%),SH.DYN.AIDS.FE.ZS,..,62.81503449318,62.5685638404587,62.3531252066999,62.1389266115155,61.9608586199813,61.718410018974,61.5095857167278,61.2946679754637,61.0619847762283,60.7771381414554,60.4980493016435,60.2810417999978,60.0969084062307,59.9725467676223,59.8679867528913,59.7798152777184,59.7281523536806,59.5917421752393,59.4875015396602,59.4002893899356,59.3368992960425,59.219707576862,59.1465693111305,58.9798278838964,58.8458409552382,58.7221848187465,58.5447871644624,58.288319232949,57.9757784024367,57.7806372447705,57.1487779665911,56.5090889024698,56.0328014430496,..,..,..,..,..,..,..,..,..,..,..,..,..,..,..,..,..,..,..,..,..,..,..,..,..,..,..,..,..,..
Africa Western and Central,AFW,Young people (ages 15-24) newly infected with HIV,SH.HIV.INCD.YG,..,..,..,..,..,..,..,..,..,..,..,..,..,..,..,..,..,..,..,..,..,..,..,..,..,..,..,..,..,..,..,..,..,..,..,..,..,..,..,..,..,..,..,..,..,..,..,..,..,..,..,..,..,..,..,..,..,..,..,..,..,..,..,..
Africa Western and Central,AFW,Women's share of population ages 15+ living with HIV (%),SH.DYN.AIDS.FE.ZS,..,..,..,..,..,..,..,..,..,..,..,..,..,..,..,..,..,..,..,..,..,..,..,..,..,..,..,..,..,..,..,..,..,..,..,..,..,..,..,..,..,..,..,..,..,..,..,..,..,..,..,..,..,..,..,..,..,..,..,..,..,..,..,..
Arab World,ARB,Young people (ages 15-24) newly infected with HIV,SH.HIV.INCD.YG,..,..,..,..,..,..,..,..,..,..,..,..,..,..,..,..,..,..,..,..,..,..,..,..,..,..,..,..,..,..,..,..,..,..,..,..,..,..,..,..,..,..,..,..,..,..,..,..,..,..,..,..,..,..,..,..,..,..,..,..,..,..,..,..
Arab World,ARB,Women's share of population ages 15+ living with HIV (%),SH.DYN.AIDS.FE.ZS,..,37.0608997149437,37.0732311341792,37.1340407299528,37.1852565815089,37.3486157442785,37.4193425223594,37.6182269150452,37.7601521422751,38.1010312761277,37.9548109886962,39.2163520760027,39.5129433780695,39.8734130954291,40.0112615675902,40.7029320325202,41.383682552223,41.9481651573841,42.4535798173539,43.2252075698168,43.8561620542714,44.5712251885829,45.1922606135335,45.5074278585872,45.6410551614251,46.4898147070946,46.9298891604112,47.0805477475857,47.097084542512,47.377683176707,47.4531698113596,50.2422749158171,50.8675987004135,51.4751643555543,..,..,..,..,..,..,..,..,..,..,..,..,..,..,..,..,..,..,..,..,..,..,..,..,..,..,..,..,..,..
Caribbean small states,CSS,Young people (ages 15-24) newly infected with HIV,SH.HIV.INCD.YG,..,..,..,..,..,..,..,..,..,..,..,..,..,..,..,..,..,..,..,..,..,..,..,..,..,..,..,..,..,..,..,..,..,..,..,..,..,..,..,..,..,..,..,..,..,..,..,..,..,..,..,..,..,..,..,..,..,..,..,..,..,..,..,..
Caribbean small states,CSS,Women's share of population ages 15+ living with HIV (%),SH.DYN.AIDS.FE.ZS,..,46.2840132728383,46.2832533706605,46.2075395584395,46.1260336947735,45.8864944404986,45.9766082053917,45.8416109077283,45.6550283770036,45.4413226010437,45.2207971731838,45.0077351528714,44.8864768036686,44.748617871318,44.6867413827794,44.5198562626809,44.3934750261966,44.4458765732622,44.5761893875453,44.837760001634,45.3429288163019,46.1090835446821,47.2812172577087,48.2742866318537,49.1212814015296,50.0484278848039,50.79231328626,51.1038432218021,51.2295064086828,52.0912928660872,52.5334071826729,50.4214235255042,48.7351024124328,47.7067547059542,..,..,..,..,..,..,..,..,..,..,..,..,..,..,..,..,..,..,..,..,..,..,..,..,..,..,..,..,..,..
Central Europe and the Baltics,CEB,Young people (ages 15-24) newly infected with HIV,SH.HIV.INCD.YG,..,..,..,..,..,..,..,..,..,..,..,..,..,..,..,..,..,..,..,..,..,..,..,..,..,..,..,..,..,..,..,..,..,..,..,..,..,..,..,..,..,..,..,..,..,..,..,..,..,..,..,..,..,..,..,..,..,..,..,..,..,..,..,..
Central Europe and the Baltics,CEB,Women's share of population ages 15+ living with HIV (%),SH.DYN.AIDS.FE.ZS,..,..,27.1950256549494,27.325354680203,27.4986778714624,27.6245264068355,27.7416562142423,28.0667236672578,28.1479885851352,28.494468349214,28.6819184587473,29.0381174047142,29.4269117241475,29.775868172296,29.9360858695982,30.1672032696695,30.2006892586684,30.4304467967721,30.8628006834618,30.904351267949,31.0974274561372,30.7831498541083,30.8876337822511,29.9315237676116,29.3402728424493,29.9384531352702,29.7098623772859,30.0377465040389,29.937027866186,29.6205637508704,29.884218823853,29.5587623044265,29.5053847338376,29.4478722389344,..,..,..,..,..,..,..,..,..,..,..,..,..,..,..,..,..,..,..,..,..,..,..,..,..,..,..,..,..,..
Early-demographic dividend,EAR,Young people (ages 15-24) newly infected with HIV,SH.HIV.INCD.YG,..,..,..,..,..,..,..,..,..,..,..,..,..,..,..,..,..,..,..,..,..,..,..,..,..,..,..,..,..,..,..,..,..,..,..,..,..,..,..,..,..,..,..,..,..,..,..,..,..,..,..,..,..,..,..,..,..,..,..,..,..,..,..,..
Early-demographic dividend,EAR,Women's share of population ages 15+ living with HIV (%),SH.DYN.AIDS.FE.ZS,..,47.8957310562149,..,..,..,..,..,..,..,..,..,..,..,..,..,..,..,..,..,..,..,..,..,..,..,..,..,..,..,..,..,..,..,..,..,..,..,..,..,..,..,..,..,..,..,..,..,..,..,..,..,..,..,..,..,..,..,..,..,..,..,..,..,..
East Asia & Pacific,EAS,Young people (ages 15-24) newly infected with HIV,SH.HIV.INCD.YG,..,..,..,..,..,..,..,..,..,..,..,..,..,..,..,..,..,..,..,..,..,..,..,..,..,..,..,..,..,..,..,..,..,..,..,..,..,..,..,..,..,..,..,..,..,..,..,..,..,..,..,..,..,..,..,..,..,..,..,..,..,..,..,..
East Asia & Pacific,EAS,Women's share of population ages 15+ living with HIV (%),SH.DYN.AIDS.FE.ZS,..,..,..,..,..,..,..,..,..,..,..,..,..,..,..,..,..,..,..,..,..,..,..,..,..,..,..,..,..,..,..,..,..,..,..,..,..,..,..,..,..,..,..,..,..,..,..,..,..,..,..,..,..,..,..,..,..,..,..,..,..,..,..,..
East Asia & Pacific (excluding high income),EAP,Young people (ages 15-24) newly infected with HIV,SH.HIV.INCD.YG,..,..,..,..,..,..,..,..,..,..,..,..,..,..,..,..,..,..,..,..,..,..,..,..,..,..,..,..,..,..,..,..,..,..,..,..,..,..,..,..,..,..,..,..,..,..,..,..,..,..,..,..,..,..,..,..,..,..,..,..,..,..,..,..
East Asia & Pacific (excluding high income),EAP,Women's share of population ages 15+ living with HIV (%),SH.DYN.AIDS.FE.ZS,..,..,..,..,..,..,..,..,..,..,..,..,..,..,..,..,..,..,..,..,..,..,..,..,..,..,..,..,..,..,..,..,..,..,..,..,..,..,..,..,..,..,..,..,..,..,..,..,..,..,..,..,..,..,..,..,..,..,..,..,..,..,..,..
East Asia & Pacific (IDA & IBRD countries),TEA,Young people (ages 15-24) newly infected with HIV,SH.HIV.INCD.YG,..,..,..,..,..,..,..,..,..,..,..,..,..,..,..,..,..,..,..,..,..,..,..,..,..,..,..,..,..,..,..,..,..,..,..,..,..,..,..,..,..,..,..,..,..,..,..,..,..,..,..,..,..,..,..,..,..,..,..,..,..,..,..,..
East Asia & Pacific (IDA & IBRD countries),TEA,Women's share of population ages 15+ living with HIV (%),SH.DYN.AIDS.FE.ZS,..,..,..,..,..,..,..,..,..,..,..,..,..,..,..,..,..,..,..,..,..,..,..,..,..,..,..,..,..,..,..,..,..,..,..,..,..,..,..,..,..,..,..,..,..,..,..,..,..,..,..,..,..,..,..,..,..,..,..,..,..,..,..,..
Euro area,EMU,Young people (ages 15-24) newly infected with HIV,SH.HIV.INCD.YG,..,..,..,..,..,..,..,..,..,..,..,..,..,..,..,..,..,..,..,..,..,..,..,..,..,..,..,..,..,..,..,..,..,..,..,..,..,..,..,..,..,..,..,..,..,..,..,..,..,..,..,..,..,..,..,..,..,..,..,..,..,..,..,..
Euro area,EMU,Women's share of population ages 15+ living with HIV (%),SH.DYN.AIDS.FE.ZS,..,..,26.6252387044032,26.6043628335815,26.5994326752357,26.5728311772762,26.5836982441367,26.6104255274087,26.5798061114589,26.6624563961653,26.6856967165556,26.748255029985,26.8347608130514,26.8957098931347,27.4436625382746,27.5050521287844,27.6514468314974,27.7314550801791,27.9678385377032,28.0973066564284,28.235536180919,28.2403307493857,28.3541264598695,27.6505739303316,27.2728469048268,27.366820395951,27.2849829533287,27.3474322170936,27.2624394669091,27.1644255002035,27.0194793558692,26.8344610420566,26.1431699161249,25.9256586199434,..,..,..,..,..,..,..,..,..,..,..,..,..,..,..,..,..,..,..,..,..,..,..,..,..,..,..,..,..,..
Europe & Central Asia,ECS,Young people (ages 15-24) newly infected with HIV,SH.HIV.INCD.YG,..,..,..,..,..,..,..,..,..,..,..,..,..,..,..,..,..,..,..,..,..,..,..,..,..,..,..,..,..,..,..,..,..,..,..,..,..,..,..,..,..,..,..,..,..,..,..,..,..,..,..,..,..,..,..,..,..,..,..,..,..,..,..,..
Europe & Central Asia,ECS,Women's share of population ages 15+ living with HIV (%),SH.DYN.AIDS.FE.ZS,..,..,..,..,..,..,..,..,..,..,..,..,..,..,..,..,..,..,..,..,..,..,..,..,..,..,..,..,..,..,..,..,..,..,..,..,..,..,..,..,..,..,..,..,..,..,..,..,..,..,..,..,..,..,..,..,..,..,..,..,..,..,..,..
Europe & Central Asia (excluding high income),ECA,Young people (ages 15-24) newly infected with HIV,SH.HIV.INCD.YG,..,..,..,..,..,..,..,..,..,..,..,..,..,..,..,..,..,..,..,..,..,..,..,..,..,..,..,..,..,..,..,..,..,..,..,..,..,..,..,..,..,..,..,..,..,..,..,..,..,..,..,..,..,..,..,..,..,..,..,..,..,..,..,..
Europe & Central Asia (excluding high income),ECA,Women's share of population ages 15+ living with HIV (%),SH.DYN.AIDS.FE.ZS,..,..,..,..,..,..,..,..,..,..,..,..,..,..,..,..,..,..,..,..,..,..,..,..,..,..,..,..,..,..,..,..,..,..,..,..,..,..,..,..,..,..,..,..,..,..,..,..,..,..,..,..,..,..,..,..,..,..,..,..,..,..,..,..
Europe & Central Asia (IDA & IBRD countries),TEC,Young people (ages 15-24) newly infected with HIV,SH.HIV.INCD.YG,..,..,..,..,..,..,..,..,..,..,..,..,..,..,..,..,..,..,..,..,..,..,..,..,..,..,..,..,..,..,..,..,..,..,..,..,..,..,..,..,..,..,..,..,..,..,..,..,..,..,..,..,..,..,..,..,..,..,..,..,..,..,..,..
Europe & Central Asia (IDA & IBRD countries),TEC,Women's share of population ages 15+ living with HIV (%),SH.DYN.AIDS.FE.ZS,..,..,..,..,..,..,..,..,..,..,..,..,..,..,..,..,..,..,..,..,..,..,..,..,..,..,..,..,..,..,..,..,..,..,..,..,..,..,..,..,..,..,..,..,..,..,..,..,..,..,..,..,..,..,..,..,..,..,..,..,..,..,..,..
European Union,EUU,Young people (ages 15-24) newly infected with HIV,SH.HIV.INCD.YG,..,..,..,..,..,..,..,..,..,..,..,..,..,..,..,..,..,..,..,..,..,..,..,..,..,..,..,..,..,..,..,..,..,..,..,..,..,..,..,..,..,..,..,..,..,..,..,..,..,..,..,..,..,..,..,..,..,..,..,..,..,..,..,..
European Union,EUU,Women's share of population ages 15+ living with HIV (%),SH.DYN.AIDS.FE.ZS,..,..,26.5304332155121,26.5829642893982,26.6970305703548,26.7448358788055,26.8232129232118,26.9819620281673,27.0218621762825,27.2409640754984,27.3716589811127,27.5525001861887,27.7832301083244,27.99080082219,28.4772145361883,28.638369380976,28.736495645861,28.8743057773976,29.2174214514985,29.2311145548491,29.3877057720061,29.3997090726736,29.5222125693951,29.0707586883962,28.7903063782164,28.9579358621317,28.8871351520781,28.9447044159247,28.7767248462829,28.558002828807,28.4361961204603,28.1234423368125,27.4900273448879,27.2698668481211,..,..,..,..,..,..,..,..,..,..,..,..,..,..,..,..,..,..,..,..,..,..,..,..,..,..,..,..,..,..
Fragile and conflict affected situations,FCS,Young people (ages 15-24) newly infected with HIV,SH.HIV.INCD.YG,..,..,..,..,..,..,..,..,..,..,..,..,..,..,..,..,..,..,..,..,..,..,..,..,..,..,..,..,..,..,..,..,..,..,..,..,..,..,..,..,..,..,..,..,..,..,..,..,..,..,..,..,..,..,..,..,..,..,..,..,..,..,..,..
Fragile and conflict affected situations,FCS,Women's share of population ages 15+ living with HIV (%),SH.DYN.AIDS.FE.ZS,..,57.0414035007694,56.767449321162,56.5686560821446,56.3613453688767,56.0311819962133,55.8020264598973,55.5159775637763,55.2367563493687,54.9342014511012,54.5375711160797,54.2657266555593,54.0589929766333,53.9737142790094,53.8592751235861,53.8730778942277,53.874796973514,53.8905965655317,53.8987923377171,53.8496018896233,53.8650751002524,53.9132411372577,53.8621091998727,53.5462832641725,53.3753292449733,53.286433563169,53.1863215407976,53.0930240452458,52.9543943771103,52.5427641053592,52.204368191949,51.5744521574442,51.4250648880757,50.9569358705783,..,..,..,..,..,..,..,..,..,..,..,..,..,..,..,..,..,..,..,..,..,..,..,..,..,..,..,..,..,..
Heavily indebted poor countries (HIPC),HPC,Young people (ages 15-24) newly infected with HIV,SH.HIV.INCD.YG,..,..,..,..,..,..,..,..,..,..,..,..,..,..,..,..,..,..,..,..,..,..,..,..,..,..,..,..,..,..,..,..,..,..,..,..,..,..,..,..,..,..,..,..,..,..,..,..,..,..,..,..,..,..,..,..,..,..,..,..,..,..,..,..
Heavily indebted poor countries (HIPC),HPC,Women's share of population ages 15+ living with HIV (%),SH.DYN.AIDS.FE.ZS,..,61.0791007153414,60.7926656986908,60.5470046332974,60.2731119774369,59.905651073704,59.5937446200946,59.2460301589308,58.8922469774508,58.5493918002582,58.1571714952857,57.8785365174707,57.5918316967615,57.4104800349071,57.3269847627398,57.2360599518517,57.1548171334586,57.1169582079278,57.0746053457496,57.0076344604578,56.9881249629066,57.0379455292029,57.0346854985974,57.0843945097193,57.0078878620768,56.9742947941227,56.9285114752903,56.7894406764355,56.6306855372611,56.4191578046598,56.2475363178723,55.6273928310676,54.8883395928735,54.36389090089,..,..,..,..,..,..,..,..,..,..,..,..,..,..,..,..,..,..,..,..,..,..,..,..,..,..,..,..,..,..
High income,HIC,Young people (ages 15-24) newly infected with HIV,SH.HIV.INCD.YG,..,..,..,..,..,..,..,..,..,..,..,..,..,..,..,..,..,..,..,..,..,..,..,..,..,..,..,..,..,..,..,..,..,..,..,..,..,..,..,..,..,..,..,..,..,..,..,..,..,..,..,..,..,..,..,..,..,..,..,..,..,..,..,..
High income,HIC,Women's share of population ages 15+ living with HIV (%),SH.DYN.AIDS.FE.ZS,..,..,..,..,..,..,..,..,..,..,..,..,..,..,..,..,..,..,..,..,..,..,..,..,..,..,..,..,..,..,..,..,..,..,..,..,..,..,..,..,..,..,..,..,..,..,..,..,..,..,..,..,..,..,..,..,..,..,..,..,..,..,..,..
IBRD only,IBD,Young people (ages 15-24) newly infected with HIV,SH.HIV.INCD.YG,..,..,..,..,..,..,..,..,..,..,..,..,..,..,..,..,..,..,..,..,..,..,..,..,..,..,..,..,..,..,..,..,..,..,..,..,..,..,..,..,..,..,..,..,..,..,..,..,..,..,..,..,..,..,..,..,..,..,..,..,..,..,..,..
IBRD only,IBD,Women's share of population ages 15+ living with HIV (%),SH.DYN.AIDS.FE.ZS,..,..,..,..,..,..,..,..,..,..,..,..,..,..,..,..,..,..,..,..,..,..,..,..,..,..,..,..,..,..,..,..,..,..,..,..,..,..,..,..,..,..,..,..,..,..,..,..,..,..,..,..,..,..,..,..,..,..,..,..,..,..,..,..
IDA & IBRD total,IBT,Young people (ages 15-24) newly infected with HIV,SH.HIV.INCD.YG,..,..,..,..,..,..,..,..,..,..,..,..,..,..,..,..,..,..,..,..,..,..,..,..,..,..,..,..,..,..,..,..,..,..,..,..,..,..,..,..,..,..,..,..,..,..,..,..,..,..,..,..,..,..,..,..,..,..,..,..,..,..,..,..
IDA & IBRD total,IBT,Women's share of population ages 15+ living with HIV (%),SH.DYN.AIDS.FE.ZS,..,..,..,..,..,..,..,..,..,..,..,..,..,..,..,..,..,..,..,..,..,..,..,..,..,..,..,..,..,..,..,..,..,..,..,..,..,..,..,..,..,..,..,..,..,..,..,..,..,..,..,..,..,..,..,..,..,..,..,..,..,..,..,..
IDA blend,IDB,Young people (ages 15-24) newly infected with HIV,SH.HIV.INCD.YG,..,..,..,..,..,..,..,..,..,..,..,..,..,..,..,..,..,..,..,..,..,..,..,..,..,..,..,..,..,..,..,..,..,..,..,..,..,..,..,..,..,..,..,..,..,..,..,..,..,..,..,..,..,..,..,..,..,..,..,..,..,..,..,..
IDA blend,IDB,Women's share of population ages 15+ living with HIV (%),SH.DYN.AIDS.FE.ZS,..,..,..,..,..,..,..,..,..,..,..,..,..,..,..,..,..,..,..,..,..,..,..,..,..,..,..,..,..,..,..,..,..,..,..,..,..,..,..,..,..,..,..,..,..,..,..,..,..,..,..,..,..,..,..,..,..,..,..,..,..,..,..,..
IDA only,IDX,Young people (ages 15-24) newly infected with HIV,SH.HIV.INCD.YG,..,..,..,..,..,..,..,..,..,..,..,..,..,..,..,..,..,..,..,..,..,..,..,..,..,..,..,..,..,..,..,..,..,..,..,..,..,..,..,..,..,..,..,..,..,..,..,..,..,..,..,..,..,..,..,..,..,..,..,..,..,..,..,..
IDA only,IDX,Women's share of population ages 15+ living with HIV (%),SH.DYN.AIDS.FE.ZS,..,57.5135155569859,57.2883310769859,57.0973866587976,56.8567353385553,56.5896830928696,56.3676608299245,56.0799896915435,55.7933751102111,55.4784869235866,55.0953716605474,54.8484668149092,54.5655301817711,54.3937298090777,54.2795712461917,54.1911904278188,54.1037986711094,54.0656572744774,54.0654131065517,54.086832665325,54.0296256989653,54.1078837746998,54.3071310679025,54.4139389196729,54.359696422449,54.4784022854363,54.4611869815611,54.5205724755262,54.6356350281171,54.4302114055031,54.6043499505088,53.7316749057623,53.4019210330373,53.1029910130317,..,..,..,..,..,..,..,..,..,..,..,..,..,..,..,..,..,..,..,..,..,..,..,..,..,..,..,..,..,..
IDA total,IDA,Young people (ages 15-24) newly infected with HIV,SH.HIV.INCD.YG,..,..,..,..,..,..,..,..,..,..,..,..,..,..,..,..,..,..,..,..,..,..,..,..,..,..,..,..,..,..,..,..,..,..,..,..,..,..,..,..,..,..,..,..,..,..,..,..,..,..,..,..,..,..,..,..,..,..,..,..,..,..,..,..
IDA total,IDA,Women's share of population ages 15+ living with HIV (%),SH.DYN.AIDS.FE.ZS,..,57.4295297885936,57.1828573546268,56.9886475321927,56.7574703963181,56.4857396481623,56.2509815386622,55.954983243434,55.6771040185507,55.3732799017181,55.0000055155153,54.7460352979412,54.4864636846874,54.3234475312333,54.2315325372686,54.1944821168163,54.1336284416333,54.1080199386276,54.1084185893207,54.0795980200373,53.865060595625,53.8792839530274,54.0396360511369,54.1115514082709,54.0929952895512,54.1306743839797,54.1446692300748,54.0789428140317,54.1822177151137,53.9723568195105,54.0737602221212,53.2643603064527,53.0302305703959,52.6749954576511,..,..,..,..,..,..,..,..,..,..,..,..,..,..,..,..,..,..,..,..,..,..,..,..,..,..,..,..,..,..
Late-demographic dividend,LTE,Young people (ages 15-24) newly infected with HIV,SH.HIV.INCD.YG,..,..,..,..,..,..,..,..,..,..,..,..,..,..,..,..,..,..,..,..,..,..,..,..,..,..,..,..,..,..,..,..,..,..,..,..,..,..,..,..,..,..,..,..,..,..,..,..,..,..,..,..,..,..,..,..,..,..,..,..,..,..,..,..
Late-demographic dividend,LTE,Women's share of population ages 15+ living with HIV (%),SH.DYN.AIDS.FE.ZS,..,..,..,..,..,..,..,..,..,..,..,..,..,..,..,..,..,..,..,..,..,..,..,..,..,..,..,..,..,..,..,..,..,..,..,..,..,..,..,..,..,..,..,..,..,..,..,..,..,..,..,..,..,..,..,..,..,..,..,..,..,..,..,..
Latin America & Caribbean,LCN,Young people (ages 15-24) newly infected with HIV,SH.HIV.INCD.YG,..,..,..,..,..,..,..,..,..,..,..,..,..,..,..,..,..,..,..,..,..,..,..,..,..,..,..,..,..,..,..,..,..,..,..,..,..,..,..,..,..,..,..,..,..,..,..,..,..,..,..,..,..,..,..,..,..,..,..,..,..,..,..,..
Latin America & Caribbean,LCN,Women's share of population ages 15+ living with HIV (%),SH.DYN.AIDS.FE.ZS,..,..,..,..,..,..,..,..,..,..,..,..,..,..,..,..,..,..,..,..,..,..,..,..,..,..,..,..,..,..,..,..,..,..,..,..,..,..,..,..,..,..,..,..,..,..,..,..,..,..,..,..,..,..,..,..,..,..,..,..,..,..,..,..
Latin America & Caribbean (excluding high income),LAC,Young people (ages 15-24) newly infected with HIV,SH.HIV.INCD.YG,..,..,..,..,..,..,..,..,..,..,..,..,..,..,..,..,..,..,..,..,..,..,..,..,..,..,..,..,..,..,..,..,..,..,..,..,..,..,..,..,..,..,..,..,..,..,..,..,..,..,..,..,..,..,..,..,..,..,..,..,..,..,..,..
Latin America & Caribbean (excluding high income),LAC,Women's share of population ages 15+ living with HIV (%),SH.DYN.AIDS.FE.ZS,..,..,..,..,..,..,..,..,..,..,..,..,..,..,..,..,..,..,..,..,..,..,..,..,..,..,..,..,..,..,..,..,..,..,..,..,..,..,..,..,..,..,..,..,..,..,..,..,..,..,..,..,..,..,..,..,..,..,..,..,..,..,..,..
Latin America & the Caribbean (IDA & IBRD countries),TLA,Young people (ages 15-24) newly infected with HIV,SH.HIV.INCD.YG,..,..,..,..,..,..,..,..,..,..,..,..,..,..,..,..,..,..,..,..,..,..,..,..,..,..,..,..,..,..,..,..,..,..,..,..,..,..,..,..,..,..,..,..,..,..,..,..,..,..,..,..,..,..,..,..,..,..,..,..,..,..,..,..
Latin America & the Caribbean (IDA & IBRD countries),TLA,Women's share of population ages 15+ living with HIV (%),SH.DYN.AIDS.FE.ZS,..,..,..,..,..,..,..,..,..,..,..,..,..,..,..,..,..,..,..,..,..,..,..,..,..,..,..,..,..,..,..,..,..,..,..,..,..,..,..,..,..,..,..,..,..,..,..,..,..,..,..,..,..,..,..,..,..,..,..,..,..,..,..,..
Least developed countries: UN classification,LDC,Young people (ages 15-24) newly infected with HIV,SH.HIV.INCD.YG,..,..,..,..,..,..,..,..,..,..,..,..,..,..,..,..,..,..,..,..,..,..,..,..,..,..,..,..,..,..,..,..,..,..,..,..,..,..,..,..,..,..,..,..,..,..,..,..,..,..,..,..,..,..,..,..,..,..,..,..,..,..,..,..
Least developed countries: UN classification,LDC,Women's share of population ages 15+ living with HIV (%),SH.DYN.AIDS.FE.ZS,..,59.4630982863613,59.2081649895183,59.0298440214816,58.7522982736324,58.4480238423726,58.1396209835122,57.822872186818,57.5391360912159,57.1986791362823,56.8256162212047,56.5717154130403,56.3026213814771,56.1124977684506,55.988457672823,55.8906583820017,55.7979103263487,55.7272295121397,55.6694841068032,55.5792652257665,55.5193098689828,55.5022901930152,55.4206581062693,55.3683458162323,55.2465386648226,55.1883518282927,55.1330117578247,55.0983791564196,55.0931242924927,54.7528005198593,54.577099653098,54.0029351608679,53.775119973292,53.5788550867831,..,..,..,..,..,..,..,..,..,..,..,..,..,..,..,..,..,..,..,..,..,..,..,..,..,..,..,..,..,..
Low & middle income,LMY,Young people (ages 15-24) newly infected with HIV,SH.HIV.INCD.YG,..,..,..,..,..,..,..,..,..,..,..,..,..,..,..,..,..,..,..,..,..,..,..,..,..,..,..,..,..,..,..,..,..,..,..,..,..,..,..,..,..,..,..,..,..,..,..,..,..,..,..,..,..,..,..,..,..,..,..,..,..,..,..,..
Low & middle income,LMY,Women's share of population ages 15+ living with HIV (%),SH.DYN.AIDS.FE.ZS,..,52.8342188677232,..,..,..,..,..,..,..,..,..,..,..,..,..,..,..,..,..,..,..,..,..,..,..,..,..,..,..,..,..,..,..,..,..,..,..,..,..,..,..,..,..,..,..,..,..,..,..,..,..,..,..,..,..,..,..,..,..,..,..,..,..,..
Low income,LIC,Young people (ages 15-24) newly infected with HIV,SH.HIV.INCD.YG,..,..,..,..,..,..,..,..,..,..,..,..,..,..,..,..,..,..,..,..,..,..,..,..,..,..,..,..,..,..,..,..,..,..,..,..,..,..,..,..,..,..,..,..,..,..,..,..,..,..,..,..,..,..,..,..,..,..,..,..,..,..,..,..
Low income,LIC,Women's share of population ages 15+ living with HIV (%),SH.DYN.AIDS.FE.ZS,..,60.8608523304268,60.6038599184169,60.3638915282913,60.0969343969519,59.7649453503928,59.4780058130679,59.1741622465878,58.8546688576782,58.5294921626226,58.1331801829273,57.8172998402484,57.5821717556913,57.4549152214019,57.3808885845008,57.3147356245931,57.2220952160764,57.1532699159103,57.1397695136251,57.0321666658415,56.9702741224747,56.9221844038332,56.8916961039643,56.4854626311277,56.4644568230595,56.394935079043,56.3549493208595,56.2924265096684,56.1063894692389,55.7793055879319,55.7481316582417,54.8723187174967,54.320953895574,54.0932898107155,..,..,..,..,..,..,..,..,..,..,..,..,..,..,..,..,..,..,..,..,..,..,..,..,..,..,..,..,..,..
Lower middle income,LMC,Young people (ages 15-24) newly infected with HIV,SH.HIV.INCD.YG,..,..,..,..,..,..,..,..,..,..,..,..,..,..,..,..,..,..,..,..,..,..,..,..,..,..,..,..,..,..,..,..,..,..,..,..,..,..,..,..,..,..,..,..,..,..,..,..,..,..,..,..,..,..,..,..,..,..,..,..,..,..,..,..
Lower middle income,LMC,Women's share of population ages 15+ living with HIV (%),SH.DYN.AIDS.FE.ZS,..,53.5719847030253,..,..,..,..,..,..,..,..,..,..,..,..,..,..,..,..,..,..,..,..,..,..,..,..,..,..,..,..,..,..,..,..,..,..,..,..,..,..,..,..,..,..,..,..,..,..,..,..,..,..,..,..,..,..,..,..,..,..,..,..,..,..
Middle East & North Africa,MEA,Young people (ages 15-24) newly infected with HIV,SH.HIV.INCD.YG,..,..,..,..,..,..,..,..,..,..,..,..,..,..,..,..,..,..,..,..,..,..,..,..,..,..,..,..,..,..,..,..,..,..,..,..,..,..,..,..,..,..,..,..,..,..,..,..,..,..,..,..,..,..,..,..,..,..,..,..,..,..,..,..
Middle East & North Africa,MEA,Women's share of population ages 15+ living with HIV (%),SH.DYN.AIDS.FE.ZS,..,32.3770060696336,32.4482132977385,32.4577743524496,32.3777327606703,32.5052128856037,32.5247007563373,32.7341793394258,32.7696829828109,33.2323854196629,33.1996592954087,33.5580199042934,34.1389446337194,34.6284262870237,34.8704389909841,35.6874197127066,36.5757791145563,37.2790941034544,38.1391846809533,38.6568252997142,39.4596580989865,40.3015104725423,41.2353058456819,42.0472938278866,42.444160042855,43.7457931725585,44.5586808199725,45.0984039852767,45.4706998333564,46.2153865389218,47.0821873441629,50.9005109796561,52.5006208934302,54.2262117090259,..,..,..,..,..,..,..,..,..,..,..,..,..,..,..,..,..,..,..,..,..,..,..,..,..,..,..,..,..,..
Middle East & North Africa (excluding high income),MNA,Young people (ages 15-24) newly infected with HIV,SH.HIV.INCD.YG,..,..,..,..,..,..,..,..,..,..,..,..,..,..,..,..,..,..,..,..,..,..,..,..,..,..,..,..,..,..,..,..,..,..,..,..,..,..,..,..,..,..,..,..,..,..,..,..,..,..,..,..,..,..,..,..,..,..,..,..,..,..,..,..
Middle East & North Africa (excluding high income),MNA,Women's share of population ages 15+ living with HIV (%),SH.DYN.AIDS.FE.ZS,..,36.3223961580846,36.3698936597811,36.3825370930029,36.3060958939049,36.4737967256915,36.4230212695506,36.5523538213204,36.5213924305696,36.8109598311593,36.9477815195551,37.0934008955994,37.5391450708825,37.8996981278084,38.352285243476,39.0421505451043,39.8148856241259,40.5982566019557,40.9460051913053,41.7028635803105,42.4503355570142,43.1953020283689,44.1319102730224,44.3643509922135,45.3136313162662,46.422417768172,47.2563527821873,47.5475639634255,47.6810128715339,47.2922947213739,48.0070140380699,52.4479286011718,53.8472188300599,55.2023847793042,..,..,..,..,..,..,..,..,..,..,..,..,..,..,..,..,..,..,..,..,..,..,..,..,..,..,..,..,..,..
Middle East & North Africa (IDA & IBRD countries),TMN,Young people (ages 15-24) newly infected with HIV,SH.HIV.INCD.YG,..,..,..,..,..,..,..,..,..,..,..,..,..,..,..,..,..,..,..,..,..,..,..,..,..,..,..,..,..,..,..,..,..,..,..,..,..,..,..,..,..,..,..,..,..,..,..,..,..,..,..,..,..,..,..,..,..,..,..,..,..,..,..,..
Middle East & North Africa (IDA & IBRD countries),TMN,Women's share of population ages 15+ living with HIV (%),SH.DYN.AIDS.FE.ZS,..,36.3223961580846,36.3698936597811,36.3825370930029,36.3060958939049,36.4737967256915,36.4230212695506,36.5523538213204,36.5213924305696,36.8109598311593,36.9477815195551,37.0934008955994,37.5391450708825,37.8996981278084,38.352285243476,39.0421505451043,39.8148856241259,40.5982566019557,40.9460051913053,41.7028635803104,42.4503355570142,43.1953020283689,44.1319102730224,44.3643509922135,45.3136313162662,46.422417768172,47.2563527821873,47.5475639634255,47.6810128715339,47.2922947213739,48.0070140380699,52.4479286011718,53.8472188300599,55.2023847793042,..,..,..,..,..,..,..,..,..,..,..,..,..,..,..,..,..,..,..,..,..,..,..,..,..,..,..,..,..,..
Middle income,MIC,Young people (ages 15-24) newly infected with HIV,SH.HIV.INCD.YG,..,..,..,..,..,..,..,..,..,..,..,..,..,..,..,..,..,..,..,..,..,..,..,..,..,..,..,..,..,..,..,..,..,..,..,..,..,..,..,..,..,..,..,..,..,..,..,..,..,..,..,..,..,..,..,..,..,..,..,..,..,..,..,..
Middle income,MIC,Women's share of population ages 15+ living with HIV (%),SH.DYN.AIDS.FE.ZS,..,..,..,..,..,..,..,..,..,..,..,..,..,..,..,..,..,..,..,..,..,..,..,..,..,..,..,..,..,..,..,..,..,..,..,..,..,..,..,..,..,..,..,..,..,..,..,..,..,..,..,..,..,..,..,..,..,..,..,..,..,..,..,..
North America,NAC,Young people (ages 15-24) newly infected with HIV,SH.HIV.INCD.YG,..,..,..,..,..,..,..,..,..,..,..,..,..,..,..,..,..,..,..,..,..,..,..,..,..,..,..,..,..,..,..,..,..,..,..,..,..,..,..,..,..,..,..,..,..,..,..,..,..,..,..,..,..,..,..,..,..,..,..,..,..,..,..,..
North America,NAC,Women's share of population ages 15+ living with HIV (%),SH.DYN.AIDS.FE.ZS,..,..,21.9315850559153,23.3639868150642,23.2479550741942,23.1981723265981,23.1302188790995,23.1010713076762,23.0830199808724,23.0621656723182,23.0110887092625,22.9799696586521,22.939427592717,22.8747036716549,..,..,..,..,..,..,..,..,..,..,..,..,..,..,..,..,..,..,..,..,..,..,..,..,..,..,..,..,..,..,..,..,..,..,..,..,..,..,..,..,..,..,..,..,..,..,..,..,..,..
Not classified,INX,Young people (ages 15-24) newly infected with HIV,SH.HIV.INCD.YG,..,..,..,..,..,..,..,..,..,..,..,..,..,..,..,..,..,..,..,..,..,..,..,..,..,..,..,..,..,..,..,..,..,..,..,..,..,..,..,..,..,..,..,..,..,..,..,..,..,..,..,..,..,..,..,..,..,..,..,..,..,..,..,..
Not classified,INX,Women's share of population ages 15+ living with HIV (%),SH.DYN.AIDS.FE.ZS,..,..,..,..,..,..,..,..,..,..,..,..,..,..,..,..,..,..,..,..,..,..,..,..,..,..,..,..,..,..,..,..,..,..,..,..,..,..,..,..,..,..,..,..,..,..,..,..,..,..,..,..,..,..,..,..,..,..,..,..,..,..,..,..
OECD members,OED,Young people (ages 15-24) newly infected with HIV,SH.HIV.INCD.YG,..,..,..,..,..,..,..,..,..,..,..,..,..,..,..,..,..,..,..,..,..,..,..,..,..,..,..,..,..,..,..,..,..,..,..,..,..,..,..,..,..,..,..,..,..,..,..,..,..,..,..,..,..,..,..,..,..,..,..,..,..,..,..,..
OECD members,OED,Women's share of population ages 15+ living with HIV (%),SH.DYN.AIDS.FE.ZS,..,..,25.049578491031,25.0566154120675,25.0453755183713,25.0894074731174,25.0926609257138,25.1288488038583,25.1287620093094,25.1836858369033,25.1894493434734,25.2300385953079,25.2891156718961,25.4975486555321,..,..,..,..,..,..,..,..,..,..,..,..,..,..,..,..,..,..,..,..,..,..,..,..,..,..,..,..,..,..,..,..,..,..,..,..,..,..,..,..,..,..,..,..,..,..,..,..,..,..
Other small states,OSS,Young people (ages 15-24) newly infected with HIV,SH.HIV.INCD.YG,..,..,..,..,..,..,..,..,..,..,..,..,..,..,..,..,..,..,..,..,..,..,..,..,..,..,..,..,..,..,..,..,..,..,..,..,..,..,..,..,..,..,..,..,..,..,..,..,..,..,..,..,..,..,..,..,..,..,..,..,..,..,..,..
Other small states,OSS,Women's share of population ages 15+ living with HIV (%),SH.DYN.AIDS.FE.ZS,..,..,46.535441087157,46.4414700123404,46.4177629184542,46.3398964734464,46.2594474073633,46.1527678885468,46.1423524073846,45.9027186964077,45.7316435432899,46.4823863870286,45.7300328346593,44.8202785376923,44.8806050860988,44.8502471272978,45.0338575512183,45.3538441190245,44.8295716576557,44.3234553850151,44.4202399335626,44.8788766302267,44.9563240539455,44.9913011037459,..,..,..,..,..,..,..,..,..,..,..,..,..,..,..,..,..,..,..,..,..,..,..,..,..,..,..,..,..,..,..,..,..,..,..,..,..,..,..,..
Pacific island small states,PSS,Young people (ages 15-24) newly infected with HIV,SH.HIV.INCD.YG,..,..,..,..,..,..,..,..,..,..,..,..,..,..,..,..,..,..,..,..,..,..,..,..,..,..,..,..,..,..,..,..,..,..,..,..,..,..,..,..,..,..,..,..,..,..,..,..,..,..,..,..,..,..,..,..,..,..,..,..,..,..,..,..
Pacific island small states,PSS,Women's share of population ages 15+ living with HIV (%),SH.DYN.AIDS.FE.ZS,..,..,..,..,..,..,..,..,..,..,..,..,..,..,..,..,..,..,..,..,..,..,..,..,..,..,..,..,..,..,..,..,..,..,..,..,..,..,..,..,..,..,..,..,..,..,..,..,..,..,..,..,..,..,..,..,..,..,..,..,..,..,..,..
Post-demographic dividend,PST,Young people (ages 15-24) newly infected with HIV,SH.HIV.INCD.YG,..,..,..,..,..,..,..,..,..,..,..,..,..,..,..,..,..,..,..,..,..,..,..,..,..,..,..,..,..,..,..,..,..,..,..,..,..,..,..,..,..,..,..,..,..,..,..,..,..,..,..,..,..,..,..,..,..,..,..,..,..,..,..,..
Post-demographic dividend,PST,Women's share of population ages 15+ living with HIV (%),SH.DYN.AIDS.FE.ZS,..,..,..,26.1936941711868,26.1750674263756,26.1780375419286,26.1308256892095,26.1143502365746,26.0594192948917,26.0681589345687,25.9829917610172,26.0153216929247,25.9205565026365,25.9458208342742,..,..,..,..,..,..,..,..,..,..,..,..,..,..,..,..,..,..,..,..,..,..,..,..,..,..,..,..,..,..,..,..,..,..,..,..,..,..,..,..,..,..,..,..,..,..,..,..,..,..
Pre-demographic dividend,PRE,Young people (ages 15-24) newly infected with HIV,SH.HIV.INCD.YG,..,..,..,..,..,..,..,..,..,..,..,..,..,..,..,..,..,..,..,..,..,..,..,..,..,..,..,..,..,..,..,..,..,..,..,..,..,..,..,..,..,..,..,..,..,..,..,..,..,..,..,..,..,..,..,..,..,..,..,..,..,..,..,..
Pre-demographic dividend,PRE,Women's share of population ages 15+ living with HIV (%),SH.DYN.AIDS.FE.ZS,..,62.0089807616308,61.7151188019387,61.4676608584996,61.178165398372,60.8001786814727,60.4447681673623,60.064088499355,59.7413326365056,59.3774332409431,58.9973283187686,58.6791953483066,58.4350303336836,58.2880361288977,58.2169071717233,58.1602066239246,58.1008412359074,58.1171257817589,58.0571426786624,58.0091155672898,58.0077923417434,58.0205852891787,57.9744795954088,57.9469117294104,57.8297181981424,57.7524347747182,57.6576640845446,57.50651568418,57.3255677977086,57.0565879554523,56.7809625637801,56.2030161121849,55.7036914846544,55.2884403888072,..,..,..,..,..,..,..,..,..,..,..,..,..,..,..,..,..,..,..,..,..,..,..,..,..,..,..,..,..,..
Small states,SST,Young people (ages 15-24) newly infected with HIV,SH.HIV.INCD.YG,..,..,..,..,..,..,..,..,..,..,..,..,..,..,..,..,..,..,..,..,..,..,..,..,..,..,..,..,..,..,..,..,..,..,..,..,..,..,..,..,..,..,..,..,..,..,..,..,..,..,..,..,..,..,..,..,..,..,..,..,..,..,..,..
Small states,SST,Women's share of population ages 15+ living with HIV (%),SH.DYN.AIDS.FE.ZS,..,..,..,..,..,..,..,..,..,..,..,..,..,..,..,44.7449778395858,44.8025798380873,45.0050906262615,44.7376446832746,44.5074107799635,44.7349399767332,45.2608024498655,45.7542482085405,46.2374439672363,..,..,..,..,..,..,..,..,..,..,..,..,..,..,..,..,..,..,..,..,..,..,..,..,..,..,..,..,..,..,..,..,..,..,..,..,..,..,..,..
South Asia,SAS,Young people (ages 15-24) newly infected with HIV,SH.HIV.INCD.YG,..,..,..,..,..,..,..,..,..,..,..,..,..,..,..,..,..,..,..,..,..,..,..,..,..,..,..,..,..,..,..,..,..,..,..,..,..,..,..,..,..,..,..,..,..,..,..,..,..,..,..,..,..,..,..,..,..,..,..,..,..,..,..,..
South Asia,SAS,Women's share of population ages 15+ living with HIV (%),SH.DYN.AIDS.FE.ZS,..,36.8212608988018,..,..,..,..,..,..,..,..,..,..,..,..,..,..,..,..,..,..,..,..,..,..,..,..,..,..,..,..,..,..,..,..,..,..,..,..,..,..,..,..,..,..,..,..,..,..,..,..,..,..,..,..,..,..,..,..,..,..,..,..,..,..
South Asia (IDA & IBRD),TSA,Young people (ages 15-24) newly infected with HIV,SH.HIV.INCD.YG,..,..,..,..,..,..,..,..,..,..,..,..,..,..,..,..,..,..,..,..,..,..,..,..,..,..,..,..,..,..,..,..,..,..,..,..,..,..,..,..,..,..,..,..,..,..,..,..,..,..,..,..,..,..,..,..,..,..,..,..,..,..,..,..
South Asia (IDA & IBRD),TSA,Women's share of population ages 15+ living with HIV (%),SH.DYN.AIDS.FE.ZS,..,36.8212608988018,..,..,..,..,..,..,..,..,..,..,..,..,..,..,..,..,..,..,..,..,..,..,..,..,..,..,..,..,..,..,..,..,..,..,..,..,..,..,..,..,..,..,..,..,..,..,..,..,..,..,..,..,..,..,..,..,..,..,..,..,..,..
Sub-Saharan Africa,SSF,Young people (ages 15-24) newly infected with HIV,SH.HIV.INCD.YG,..,..,..,..,..,..,..,..,..,..,..,..,..,..,..,..,..,..,..,..,..,..,..,..,..,..,..,..,..,..,..,..,..,..,..,..,..,..,..,..,..,..,..,..,..,..,..,..,..,..,..,..,..,..,..,..,..,..,..,..,..,..,..,..
Sub-Saharan Africa,SSF,Women's share of population ages 15+ living with HIV (%),SH.DYN.AIDS.FE.ZS,..,63.2902352458906,63.0169701354015,62.7222949294539,62.406761210171,62.0737666745432,61.6952784964023,61.3515801937017,61.0210628229605,60.6916249137167,60.3211850976554,60.0123751333292,59.7800556781603,59.6305303988969,59.5406361946799,59.4708457764215,59.3994016054606,59.3779516804991,59.3177114276215,59.2409557115596,59.1971296891391,59.1421503352061,59.0581999006474,58.9533997134851,58.807872393851,58.6930195919972,58.5452689671014,58.3206186459428,58.0788722157919,57.75219758851,57.4843198456816,56.9351709679981,56.3577689557443,55.7961895213428,..,..,..,..,..,..,..,..,..,..,..,..,..,..,..,..,..,..,..,..,..,..,..,..,..,..,..,..,..,..
Sub-Saharan Africa (excluding high income),SSA,Young people (ages 15-24) newly infected with HIV,SH.HIV.INCD.YG,..,..,..,..,..,..,..,..,..,..,..,..,..,..,..,..,..,..,..,..,..,..,..,..,..,..,..,..,..,..,..,..,..,..,..,..,..,..,..,..,..,..,..,..,..,..,..,..,..,..,..,..,..,..,..,..,..,..,..,..,..,..,..,..
Sub-Saharan Africa (excluding high income),SSA,Women's share of population ages 15+ living with HIV (%),SH.DYN.AIDS.FE.ZS,..,63.2902352458906,63.0169701354015,62.7222949294539,62.406761210171,62.0737666745432,61.6952784964022,61.3515801937017,61.0210628229606,60.6916249137167,60.3211850976554,60.0123751333292,59.7800556781603,59.6305303988969,59.5406361946799,59.4708457764214,59.3994016054606,59.377951680499,59.3177114276215,59.2409557115596,59.1971296891391,59.1421503352061,59.0581999006474,58.9533997134851,58.807872393851,58.6930195919972,58.5452689671015,58.3206186459428,58.0788722157919,57.75219758851,57.4843198456816,56.9351709679982,56.3577689557443,55.7961895213428,..,..,..,..,..,..,..,..,..,..,..,..,..,..,..,..,..,..,..,..,..,..,..,..,..,..,..,..,..,..
Sub-Saharan Africa (IDA & IBRD countries),TSS,Young people (ages 15-24) newly infected with HIV,SH.HIV.INCD.YG,..,..,..,..,..,..,..,..,..,..,..,..,..,..,..,..,..,..,..,..,..,..,..,..,..,..,..,..,..,..,..,..,..,..,..,..,..,..,..,..,..,..,..,..,..,..,..,..,..,..,..,..,..,..,..,..,..,..,..,..,..,..,..,..
Sub-Saharan Africa (IDA & IBRD countries),TSS,Women's share of population ages 15+ living with HIV (%),SH.DYN.AIDS.FE.ZS,..,63.2902352458906,63.0169701354015,62.7222949294539,62.406761210171,62.0737666745432,61.6952784964022,61.3515801937017,61.0210628229605,60.6916249137167,60.3211850976554,60.0123751333292,59.7800556781603,59.6305303988969,59.5406361946799,59.4708457764215,59.3994016054607,59.377951680499,59.3177114276215,59.2409557115596,59.1971296891391,59.1421503352061,59.0581999006474,58.9533997134851,58.8078723938509,58.6930195919972,58.5452689671015,58.3206186459428,58.0788722157919,57.75219758851,57.4843198456816,56.9351709679981,56.3577689557443,55.7961895213428,..,..,..,..,..,..,..,..,..,..,..,..,..,..,..,..,..,..,..,..,..,..,..,..,..,..,..,..,..,..
Upper middle income,UMC,Young people (ages 15-24) newly infected with HIV,SH.HIV.INCD.YG,..,..,..,..,..,..,..,..,..,..,..,..,..,..,..,..,..,..,..,..,..,..,..,..,..,..,..,..,..,..,..,..,..,..,..,..,..,..,..,..,..,..,..,..,..,..,..,..,..,..,..,..,..,..,..,..,..,..,..,..,..,..,..,..
Upper middle income,UMC,Women's share of population ages 15+ living with HIV (%),SH.DYN.AIDS.FE.ZS,..,..,..,..,..,..,..,..,..,..,..,..,..,..,..,..,..,..,..,..,..,..,..,..,..,..,..,..,..,..,..,..,..,..,..,..,..,..,..,..,..,..,..,..,..,..,..,..,..,..,..,..,..,..,..,..,..,..,..,..,..,..,..,..
World,WLD,Young people (ages 15-24) newly infected with HIV,SH.HIV.INCD.YG,..,350000,380000,400000,430000,460000,480000,510000,540000,570000,600000,620000,640000,660000,680000,700000,710000,730000,760000,780000,800000,830000,860000,900000,930000,970000,1000000,1000000,1000000,1000000,950000,910000,840000,760000,..,..,..,..,..,..,..,..,..,..,..,..,..,..,..,..,..,..,..,..,..,..,..,..,..,..,..,..,..,..
World,WLD,Women's share of population ages 15+ living with HIV (%),SH.DYN.AIDS.FE.ZS,..,53.4466026722437,53.5139597503201,53.5227355385831,53.4872412011353,53.4251806863912,53.327970925241,53.2043791976964,53.0610360426881,52.9023289023524,52.7426698318354,52.5734865902593,52.4345038154892,52.323087532113,52.2043887290035,52.1348357824909,52.0703526209951,52.0138046110791,51.9628229987055,51.916734043982,51.8458896483304,51.7395534387016,51.5989994720883,51.4020331633427,51.1527260712744,50.8618686961386,50.5401824549382,50.1766837346081,49.7913858916701,49.3585833480609,48.903076138988,48.325609670462,47.8043118861471,47.3141773724755,..,..,..,..,..,..,..,..,..,..,..,..,..,..,..,..,..,..,..,..,..,..,..,..,..,..,..,..,..,..
,,,,,,,,,,,,,,,,,,,,,,,,,,,,,,,,,,,,,,,,,,,,,,,,,,,,,,,,,,,,,,,,,,,
,,,,,,,,,,,,,,,,,,,,,,,,,,,,,,,,,,,,,,,,,,,,,,,,,,,,,,,,,,,,,,,,,,,
,,,,,,,,,,,,,,,,,,,,,,,,,,,,,,,,,,,,,,,,,,,,,,,,,,,,,,,,,,,,,,,,,,,
Data from database: World Development Indicators,,,,,,,,,,,,,,,,,,,,,,,,,,,,,,,,,,,,,,,,,,,,,,,,,,,,,,,,,,,,,,,,,,,
Last Updated: 01/28/2025,,,,,,,,,,,,,,,,,,,,,,,,,,,,,,,,,,,,,,,,,,,,,,,,,,,,,,,,,,,,,,,,,,,
