Country Name,Country Code,Series Name,Series Code,1960 [YR1960],1961 [YR1961],1962 [YR1962],1963 [YR1963],1964 [YR1964],1965 [YR1965],1966 [YR1966],1967 [YR1967],1968 [YR1968],1969 [YR1969],1970 [YR1970],1971 [YR1971],1972 [YR1972],1973 [YR1973],1974 [YR1974],1975 [YR1975],1976 [YR1976],1977 [YR1977],1978 [YR1978],1979 [YR1979],1980 [YR1980],1981 [YR1981],1982 [YR1982],1983 [YR1983],1984 [YR1984],1985 [YR1985],1986 [YR1986],1987 [YR1987],1988 [YR1988],1989 [YR1989],1990 [YR1990],1991 [YR1991],1992 [YR1992],1993 [YR1993],1994 [YR1994],1995 [YR1995],1996 [YR1996],1997 [YR1997],1998 [YR1998],1999 [YR1999],2000 [YR2000],2001 [YR2001],2002 [YR2002],2003 [YR2003],2004 [YR2004],2005 [YR2005],2006 [YR2006],2007 [YR2007],2008 [YR2008],2009 [YR2009],2010 [YR2010],2011 [YR2011],2012 [YR2012],2013 [YR2013],2014 [YR2014],2015 [YR2015],2016 [YR2016],2017 [YR2017],2018 [YR2018],2019 [YR2019],2020 [YR2020],2021 [YR2021],2022 [YR2022],2023 [YR2023]
Afghanistan,AFG,"Life expectancy at birth, female (years)",SP.DYN.LE00.FE.IN,33.285,33.813,34.297,34.773,35.246,35.702,36.226,36.711,37.214,37.701,38.233,38.76,39.3,39.857,40.397,40.938,41.483,42.044,41.685,41.143,41.72,42.295,40.833,41.38,37.974,38.316,42.909,43.453,46.569,47.61,48.397,49.144,50.32,52.739,53.544,54.087,54.806,55.151,54.818,56.3,56.858,57.344,57.672,58.65,59.216,59.697,60.243,60.909,61.529,61.892,62.408,62.993,63.514,64.027,64.274,64.576,65.096,66.099,66.458,66.677,65.432,65.279,66.213,..
Afghanistan,AFG,"Life expectancy at birth, male (years)",SP.DYN.LE00.MA.IN,31.87,32.409,32.883,33.346,33.828,34.289,34.768,35.225,35.712,36.206,36.692,37.178,37.681,38.241,38.792,39.35,39.892,40.492,39.022,37.314,37.799,38.312,35.212,35.518,29.793,29.896,36.389,36.739,41.572,42.891,43.709,44.353,45.07,50.216,49.531,51.039,51.722,52.153,51.134,53.41,53.762,54.272,55.227,56.032,56.658,57.013,57.133,57.342,58.172,58.82,59.278,59.825,60.317,60.791,60.812,60.76,61.193,60.105,59.923,60.619,59.866,58.915,59.766,..
Afghanistan,AFG,"Life expectancy at birth, total (years)",SP.DYN.LE00.IN,32.535,33.068,33.547,34.016,34.494,34.953,35.453,35.924,36.418,36.91,37.418,37.923,38.444,39.003,39.55,40.1,40.645,41.228,40.271,39.086,39.618,40.164,37.766,38.187,33.329,33.55,39.396,39.844,43.958,45.158,45.967,46.663,47.596,51.466,51.495,52.544,53.243,53.634,52.943,54.846,55.298,55.798,56.454,57.344,57.944,58.361,58.684,59.111,59.852,60.364,60.851,61.419,61.923,62.417,62.545,62.659,63.136,63.016,63.081,63.565,62.575,61.982,62.879,..
Albania,ALB,"Life expectancy at birth, female (years)",SP.DYN.LE00.FE.IN,57.78,58.9,59.75,60.831,61.851,62.866,63.846,64.698,65.645,66.561,67.371,68.136,68.913,69.504,70.074,70.614,70.948,71.352,71.578,71.861,72.986,73.352,73.79,74.147,74.41,74.589,74.9,75.356,75.796,76.076,76.433,76.631,76.972,77.118,77.258,77.511,77.746,77.316,78.021,78.209,78.419,78.618,78.823,79.057,79.237,79.493,79.686,80.247,80.429,80.544,80.688,80.798,80.703,80.781,81.013,81.183,81.377,81.504,81.608,81.666,79.676,79.173,79.472,..
Albania,ALB,"Life expectancy at birth, male (years)",SP.DYN.LE00.MA.IN,51.365,52.618,53.82,55.071,56.313,57.358,58.328,59.409,60.401,61.426,62.407,63.222,64.037,64.866,65.55,66.121,66.537,66.964,67.117,67.384,68.048,68.194,68.354,68.551,68.705,68.84,69.12,69.476,69.643,69.853,70.05,70.321,70.66,70.957,71.202,71.428,71.669,70.773,72.19,72.401,72.646,72.921,73.22,73.499,73.786,74.033,74.243,75.1,75.163,75.316,75.493,75.693,75.73,75.786,76.114,76.404,76.639,76.873,77.037,77.168,74.632,74.087,74.502,..
Albania,ALB,"Life expectancy at birth, total (years)",SP.DYN.LE00.IN,54.439,55.634,56.671,57.844,58.983,60.019,60.998,61.972,62.946,63.923,64.824,65.618,66.422,67.14,67.769,68.328,68.704,69.121,69.309,69.584,70.478,70.73,71.023,71.296,71.502,71.656,71.95,72.352,72.641,72.88,73.144,73.378,73.715,73.939,74.131,74.362,74.592,73.904,74.99,75.183,75.404,75.639,75.89,76.142,76.376,76.621,76.816,77.549,77.653,77.781,77.936,78.092,78.064,78.123,78.407,78.644,78.86,79.047,79.184,79.282,76.989,76.463,76.833,..
Algeria,DZA,"Life expectancy at birth, female (years)",SP.DYN.LE00.FE.IN,43.608,43.467,42.569,43.476,43.357,43.279,43.042,43.043,43.075,43.235,43.625,44.156,44.885,45.6,46.74,47.693,48.781,50.136,51.386,52.923,54.629,56.81,59.171,61.288,63.268,65.195,66.913,67.239,67.901,68.102,68.517,69.007,69.307,69.202,69.169,69.518,70.4,70.925,71.262,71.414,71.949,72.197,72.559,72.25,72.812,73.075,73.379,73.735,74.071,74.864,74.873,75.236,75.478,75.84,76.467,76.824,76.803,76.821,77.205,77.76,75.912,77.959,78.457,..
Algeria,DZA,"Life expectancy at birth, male (years)",SP.DYN.LE00.MA.IN,37.881,37.941,36.548,42.339,42.224,42.164,42.062,42.108,42.221,42.343,42.712,43.205,43.834,44.583,45.372,46.294,47.236,48.302,49.38,50.657,51.983,53.846,55.806,57.835,60.102,62.027,63.462,64.439,66.034,66.064,66.313,66.378,66.238,66.263,65.621,65.489,67.134,67.49,67.744,68.703,69.068,69.498,69.943,70.344,70.735,71.069,71.313,71.499,71.841,72.413,72.769,73.04,72.971,73.43,73.803,74.456,74.693,74.7,74.966,75.238,73.082,74.879,75.853,..
Algeria,DZA,"Life expectancy at birth, total (years)",SP.DYN.LE00.IN,40.532,40.516,39.323,42.908,42.788,42.714,42.543,42.568,42.642,42.781,43.16,43.67,44.346,45.079,46.034,46.972,47.985,49.191,50.353,51.755,53.261,55.276,57.428,59.51,61.658,63.588,65.159,65.83,66.971,67.085,67.416,67.688,67.757,67.719,67.361,67.454,68.749,69.171,69.451,70.032,70.478,70.823,71.23,71.287,71.762,72.061,72.334,72.602,72.941,73.62,73.808,74.123,74.202,74.615,75.11,75.622,75.732,75.743,76.066,76.474,74.453,76.377,77.129,..
American Samoa,ASM,"Life expectancy at birth, female (years)",SP.DYN.LE00.FE.IN,..,..,..,..,..,..,..,..,..,..,..,..,..,..,..,..,..,..,..,..,..,..,..,..,..,..,..,..,..,..,..,..,..,..,..,..,..,..,..,..,..,..,..,..,..,..,..,..,..,..,..,..,..,..,..,..,..,..,..,..,..,..,..,..
American Samoa,ASM,"Life expectancy at birth, male (years)",SP.DYN.LE00.MA.IN,..,..,..,..,..,..,..,..,..,..,..,..,..,..,..,..,..,..,..,..,..,..,..,..,..,..,..,..,..,..,..,..,..,..,..,..,..,..,..,..,..,..,..,..,..,..,..,..,..,..,..,..,..,..,..,..,..,..,..,..,..,..,..,..
American Samoa,ASM,"Life expectancy at birth, total (years)",SP.DYN.LE00.IN,..,..,..,..,..,..,..,..,..,..,..,..,..,..,..,..,..,..,..,..,..,..,..,..,..,..,..,..,..,..,..,..,..,..,..,..,..,..,..,..,..,..,..,..,..,..,..,..,..,..,..,..,..,..,..,..,..,..,..,..,..,..,..,..
Andorra,AND,"Life expectancy at birth, female (years)",SP.DYN.LE00.FE.IN,..,..,..,..,..,..,..,..,..,..,..,..,..,..,..,..,..,..,..,..,..,..,..,..,..,..,..,..,..,..,..,..,..,..,..,..,..,..,..,..,..,..,..,..,..,..,..,..,..,..,..,..,..,..,..,..,..,..,..,..,..,..,..,..
Andorra,AND,"Life expectancy at birth, male (years)",SP.DYN.LE00.MA.IN,..,..,..,..,..,..,..,..,..,..,..,..,..,..,..,..,..,..,..,..,..,..,..,..,..,..,..,..,..,..,..,..,..,..,..,..,..,..,..,..,..,..,..,..,..,..,..,..,..,..,..,..,..,..,..,..,..,..,..,..,..,..,..,..
Andorra,AND,"Life expectancy at birth, total (years)",SP.DYN.LE00.IN,..,..,..,..,..,..,..,..,..,..,..,..,..,..,..,..,..,..,..,..,..,..,..,..,..,..,..,..,..,..,..,..,..,..,..,..,..,..,..,..,..,..,..,..,..,..,..,..,..,..,..,..,..,..,..,..,..,..,..,..,..,..,..,..
Angola,AGO,"Life expectancy at birth, female (years)",SP.DYN.LE00.FE.IN,39.918,40.097,40.399,40.665,40.99,41.384,41.656,42.019,42.454,42.8,43.182,43.5,43.809,44.22,44.596,44.353,44.412,44.68,45.035,45.361,45.608,45.864,46.133,45.435,45.698,45.912,46.037,44.724,45.155,45.33,45.453,46.807,45.484,46.578,47.499,47.829,47.96,48.279,47.618,48.478,48.561,49.606,49.896,51.674,52.657,53.634,54.518,55.815,56.734,57.967,59.039,59.869,61.024,61.684,62.472,63.094,63.434,64.019,64.717,64.922,64.982,64.307,64.541,..
Angola,AGO,"Life expectancy at birth, male (years)",SP.DYN.LE00.MA.IN,36.585,34.704,34.95,35.247,35.539,35.884,36.144,36.466,36.837,37.192,37.543,37.933,38.313,38.642,39.026,38.397,38.303,38.575,38.99,39.344,39.63,39.997,40.274,39.118,39.367,39.712,39.948,37.575,38.322,38.557,38.674,41.009,39.189,38.161,39.733,43.885,44.118,44.35,42.582,42.455,43.562,43.714,44.94,47.568,48.532,49.508,50.227,51.473,52.527,53.537,54.415,55.314,56.22,56.925,57.606,58.213,58.741,59.331,59.582,59.977,59.584,59.029,59.351,..
Angola,AGO,"Life expectancy at birth, total (years)",SP.DYN.LE00.IN,38.211,37.267,37.539,37.824,38.131,38.495,38.757,39.092,39.484,39.829,40.19,40.554,40.905,41.27,41.652,41.191,41.163,41.437,41.83,42.175,42.449,42.772,43.051,42.092,42.353,42.648,42.843,40.917,41.545,41.765,41.893,43.813,42.209,42.101,43.422,45.849,46.033,46.306,45.057,45.386,46.024,46.59,47.386,49.617,50.592,51.57,52.369,53.642,54.633,55.752,56.726,57.596,58.623,59.307,60.04,60.655,61.092,61.68,62.144,62.448,62.261,61.643,61.929,..
Antigua and Barbuda,ATG,"Life expectancy at birth, female (years)",SP.DYN.LE00.FE.IN,63.767,64.617,65.506,66.396,67.489,68.445,69.357,70.274,71.067,71.965,72.508,73.215,73.511,73.758,74.26,74.5,74.747,74.964,75.389,75.569,75.669,75.815,75.984,75.953,76.002,76.066,76.072,76.111,76.055,75.895,75.97,75.895,75.941,75.835,76.063,76.222,76.542,76.768,76.964,77.237,77.62,78.136,78.433,78.01,77.964,78.369,78.349,78.769,79.088,79.305,79.434,79.706,79.961,80.23,80.535,80.389,80.645,80.721,81,81.171,81.316,80.941,81.645,..
Antigua and Barbuda,ATG,"Life expectancy at birth, male (years)",SP.DYN.LE00.MA.IN,58.904,59.688,60.464,61.404,62.219,63.183,64.113,64.978,65.787,66.581,67.062,67.609,68.004,68.456,68.762,69.006,69.55,69.73,69.968,70.139,70.359,70.543,70.632,70.71,70.783,70.832,70.835,70.819,70.847,70.801,70.899,70.881,70.808,71.028,71.029,70.971,71.047,71.087,71.058,71.368,71.503,71.912,72.48,72.742,73.153,73.07,72.972,73.277,73.509,73.796,73.959,74.244,74.476,74.671,74.908,75.148,75.366,75.52,75.724,75.909,76.061,75.775,76.507,..
Antigua and Barbuda,ATG,"Life expectancy at birth, total (years)",SP.DYN.LE00.IN,61.55,62.363,63.192,64.101,65.058,66.026,66.956,67.859,68.671,69.535,70.058,70.683,71.016,71.349,71.747,71.977,72.359,72.546,72.871,73.035,73.183,73.338,73.458,73.471,73.524,73.566,73.556,73.554,73.53,73.416,73.492,73.435,73.417,73.482,73.591,73.636,73.829,73.96,74.041,74.347,74.606,75.078,75.536,75.478,75.672,75.825,75.765,76.131,76.41,76.669,76.82,77.104,77.35,77.583,77.858,77.913,78.152,78.268,78.511,78.691,78.841,78.497,79.236,..
Argentina,ARG,"Life expectancy at birth, female (years)",SP.DYN.LE00.FE.IN,67.617,68.031,68.031,68.285,68.261,68.493,68.761,68.99,69.035,69.047,69.705,69.493,69.91,70.35,70.747,71.269,71.489,72.173,72.321,72.548,72.549,73.089,73.039,73.21,73.151,73.253,73.638,74.004,74.381,74.735,74.963,75.635,75.719,75.94,76.049,76.243,76.418,76.464,76.758,76.989,77.223,77.59,78.075,77.276,78.103,78.527,78.716,78.515,78.927,79.07,78.838,79.322,79.953,79.927,80.004,80.188,79.67,80.085,80.329,80.681,79.285,78.647,79.277,..
Argentina,ARG,"Life expectancy at birth, male (years)",SP.DYN.LE00.MA.IN,60.916,61.24,61.035,61.178,61.037,61.235,61.525,61.524,61.317,61.243,61.971,62.028,62.361,62.708,62.803,63.291,63.367,63.93,64.38,64.708,64.826,65.125,65.083,65.518,65.44,66.141,66.655,67.148,67.711,68.09,68.552,68.957,69.095,69.16,70.18,69.95,70.123,69.705,70.149,70.407,70.583,70.749,70.752,70.83,71.53,71.692,72.066,71.487,72.276,72.694,72.516,72.841,72.939,73.011,73.424,73.294,72.933,73.526,73.631,73.857,72.546,72.182,72.851,..
Argentina,ARG,"Life expectancy at birth, total (years)",SP.DYN.LE00.IN,63.978,64.36,64.244,64.449,64.363,64.593,64.891,64.992,64.89,64.859,65.589,65.541,65.923,66.323,66.563,67.081,67.228,67.861,68.197,68.491,68.564,68.976,68.937,69.267,69.195,69.651,70.119,70.564,71.052,71.425,71.784,72.319,72.43,72.565,73.172,73.133,73.307,73.09,73.474,73.722,73.926,74.186,74.408,74.08,74.855,75.139,75.433,75.006,75.641,75.936,75.721,76.124,76.467,76.491,76.755,76.76,76.308,76.833,76.999,77.284,75.892,75.39,76.064,..
Armenia,ARM,"Life expectancy at birth, female (years)",SP.DYN.LE00.FE.IN,64.634,65.074,65.404,65.278,65.52,65.908,65.981,66.296,66.652,67.011,67.17,67.559,67.96,68.004,68.152,68.157,68.355,68.718,69.04,69.403,69.335,69.838,70.153,70.564,70.719,70.874,71.239,70.913,54.599,71.877,71.989,72.122,72.404,72.69,72.948,73.023,73.589,73.293,74.033,73.767,74.152,74.587,74.707,75.375,75.116,75.781,76.011,76.322,76.572,77.149,77.437,77.713,77.483,77.913,78.498,78.833,79.203,79.381,79.601,79.856,76.996,77.35,78.447,..
Armenia,ARM,"Life expectancy at birth, male (years)",SP.DYN.LE00.MA.IN,58.252,58.551,58.849,59.128,59.271,59.548,59.831,60.047,59.954,60.228,60.482,60.754,60.991,61.075,61.326,61.565,61.753,61.79,62.112,62.405,62.729,63.034,63.338,63.544,64.004,64.692,64.838,65.015,53.036,65.293,65.447,65.008,64.747,64.885,65.08,65.445,65.82,66.322,66.785,66.554,66.89,67.073,67.124,67.306,67.494,67.596,67.743,68.08,67.995,68.242,68.597,68.613,69.037,69.062,69.236,69.595,69.673,69.92,69.992,70.403,67.051,66.554,67.866,..
Armenia,ARM,"Life expectancy at birth, total (years)",SP.DYN.LE00.IN,61.431,61.803,62.125,62.223,62.418,62.754,62.945,63.213,63.334,63.656,63.873,64.208,64.535,64.611,64.825,64.962,65.161,65.364,65.701,66.041,66.177,66.579,66.89,67.195,67.507,67.93,68.18,68.095,53.9,68.703,68.821,68.643,68.627,68.841,69.073,69.311,69.783,69.91,70.514,70.257,70.624,70.932,71.018,71.436,71.421,71.792,71.987,72.327,72.398,72.813,73.16,73.305,73.454,73.676,74.058,74.436,74.664,74.906,75.064,75.439,72.173,72.043,73.372,..
Aruba,ABW,"Life expectancy at birth, female (years)",SP.DYN.LE00.FE.IN,67.783,68.269,68.579,68.992,69.18,69.449,69.901,70.281,70.673,71.135,71.585,72.006,72.785,73.487,73.909,74.284,74.417,74.525,74.615,74.746,74.83,75.298,75.504,75.707,75.855,76.052,76.139,76.117,76.113,76.147,76.196,76.147,76.181,76.218,76.253,76.36,76.403,76.355,76.378,76.466,76.477,76.495,76.555,76.503,76.45,76.56,76.542,76.478,76.944,77.371,78.612,78.62,78.603,78.803,78.614,78.644,78.486,78.794,78.854,79.01,78.445,77.315,77.681,..
Aruba,ABW,"Life expectancy at birth, male (years)",SP.DYN.LE00.MA.IN,60.582,60.88,61.023,61.372,61.522,61.686,62.329,62.702,62.966,63.335,63.715,64.073,64.516,64.868,65.259,65.428,65.807,66.14,66.491,66.908,67.372,68.178,68.456,68.587,68.751,68.861,68.954,69.581,70.082,70.039,70.096,70.142,70.177,70.223,70.27,70.311,70.447,70.491,70.54,70.591,70.597,70.724,70.817,70.91,70.63,70.965,71.384,71.797,71.256,71.644,72.126,72.223,72.346,72.361,72.448,72.569,72.582,72.838,73.096,73.286,72.828,71.798,72.145,..
Aruba,ABW,"Life expectancy at birth, total (years)",SP.DYN.LE00.IN,64.152,64.537,64.752,65.132,65.294,65.502,66.063,66.439,66.757,67.168,67.583,67.975,68.577,69.092,69.503,69.762,70.035,70.264,70.494,70.778,71.066,71.722,71.959,72.105,72.251,72.388,72.462,72.789,73.047,73.023,73.076,73.1,73.179,73.225,73.272,73.349,73.448,73.452,73.491,73.561,73.569,73.647,73.726,73.752,73.576,73.811,74.026,74.21,74.147,74.56,75.404,75.465,75.531,75.636,75.601,75.683,75.617,75.903,76.072,76.248,75.723,74.626,74.992,..
Australia,AUS,"Life expectancy at birth, female (years)",SP.DYN.LE00.FE.IN,74,74.2,74.2,74.2,74.2,74.2,74.2,74.26,74.32,74.38,74.44,74.5,74.92,75.34,75.76,76.18,76.6,76.94,77.28,77.62,77.96,78.3,78.48,78.66,78.84,79.02,79.2,79.44,79.68,79.92,80.16,80.4,80.4,80.9,80.9,80.8,81.1,81.4,81.5,81.8,82,82.4,82.6,82.8,83,83.3,83.5,83.7,83.7,83.9,84,84.2,84.3,84.3,84.4,84.5,84.6,84.6,84.9,85,85.3,85.4,85.3,..
Australia,AUS,"Life expectancy at birth, male (years)",SP.DYN.LE00.MA.IN,67.7857142857143,67.9,67.84,67.78,67.72,67.66,67.6,67.64,67.68,67.72,67.76,67.8,68.16,68.52,68.88,69.24,69.6,69.92,70.24,70.56,70.88,71.2,71.5,71.8,72.1,72.4,72.7,73.02,73.34,73.66,73.98,74.3,74.5,75,75,75,75.2,75.7,75.9,76.2,76.6,77,77.4,77.8,78.1,78.5,78.7,79,79.2,79.3,79.5,79.7,79.9,80.1,80.3,80.4,80.4,80.5,80.7,80.9,81.2,81.3,81.2,..
Australia,AUS,"Life expectancy at birth, total (years)",SP.DYN.LE00.IN,70.8170731707317,70.9731707317073,70.9424390243903,70.9117073170732,70.8809756097561,70.850243902439,70.819512195122,70.8692682926829,70.9190243902439,70.9687804878049,71.0185365853659,71.0682926829268,71.4575609756098,71.8468292682927,72.2360975609756,72.6253658536586,73.0146341463415,73.3443902439024,73.6741463414634,74.0039024390244,74.3336585365854,74.6634146341463,74.9048780487805,75.1463414634146,75.3878048780488,75.6292682926829,75.8707317073171,76.1517073170732,76.4326829268293,76.7136585365854,76.9946341463415,77.2756097560976,77.3780487804878,77.8780487804878,77.8780487804878,77.8292682926829,78.0780487804878,78.4804878048781,78.6317073170732,78.9317073170732,79.2341463414634,79.6341463414634,79.9365853658537,80.2390243902439,80.490243902439,80.8414634146341,81.0414634146342,81.2926829268293,81.3951219512195,81.5439024390244,81.6951219512195,81.8951219512195,82.0463414634146,82.1487804878049,82.3,82.4,82.4487804878049,82.5,82.7487804878049,82.9,83.2,83.3,83.2,..
Austria,AUT,"Life expectancy at birth, female (years)",SP.DYN.LE00.FE.IN,71.92,72.84,72.48,72.65,73.2,72.99,73.37,73.37,73.52,73.27,73.5,73.7,74.1,74.6,74.7,74.7,75.1,75.5,75.7,76,76.1,76.5,76.7,76.7,77.3,77.4,77.8,78.2,78.7,78.8,79,79.1,79.3,79.5,79.8,80.1,80.2,80.7,81,81,81.2,81.7,81.7,81.5,82.1,82.2,82.8,83.1,83.3,83.2,83.5,83.8,83.6,83.8,84,83.7,84.1,84,84.1,84.2,83.6,83.7,83.5,..
Austria,AUT,"Life expectancy at birth, male (years)",SP.DYN.LE00.MA.IN,65.41,66.47,66.29,66.39,66.8,66.61,66.88,66.63,66.76,66.56,66.5,66.7,67,67.6,67.5,67.7,68.2,68.5,68.5,68.8,69,69.3,69.4,69.5,70.1,70.4,71,71.5,71.9,71.9,72.3,72.3,72.5,72.8,73.2,73.4,73.7,74.1,74.5,74.9,75.2,75.6,75.8,75.9,76.4,76.6,77.1,77.4,77.7,77.6,77.8,78.3,78.4,78.6,79.1,78.8,79.3,79.4,79.4,79.7,78.9,78.8,78.8,..
Austria,AUT,"Life expectancy at birth, total (years)",SP.DYN.LE00.IN,68.5856097560976,69.5773170731707,69.309512195122,69.4436585365854,69.9219512195122,69.7221951219512,70.0458536585366,69.9178048780488,70.0575609756098,69.8331707317073,69.9146341463415,70.1146341463415,70.4634146341463,71.0146341463415,71.0121951219512,71.1146341463415,71.5658536585366,71.9146341463415,72.0121951219512,72.3121951219512,72.4634146341463,72.8121951219512,72.9609756097561,73.0121951219512,73.6121951219512,73.8146341463415,74.3170731707317,74.7682926829268,75.2170731707317,75.2658536585366,75.5682926829269,75.6170731707317,75.8170731707317,76.0682926829268,76.419512195122,76.6682926829268,76.8707317073171,77.319512195122,77.6707317073171,77.8756097560976,78.1268292682927,78.5756097560976,78.6780487804878,78.6317073170732,79.1804878048781,79.3317073170732,79.8804878048781,80.1804878048781,80.4317073170732,80.3317073170732,80.5804878048781,80.9829268292683,80.9365853658537,81.1365853658537,81.490243902439,81.190243902439,81.6414634146342,81.6439024390244,81.6926829268293,81.8951219512195,81.1926829268293,81.190243902439,81.0926829268293,..
Azerbaijan,AZE,"Life expectancy at birth, female (years)",SP.DYN.LE00.FE.IN,60.031,60.314,60.73,61.107,61.452,61.913,61.831,62.092,62.614,62.674,63.107,63.487,63.902,64.018,64.356,64.289,64.613,64.578,64.688,64.784,64.882,65.033,65.15,65.579,65.343,65.377,65.507,66.082,66.282,66.013,66.053,66.004,65.966,65.921,66.071,66.511,66.564,67.08,67.599,68.172,68.794,69.356,69.884,70.336,70.771,70.947,71.557,72.025,71.989,72.777,72.821,73.344,73.833,74.277,74.384,74.788,75.587,75.467,75.708,75.832,70.998,73.287,76.249,..
Azerbaijan,AZE,"Life expectancy at birth, male (years)",SP.DYN.LE00.MA.IN,51.386,51.791,52.021,52.396,52.642,53.017,53.194,53.524,53.791,54.176,54.573,54.86,55.327,55.688,55.727,56.011,56.064,56.347,56.45,56.695,57.006,57.266,57.456,58.037,58.276,58.523,58.608,58.778,58.903,58.896,58.423,57.919,56.583,56.611,57.044,58.009,58.594,58.849,59.539,60.276,61.032,61.697,62.589,63.161,63.881,64.154,64.762,65.189,65.623,65.976,66.255,66.64,66.905,67.482,67.813,68.081,68.411,68.953,69.693,70.23,62.986,65.646,70.55,..
Azerbaijan,AZE,"Life expectancy at birth, total (years)",SP.DYN.LE00.IN,55.837,56.192,56.516,56.898,57.196,57.619,57.672,57.973,58.367,58.599,59.018,59.353,59.803,60.045,60.228,60.337,60.521,60.627,60.713,60.867,61.081,61.291,61.447,61.96,61.956,62.093,62.194,62.569,62.729,62.582,62.352,62.052,61.296,61.286,61.594,62.305,62.622,62.973,63.561,64.189,64.891,65.51,66.239,66.756,67.346,67.562,68.165,68.603,68.811,69.356,69.529,69.984,70.36,70.881,71.116,71.451,72.004,72.248,72.76,73.102,66.868,69.366,73.488,..
"Bahamas, The",BHS,"Life expectancy at birth, female (years)",SP.DYN.LE00.FE.IN,65.655,65.974,66.336,66.679,67.038,67.354,67.653,67.95,68.323,68.726,69.008,69.272,69.559,69.662,70.207,70.499,70.904,71.142,71.186,70.911,70.994,71.262,71.777,72.237,72.77,72.89,72.885,72.433,72.681,72.842,73.383,73.592,73.859,73.9,74.025,74.038,73.989,74.424,74.671,74.904,75.187,75.371,75.483,75.666,75.705,76.028,76.176,75.87,75.962,76.071,76.149,75.762,75.922,76.295,76.639,76.372,76.938,77.17,77.32,73.83,76.27,75.096,77.843,..
"Bahamas, The",BHS,"Life expectancy at birth, male (years)",SP.DYN.LE00.MA.IN,59.977,60.272,60.449,60.741,61.049,61.371,61.676,61.972,62.365,62.62,62.905,63.116,63.364,63.419,63.896,64.056,64.843,64.727,64.142,64.025,64.241,64.432,65.233,66.147,66.036,65.763,65.803,65.511,65.811,66.349,66.845,65.766,67.421,67.371,67.626,67.459,67.409,67.667,68.19,68.571,68.826,68.794,68.922,69.078,69.183,69.434,69.473,69.417,69.319,69.068,69.278,69.301,69.509,69.684,70.013,69.76,70.067,70.04,70.225,68.445,69.102,68.121,70.757,..
"Bahamas, The",BHS,"Life expectancy at birth, total (years)",SP.DYN.LE00.IN,62.896,63.185,63.433,63.732,64.05,64.362,64.659,64.948,65.328,65.646,65.926,66.151,66.413,66.488,67.001,67.221,67.84,67.88,67.562,67.366,67.521,67.746,68.436,69.161,69.351,69.257,69.285,68.924,69.215,69.598,70.133,69.616,70.668,70.656,70.851,70.763,70.71,71.054,71.456,71.771,72.041,72.11,72.232,72.402,72.478,72.765,72.855,72.678,72.667,72.579,72.731,72.564,72.753,73.024,73.366,73.104,73.537,73.632,73.806,71.205,72.677,71.598,74.358,..
Bahrain,BHR,"Life expectancy at birth, female (years)",SP.DYN.LE00.FE.IN,51.4,53.059,54.584,56.191,57.835,59.251,60.733,62.101,63.471,64.454,65.616,66.851,67.645,68.461,69.109,69.799,70.457,70.777,71.339,71.637,72.173,72.362,72.808,72.976,73.115,73.178,73.283,73.333,73.34,73.671,73.701,73.599,73.995,74.352,74.702,75.111,75.963,76.367,76.636,76.716,77.48,77.669,77.908,77.97,78.253,78.723,78.941,79.469,79.719,79.901,79.966,80.109,80.369,80.646,80.813,80.84,81.033,81.116,81.195,81.319,80.433,80.018,80.497,..
Bahrain,BHR,"Life expectancy at birth, male (years)",SP.DYN.LE00.MA.IN,49.557,51.422,53.047,54.617,55.998,57.466,58.851,60.172,61.423,62.709,63.556,64.658,65.414,66.229,66.935,67.484,68.132,68.718,68.972,69.554,69.821,70.269,70.465,70.684,71.154,71.269,71.469,71.6,71.715,71.787,71.84,72.05,72.112,72.578,72.596,72.802,73.182,73.233,73.245,73.735,74.099,74.634,74.772,75.126,75.308,75.617,75.842,76.281,76.838,77.323,77.737,77.882,78.03,78.126,78.2,78.342,78.462,78.612,78.816,78.98,78.165,77.757,78.242,..
Bahrain,BHR,"Life expectancy at birth, total (years)",SP.DYN.LE00.IN,50.33,52.112,53.697,55.285,56.778,58.228,59.656,61.002,62.31,63.475,64.45,65.607,66.373,67.183,67.864,68.466,69.118,69.604,69.978,70.456,70.826,71.183,71.47,71.668,72.012,72.106,72.269,72.369,72.444,72.619,72.668,72.764,72.953,73.375,73.517,73.799,74.355,74.535,74.641,74.98,75.496,75.908,76.088,76.337,76.56,76.931,77.156,77.634,78.084,78.461,78.748,78.89,79.081,79.246,79.328,79.405,79.557,79.689,79.857,80.019,79.174,78.76,79.246,..
Bangladesh,BGD,"Life expectancy at birth, female (years)",SP.DYN.LE00.FE.IN,44.314,45.192,46.122,45.745,46.901,45.79,47.638,47.958,48.131,48.21,40.665,32.225,48.541,48.813,48.084,49.284,49.357,50.134,50.109,50.3,50.81,51.083,51.521,52.019,52.707,53.32,53.64,54.303,54.406,54.022,54.757,53.07,57.049,57.25,58.095,59.005,58.62,61.315,63.947,66.022,66.109,66.66,67.627,68.218,68.534,68.817,68.793,68.213,68.731,68.863,70.312,70.467,71.831,72.54,72.42,72.739,73.325,73.95,74.346,75.09,73.957,74.267,76.012,..
Bangladesh,BGD,"Life expectancy at birth, male (years)",SP.DYN.LE00.MA.IN,45.121,46.083,47.226,47.5,48.52,47.858,49.453,49.707,49.982,50.066,44.485,22.302,50.594,50.793,50.184,51.245,51.894,52.21,52.354,52.586,52.848,53.215,53.518,53.961,54.331,54.439,55.152,55.516,55.62,56.135,57.211,55.217,58.192,58.575,59.113,59.905,60.341,61.526,63.877,66.394,65.472,65.665,65.74,65.648,66.038,66.005,65.911,65.417,65.597,66.111,67.165,67.339,67.605,67.108,67.876,68.498,69.085,69.822,70.889,70.713,70.187,70.599,71.514,..
Bangladesh,BGD,"Life expectancy at birth, total (years)",SP.DYN.LE00.IN,44.74,45.662,46.701,46.655,47.741,46.858,48.577,48.865,49.09,49.172,42.587,25.996,49.591,49.828,49.16,50.292,50.647,51.197,51.254,51.464,51.85,52.169,52.54,53.011,53.54,53.897,54.415,54.926,55.027,55.089,55.989,54.154,57.635,57.927,58.617,59.467,59.492,61.427,63.917,66.228,65.779,66.135,66.612,66.824,67.187,67.299,67.241,66.714,67.051,67.403,68.638,68.809,69.554,69.565,69.986,70.491,71.09,71.788,72.567,72.806,71.968,72.381,73.698,..
Barbados,BRB,"Life expectancy at birth, female (years)",SP.DYN.LE00.FE.IN,66.249,67.113,67.708,68.373,68.924,69.326,69.8,70.019,70.149,70.586,70.379,70.782,71.098,71.362,71.633,72.011,72.27,72.871,73.251,73.695,74.281,74.363,74.506,74.844,74.96,74.746,74.926,75.035,75.083,75.192,75.15,75.286,75.371,75.813,75.882,75.89,76.138,76.129,76.276,76.481,76.368,76.425,76.481,76.668,76.835,76.942,77.2,77.497,77.576,77.819,77.68,77.869,78.031,78.213,78.436,78.591,78.724,78.841,78.958,79.123,79.21,79.359,79.581,..
Barbados,BRB,"Life expectancy at birth, male (years)",SP.DYN.LE00.MA.IN,62.302,62.971,63.543,64.019,64.548,64.919,65.298,65.435,65.735,65.931,65.891,66.153,66.518,66.745,67.183,67.605,67.94,68.366,68.813,69.173,69.404,69.736,69.98,70.115,70.122,70.143,70.093,70.184,70.076,70.12,70.165,70.219,70.278,70.387,70.364,70.526,70.772,70.787,71.006,71.418,71.63,71.881,72.065,72.091,72.433,72.652,72.751,73.002,73.137,73.357,73.567,73.785,73.989,74.163,74.342,74.54,74.737,74.863,75.013,75.23,75.418,75.629,75.677,..
Barbados,BRB,"Life expectancy at birth, total (years)",SP.DYN.LE00.IN,64.564,65.318,65.897,66.487,67.02,67.376,67.805,67.944,68.114,68.44,68.272,68.598,68.929,69.167,69.519,69.921,70.208,70.719,71.122,71.526,71.921,72.12,72.297,72.537,72.596,72.495,72.568,72.675,72.652,72.74,72.752,72.843,72.915,73.19,73.211,73.298,73.546,73.547,73.728,74.039,74.089,74.247,74.366,74.472,74.727,74.89,75.068,75.342,75.447,75.678,75.712,75.917,76.099,76.275,76.476,76.65,76.815,76.936,77.067,77.257,77.393,77.571,77.706,..
Belarus,BLR,"Life expectancy at birth, female (years)",SP.DYN.LE00.FE.IN,72.736,73.124,73.04,73.121,74.2,74.273,74.405,74.74,74.497,75.009,74.714,74.657,74.721,74.753,74.816,74.653,74.52,74.614,74.335,74.611,74.308,74.443,74.806,74.505,74.553,75.5,75.98,75.6,75.9,76.4,75.6,75.5,75.4,74.4,74.3,74.3,74.3,74.3,74.4,73.9,74.7,74.5,74.1,74.7,75,75.1,75.5,76.2,76.5,76.4,76.5,76.7,77.6,77.9,78.4,78.9,79,79.2,79.4,79.4,77.866,77.697,78.384,..
Belarus,BLR,"Life expectancy at birth, male (years)",SP.DYN.LE00.MA.IN,65.939,66.514,66.055,66.461,67.209,67.097,67.306,67.301,67.304,67.139,66.964,67.54,67.162,67.427,67.082,66.461,66.47,66.17,66.031,65.479,65.756,65.588,65.573,65.309,64.811,66.7,67.33,66.6,67,66.8,66.3,65.5,64.9,63.8,63.5,62.9,63,62.9,62.7,62.2,63.4,62.8,62.3,62.7,63.2,62.9,63.6,64.5,64.7,64.7,64.6,64.7,66.6,67.3,67.8,68.6,68.9,69.3,69.2,69.3,67.306,67.298,68.09,..
Belarus,BLR,"Life expectancy at birth, total (years)",SP.DYN.LE00.IN,69.2546097560976,69.7383902439024,69.4623170731708,69.7097804878049,70.619243902439,70.5974878048781,70.7689268292683,70.9297804878049,70.8127804878049,70.9780243902439,70.7444878048781,71.0117073170732,70.8493170731708,71.0006585365854,70.8546829268293,70.4570975609756,70.3968292682927,70.2890243902439,70.0817317073171,69.9336341463415,69.9277073170732,69.907512195122,70.0769024390244,69.7948536585366,69.5631951219512,70.9926829268293,71.549512195122,70.990243902439,71.3414634146341,71.4829268292683,70.8365853658537,70.3780487804878,70.0219512195122,68.9707317073171,68.7682926829268,68.4609756097561,68.5121951219512,68.4609756097561,68.4073170731707,67.9073170731707,68.9121951219512,68.5073170731707,68.0560975609756,68.5536585365854,68.9560975609756,68.8512195121951,69.4048780487805,70.2073170731707,70.4560975609756,70.4073170731707,70.4048780487805,70.5536585365854,71.9658536585366,72.4707317073171,72.9707317073171,73.6243902439025,73.8268292682927,74.1292682926829,74.1756097560976,74.2268292682927,72.4572195121951,72.3706829268293,73.1114634146342,..
Belgium,BEL,"Life expectancy at birth, female (years)",SP.DYN.LE00.FE.IN,72.77,73.63,73.18,73.14,73.9,73.76,73.8,74.25,73.92,74.13,74.25,74.4,74.76,74.98,75.31,75.28,75.49,76.18,76.14,76.61,76.69,77.12,77.33,77.27,77.98,78.08,78.23,78.9,79.1,79.09,79.54,79.67,79.87,79.9,80.19,80.38,80.66,80.7,80.7,81,81,81.2,81.2,81.1,81.9,81.9,82.3,82.6,82.6,82.8,83,83.3,83.1,83.2,83.9,83.4,84,83.9,83.9,84.3,83,84.3,83.9,..
Belgium,BEL,"Life expectancy at birth, male (years)",SP.DYN.LE00.MA.IN,66.78,67.56,67.4,67.11,67.76,67.64,67.76,67.93,67.62,67.56,67.85,67.88,68.21,68.45,68.82,68.82,68.91,69.53,69.42,69.94,69.89,70.29,70.61,70.63,71,71.13,71.4,72,72.2,72.34,72.73,72.88,73,72.96,73.36,73.47,73.88,74.2,74.4,74.4,74.6,74.9,75.1,75.3,76,76.2,76.6,77.1,76.9,77.4,77.5,78,77.8,78.1,78.8,78.7,79,79.2,79.4,79.8,78.5,79.4,79.6,..
Belgium,BEL,"Life expectancy at birth, total (years)",SP.DYN.LE00.IN,69.7019512195122,70.5209756097561,70.219512195122,70.0514634146342,70.7551219512195,70.6253658536586,70.7063414634146,71.0129268292683,70.6931707317073,70.7648780487805,70.9719512195122,71.0604878048781,71.4051219512195,71.6353658536586,71.9858536585366,71.9712195121951,72.119756097561,72.7739024390244,72.6980487804878,73.1936585365854,73.2070731707317,73.6217073170732,73.8880487804878,73.8690243902439,74.4048780487805,74.520243902439,74.7317073170732,75.3658536585366,75.5658536585366,75.6326829268293,76.0519512195122,76.1921951219512,76.3512195121951,76.3453658536585,76.6917073170732,76.8407317073171,77.1873170731707,77.3707317073171,77.4731707317073,77.619512195122,77.7219512195122,77.9731707317073,78.0756097560976,78.1292682926829,78.8780487804878,78.9804878048781,79.380487804878,79.7829268292683,79.6804878048781,80.0341463414634,80.1829268292683,80.5853658536585,80.3853658536585,80.5878048780488,81.2878048780488,80.9926829268293,81.4390243902439,81.4926829268293,81.5951219512195,81.9951219512195,80.6951219512195,81.790243902439,81.6975609756098,..
Belize,BLZ,"Life expectancy at birth, female (years)",SP.DYN.LE00.FE.IN,60.42,54.21,61.105,61.624,61.927,62.327,62.773,63.464,63.942,64.526,65.297,65.552,65.807,66.509,66.65,67.377,68.136,68.594,68.808,69.224,69.353,69.538,69.203,69.652,70.606,70.741,71.573,72.097,72.575,72.836,72.487,71.906,71.462,71.632,72.483,71.981,72.172,71.444,70.884,71.209,71.06,70.95,71.528,71.612,71.853,71.829,72.775,73.484,74.045,74.861,75.37,75.677,76.13,76.266,76.341,76.486,76.668,76.845,77.021,77.247,76.626,74.332,74.685,..
Belize,BLZ,"Life expectancy at birth, male (years)",SP.DYN.LE00.MA.IN,56.016,52.522,56.989,57.607,58.26,58.99,59.228,59.631,60.515,61.087,61.72,62.905,63.152,62.843,63.492,64.58,64.52,64.594,65.096,65.701,66.267,66.699,66.797,66.738,66.839,68.278,67.988,68.458,69.131,68.803,69.139,68.721,68.614,68.474,68.351,67.978,67.671,67.187,66.536,66.591,66.338,66.057,66.306,66.518,66.893,67.177,67.717,68.168,68.618,69.175,69.588,70.019,70.714,71.35,70.674,70.357,70.584,70.731,70.84,71.062,69.564,67.119,67.721,..
Belize,BLZ,"Life expectancy at birth, total (years)",SP.DYN.LE00.IN,58.163,53.356,59,59.569,60.057,60.629,60.963,61.5,62.192,62.77,63.468,64.204,64.453,64.622,65.03,65.942,66.268,66.518,66.885,67.399,67.756,68.068,67.955,68.14,68.64,69.462,69.704,70.198,70.781,70.724,70.744,70.248,69.979,69.988,70.316,69.887,69.806,69.212,68.599,68.773,68.564,68.357,68.752,68.909,69.227,69.376,70.093,70.655,71.151,71.819,72.272,72.651,73.245,73.666,73.311,73.187,73.399,73.562,73.703,73.931,72.854,70.47,70.962,..
Benin,BEN,"Life expectancy at birth, female (years)",SP.DYN.LE00.FE.IN,38.971,39.338,39.729,40.217,40.58,41.074,41.605,42.027,42.573,42.788,43.166,43.639,44.239,44.762,45.288,46.028,46.929,47.839,48.954,49.58,50.197,50.7,51.314,52.085,52.703,53.205,53.913,54.561,54.967,55.383,56.013,56.378,56.761,56.932,57.08,57.14,57.085,57.587,58.024,58.347,58.428,58.349,58.002,58.164,58.05,58.504,58.836,58.93,59.24,59.311,59.68,59.733,59.775,60.213,60.265,60.682,60.731,61.199,61.354,61.858,61.485,61.445,61.676,..
Benin,BEN,"Life expectancy at birth, male (years)",SP.DYN.LE00.MA.IN,37.377,37.73,38.111,38.429,38.914,39.27,39.666,40.055,40.44,40.88,41.184,41.495,42.05,42.406,42.858,43.312,44.027,44.502,44.974,45.169,45.585,45.952,46.351,46.643,46.874,47.602,48.29,48.812,49.643,50.006,50.592,50.894,51.431,52.123,52.711,53.393,53.962,54.304,54.357,54.654,54.684,54.924,55.158,55.263,55.552,55.703,56.033,56.379,56.462,56.568,57.014,57.163,57.627,57.696,57.962,58.058,58.332,58.505,58.916,59.05,58.693,58.221,58.265,..
Benin,BEN,"Life expectancy at birth, total (years)",SP.DYN.LE00.IN,38.181,38.542,38.928,39.334,39.758,40.184,40.648,41.055,41.522,41.849,42.189,42.581,43.158,43.596,44.085,44.681,45.488,46.176,46.961,47.362,47.877,48.31,48.813,49.333,49.747,50.374,51.075,51.659,52.294,52.684,53.292,53.624,54.089,54.537,54.91,55.295,55.558,55.978,56.218,56.526,56.578,56.66,56.606,56.738,56.826,57.125,57.456,57.675,57.869,57.956,58.363,58.462,58.716,58.965,59.125,59.377,59.539,59.856,60.14,60.454,60.088,59.821,59.954,..
Bermuda,BMU,"Life expectancy at birth, female (years)",SP.DYN.LE00.FE.IN,70.191,66.236,67.574,64.433,70.335,70.493,66.781,72.902,72.509,72.29,74.988,72.719,74.192,75.647,76.219,76.485,75.683,76.137,76.931,76.825,77.654,77.711,78.227,78.295,77.693,76.478,77.665,78.206,79.219,77.867,78.529,78.973,76.435,78.695,76.325,79.624,81.204,81.522,82.931,82.06,82.269,83.987,82.351,81.39,84.982,81.545,81.278,83.699,81.763,83.025,85.288,85.688,85.855,84.062,82.753,85.758,85.35,85.418,83.981,84.178,84.272,82.708,84.507,..
Bermuda,BMU,"Life expectancy at birth, male (years)",SP.DYN.LE00.MA.IN,64.28,62.054,60.428,63.027,65.066,65.375,60.461,64.388,65.016,64.665,64.799,64.812,66.198,68.424,68.821,68.908,68.311,68.316,69.02,69.9,69.453,69.829,69.518,70.14,71.385,70.245,69.436,70.004,70.808,70.77,70.643,70.96,71.114,70.464,70.846,72.616,75.095,74.358,76.684,75.83,75.293,75.701,78.669,77.079,77.112,74.349,73.954,75.137,75.425,76.827,75.921,77.138,76.796,76.017,76.262,76.427,76.231,79.119,77.594,77.791,77.885,75.817,78.435,..
Bermuda,BMU,"Life expectancy at birth, total (years)",SP.DYN.LE00.IN,67.162,64.111,63.837,63.778,67.641,67.848,63.426,68.358,68.535,68.211,69.478,68.502,69.961,71.888,72.394,72.573,71.862,72.083,72.854,73.299,73.454,73.684,73.746,74.116,74.526,73.337,73.428,73.996,74.91,74.269,74.5,74.886,73.8,74.487,73.608,76.137,78.225,77.995,79.949,79.053,78.858,79.871,80.631,79.345,81.12,77.927,77.585,79.361,78.623,79.996,80.499,81.403,81.272,79.992,79.518,80.918,80.608,82.351,80.825,81.033,81.136,79.28,81.571,..
Bhutan,BTN,"Life expectancy at birth, female (years)",SP.DYN.LE00.FE.IN,34.414,34.892,35.424,36.001,36.606,37.236,37.908,38.619,39.328,40.188,41.008,41.8,42.576,43.469,44.284,45.108,45.979,46.874,47.686,48.544,49.383,50.212,51.041,51.811,52.552,53.286,54.119,54.942,55.784,56.575,57.324,58.019,58.82,59.53,60.047,60.974,61.687,62.36,63.092,63.777,63.577,65.019,65.703,66.335,66.917,67.463,68.099,68.675,69.199,69.561,70.092,70.628,71.091,71.451,71.798,72.072,72.317,72.576,72.914,73.236,73.536,73.773,74.152,..
Bhutan,BTN,"Life expectancy at birth, male (years)",SP.DYN.LE00.MA.IN,32.575,33.063,33.583,34.134,34.714,35.334,35.99,36.656,37.32,38.187,39.023,39.831,40.718,41.564,42.381,43.211,44.062,44.863,45.679,46.455,47.239,48.048,48.86,49.656,50.441,51.147,51.923,52.712,53.462,54.174,54.848,55.504,56.268,56.947,57.464,58.306,58.986,59.598,60.263,60.94,60.712,62.134,62.727,63.335,63.898,64.427,64.915,65.515,66.073,66.495,67.027,67.407,67.836,68.233,68.567,68.875,69.141,69.371,69.602,69.813,69.965,70.141,70.57,..
Bhutan,BTN,"Life expectancy at birth, total (years)",SP.DYN.LE00.IN,33.465,33.946,34.469,35.029,35.618,36.24,36.901,37.584,38.266,39.127,39.953,40.753,41.586,42.451,43.265,44.09,44.947,45.789,46.599,47.411,48.218,49.034,49.853,50.637,51.4,52.118,52.919,53.72,54.513,55.261,55.968,56.642,57.423,58.117,58.635,59.516,60.212,60.852,61.549,62.23,62.01,63.444,64.078,64.696,65.268,65.805,66.362,66.954,67.499,67.897,68.43,68.881,69.326,69.707,70.049,70.343,70.602,70.847,71.129,71.391,71.609,71.815,72.229,..
Bolivia,BOL,"Life expectancy at birth, female (years)",SP.DYN.LE00.FE.IN,45.076,45.279,45.635,45.986,46.161,46.476,46.894,47.136,47.544,47.875,48.215,48.683,49.12,49.553,49.95,50.422,50.807,51.237,51.589,52.02,52.529,52.919,53.351,53.713,54.23,54.734,55.192,55.836,56.511,57.201,57.886,58.626,59.093,60.044,60.718,61.291,61.885,62.523,63.207,63.874,64.394,64.99,65.556,65.977,66.242,66.676,67.106,67.354,67.857,68.358,68.688,69.088,69.312,69.663,69.771,69.911,70.259,70.347,70.383,70.475,67.841,66.8,67.907,..
Bolivia,BOL,"Life expectancy at birth, male (years)",SP.DYN.LE00.MA.IN,41.164,41.55,41.972,42.198,42.59,42.962,43.357,43.712,44.059,44.557,44.979,45.438,45.872,46.392,46.931,47.227,47.715,48.222,48.758,49.292,49.814,50.299,50.736,51.081,51.694,52.141,52.649,53.138,53.791,54.34,54.959,55.573,56.165,56.805,57.295,57.82,58.339,59.04,59.537,59.975,60.419,60.836,61.212,61.463,61.916,62.252,62.613,62.859,63.206,63.581,63.821,64.163,64.288,64.57,64.737,64.9,65.17,65.228,65.279,65.37,61.559,60.879,62.265,..
Bolivia,BOL,"Life expectancy at birth, total (years)",SP.DYN.LE00.IN,43.1,43.4,43.791,44.077,44.366,44.712,45.118,45.419,45.796,46.215,46.597,47.061,47.497,47.975,48.446,48.826,49.264,49.734,50.181,50.665,51.181,51.619,52.053,52.405,52.971,53.446,53.929,54.492,55.156,55.772,56.422,57.097,57.629,58.418,58.989,59.534,60.084,60.752,61.332,61.871,62.346,62.843,63.306,63.635,64.004,64.386,64.779,65.027,65.446,65.88,66.162,66.534,66.705,67.021,67.163,67.318,67.628,67.701,67.748,67.841,64.467,63.63,64.928,..
Bosnia and Herzegovina,BIH,"Life expectancy at birth, female (years)",SP.DYN.LE00.FE.IN,63.693,64.445,65.113,65.845,66.579,67.164,67.773,68.23,68.654,69.079,69.64,70.168,70.761,71.19,71.857,72.457,72.733,73.219,73.357,73.537,73.889,74.04,74.246,74.526,74.13,73.511,74.144,74.252,74.465,74.428,75.4,75.314,64.254,64.383,75.222,74.331,76.205,76.393,76.386,77.871,77.311,77.988,76.83,78.55,78.692,78.332,79.141,78.953,79.607,79.726,79.652,79.382,79.867,78.624,77.709,78.112,78.768,78.958,79.093,79.22,78.414,77.53,77.498,..
Bosnia and Herzegovina,BIH,"Life expectancy at birth, male (years)",SP.DYN.LE00.MA.IN,58.367,59.243,59.877,60.661,61.257,61.878,62.495,62.798,63.033,63.244,63.656,64.076,64.502,65.144,65.763,66.25,66.463,66.772,66.825,67.057,67.134,67.296,67.444,67.588,67.842,67.957,68.221,68.957,68.918,69.01,69.211,68.821,43.494,43.012,60.361,66.256,70.413,70.753,71.197,72.039,71.484,71.932,72.21,72.806,73.357,72.36,73.174,73.201,73.892,74.067,74.341,74.492,74.406,73.945,73.539,74.18,74.775,74.849,75.034,75.208,74.04,73.108,73.126,..
Bosnia and Herzegovina,BIH,"Life expectancy at birth, total (years)",SP.DYN.LE00.IN,61.037,61.856,62.511,63.274,63.948,64.555,65.171,65.553,65.883,66.2,66.688,67.163,67.672,68.216,68.862,69.405,69.648,70.041,70.132,70.34,70.543,70.7,70.875,71.081,71.036,70.799,71.239,71.676,71.755,71.781,72.349,72.089,51.785,51.519,67.209,70.284,73.43,73.686,73.901,75.076,74.496,75.06,74.612,75.782,76.133,75.42,76.247,76.161,76.838,76.976,77.073,77.007,77.191,76.33,75.659,76.182,76.808,76.935,77.093,77.241,76.225,75.3,75.293,..
Botswana,BWA,"Life expectancy at birth, female (years)",SP.DYN.LE00.FE.IN,52.78,53.318,53.828,54.322,54.804,55.284,55.76,56.216,56.673,57.158,57.667,58.183,58.724,59.298,59.89,60.509,61.124,61.768,62.355,62.865,63.357,63.883,64.366,64.838,65.337,65.629,65.785,65.727,65.035,64.846,64.037,63.018,61.862,60.67,59.507,58.225,57.032,55.807,54.662,53.651,52.84,52.448,52.388,52.648,53.276,54.383,55.147,56.99,58.443,60.03,61.829,62.816,62.928,64.637,65.391,66.284,68.059,69.428,67.371,67.891,68.051,63.594,68.399,..
Botswana,BWA,"Life expectancy at birth, male (years)",SP.DYN.LE00.MA.IN,47.842,48.332,48.809,49.29,49.733,50.163,50.56,50.973,51.403,51.856,52.322,52.848,53.397,53.974,54.556,55.136,55.739,56.312,56.815,57.32,57.807,58.277,58.71,59.107,59.337,59.566,59.533,59.292,58.469,58.021,57.057,55.968,54.865,54.749,52.848,51.927,51.669,51.054,50.342,49.692,49.136,48.86,48.837,49.199,49.902,50.783,52.596,54.371,55.689,56.431,58.093,58.173,58.587,59.302,59.781,61.262,62.77,63.968,63.336,62.934,63.142,58.691,63.328,..
Botswana,BWA,"Life expectancy at birth, total (years)",SP.DYN.LE00.IN,50.372,50.891,51.389,51.881,52.349,52.809,53.264,53.721,54.188,54.684,55.197,55.745,56.3,56.861,57.424,57.998,58.583,59.169,59.691,60.176,60.646,61.125,61.57,62.004,62.364,62.626,62.678,62.522,61.755,61.427,60.533,59.473,58.348,57.719,56.154,55.059,54.357,53.448,52.523,51.694,51.011,50.676,50.632,50.947,51.617,52.61,53.918,55.732,57.121,58.279,60.013,60.53,60.8,61.996,62.608,63.818,65.464,66.753,65.422,65.464,65.647,61.141,65.913,..
Brazil,BRA,"Life expectancy at birth, female (years)",SP.DYN.LE00.FE.IN,55.241,55.782,56.268,56.776,57.223,57.691,58.078,58.477,58.92,59.321,59.73,60.155,60.582,61.022,61.364,61.816,62.224,62.685,63.147,63.653,64.179,64.741,65.288,65.778,66.26,66.718,67.209,67.715,68.091,68.532,69.041,69.335,69.775,70.18,70.646,71.089,71.592,72.03,72.432,72.813,73.431,73.969,74.189,74.42,74.916,75.402,75.665,75.88,76.134,76.299,76.592,76.651,76.869,77.12,77.432,77.572,77.848,78.032,78.266,78.469,77.375,76.009,76.596,..
Brazil,BRA,"Life expectancy at birth, male (years)",SP.DYN.LE00.MA.IN,50.281,50.788,51.346,51.835,52.265,52.671,53.058,53.446,53.883,54.348,54.779,55.182,55.641,56.077,56.54,57.027,57.489,57.924,58.416,58.97,59.494,60.028,60.525,60.984,61.389,61.783,62.181,62.559,62.929,63.315,63.099,63.442,63.799,64.19,64.637,64.905,65.376,65.743,66.091,66.381,66.262,66.644,66.845,67.206,67.537,68.252,68.545,68.956,69.378,69.664,69.844,70.089,70.287,70.745,71.191,71.124,71.092,71.635,71.956,72.203,70.7,69.56,70.296,..
Brazil,BRA,"Life expectancy at birth, total (years)",SP.DYN.LE00.IN,52.66,53.183,53.71,54.209,54.648,55.084,55.473,55.868,56.31,56.748,57.171,57.586,58.032,58.472,58.881,59.353,59.792,60.24,60.72,61.253,61.781,62.333,62.856,63.331,63.773,64.198,64.64,65.08,65.454,65.868,65.985,66.31,66.708,67.109,67.568,67.919,68.409,68.813,69.189,69.524,69.737,70.195,70.41,70.72,71.131,71.753,72.037,72.365,72.715,72.948,73.182,73.343,73.552,73.918,74.306,74.332,74.442,74.827,75.109,75.338,74.009,72.75,73.425,..
British Virgin Islands,VGB,"Life expectancy at birth, female (years)",SP.DYN.LE00.FE.IN,60.606,61.985,63.445,64.91,65.666,66.059,66.115,66.339,67.131,68.792,70.547,70.731,70.718,71.851,72.578,72.037,72.166,71.742,70.895,70.939,71.088,70.739,72.133,72.505,73.79,74.423,74.313,74.132,74.724,74.817,74.939,73.714,74.963,75.279,75.166,75.72,76.637,76.532,77.592,77.201,76.8,76.518,76.365,76.288,76.51,77.515,76.734,77.954,77.175,78.21,78.187,78.27,78.331,78.423,78.48,78.582,78.644,77.416,78.767,78.804,78.763,77.457,79.256,..
British Virgin Islands,VGB,"Life expectancy at birth, male (years)",SP.DYN.LE00.MA.IN,58.593,58.547,59.839,62.191,63.653,64.448,64.6,63.95,63.197,62.765,63.595,64.268,64.366,64.705,64.564,64.553,64.892,65.366,65.073,64.715,65.032,66.462,68.047,69.684,70.758,72.6,73.259,73.088,72.979,73.448,73.147,72.2,71.981,72.949,72.351,73.013,72.977,72.662,72.748,72.175,71.664,71.661,71.846,72.028,72.297,72.32,73.218,72.492,73.046,72.646,72.949,72.979,72.991,72.984,72.997,73.014,73.031,72.338,73.093,73.113,73.11,71.749,73.622,..
British Virgin Islands,VGB,"Life expectancy at birth, total (years)",SP.DYN.LE00.IN,59.564,60.219,61.601,63.533,64.647,65.238,65.333,65.078,65.018,65.469,66.609,67.09,67.143,67.809,68.025,67.834,68.074,68.163,67.644,67.463,67.715,68.371,69.869,70.939,72.101,73.403,73.715,73.532,73.73,74.032,73.927,72.872,73.324,73.996,73.63,74.24,74.622,74.403,74.906,74.412,73.966,73.846,73.891,73.986,74.251,74.723,74.88,75.039,75.007,75.26,75.428,75.486,75.532,75.574,75.612,75.675,75.724,74.785,75.831,75.863,75.849,74.494,76.373,..
Brunei Darussalam,BRN,"Life expectancy at birth, female (years)",SP.DYN.LE00.FE.IN,57.215,58.195,59.117,60.101,60.84,61.437,62.141,62.634,63.163,63.762,64.361,65.016,65.742,66.44,67.124,67.773,68.376,68.968,69.487,69.982,70.546,70.934,71.378,71.715,72.078,72.418,72.773,72.953,73.255,73.542,73.833,74.086,74.373,74.654,74.929,75.228,75.525,75.803,76.061,76.308,76.524,76.7,76.85,76.956,77.038,77.089,77.124,77.143,77.149,77.152,77.142,77.126,77.096,77.056,77.041,77.001,76.978,76.963,76.956,76.986,77.033,76.881,76.791,..
Brunei Darussalam,BRN,"Life expectancy at birth, male (years)",SP.DYN.LE00.MA.IN,56.391,57.462,56.482,59.488,60.35,60.977,61.798,62.39,62.858,63.365,63.891,64.433,65.033,65.585,66.064,66.595,67.023,67.401,67.738,68.024,68.28,68.503,68.701,68.885,69.081,69.218,69.409,69.562,69.705,69.841,69.975,70.136,70.269,70.452,70.658,70.886,71.15,71.397,71.641,71.875,72.086,72.289,72.43,72.578,72.663,72.756,72.81,72.844,72.862,72.851,72.843,72.845,72.803,72.774,72.741,72.714,72.697,72.685,72.668,72.706,72.749,72.602,72.509,..
Brunei Darussalam,BRN,"Life expectancy at birth, total (years)",SP.DYN.LE00.IN,56.793,57.817,57.667,59.779,60.582,61.193,61.963,62.511,63.005,63.553,64.11,64.699,65.35,65.963,66.528,67.107,67.608,68.075,68.487,68.862,69.246,69.54,69.841,70.09,70.358,70.582,70.847,71.019,71.236,71.445,71.656,71.871,72.081,72.312,72.553,72.816,73.1,73.364,73.619,73.863,74.08,74.276,74.426,74.561,74.65,74.731,74.783,74.818,74.84,74.846,74.849,74.858,74.827,74.799,74.779,74.75,74.733,74.722,74.712,74.748,74.795,74.642,74.551,..
Bulgaria,BGR,"Life expectancy at birth, female (years)",SP.DYN.LE00.FE.IN,71.03,72.06,71.3,72.02,72.96,73.23,73.18,72.56,73.32,72.74,73.51,73.24,73.23,73.77,73.6,73.58,73.92,73.5,73.72,74.11,73.99,74.43,74.08,74.48,74.66,74.46,75.06,74.81,74.99,75.19,75.15,74.88,75.09,75.26,75.25,74.9,74.58,73.87,74.8,75.1,75.3,75.2,75.4,75.6,76.2,76.3,76.3,76.3,76.6,77.1,77.2,77.8,77.9,78.6,78,78.2,78.5,78.4,78.6,78.8,77.5,75.1,78.1,..
Bulgaria,BGR,"Life expectancy at birth, male (years)",SP.DYN.LE00.MA.IN,67.55,68.42,67.77,68.68,69.37,69.45,69.36,68.37,69.23,68.23,69.11,68.62,68.68,69.03,68.93,68.64,68.99,68.26,68.77,68.64,68.46,68.85,68.43,68.44,68.49,68.15,68.56,68.4,68.38,68.42,68.3,68.4,68.07,67.62,67.36,67.39,67.39,67,67.5,67.9,68.2,68.5,68.5,68.7,69.1,69,69.1,69.2,69.5,69.9,70,70.7,70.9,71.3,71.1,71.2,71.3,71.4,71.5,71.6,70,68,70.8,..
Bulgaria,BGR,"Life expectancy at birth, total (years)",SP.DYN.LE00.IN,69.2475609756098,70.1956097560976,69.4919512195122,70.3092682926829,71.1212195121951,71.2939024390244,71.2234146341464,70.4139024390244,71.2251219512195,70.43,71.2563414634146,70.8736585365854,70.899512195122,71.3421951219512,71.2080487804878,71.049756097561,71.3948780487805,70.8160975609756,71.1846341463415,71.3082926829268,71.1575609756098,71.5719512195122,71.1860975609756,71.3863414634146,71.499756097561,71.2280487804878,71.7307317073171,71.5268292682927,71.6043902439024,71.7224390243903,71.6414634146342,71.5609756097561,71.4943902439024,71.3468292682927,71.2087804878049,71.0534146341463,70.8973170731707,70.3512195121951,71.0609756097561,71.4121951219512,71.6634146341463,71.7682926829268,71.8658536585366,72.0658536585366,72.5634146341463,72.5609756097561,72.6121951219512,72.6634146341463,72.9634146341463,73.4121951219512,73.5121951219512,74.1634146341463,74.3146341463415,74.8609756097561,74.4658536585366,74.6146341463415,74.8121951219512,74.8146341463415,74.9634146341464,75.1121951219512,73.6585365853659,71.4634146341463,74.3609756097561,..
Burkina Faso,BFA,"Life expectancy at birth, female (years)",SP.DYN.LE00.FE.IN,37.004,37.436,37.823,38.086,38.465,38.937,39.154,39.551,39.842,40.207,40.62,40.988,41.389,41.934,42.733,43.676,44.584,45.516,46.426,47.299,47.83,48.097,48.799,49.255,49.741,50.038,49.995,50.033,50.031,50.065,50.436,50.439,50.42,50.22,50.461,50.578,50.823,50.526,51.191,51.679,52.376,52.578,52.7,53.172,53.786,54.617,55.158,55.777,56.842,57.32,57.888,58.616,59.096,59.262,59.884,60.401,60.927,61.178,61.706,61.822,61.598,60.99,61.505,..
Burkina Faso,BFA,"Life expectancy at birth, male (years)",SP.DYN.LE00.MA.IN,34.837,35.145,35.598,35.941,36.124,36.531,36.757,37.111,37.293,37.577,37.925,38.194,38.763,39.205,40.009,40.962,41.92,42.787,43.723,44.506,45.236,45.626,46.376,46.892,47.493,47.814,47.981,48.03,48.178,48.225,48.383,48.396,48.382,48.12,48.071,48.224,48.313,48.176,48.691,48.875,49.225,49.471,49.752,50.32,50.953,51.479,52.234,52.878,53.745,54.493,54.959,55.527,56.033,56.277,56.727,57.184,57.623,57.797,58.29,58.173,57.787,57.474,57.953,..
Burkina Faso,BFA,"Life expectancy at birth, total (years)",SP.DYN.LE00.IN,35.872,36.24,36.665,36.974,37.251,37.691,37.916,38.294,38.531,38.857,39.239,39.559,40.053,40.548,41.354,42.307,43.245,44.147,45.073,45.903,46.539,46.872,47.602,48.091,48.638,48.949,49.013,49.058,49.132,49.174,49.44,49.45,49.437,49.209,49.307,49.446,49.614,49.4,49.991,50.325,50.847,51.071,51.272,51.793,52.416,53.092,53.742,54.375,55.342,55.959,56.477,57.125,57.619,57.823,58.359,58.845,59.326,59.536,60.047,60.039,59.731,59.27,59.766,..
Burundi,BDI,"Life expectancy at birth, female (years)",SP.DYN.LE00.FE.IN,44.451,44.631,44.713,45.009,45.338,43.894,44.84,44.709,44.714,44.315,44.332,44.247,28.352,39.201,44.217,44.105,44.389,44.855,45.102,45.981,46.858,47.815,48.645,49.381,49.922,50.066,49.791,49.282,45.585,47.451,46.711,45.903,45.285,39.343,45.583,45.862,46.321,47.235,48.461,49.319,49.768,50.745,51.846,52.589,53.583,54.6,55.388,56.11,57.407,57.953,58.398,59.094,59.852,60.649,61.346,62.198,62.458,63.302,63.524,64.347,63.675,63.609,63.868,..
Burundi,BDI,"Life expectancy at birth, male (years)",SP.DYN.LE00.MA.IN,41.533,41.804,42.102,42.358,42.543,40.087,42.155,41.912,41.98,41.379,41.69,41.625,23.209,35.36,41.741,41.796,41.837,42.114,42.368,43.144,43.897,44.923,45.88,46.667,47.009,46.971,46.503,45.73,40.601,43.785,43.011,42.539,42.474,34.984,42.521,42.257,42.435,43.521,44.621,45.699,45.272,46.127,47.902,49.072,50.374,51.387,52.291,53.279,53.963,54.772,55.714,56.396,57.086,57.776,58.35,58.226,59.088,59.764,59.821,60.339,59.465,59.711,60.077,..
Burundi,BDI,"Life expectancy at birth, total (years)",SP.DYN.LE00.IN,43.024,43.252,43.441,43.718,43.974,42.005,43.531,43.341,43.378,42.874,43.041,42.965,25.613,37.275,43.012,42.982,43.144,43.513,43.764,44.59,45.406,46.393,47.29,48.051,48.491,48.541,48.164,47.516,43.04,45.62,44.86,44.227,43.895,37.105,44.08,44.059,44.373,45.387,46.552,47.528,47.514,48.431,49.891,50.857,52.01,53.023,53.869,54.727,55.71,56.388,57.081,57.769,58.493,59.235,59.868,60.217,60.793,61.553,61.688,62.351,61.566,61.663,61.977,..
Cabo Verde,CPV,"Life expectancy at birth, female (years)",SP.DYN.LE00.FE.IN,51.474,51.782,51.956,52.197,52.437,52.696,53.012,53.37,53.846,54.369,55.086,55.851,56.565,57.279,58.008,58.789,59.391,60.214,60.828,61.41,61.705,62.109,62.252,62.426,62.599,63.063,63.76,64.523,65.328,65.81,66.578,66.814,66.95,67.058,67.104,66.137,67.994,68.887,69.385,70.108,71.74,72.984,73.95,74.843,75.779,76.223,76.135,77.213,76.354,77.726,78.069,78.742,78.162,79.469,79.632,79.037,80.019,80.694,79.875,80.183,79.16,78.457,79.011,..
Cabo Verde,CPV,"Life expectancy at birth, male (years)",SP.DYN.LE00.MA.IN,47.118,47.92,48.663,49.487,50.199,50.917,51.759,52.138,52.567,53.17,53.631,53.79,54.037,54.703,55.624,56.971,57.902,58.916,59.795,60.432,61.079,61.042,61.028,60.846,60.555,61.143,61.545,62.071,62.54,62.818,63.168,63.215,63.354,63.211,63.021,61.635,63.097,63.401,64.122,64.525,64.96,66.35,66.965,67.556,67.829,68.753,68.065,68.315,68.478,68.487,69.004,69.762,70.596,70.543,70.707,70.082,71.239,72.176,71.344,71.57,70.333,69.589,70.29,..
Cabo Verde,CPV,"Life expectancy at birth, total (years)",SP.DYN.LE00.IN,49.411,49.953,50.392,50.894,51.345,51.808,52.356,52.722,53.176,53.736,54.333,54.813,55.309,56.008,56.837,57.89,58.65,59.568,60.306,60.917,61.368,61.593,61.67,61.693,61.661,62.182,62.747,63.404,64.058,64.446,65.023,65.176,65.318,65.312,65.25,64.093,65.763,66.378,66.993,67.569,68.618,69.929,70.705,71.429,71.999,72.68,72.239,72.835,72.508,73.088,73.499,74.257,74.484,75.059,75.24,74.62,75.742,76.593,75.733,76.004,74.808,74.052,74.722,..
Cambodia,KHM,"Life expectancy at birth, female (years)",SP.DYN.LE00.FE.IN,44.272,44.924,45.481,46.13,46.76,47.093,47.739,48.102,48.425,48.928,48.619,48.783,49.469,48.881,48.405,17.396,14.008,32.301,45.616,50.469,51.647,52.439,53.011,53.703,54.434,55.188,55.356,55.983,56.569,57.466,57.987,58.071,58.213,58.245,58.047,58.217,58.4,58.622,58.909,59.575,60.53,61.91,63.316,64.643,65.46,66.209,67.01,67.698,68.479,69.575,69.834,70.726,71.026,71.665,71.881,72.02,72.666,72.689,72.778,72.873,72.724,72.291,72.622,..
Cambodia,KHM,"Life expectancy at birth, male (years)",SP.DYN.LE00.MA.IN,40.546,40.786,41.278,41.8,42.187,42.625,43.131,43.102,43.344,43.741,32.64,32.98,33.557,33.461,33.292,10.054,10.493,25.663,29.851,34.827,43.174,43.587,44.145,44.946,45.724,46.569,47.312,50.597,51.679,51.808,52.578,53.234,53.568,53.711,53.853,54.233,54.132,54.708,54.991,55.643,56.559,57.863,58.973,60.238,61.48,62.213,62.945,63.603,64.299,65.155,65.436,65.957,66.652,66.802,67.446,67.586,67.658,68.213,68.226,68.4,67.999,66.819,67.117,..
Cambodia,KHM,"Life expectancy at birth, total (years)",SP.DYN.LE00.IN,42.361,42.792,43.316,43.898,44.398,44.789,45.363,45.514,45.793,46.241,39.129,39.507,40.224,40.024,39.803,11.995,12.013,28.91,36.982,42.279,47.57,48.18,48.736,49.485,50.235,51.041,51.506,53.454,54.276,54.798,55.434,55.793,56.021,56.08,56.035,56.308,56.346,56.743,57.028,57.69,58.625,59.966,61.226,62.523,63.552,64.293,65.059,65.731,66.47,67.444,67.712,68.416,68.915,69.304,69.736,69.873,70.224,70.515,70.561,70.692,70.416,69.584,69.896,..
Cameroon,CMR,"Life expectancy at birth, female (years)",SP.DYN.LE00.FE.IN,42.047,42.567,43.771,44.15,44.498,45.087,45.635,46.384,47.214,48.061,48.783,49.52,50.193,50.641,50.847,51.038,51.251,51.366,51.662,51.979,52.44,52.817,53.251,53.926,54.402,54.929,55.073,55.901,56.154,56.172,56.17,56.039,55.989,55.533,55.081,54.854,54.447,54.382,54.203,54.408,54.562,54.737,54.865,55.31,55.64,55.679,56.181,56.469,56.989,57.424,57.971,58.489,59.161,59.85,60.433,61.206,61.599,62.163,62.783,62.996,62.633,62.018,62.556,..
Cameroon,CMR,"Life expectancy at birth, male (years)",SP.DYN.LE00.MA.IN,29.46,29.975,41.239,41.663,42.1,42.668,43.216,43.946,44.72,45.556,46.358,46.956,47.583,47.983,48.271,48.375,48.487,48.604,48.877,49.15,49.62,50.194,50.893,51.571,52.013,52.841,52.975,53.522,53.69,53.699,53.546,53.261,52.964,52.582,51.976,51.597,51.202,51.103,50.973,51.001,51.316,51.561,51.97,52.46,52.724,53.047,53.534,53.862,54.32,54.776,55.193,55.776,56.424,57.104,57.45,58.127,58.875,59.465,59.602,60.186,59.081,58.69,59.392,..
Cameroon,CMR,"Life expectancy at birth, total (years)",SP.DYN.LE00.IN,34.819,35.406,42.516,42.918,43.31,43.889,44.436,45.176,45.978,46.821,47.583,48.251,48.9,49.324,49.571,49.718,49.88,49.995,50.28,50.575,51.041,51.517,52.085,52.762,53.22,53.899,54.037,54.724,54.934,54.947,54.868,54.658,54.481,54.062,53.528,53.222,52.82,52.737,52.582,52.695,52.932,53.142,53.415,53.883,54.178,54.362,54.856,55.165,55.655,56.102,56.582,57.133,57.792,58.476,58.935,59.658,60.233,60.81,61.18,61.584,60.833,60.333,60.958,..
Canada,CAN,"Life expectancy at birth, female (years)",SP.DYN.LE00.FE.IN,74.15,74.45,74.43,74.5,75.08,75.14,75.39,75.66,75.78,76.01,76.25,76.63,76.55,76.83,76.91,77.23,77.59,77.97,78.32,78.59,78.79,79.16,79.29,79.61,79.82,79.8,79.87,80.19,80.27,80.49,80.73,80.81,81.07,80.86,80.95,81.03,81.15,81.25,81.41,81.61,81.82,82,82.02,82.23,82.42,82.52,82.91,82.91,83.05,83.33,83.54,83.68,83.82,83.85,83.91,83.89,84.03,84.02,83.99,84.37,83.95,84.02,83.58,..
Canada,CAN,"Life expectancy at birth, male (years)",SP.DYN.LE00.MA.IN,68.26,68.39,68.45,68.41,68.63,68.76,68.78,68.92,69.09,69.16,69.32,69.6,69.49,69.67,69.74,69.99,70.3,70.64,70.92,71.32,71.59,72.01,72.33,72.68,73.01,73.02,73.22,73.53,73.61,73.92,74.3,74.53,74.76,74.7,74.94,75.07,75.43,75.71,75.97,76.2,76.64,76.92,77.16,77.32,77.68,77.82,78.29,78.29,78.51,78.91,79.21,79.39,79.61,79.74,79.76,79.84,79.92,79.75,79.8,80.18,79.48,79.27,79.12,..
Canada,CAN,"Life expectancy at birth, total (years)",SP.DYN.LE00.IN,71.1331707317073,71.3460975609756,71.3670731707317,71.3807317073171,71.7763414634146,71.8721951219512,72.0043902439024,72.2078048780488,72.3534146341463,72.5014634146341,72.7004878048781,73.0292682926829,72.9339024390244,73.1626829268293,73.2375609756098,73.5217073170732,73.8560975609756,74.2156097560976,74.529756097561,74.8663414634146,75.1021951219512,75.4978048780488,75.7251219512195,76.0604878048781,76.3319512195122,76.3273170731707,76.4639024390244,76.7787804878049,76.8587804878049,77.1248780487805,77.4365853658537,77.5934146341464,77.8380487804878,77.7048780487805,77.8717073170732,77.9773170731707,78.220243902439,78.4124390243903,78.6236585365854,78.8390243902439,79.1668292682927,79.3980487804878,79.5307317073171,79.7151219512195,79.9921951219512,80.1126829268293,80.5436585365854,80.5436585365854,80.7246341463415,81.0660975609756,81.3221951219512,81.4826829268293,81.6636585365854,81.7448780487805,81.7843902439025,81.8156097560976,81.9248780487805,81.8329268292683,81.8439024390244,82.2239024390244,81.6604878048781,81.5870731707317,81.2956097560976,..
Cayman Islands,CYM,"Life expectancy at birth, female (years)",SP.DYN.LE00.FE.IN,..,..,..,..,..,..,..,..,..,..,..,..,..,..,..,..,..,..,..,..,..,..,..,..,..,..,..,..,..,..,..,..,..,..,..,..,..,..,..,..,..,..,..,..,..,..,..,..,..,..,84.7,..,..,..,..,..,..,..,..,..,..,83.7,..,..
Cayman Islands,CYM,"Life expectancy at birth, male (years)",SP.DYN.LE00.MA.IN,..,..,..,..,..,..,..,..,..,..,..,..,..,..,..,..,..,..,..,..,..,..,..,..,..,..,..,..,..,..,..,..,..,..,..,..,..,..,..,..,..,..,..,..,..,..,..,..,..,..,79.8,..,..,..,..,..,..,..,..,..,..,80.4,..,..
Cayman Islands,CYM,"Life expectancy at birth, total (years)",SP.DYN.LE00.IN,..,..,..,..,..,..,..,..,..,..,..,..,..,..,..,..,..,..,..,..,..,..,..,..,..,..,..,..,..,..,..,..,..,..,..,..,..,..,..,..,..,..,..,..,..,..,..,..,..,..,82.190243902439,..,..,..,..,..,..,..,..,..,..,82.009756097561,..,..
Central African Republic,CAF,"Life expectancy at birth, female (years)",SP.DYN.LE00.FE.IN,40.488,40.979,41.492,41.981,42.557,43.134,43.727,44.363,44.999,45.659,46.289,46.913,47.535,48.116,48.69,49.223,49.743,50.239,50.697,51.139,51.51,51.82,52.071,52.244,52.349,52.418,52.416,52.353,52.2,51.959,51.584,51.21,50.737,50.284,49.742,49.201,48.632,48.042,47.557,47.113,46.587,46.434,46.459,46.605,46.855,47.287,47.83,48.425,49.088,49.82,50.534,51.167,52.059,52.727,52.903,54.512,55.39,56.051,56.587,57.106,56.757,56.303,56.829,..
Central African Republic,CAF,"Life expectancy at birth, male (years)",SP.DYN.LE00.MA.IN,38.005,38.515,39.038,39.594,40.146,40.736,41.345,41.964,42.603,43.234,43.863,44.469,45.06,45.597,46.12,46.609,47.052,47.456,47.814,48.107,48.341,48.59,48.656,48.749,48.792,48.816,48.793,48.715,48.558,48.305,47.964,47.57,47.117,46.682,46.209,45.731,45.242,44.786,44.645,44.509,44.318,44.424,44.424,44.963,45.266,45.625,45.927,46.483,47.004,47.545,48.054,48.801,49.396,49.205,48.42,51.167,51.643,51.552,52.285,53.048,52.582,51.645,52.258,..
Central African Republic,CAF,"Life expectancy at birth, total (years)",SP.DYN.LE00.IN,39.236,39.737,40.256,40.781,41.345,41.929,42.531,43.158,43.797,44.442,45.072,45.688,46.294,46.854,47.402,47.913,48.395,48.838,49.239,49.597,49.889,50.159,50.303,50.423,50.484,50.518,50.492,50.409,50.241,49.986,49.635,49.252,48.793,48.353,47.853,47.35,46.831,46.319,46.025,45.75,45.406,45.393,45.409,45.76,46.038,46.433,46.851,47.426,48.016,48.648,49.255,49.948,50.686,50.902,50.566,52.793,53.46,53.721,54.369,55.025,54.604,53.895,54.477,..
Chad,TCD,"Life expectancy at birth, female (years)",SP.DYN.LE00.FE.IN,39.971,40.196,40.312,40.618,40.908,40.716,41.271,41.605,41.947,42.354,42.749,42.256,43.638,43.536,43.429,43.464,44.113,44.334,44.529,44.873,45.143,45.596,46.059,46.755,47.001,47.121,47.538,47.422,47.494,47.738,47.793,47.438,47.5,47.438,47.514,47.713,48.041,48.187,48.234,48.335,48.557,48.802,48.875,49.102,49.313,49.304,49.515,50.005,50.281,50.361,50.798,51.279,51.849,52.16,52.63,53.132,53.317,53.752,54.317,54.908,54.396,54.283,54.769,..
Chad,TCD,"Life expectancy at birth, male (years)",SP.DYN.LE00.MA.IN,36.811,37.098,37.382,37.558,37.793,37.565,37.139,37.46,37.952,38.272,38.559,38.216,39.267,40.064,40.168,40.303,40.035,40.248,40.541,40.811,41.041,41.105,41.481,41.728,42.135,43.018,42.954,38.766,44.081,44.033,41.782,44.437,44.698,45.181,45.365,45.688,45.97,46.231,46.203,46.399,46.325,46.888,47.012,47.307,47.158,47.33,47.083,47.521,47.788,48.045,48.388,48.76,49.255,49.431,49.808,50.09,50.867,50.898,51.372,51.664,51.218,50.845,51.3,..
Chad,TCD,"Life expectancy at birth, total (years)",SP.DYN.LE00.IN,38.374,38.631,38.835,39.072,39.333,39.12,39.15,39.479,39.903,40.265,40.603,40.19,41.399,41.78,41.785,41.872,42.036,42.255,42.504,42.81,43.06,43.312,43.73,44.179,44.515,45.05,45.21,42.798,45.785,45.875,44.686,45.941,46.102,46.318,46.449,46.711,47.013,47.217,47.224,47.372,47.443,47.85,47.946,48.206,48.232,48.312,48.286,48.751,49.024,49.196,49.584,50.009,50.54,50.781,51.202,51.589,52.083,52.308,52.825,53.259,52.777,52.525,52.997,..
Channel Islands,CHI,"Life expectancy at birth, female (years)",SP.DYN.LE00.FE.IN,74.507,73.006,74.796,73.536,75.413,75.149,75.366,76.176,74.386,74.707,74.55,74.923,75.155,75.379,75.429,74.945,75.662,75.91,76.299,75.73,76.468,76.825,77.593,76.955,78.684,77.927,78.303,79.191,79.525,79.661,79.723,78.824,80.867,79.218,80.28,80.105,80.289,80.483,81.167,81.192,81.393,81.499,81.135,81.775,82.277,82.472,82.846,83.268,83.413,83.175,83.246,83.891,83.432,83.659,84.057,83.552,83.474,83.481,83.525,83.499,83.387,83.355,83.635,..
Channel Islands,CHI,"Life expectancy at birth, male (years)",SP.DYN.LE00.MA.IN,68.295,66.455,69.154,67.043,69.422,68.831,69.262,70.156,67.982,68.26,67.765,68.402,68.537,68.855,68.974,68.313,69.384,69.658,70.015,69.223,70.276,70.759,71.961,71.006,73.248,72.435,72.763,73.838,74.33,74.524,74.436,74.219,75.188,73.759,75.52,75.214,75.46,75.766,76.443,76.505,76.755,76.907,76.561,77.323,77.826,78.073,78.403,78.914,79.081,78.721,78.904,79.466,79.172,79.31,79.649,79.268,79.22,79.158,79.205,79.266,79.141,79.115,79.521,..
Channel Islands,CHI,"Life expectancy at birth, total (years)",SP.DYN.LE00.IN,71.47,69.747,72.043,70.305,72.476,72.031,72.366,73.235,71.206,71.508,71.165,71.685,71.868,72.148,72.237,71.651,72.57,72.833,73.211,72.509,73.428,73.858,74.87,74.041,76.076,75.266,75.616,76.623,77.045,77.211,77.185,76.617,78.125,76.547,78.005,77.749,77.962,78.211,78.898,78.935,79.155,79.277,78.906,79.618,80.125,80.344,80.694,81.166,81.317,80.995,81.12,81.726,81.339,81.516,81.884,81.433,81.366,81.331,81.375,81.39,81.264,81.232,81.583,..
Chile,CHL,"Life expectancy at birth, female (years)",SP.DYN.LE00.FE.IN,59.414,59.995,60.521,60.129,61.518,62.031,62.498,63.59,64.419,64.761,65.223,65.637,65.722,67.334,67.644,69.238,68.678,70.433,71.28,71.236,71.913,72.936,73.575,73.598,74.215,74.453,74.918,75.288,75.456,75.749,75.96,76.794,77.068,77.21,77.704,77.812,78.196,78.86,78.72,79.09,79.977,79.921,80.582,80.433,80.72,81.078,80.917,80.549,81.25,81.481,81.213,81.684,81.596,82.034,82.145,82.384,82.57,82.601,82.527,82.711,82.041,81.437,81.877,..
Chile,CHL,"Life expectancy at birth, male (years)",SP.DYN.LE00.MA.IN,54.769,55.243,55.229,54.438,56.156,57.032,57.069,58.047,59.016,59.234,59.895,59.995,59.11,60.696,62.261,63.446,63.149,64.501,65.021,65.263,65.885,66.969,67.152,66.624,66.926,67.998,68.742,69.76,69.467,69.244,69.269,70.376,71.171,71.171,71.52,71.429,71.641,72.335,72.611,72.93,73.714,73.6,74.252,74.306,74.479,74.912,75.512,75.043,75.674,75.941,75.734,76.451,76.379,76.579,76.736,77.035,77.496,78.015,77.684,77.894,76.745,76.472,77.156,..
Chile,CHL,"Life expectancy at birth, total (years)",SP.DYN.LE00.IN,57.015,57.537,57.771,57.15,58.738,59.455,59.689,60.72,61.63,61.905,62.491,62.732,62.281,63.905,64.901,66.279,65.855,67.402,68.074,68.186,68.84,69.909,70.299,70.011,70.46,71.176,71.81,72.54,72.456,72.467,72.574,73.574,74.135,74.195,74.614,74.609,74.899,75.596,75.669,76.018,76.87,76.773,77.445,77.387,77.616,78.016,78.261,77.826,78.484,78.741,78.501,79.11,79.023,79.339,79.473,79.746,80.079,80.35,80.133,80.326,79.377,78.944,79.519,..
China,CHN,"Life expectancy at birth, female (years)",SP.DYN.LE00.FE.IN,34.615,42.148,53.04,53.608,54.337,55.135,55.786,56.466,57.123,57.774,58.617,59.487,60.367,61.382,62.282,63.084,63.97,64.747,65.463,66.133,66.719,67.305,67.807,68.287,68.687,69.06,69.411,69.795,70.094,70.331,70.424,70.333,70.965,71.548,71.736,72.308,72.503,72.915,73.587,73.582,74.189,75.258,75.64,76.044,76.433,76.819,77.167,77.492,77.562,78.066,78.326,78.644,78.983,79.223,79.499,79.772,80.053,80.321,80.637,80.816,81.058,81.155,81.343,..
China,CHN,"Life expectancy at birth, male (years)",SP.DYN.LE00.MA.IN,32.11,38.982,48.813,49.407,50.157,50.868,51.639,52.37,53.106,53.804,54.685,55.703,56.525,57.449,58.123,58.823,59.692,60.402,61.05,61.677,62.206,62.737,63.212,63.623,64.017,64.338,64.646,64.912,65.202,65.478,65.714,66.099,66.608,67.006,67.414,67.833,68.152,68.558,68.916,69.38,69.723,70.162,70.538,70.91,71.275,71.619,72.043,72.248,72.389,72.831,73.08,73.368,73.613,73.884,74.134,74.379,74.582,74.433,75.046,75.298,75.305,75.463,75.963,..
China,CHN,"Life expectancy at birth, total (years)",SP.DYN.LE00.IN,33.275,40.468,50.818,51.408,52.156,52.912,53.637,54.351,55.057,55.738,56.607,57.565,58.418,59.389,60.168,60.917,61.796,62.538,63.218,63.865,64.42,64.975,65.463,65.904,66.3,66.643,66.97,67.288,67.581,67.838,68.005,68.169,68.734,69.216,69.52,70.008,70.266,70.672,71.172,71.419,71.881,72.606,72.985,73.371,73.748,74.111,74.504,74.762,74.872,75.343,75.599,75.903,76.192,76.452,76.717,76.977,77.218,77.248,77.744,77.968,78.077,78.211,78.587,..
Colombia,COL,"Life expectancy at birth, female (years)",SP.DYN.LE00.FE.IN,59.187,59.765,60.309,60.87,61.368,61.803,62.19,62.527,62.894,63.274,63.668,64.177,64.745,65.314,65.929,66.639,67.297,67.959,68.579,69.063,69.626,70.019,70.395,70.685,71.05,69.186,71.716,71.992,72.44,72.781,73.067,73.296,73.533,73.757,73.969,74.24,74.5,74.798,75.053,75.195,75.542,75.66,75.981,76.252,76.495,76.766,77.075,77.391,77.731,78.054,78.301,78.548,78.787,78.972,79.139,79.292,79.44,79.535,79.66,79.721,78.136,76.442,77.143,..
Colombia,COL,"Life expectancy at birth, male (years)",SP.DYN.LE00.MA.IN,55.099,55.714,56.306,56.919,57.385,57.826,58.214,58.529,58.84,59.147,59.459,59.913,60.383,60.806,61.354,61.913,62.415,62.921,63.373,63.749,64.174,64.451,64.75,64.901,65.024,63.477,64.975,64.756,64.605,64.576,64.539,64.652,64.86,65.221,65.533,65.885,66.13,66.431,66.662,66.884,67.312,67.545,68.076,68.622,69.032,69.513,69.961,70.374,70.933,71.487,71.817,72.141,72.455,72.725,72.985,73.252,73.519,73.759,73.842,73.8,71.537,69.404,70.319,..
Colombia,COL,"Life expectancy at birth, total (years)",SP.DYN.LE00.IN,57.13,57.73,58.301,58.892,59.375,59.815,60.204,60.531,60.871,61.216,61.569,62.051,62.569,63.06,63.64,64.27,64.845,65.424,65.954,66.38,66.868,67.197,67.531,67.745,67.979,66.276,68.26,68.268,68.391,68.533,68.644,68.813,69.038,69.342,69.613,69.933,70.189,70.492,70.738,70.926,71.32,71.502,71.939,72.361,72.695,73.081,73.468,73.837,74.295,74.742,75.033,75.32,75.597,75.827,76.043,76.257,76.471,76.646,76.748,76.752,74.769,72.83,73.659,..
Comoros,COM,"Life expectancy at birth, female (years)",SP.DYN.LE00.FE.IN,40.018,40.536,40.919,41.328,41.572,41.961,42.56,43.42,44.445,45.453,46.439,47.387,48.303,48.894,49.45,48.543,50.495,50.967,51.627,52.118,52.595,53.059,53.535,53.813,54.479,54.943,55.446,55.628,56.117,56.489,56.873,57.177,57.815,58.521,58.922,59.397,59.751,60.231,60.117,60.495,60.373,60.783,60.656,60.863,61.269,61.431,61.645,61.999,62.269,62.869,63.06,63.608,63.801,64.393,64.55,65.163,65.341,65.986,66.195,66.306,66.593,65.827,66.061,..
Comoros,COM,"Life expectancy at birth, male (years)",SP.DYN.LE00.MA.IN,39.345,39.74,40.225,40.513,40.917,41.428,41.733,42.104,42.519,42.935,43.394,43.915,44.48,45.05,45.683,44.909,46.762,47.343,47.953,48.623,49.248,49.807,50.479,50.942,51.612,52.219,52.803,53.28,53.947,54.124,54.962,55.362,55.807,56.205,56.639,56.819,57.123,56.76,56.898,57.267,57.309,57.69,57.579,57.758,57.804,57.895,58.217,58.333,58.799,58.943,59.324,59.56,60.011,60.227,60.633,60.811,61.288,61.455,61.808,62.009,61.975,61.245,61.522,..
Comoros,COM,"Life expectancy at birth, total (years)",SP.DYN.LE00.IN,39.694,40.147,40.58,40.926,41.25,41.7,42.147,42.754,43.462,44.158,44.863,45.581,46.305,46.881,47.474,46.628,48.523,49.047,49.67,50.251,50.8,51.312,51.895,52.273,52.941,53.482,54.029,54.368,54.95,55.224,55.84,56.194,56.733,57.276,57.694,58.015,58.344,58.39,58.407,58.781,58.757,59.163,59.056,59.258,59.48,59.604,59.875,60.102,60.475,60.831,61.123,61.503,61.834,62.224,62.516,62.896,63.237,63.625,63.912,64.068,64.166,63.417,63.68,..
"Congo, Dem. Rep.",COD,"Life expectancy at birth, female (years)",SP.DYN.LE00.FE.IN,41.96,41.743,41.747,42.061,41.863,42.45,43.121,43.498,43.785,44.116,44.419,44.725,44.984,45.19,45.509,45.513,45.627,45.765,45.584,46.167,46.299,46.555,46.776,46.955,47.287,47.389,47.783,48.112,48.843,49.224,49.85,50.181,50.652,51.27,51.554,52.333,51.621,52.626,53.144,53.388,53.81,54.055,54.312,54.597,54.985,55.454,56.081,56.352,56.818,57.463,57.999,58.658,58.81,59.439,60.013,60.254,60.904,61.107,61.767,62.243,61.7,61.521,62.05,..
"Congo, Dem. Rep.",COD,"Life expectancy at birth, male (years)",SP.DYN.LE00.MA.IN,39.663,38.641,38.848,39.058,38.17,38.884,40.902,41.04,41.547,41.759,42.075,42.514,42.813,42.934,43.245,43.367,43.625,43.705,43.439,44.194,44.598,44.837,45.017,45.362,45.559,45.817,46.004,46.52,46.656,47.08,47.324,47.688,47.819,47.838,48.219,48.522,47.075,48.239,46.498,46.745,49.78,50.194,50.372,51.059,51.855,52.387,52.975,53.478,53.848,54.208,54.83,55.475,55.682,56.087,56.586,56.737,57.245,57.723,58.133,58.335,57.818,56.953,57.516,..
"Congo, Dem. Rep.",COD,"Life expectancy at birth, total (years)",SP.DYN.LE00.IN,40.857,40.239,40.342,40.604,40.052,40.704,42.053,42.31,42.705,42.976,43.284,43.656,43.933,44.096,44.41,44.471,44.656,44.763,44.537,45.207,45.473,45.72,45.92,46.181,46.445,46.624,46.914,47.336,47.768,48.17,48.601,48.948,49.244,49.551,49.884,50.411,49.307,50.402,49.696,49.945,51.781,52.116,52.333,52.827,53.426,53.927,54.534,54.923,55.339,55.836,56.417,57.069,57.248,57.762,58.296,58.49,59.066,59.411,59.942,60.276,59.739,59.193,59.743,..
"Congo, Rep.",COG,"Life expectancy at birth, female (years)",SP.DYN.LE00.FE.IN,50.542,51.296,52.128,52.758,53.343,53.891,54.481,54.729,55.488,55.996,56.404,56.855,57.161,57.571,57.925,58.102,58.475,58.614,59.016,59.196,59.595,59.757,60.1,60.24,60.369,60.428,60.516,60.192,59.487,58.628,57.646,56.653,55.486,54.876,54.364,54.219,54.13,52.122,52.787,53.755,54.377,54.983,55.733,56.557,57.578,58.747,59.514,60.395,61.212,62.008,62.775,63.135,63.325,63.998,64.241,64.314,64.975,65.135,65.267,64.165,65.397,64.935,64.617,..
"Congo, Rep.",COG,"Life expectancy at birth, male (years)",SP.DYN.LE00.MA.IN,45.544,46.225,46.993,47.596,48.16,48.621,49.174,49.565,50.047,50.495,50.956,51.322,51.643,51.919,52.275,52.605,52.798,53.054,53.186,53.49,53.66,53.953,54.012,54.284,54.58,54.644,54.63,54.686,54.52,54.36,54.147,53.767,53.775,53.358,53.059,53.012,52.795,42.922,49.012,51.712,52.932,53.752,54.388,55.284,56.34,57.452,58.194,58.848,59.6,60.135,60.57,60.833,61.288,61.388,61.656,62.137,62.185,62.392,62.834,61.346,62.212,62.124,61.513,..
"Congo, Rep.",COG,"Life expectancy at birth, total (years)",SP.DYN.LE00.IN,47.979,48.697,49.499,50.118,50.696,51.2,51.774,52.101,52.715,53.195,53.634,54.043,54.36,54.7,55.059,55.323,55.602,55.806,56.065,56.314,56.593,56.827,57.019,57.232,57.453,57.517,57.552,57.431,57.009,56.513,55.926,55.243,54.663,54.146,53.738,53.644,53.491,47.19,50.894,52.757,53.682,54.395,55.088,55.948,56.986,58.126,58.878,59.643,60.426,61.088,61.683,61.992,62.317,62.695,62.95,63.233,63.577,63.76,64.053,62.747,63.785,63.519,63.053,..
Costa Rica,CRI,"Life expectancy at birth, female (years)",SP.DYN.LE00.FE.IN,62.122,62.621,62.849,63.339,64.075,64.904,65.303,65.922,66.545,67.522,67.74,68.769,69.152,70.297,71.028,71.769,72.556,73.675,74.465,74.611,75.244,75.419,76.584,76.726,76.935,77.136,77.42,77.676,78.129,78.537,78.767,78.49,78.68,78.822,78.892,78.981,79.063,79.661,79.253,79.738,80.038,79.893,80.374,80.412,80.635,80.862,81.064,80.934,81.016,81.236,81.083,81.711,81.62,81.762,81.236,81.569,82.008,81.76,82.083,81.953,81.912,79.811,80.036,..
Costa Rica,CRI,"Life expectancy at birth, male (years)",SP.DYN.LE00.MA.IN,58.821,59.296,59.491,60.021,60.244,60.608,61.552,62.044,62.449,62.711,63.154,64.016,64.458,65.773,66.09,67.207,68.194,69.088,70.173,70.391,70.737,72.251,72.829,73.502,73.339,73.203,73.687,73.902,74.186,74.129,74.604,74.767,74.668,74.686,74.563,74.272,74.657,74.646,74.658,74.695,75.252,75.297,75.692,75.82,76.104,76.231,76.079,76.089,75.99,76.216,76.34,77.048,77.009,77.112,76.409,76.698,77.01,77.07,76.996,77.002,76.751,74.418,74.762,..
Costa Rica,CRI,"Life expectancy at birth, total (years)",SP.DYN.LE00.IN,60.415,60.901,61.111,61.624,62.083,62.663,63.367,63.921,64.428,65.016,65.361,66.301,66.716,67.953,68.454,69.4,70.294,71.288,72.239,72.423,72.899,73.799,74.654,75.079,75.091,75.111,75.505,75.741,76.106,76.263,76.63,76.591,76.627,76.703,76.67,76.552,76.804,77.07,76.896,77.138,77.586,77.545,77.983,78.072,78.331,78.505,78.514,78.462,78.445,78.672,78.67,79.348,79.283,79.403,78.774,79.086,79.459,79.377,79.484,79.427,79.277,77.023,77.32,..
Cote d'Ivoire,CIV,"Life expectancy at birth, female (years)",SP.DYN.LE00.FE.IN,39.754,40.336,40.998,41.572,42.217,42.743,43.347,43.977,44.483,45.118,45.796,46.458,47.171,48.023,49.083,49.978,51.121,52.096,53.02,53.837,54.489,55.124,55.301,55.567,55.185,55.322,55.411,55.454,55.272,55.126,54.913,54.665,54.495,54.278,54.143,54.034,53.923,53.528,52.973,52.516,52.346,52.184,52.163,52.268,52.505,52.899,53.389,54.001,54.771,55.599,56.212,56.747,57.339,58.024,58.263,58.947,59.069,59.723,59.94,60.59,60.351,59.941,60.282,..
Cote d'Ivoire,CIV,"Life expectancy at birth, male (years)",SP.DYN.LE00.MA.IN,36.525,37.21,37.868,38.407,39.067,39.682,40.359,40.939,41.627,42.243,42.936,43.61,44.36,45.188,46.062,46.866,47.671,48.502,49.112,49.819,50.36,50.693,50.88,51.117,51.163,51.298,51.279,51.218,51.056,50.926,50.609,50.304,50.109,49.899,49.665,49.521,49.444,49.617,49.439,49.537,49.464,49.547,49.707,49.745,50.306,50.822,51.392,52.02,52.629,53.297,53.936,54.398,55.073,55.581,56.234,56.677,57.13,57.348,57.846,58.162,57.86,57.4,57.686,..
Cote d'Ivoire,CIV,"Life expectancy at birth, total (years)",SP.DYN.LE00.IN,38.108,38.744,39.402,39.955,40.606,41.177,41.819,42.419,43.021,43.643,44.325,44.992,45.724,46.556,47.506,48.346,49.291,50.184,50.927,51.682,52.27,52.734,52.919,53.171,53.037,53.174,53.202,53.187,53.017,52.876,52.603,52.323,52.138,51.925,51.737,51.61,51.52,51.449,51.108,50.957,50.842,50.81,50.886,50.954,51.363,51.824,52.355,52.97,53.653,54.394,55.023,55.52,56.158,56.748,57.208,57.762,58.06,58.48,58.849,59.319,59.032,58.598,58.916,..
Croatia,HRV,"Life expectancy at birth, female (years)",SP.DYN.LE00.FE.IN,68.323,69.064,69.466,69.804,70.345,70.98,71.253,71.766,71.918,72.428,72.692,72.976,73.399,73.755,74.085,73.49,73.8,74.13,74.16,74.11,74.15,74.15,74.36,74.27,74.27,74.83,75.24,75.24,75.34,75.64,75.93,75.95,75.8,76.04,76.28,76.52,76.76,76.9,76.22,76.55,76.68,78.17,78.4,78.23,79.08,78.83,79.33,79.25,79.6,79.6,79.6,79.9,80.1,80.2,80.5,80.4,81.3,80.9,81.4,81.6,80.9,79.6,80.7,..
Croatia,HRV,"Life expectancy at birth, male (years)",SP.DYN.LE00.MA.IN,62.777,63.434,63.615,64.048,64.385,64.835,65.139,64.997,65.023,65.072,65.118,65.487,65.673,66.128,66.39,66.68,67.27,67.52,67.09,66.92,66.39,66.72,66.79,66.47,66.36,67.13,67.78,67.88,67.82,68.23,68.59,68.6,66.9,67.22,67.54,67.86,68.18,68.3,68.6,68.92,69.12,71.03,71.21,71.17,72.13,71.83,72.51,72.33,72.4,72.9,73.5,73.8,73.9,74.2,74.6,74.3,74.9,74.9,74.9,75.4,74.7,73.4,74.6,..
Croatia,HRV,"Life expectancy at birth, total (years)",SP.DYN.LE00.IN,65.4823658536585,66.1803414634146,66.4691463414634,66.8558048780488,67.2923170731707,67.8325609756098,68.1214390243903,68.2989512195122,68.3864146341464,68.6602926829268,68.8126341463415,69.1401707317073,69.4417804878049,69.848487804878,70.1436585365854,70.0019512195122,70.4553658536585,70.7443902439024,70.5387804878049,70.4273170731707,70.1753658536586,70.3443902439025,70.4826829268293,70.2748780487805,70.2185365853659,70.8860975609756,71.4190243902439,71.470243902439,71.4882926829268,71.8446341463415,72.1704878048781,72.1853658536586,71.2414634146342,71.5224390243903,71.8034146341463,72.0843902439024,72.3653658536585,72.4951219512195,72.3170731707317,72.6419512195122,72.8078048780488,74.5129268292683,74.7173170731707,74.6139024390244,75.520243902439,75.2446341463415,75.8368292682927,75.7056097560976,75.9121951219512,76.1682926829268,76.4756097560976,76.7756097560976,76.9243902439024,77.1268292682927,77.4780487804878,77.2756097560976,78.0219512195122,77.8268292682927,78.0707317073171,78.4243902439025,77.7243902439024,76.4243902439025,77.5756097560976,..
Cuba,CUB,"Life expectancy at birth, female (years)",SP.DYN.LE00.FE.IN,65.94,66.374,66.843,66.63,67.767,68.205,68.619,69.025,69.429,69.849,70.295,70.798,71.328,71.884,72.448,72.998,73.505,73.942,74.303,74.586,74.929,75.106,75.259,75.429,75.55,75.672,75.799,75.927,76.058,76.179,76.297,76.408,76.531,76.672,76.851,77.08,77.361,77.671,78.003,78.315,78.595,78.831,79.022,79.183,79.321,79.453,79.578,79.694,79.798,79.898,79.99,80.063,80.122,80.157,80.166,80.148,80.111,80.071,80.051,80.075,80.225,76.359,80.565,..
Cuba,CUB,"Life expectancy at birth, male (years)",SP.DYN.LE00.MA.IN,62.651,62.906,63.484,63.483,64.302,64.695,65.077,65.462,65.858,66.282,66.75,67.275,67.826,68.386,68.924,69.404,69.808,70.137,70.407,70.63,70.904,71.095,71.292,71.453,71.622,71.754,71.853,71.918,71.959,71.975,71.978,71.984,72.007,72.072,72.194,72.388,72.656,72.971,73.31,73.644,73.941,74.183,74.381,74.545,74.684,74.818,74.95,75.079,75.209,75.335,75.46,75.575,75.657,75.688,75.644,75.505,75.297,75.118,75.067,75.244,75.044,71.245,75.793,..
Cuba,CUB,"Life expectancy at birth, total (years)",SP.DYN.LE00.IN,64.173,64.512,65.038,64.94,65.905,66.318,66.715,67.11,67.511,67.936,68.398,68.918,69.462,70.02,70.57,71.079,71.524,71.895,72.201,72.447,72.752,72.939,73.13,73.309,73.468,73.605,73.725,73.825,73.913,73.981,74.039,74.093,74.162,74.261,74.411,74.623,74.903,75.222,75.564,75.893,76.183,76.421,76.612,76.773,76.912,77.047,77.179,77.307,77.429,77.548,77.661,77.76,77.833,77.87,77.853,77.772,77.643,77.529,77.496,77.611,77.567,73.683,78.155,..
Curacao,CUW,"Life expectancy at birth, female (years)",SP.DYN.LE00.FE.IN,68.108,68.291,68.466,68.897,69.1,69.249,69.651,69.781,69.95,70.409,70.624,70.819,71.379,71.557,72.132,72.251,72.419,72.53,72.993,73.155,73.302,73.433,73.547,73.708,73.821,73.884,74.055,74.406,74.529,74.399,74.775,74.903,74.977,75.078,75.233,75.254,75.388,75.489,75.659,75.749,75.871,76.019,76.15,76.314,76.456,76.602,78.5,79,79.1,80.1,..,80.7,80.7,80.9,81.1,81.2,81.1,81.5,..,..,..,..,..,..
Curacao,CUW,"Life expectancy at birth, male (years)",SP.DYN.LE00.MA.IN,63.559,63.641,64.04,64.167,64.351,64.675,64.863,65.311,65.476,65.597,66.044,66.215,66.325,66.94,67.05,67.17,67.751,67.893,68.019,68.448,68.602,68.73,68.863,68.96,68.977,69.477,69.543,69.613,69.675,69.615,69.846,69.918,69.981,70.041,70.073,70.075,70.126,70.148,70.191,70.26,70.332,70.341,70.413,70.534,70.546,70.674,71.1,71.9,71.7,72.4,..,74.4,74.5,74.9,75,75.1,74.5,74.7,..,..,..,..,..,..
Curacao,CUW,"Life expectancy at birth, total (years)",SP.DYN.LE00.IN,65.7780243902439,65.9092926829268,66.1990243902439,66.4743170731708,66.6675853658537,66.9062195121951,67.1986097560976,67.4914878048781,67.6584390243903,67.9443170731707,68.2781463414634,68.4608536585366,68.7903658536585,69.1921951219512,69.5290243902439,69.6485365853659,70.0280731707317,70.1549512195122,70.4453414634146,70.7440975609756,70.8946829268293,71.0241463414634,71.1478780487805,71.2760975609756,71.3399268292683,71.626756097561,71.7439756097561,71.9510487804878,72.0428048780488,71.9486585365854,72.2503902439024,72.3497073170732,72.4180731707317,72.4980731707317,72.5900731707317,72.6013414634146,72.6928292682927,72.7533658536586,72.8583170731707,72.9375609756098,73.0339512195122,73.110756097561,73.2115365853659,73.353512195122,73.4289268292683,73.5657073170732,74.709756097561,75.3634146341464,75.309756097561,76.1560975609756,..,77.4731707317073,77.5243902439024,77.8268292682927,77.9756097560976,78.0756097560976,77.719512195122,78.0170731707317,..,..,..,..,..,..
Cyprus,CYP,"Life expectancy at birth, female (years)",SP.DYN.LE00.FE.IN,67.933,68.519,69.083,66.875,67.364,70.425,70.768,71.285,71.428,71.663,72.084,72.405,73.014,73.168,71.681,73.356,73.742,74.049,74.4,74.422,74.494,74.407,74.496,74.503,74.431,74.862,74.572,75.196,75.273,75.566,75.382,75.478,76.139,76.722,76.526,77.158,77.567,77.958,78.417,78.363,78.552,79.02,79.635,79.992,80.105,80.287,80.522,81.006,81.198,81.766,82.048,82.336,82.15,82.405,82.723,82.873,83.185,83.415,83.058,83.27,83.448,83.204,83.673,..
Cyprus,CYP,"Life expectancy at birth, male (years)",SP.DYN.LE00.MA.IN,60.809,61.464,62.121,58.151,58.669,63.95,64.47,64.822,65.344,65.551,66.003,66.473,66.861,67.368,44.709,67.781,68.401,68.638,69.209,69.439,69.498,69.573,69.59,70.196,70.151,70.505,70.768,71.037,71.048,71.445,71.722,71.975,72.255,72.627,72.932,73.142,73.509,73.763,74,74.255,74.601,74.977,75.37,75.621,75.815,75.953,76.255,76.656,76.813,77.109,77.362,77.736,78.091,78.409,78.817,79.051,78.945,79.246,79.67,79.508,79.345,79.209,80.068,..
Cyprus,CYP,"Life expectancy at birth, total (years)",SP.DYN.LE00.IN,64.187,64.804,65.424,62.282,62.79,67.052,67.495,67.917,68.273,68.49,68.927,69.33,69.811,70.163,55.23,70.518,71.04,71.302,71.767,71.895,71.95,71.941,71.981,72.311,72.255,72.647,72.651,73.089,73.129,73.48,73.539,73.716,74.177,74.65,74.72,75.133,75.522,75.841,76.182,76.295,76.568,76.989,77.487,77.788,77.944,78.101,78.371,78.81,78.981,79.401,79.665,79.999,80.109,80.402,80.771,80.966,81.056,81.328,81.382,81.397,81.391,81.203,81.889,..
Czechia,CZE,"Life expectancy at birth, female (years)",SP.DYN.LE00.FE.IN,73.34,73.55,72.86,73.48,73.63,73.39,73.75,73.66,73.38,73.06,73,73.37,73.68,73.69,73.59,74,74.2,74.21,74.26,74.34,73.93,74.41,74.47,74.31,74.51,74.77,74.68,75.2,75.36,75.43,75.42,75.75,76.19,76.43,76.64,76.65,77.3,77.4,78.1,78.1,78.4,78.4,78.5,78.5,79,79.1,79.7,79.9,80.1,80.1,80.6,81.1,81.2,81.3,82,81.6,82.1,82,82,82.2,81.3,80.5,82,..
Czechia,CZE,"Life expectancy at birth, male (years)",SP.DYN.LE00.MA.IN,67.5,67.62,66.86,67.28,67.44,67.09,67.18,67.03,66.47,65.85,66.05,66.16,66.84,66.53,66.75,67,67.04,67.11,67.2,67.33,66.8,67.21,67.32,67.05,67.34,67.5,67.49,67.87,68.1,68.1,67.54,68.23,68.54,69.28,69.48,69.67,70.3,70.42,71.1,71.4,71.7,72.1,72.1,72,72.6,72.9,73.5,73.7,74,74.2,74.4,74.8,75.1,75.2,75.8,75.7,76.1,76.1,76.2,76.4,75.2,74.1,76.2,..
Czechia,CZE,"Life expectancy at birth, total (years)",SP.DYN.LE00.IN,70.3487804878049,70.5126829268293,69.7868292682927,70.3043902439025,70.459512195122,70.1631707317073,70.3848780487805,70.2641463414634,69.8407317073171,69.3670731707317,69.440243902439,69.6770731707317,70.1765853658537,70.0226829268293,70.0865853658537,70.4146341463415,70.5326829268293,70.5734146341463,70.6439024390244,70.749512195122,70.2780487804878,70.7221951219512,70.8078048780488,70.5914634146341,70.8375609756098,71.0463414634146,70.9973170731707,71.4456097560976,71.6414634146342,71.6756097560976,71.3839024390244,71.8982926829268,72.2717073170732,72.7678048780488,72.9726829268293,73.0748780487805,73.7146341463415,73.8248780487805,74.5146341463415,74.6682926829268,74.9682926829268,75.1731707317073,75.2219512195122,75.1707317073171,75.7219512195122,75.9243902439025,76.5243902439024,76.7243902439025,76.9756097560976,77.0780487804878,77.4243902439025,77.8731707317073,78.0756097560976,78.1756097560976,78.8243902439024,78.5780487804878,79.0268292682927,78.9780487804878,79.0292682926829,79.2292682926829,78.1756097560976,77.2219512195122,79.0292682926829,..
Denmark,DNK,"Life expectancy at birth, female (years)",SP.DYN.LE00.FE.IN,74,74.4,74.43,74.48,74.79,74.65,74.79,75.35,75.58,75.7,75.93,76.16,76.21,76.53,76.82,77.01,76.69,77.68,77.42,77.4,77.18,77.36,77.65,77.55,77.62,77.47,77.53,77.79,77.64,77.75,77.73,77.98,77.96,77.77,78.1,77.83,78.26,78.46,78.7,78.8,79,79.2,79.2,79.5,79.9,80.2,80.4,80.5,80.7,80.8,81.2,81.9,82.1,82.4,82.8,82.7,82.8,83.1,82.9,83.5,83.6,83.3,83.2,..
Denmark,DNK,"Life expectancy at birth, male (years)",SP.DYN.LE00.MA.IN,70.44,70.57,70.31,70.42,70.29,70.2,70.21,70.61,70.78,70.86,70.88,70.8,70.8,70.97,70.94,71.28,70.93,71.73,71.51,71.19,71.17,71.25,71.6,71.44,71.65,71.53,71.77,71.74,72.04,71.99,72.02,72.47,72.56,72.59,72.78,72.72,73.05,73.55,73.7,74,74.3,74.5,74.7,74.9,75.2,75.6,75.9,76,76.3,76.5,77.1,77.8,78.1,78.3,78.7,78.8,79,79.2,79.1,79.5,79.7,79.6,79.5,..
Denmark,DNK,"Life expectancy at birth, total (years)",SP.DYN.LE00.IN,72.1765853658537,72.4382926829268,72.319756097561,72.4004878048781,72.4851219512195,72.3707317073171,72.4441463414634,72.9221951219512,73.1214634146341,73.2209756097561,73.3434146341463,73.4146341463415,73.4390243902439,73.6821951219512,73.8082926829268,74.0751219512195,73.739756097561,74.6324390243903,74.3929268292683,74.2192682926829,74.1017073170732,74.2304878048781,74.5512195121951,74.4204878048781,74.5621951219512,74.4275609756098,74.579756097561,74.6912195121951,74.7717073170732,74.799756097561,74.8053658536585,75.1578048780488,75.1941463414634,75.1168292682927,75.3751219512195,75.2126829268293,75.5914634146342,75.9451219512195,76.1390243902439,76.3414634146341,76.5926829268293,76.7926829268293,76.8951219512195,77.1439024390244,77.4926829268293,77.8439024390244,78.0951219512195,78.1951219512195,78.4463414634146,78.5975609756098,79.1,79.8,80.0512195121951,80.3,80.7,80.7024390243902,80.8536585365854,81.1024390243903,80.9536585365854,81.4512195121951,81.6024390243903,81.4048780487805,81.3048780487805,..
Djibouti,DJI,"Life expectancy at birth, female (years)",SP.DYN.LE00.FE.IN,45.281,45.674,46.09,46.446,46.622,47.036,47.456,47.957,48.421,48.973,49.434,49.25,50.516,51.179,51.569,51.819,52.039,52.603,53.1,53.559,53.944,54.282,54.664,55.083,55.656,55.974,56.487,56.648,57.058,57.141,57.518,57.714,57.896,57.715,57.392,58.084,57.936,57.689,57.681,58.12,58.047,58.444,58.683,59.209,59.26,60.184,60.419,61.018,61.26,61.471,62.267,62.409,63.083,63.225,64.091,64.299,64.52,65.337,65.583,65.563,65.461,65.019,65.503,..
Djibouti,DJI,"Life expectancy at birth, male (years)",SP.DYN.LE00.MA.IN,41.625,41.827,42.149,42.447,42.77,43.194,43.55,43.92,44.512,45.047,45.636,45.513,46.593,47.117,47.534,47.97,48.131,48.593,49.06,49.534,49.998,50.29,50.902,51.313,51.789,52.196,52.519,52.935,53.298,53.437,53.524,52.703,51.244,53.868,53.651,54.542,54.459,54.267,54.681,54.759,55.111,55.379,55.759,56.005,56.275,56.492,57.041,57.084,57.514,57.91,58.303,58.507,58.687,59.266,59.285,59.695,59.939,60.354,60.59,60.695,60.071,59.728,60.336,..
Djibouti,DJI,"Life expectancy at birth, total (years)",SP.DYN.LE00.IN,43.429,43.721,44.088,44.414,44.667,45.088,45.474,45.907,46.438,46.982,47.511,47.358,48.528,49.119,49.524,49.87,50.058,50.568,51.049,51.518,51.947,52.262,52.765,53.18,53.703,54.067,54.481,54.775,55.161,55.273,55.498,55.156,54.452,55.774,55.505,56.302,56.186,55.967,56.176,56.427,56.573,56.903,57.215,57.595,57.759,58.316,58.715,59.024,59.365,59.673,60.259,60.433,60.848,61.221,61.641,61.957,62.191,62.797,63.038,63.085,62.694,62.305,62.859,..
Dominica,DMA,"Life expectancy at birth, female (years)",SP.DYN.LE00.FE.IN,59.926,61.095,62.569,59.459,65.86,65.986,65.928,67.017,65.539,64.837,67.231,65.194,69.284,69.958,70.635,71.805,71.827,70.725,72.793,73.038,74.263,75.204,74.488,74.828,72.923,72.449,74.497,74.068,74.479,72.599,72.51,71.873,73.616,73.856,73.542,74.438,74.479,74.074,73.797,73.165,75.051,74.493,75.389,73.838,74.462,75.529,76.113,74.739,76.214,74.726,74.889,72.974,73.215,71.31,72.118,71.082,73.019,69.647,77.247,77.205,77.26,76.301,76.451,..
Dominica,DMA,"Life expectancy at birth, male (years)",SP.DYN.LE00.MA.IN,57.955,58.636,60.704,57.698,62.855,62.92,60.822,62.729,62.988,62.334,63.466,63.215,64.671,65.857,66.663,66.327,65.955,66.588,67.894,68.696,69.138,71.058,71.293,72.029,70.958,69.925,68.22,67.752,68.356,66.623,67.265,67.433,67.144,68.124,68.648,68.72,68.106,69.246,69.204,68.195,70.392,69.09,69.538,69.176,70.457,69.308,69.911,69.421,70.728,69.932,68.698,66.906,68.214,66.78,67.096,66.587,67.571,65.596,70.405,70.355,70.433,69.725,69.875,..
Dominica,DMA,"Life expectancy at birth, total (years)",SP.DYN.LE00.IN,59.026,59.949,61.741,58.688,64.493,64.587,63.49,65.005,64.416,63.698,65.468,64.335,67.11,68.049,68.785,69.171,68.985,68.759,70.441,70.97,71.782,73.232,72.993,73.521,72.022,71.255,71.322,70.858,71.364,69.553,69.852,69.646,70.282,70.937,71.076,71.52,71.194,71.634,71.472,70.631,72.693,71.713,72.34,71.438,72.401,72.254,72.848,71.93,73.305,72.17,71.55,69.695,70.538,68.896,69.434,68.727,70.128,67.525,73.59,73.559,73.649,72.814,72.981,..
Dominican Republic,DOM,"Life expectancy at birth, female (years)",SP.DYN.LE00.FE.IN,52.609,53.203,53.785,54.128,54.924,55.266,56.038,56.669,57.273,57.894,58.524,59.16,59.795,60.424,61.041,61.641,62.216,62.757,63.259,63.02,64.118,64.484,64.863,65.269,65.749,66.333,67.027,67.782,68.544,69.265,69.901,70.427,70.854,71.194,71.477,71.685,71.85,72.004,71.979,72.246,72.377,72.519,72.694,72.784,72.805,73.407,73.86,74.281,74.832,75.276,75.66,75.856,76.166,76.322,76.396,76.377,76.304,76.319,76.499,76.965,76.914,76.291,77.536,..
Dominican Republic,DOM,"Life expectancy at birth, male (years)",SP.DYN.LE00.MA.IN,48.148,48.705,49.262,49.682,50.376,47.05,51.493,52.103,52.703,53.316,53.943,54.578,55.21,55.829,56.426,56.994,57.528,58.036,58.53,58.602,59.514,60.014,60.531,61.039,61.542,62.031,62.512,62.983,63.446,63.914,64.403,64.903,65.388,65.821,66.18,66.393,66.475,66.493,66.406,66.539,66.713,67.015,67.403,67.962,68.064,68.555,68.706,68.734,68.808,68.837,68.925,68.984,69.243,69.457,69.662,69.828,69.948,70.074,70.233,70.471,69.364,69.298,71.044,..
Dominican Republic,DOM,"Life expectancy at birth, total (years)",SP.DYN.LE00.IN,50.264,50.84,51.411,51.799,52.542,50.864,53.666,54.289,54.894,55.513,56.145,56.782,57.417,58.042,58.65,59.236,59.791,60.319,60.822,60.753,61.754,62.194,62.648,63.109,63.602,64.139,64.727,65.339,65.951,66.546,67.11,67.625,68.084,68.472,68.792,68.988,69.097,69.166,69.096,69.279,69.423,69.642,69.923,70.265,70.331,70.875,71.165,71.371,71.658,71.871,72.093,72.221,72.514,72.713,72.867,72.953,72.987,73.063,73.232,73.577,72.889,72.615,74.17,..
Ecuador,ECU,"Life expectancy at birth, female (years)",SP.DYN.LE00.FE.IN,54.995,55.538,56.052,56.538,56.96,57.319,57.6,57.876,58.16,58.337,58.854,59.356,59.956,60.627,61.364,62.116,62.831,63.562,64.22,64.825,65.38,65.902,66.402,66.879,67.605,68.341,69.187,70.098,71,71.825,72.512,72.822,73.334,73.533,73.954,74.228,74.541,74.857,75.209,75.618,75.964,76.329,76.663,76.997,77.285,77.534,77.747,77.947,78.116,78.308,78.488,78.675,78.842,78.997,79.124,79.209,79.137,79.395,79.604,79.953,76.056,77.462,80.481,..
Ecuador,ECU,"Life expectancy at birth, male (years)",SP.DYN.LE00.MA.IN,51.762,52.281,52.778,53.25,53.676,54.036,54.311,54.579,54.844,55.003,55.481,55.942,56.488,57.083,57.727,58.39,58.997,59.605,60.136,60.62,61.064,61.49,61.893,62.26,62.83,63.383,63.995,64.625,65.244,65.809,66.314,66.55,67.012,67.258,67.657,67.95,68.277,68.599,68.972,69.397,69.799,70.231,70.642,71.031,71.35,71.574,71.714,71.832,71.945,72.154,72.458,72.879,73.332,73.777,74.146,74.391,74.41,74.577,74.623,74.699,68.765,70.26,75.313,..
Ecuador,ECU,"Life expectancy at birth, total (years)",SP.DYN.LE00.IN,53.364,53.895,54.401,54.88,55.305,55.664,55.942,56.213,56.487,56.654,57.152,57.633,58.205,58.837,59.526,60.232,60.89,61.559,62.153,62.696,63.191,63.662,64.11,64.528,65.171,65.811,66.535,67.3,68.056,68.749,69.348,69.625,70.117,70.345,70.757,71.041,71.362,71.681,72.045,72.463,72.839,73.24,73.613,73.975,74.279,74.514,74.689,74.844,74.983,75.184,75.43,75.743,76.062,76.369,76.622,76.789,76.763,76.972,77.094,77.297,72.153,73.67,77.894,..
"Egypt, Arab Rep.",EGY,"Life expectancy at birth, female (years)",SP.DYN.LE00.FE.IN,47.255,47.817,48.654,49.5,50.313,50.949,51.439,51.72,51.902,51.994,52.203,52.454,52.817,53.247,53.937,54.753,55.575,56.296,57.077,57.853,58.602,58.921,59.823,60.815,61.545,62.371,63.084,63.916,64.889,65.326,65.972,66.504,66.743,67.137,67.687,68.304,68.751,69.242,69.364,69.62,70.095,70.431,70.735,70.659,70.914,71.226,71.49,71.706,71.93,72.087,72.318,72.605,72.745,72.82,73.163,73.081,73.552,73.974,73.927,73.711,73.39,72.608,72.557,..
"Egypt, Arab Rep.",EGY,"Life expectancy at birth, male (years)",SP.DYN.LE00.MA.IN,43.555,44.274,45.072,45.88,46.658,47.33,47.608,47.438,47.939,47.679,47.897,48.361,48.743,48.54,49.752,50.437,51.157,51.953,52.864,53.698,54.586,55.273,55.995,56.885,57.83,58.63,59.358,60.27,60.984,61.831,62.227,62.912,63.228,63.714,63.876,64.263,64.68,65.104,65.528,65.81,65.897,66.168,66.383,66.159,66.336,66.38,66.525,66.623,66.785,66.951,67.096,67.253,67.513,67.398,67.773,67.967,68.233,68.712,68.875,69.049,68.667,67.935,67.869,..
"Egypt, Arab Rep.",EGY,"Life expectancy at birth, total (years)",SP.DYN.LE00.IN,45.373,46.024,46.843,47.672,48.47,49.128,49.504,49.538,49.897,49.797,50.013,50.386,50.765,50.852,51.838,52.591,53.365,54.134,54.99,55.802,56.628,57.138,57.948,58.888,59.73,60.542,61.261,62.137,62.98,63.628,64.146,64.755,65.031,65.468,65.816,66.312,66.742,67.197,67.471,67.737,68.007,68.308,68.564,68.402,68.613,68.779,68.977,69.128,69.319,69.48,69.664,69.88,70.085,70.052,70.415,70.483,70.844,71.302,71.367,71.358,70.99,70.221,70.159,..
El Salvador,SLV,"Life expectancy at birth, female (years)",SP.DYN.LE00.FE.IN,50.139,50.902,51.635,52.294,52.832,53.114,53.382,53.47,53.559,53.777,54.276,55.025,55.888,56.798,57.604,58.251,58.743,59.142,59.505,59.661,56.774,60.278,60.229,61.918,62.886,63.854,64.175,65.725,66.701,67.271,68.309,69.066,69.713,70.308,70.889,71.283,71.893,72.559,72.929,73.803,74.248,73.903,74.708,74.682,74.968,75.083,75.401,75.677,75.92,75.961,76.213,76.189,76.163,76.158,76.267,76.572,77.075,77.494,77.488,76.776,75.413,75.149,75.813,..
El Salvador,SLV,"Life expectancy at birth, male (years)",SP.DYN.LE00.MA.IN,46.107,46.866,47.624,48.274,48.71,48.775,48.676,48.402,48.193,48.248,48.77,49.657,50.349,51.465,51.915,51.744,50.891,49.516,47.913,46.063,41.162,39.578,43.786,44.427,47.952,50.876,51.848,54.005,56.436,52.864,57.017,58.731,59.634,60.175,60.789,61.355,62.207,63.149,63.916,64.832,65.35,65.159,65.628,65.468,65.574,65.642,65.965,66.332,66.705,66.957,67.245,67.289,67.26,67.146,66.993,66.834,66.762,66.908,67.352,68.009,66.432,66.078,66.837,..
El Salvador,SLV,"Life expectancy at birth, total (years)",SP.DYN.LE00.IN,48.084,48.849,49.6,50.253,50.734,50.897,50.964,50.852,50.775,50.9,51.41,52.241,53.019,54.048,54.668,54.875,54.627,54.024,53.245,52.2,47.975,48.161,51.105,52.203,54.85,57.025,57.741,59.669,61.476,59.685,62.55,63.856,64.657,65.235,65.838,66.33,67.076,67.895,68.478,69.379,69.865,69.598,70.232,70.14,70.34,70.44,70.773,71.108,71.424,71.576,71.848,71.859,71.831,71.771,71.746,71.814,72.025,72.311,72.555,72.559,71.061,70.748,71.475,..
Equatorial Guinea,GNQ,"Life expectancy at birth, female (years)",SP.DYN.LE00.FE.IN,43.293,43.583,43.807,44.099,44.315,44.627,44.86,45.136,45.343,32.962,33.119,38.768,45.012,45.247,42.358,38.438,31.92,42.734,43.042,45.205,49.142,49.677,50.172,50.575,50.704,51.271,51.646,51.837,52.123,52.309,52.417,52.516,52.698,52.872,52.956,53.178,53.331,53.675,53.948,54.414,54.936,55.27,55.731,56.188,56.638,57.078,57.683,58.205,58.772,59.101,59.583,60.172,60.647,60.986,61.452,62.054,62.332,62.832,63.042,63.54,62.943,62.726,63.261,..
Equatorial Guinea,GNQ,"Life expectancy at birth, male (years)",SP.DYN.LE00.MA.IN,40.2,40.441,40.741,41.027,41.218,41.517,41.706,41.97,42.163,27.532,27.701,33.935,41.599,41.753,38.114,33.379,26.279,38.358,38.633,38.408,45.992,46.548,47.025,47.442,47.718,48.108,48.45,48.735,48.905,49.047,49.318,49.438,49.545,49.76,49.889,50.03,50.157,50.489,50.864,51.156,51.596,52.072,52.509,53.04,53.502,53.919,54.479,54.95,55.455,55.84,56.261,56.746,57.194,57.585,57.896,58.343,58.813,59.046,59.556,59.984,58.812,58.781,59.432,..
Equatorial Guinea,GNQ,"Life expectancy at birth, total (years)",SP.DYN.LE00.IN,41.729,41.994,42.258,42.546,42.749,43.054,43.264,43.532,43.731,30.076,30.248,36.263,43.284,43.477,40.186,35.812,28.921,40.501,40.793,41.653,47.563,48.109,48.596,49.007,49.208,49.683,50.039,50.279,50.504,50.668,50.86,50.969,51.113,51.308,51.415,51.592,51.727,52.061,52.382,52.752,53.226,53.636,54.085,54.581,55.036,55.464,56.046,56.54,57.074,57.431,57.878,58.412,58.865,59.224,59.595,60.103,60.479,60.821,61.191,61.644,60.708,60.594,61.19,..
Eritrea,ERI,"Life expectancy at birth, female (years)",SP.DYN.LE00.FE.IN,39.649,40.079,40.525,40.879,41.336,41.587,41.9,42.177,42.461,42.678,43.081,43.44,43.785,44.168,44.661,45.189,45.664,46.28,46.483,46.869,47.01,47.22,47.604,47.944,48.407,48.847,49.325,49.932,50.551,50.507,51.873,52.753,53.855,54.539,55.454,56.192,57.152,57.808,57.483,54.192,58.383,59.989,60.449,61.15,61.54,62.375,63.272,63.784,64.188,65.081,65.547,66.33,66.658,66.896,67.588,67.981,68.3,68.53,69.115,69.309,69.337,68.655,68.678,..
Eritrea,ERI,"Life expectancy at birth, male (years)",SP.DYN.LE00.MA.IN,35.417,35.932,36.328,36.735,37.21,37.582,37.924,38.072,38.368,38.821,39.157,39.58,39.963,40.384,39.936,39.485,39.845,40.274,40.803,41.228,42.242,42.659,42.237,42.803,43.247,43.552,44.882,44.825,45.559,45.244,47.688,48.48,51.059,51.91,52.731,53.617,54.356,54.81,42.542,35.825,53.816,56.557,57.129,57.623,58.22,58.783,59.907,60.398,60.906,61.529,61.976,62.427,62.965,63.181,63.556,64.022,64.213,64.552,64.947,65.216,64.862,64.35,64.457,..
Eritrea,ERI,"Life expectancy at birth, total (years)",SP.DYN.LE00.IN,37.5,37.974,38.393,38.774,39.24,39.554,39.882,40.09,40.38,40.722,41.09,41.483,41.848,42.252,42.243,42.24,42.656,43.175,43.561,43.972,44.585,44.905,44.86,45.323,45.777,46.145,47.075,47.333,48.015,47.828,49.769,50.607,52.465,53.234,54.1,54.914,55.756,56.312,49.158,43.397,56.111,58.298,58.811,59.409,59.899,60.597,61.611,62.116,62.573,63.328,63.787,64.402,64.838,65.067,65.6,66.033,66.289,66.577,67.067,67.3,67.133,66.536,66.604,..
Estonia,EST,"Life expectancy at birth, female (years)",SP.DYN.LE00.FE.IN,73.049,73.052,72.643,73.468,74.076,73.745,73.712,74.197,74.194,73.827,74.005,74.491,74.269,74.358,74.799,74.274,73.979,74.309,74.124,73.979,74.166,74.1,74.3,74.6,74.4,74.4,74.9,75.1,75,74.7,74.7,74.7,74.6,73.8,72.8,74.1,75.4,75.7,75.3,75.8,76,76.2,77,76.9,77.8,78.1,78.3,78.5,79.2,80.1,80.5,81.3,81.5,81.7,81.9,82.2,82.2,82.6,82.7,83,83,81.4,82.4,..
Estonia,EST,"Life expectancy at birth, male (years)",SP.DYN.LE00.MA.IN,65.014,65.067,65.124,65.155,66.23,65.81,65.738,65.886,65.52,64.922,65.034,65.362,65.138,65.458,65.583,64.669,64.113,64.578,63.965,63.84,63.681,64.1,64.2,64.4,64.4,64.6,65.5,66.4,66.6,65.6,64.5,64.3,63.4,62.3,60.5,61.3,64.1,64.2,63.7,64.6,65.1,64.6,65.1,66,66.3,67.3,67.35,67.4,68.6,69.8,70.6,71.4,71.4,72.8,72.4,73.2,73.3,73.8,74,74.5,74.4,72.7,73.7,..
Estonia,EST,"Life expectancy at birth, total (years)",SP.DYN.LE00.IN,68.933512195122,68.9621219512195,68.7918048780488,69.2101219512195,70.0573170731707,69.6807317073171,69.627756097561,69.9401463414634,69.7512195121951,69.2659024390244,69.4100975609756,69.8151707317073,69.5921463414634,69.7994634146342,70.0786097560976,69.3543658536585,68.9256829268293,69.3248292682927,68.9206097560976,68.7858536585366,68.7956341463415,68.9780487804878,69.1268292682927,69.3756097560976,69.2780487804878,69.3804878048781,70.0853658536585,70.6439024390244,70.6975609756098,70.0390243902439,69.4756097560976,69.3731707317073,68.8634146341464,67.909756097561,66.5,67.5439024390244,69.6121951219512,69.809756097561,69.3585365853659,70.0634146341463,70.4170731707317,70.2585365853659,70.9048780487805,71.3170731707317,71.909756097561,72.5682926829268,72.6914634146341,72.8146341463415,73.7707317073171,74.8243902439024,75.4292682926829,76.2292682926829,76.3268292682927,77.1414634146341,77.0341463414634,77.590243902439,77.6414634146342,78.0926829268293,78.2439024390244,78.6463414634147,78.5951219512195,76.9439024390244,77.9439024390244,..
Eswatini,SWZ,"Life expectancy at birth, female (years)",SP.DYN.LE00.FE.IN,47.327,47.713,48.169,48.354,48.824,49.462,50.168,50.736,51.382,52.038,52.531,53.013,53.423,53.957,54.541,55.259,56.139,57.213,58.114,58.956,59.523,60.086,60.762,59.844,61.657,62.445,63.093,63.72,64.453,64.657,65.064,64.868,64.157,62.896,61.151,59.149,56.704,54.843,53.136,51.193,49.317,48.132,46.616,44.972,43.95,43.356,44.666,45.163,45.72,45.659,48.306,50.181,52.02,53.985,55.917,58.128,60.031,61.543,63.169,64.353,63.678,61.248,60.599,..
Eswatini,SWZ,"Life expectancy at birth, male (years)",SP.DYN.LE00.MA.IN,44.254,44.618,44.999,45.287,45.773,46.268,46.861,47.424,48.01,48.483,48.957,49.48,50.091,50.852,51.5,52.252,53.029,53.817,54.669,55.404,55.992,56.514,57.087,56.319,58.161,58.946,59.607,60.191,60.721,61.04,60.919,60.355,59.188,57.475,55.316,53.065,50.959,49.167,47.46,46.188,45.1,43.747,42.298,41.65,41.054,40.825,41.531,42.083,42.602,43.549,44.923,46.242,47.703,49.075,50.315,52.062,53.469,54.47,55.882,56.975,56.026,53.366,52.647,..
Eswatini,SWZ,"Life expectancy at birth, total (years)",SP.DYN.LE00.IN,45.813,46.191,46.614,46.854,47.335,47.907,48.56,49.128,49.748,50.318,50.804,51.31,51.821,52.468,53.086,53.824,54.658,55.598,56.477,57.268,57.846,58.392,59.02,58.172,59.999,60.785,61.438,62.042,62.673,62.927,63.072,62.685,61.735,60.233,58.268,56.148,53.873,52.044,50.333,48.733,47.256,45.975,44.486,43.349,42.538,42.125,43.12,43.641,44.175,44.639,46.619,48.195,49.835,51.486,53.05,55.019,56.659,57.895,59.411,60.549,59.692,57.066,56.36,..
Ethiopia,ETH,"Life expectancy at birth, female (years)",SP.DYN.LE00.FE.IN,42.676,43.367,43.76,44.309,44.708,44.77,42.323,44.99,45.144,45.127,45.01,45.153,43.717,43.853,41.546,41.604,44.523,44.507,44.561,45.224,45.549,45.937,46.175,37.944,38.351,39.111,39.491,47.304,47.045,47.101,46.758,47.866,48.276,48.711,49.1,49.422,49.872,50.508,50.934,50.777,51.198,51.644,52.317,53.436,54.249,55.338,56.528,58.062,59.416,60.962,61.849,62.874,63.804,64.895,65.361,66.326,67.341,67.533,68.397,68.795,68.426,68.285,68.903,..
Ethiopia,ETH,"Life expectancy at birth, male (years)",SP.DYN.LE00.MA.IN,38.091,38.732,39.154,39.709,39.959,40.224,38.081,40.499,40.65,40.639,40.716,40.736,39.484,39.524,37.465,37.236,39.435,39.443,39.41,40.519,41,41.391,41.484,34.227,34.608,35.69,36.197,43.639,43.159,43.068,42.47,44.456,45.567,46.113,46.655,47.212,47.998,48.54,48.939,48.107,49.885,50.448,50.731,51.649,52.247,52.728,53.822,54.863,55.854,56.765,57.72,58.675,59.397,59.995,60.578,61.126,61.628,62.288,62.606,63.051,62.517,61.91,62.613,..
Ethiopia,ETH,"Life expectancy at birth, total (years)",SP.DYN.LE00.IN,40.33,40.995,41.403,41.956,42.275,42.444,40.15,42.692,42.844,42.83,42.815,42.892,41.55,41.635,39.453,39.356,41.895,41.893,41.9,42.807,43.217,43.608,43.767,36.036,36.429,37.364,37.811,45.44,45.061,45.036,44.557,46.13,46.901,47.394,47.861,48.302,48.924,49.514,49.927,49.425,50.538,51.043,51.517,52.533,53.235,54.008,55.149,56.426,57.592,58.804,59.73,60.721,61.543,62.373,62.905,63.649,64.392,64.838,65.412,65.838,65.371,64.975,65.645,..
Faroe Islands,FRO,"Life expectancy at birth, female (years)",SP.DYN.LE00.FE.IN,..,..,..,..,..,..,..,..,..,..,..,..,..,76.7,..,..,..,..,78.7,..,..,..,..,..,..,..,78.8,79,79.3,79.5,79.7,80,80.2,80.5,80.7,80.9,81,81.1,81.1,81.1,81.1,81.1,81.2,81.3,81.5,81.8,82.2,82.6,82.8,83,83.3,83.5,83.7,83.9,84,84.2,84.4,84.6,84.8,84.9,85.1,85.3,85.4,..
Faroe Islands,FRO,"Life expectancy at birth, male (years)",SP.DYN.LE00.MA.IN,..,..,..,..,..,..,..,..,..,..,..,..,..,72.4,..,..,..,..,73.4,..,..,..,..,..,..,..,71.9,72.1,72.3,72.5,72.7,72.9,73.2,73.5,73.8,74,74.3,74.7,75.1,75.5,75.9,76.3,76.6,76.7,76.8,76.9,77.2,77.5,77.6,77.8,78.1,78.4,78.8,79.1,79.3,79.5,79.8,80,80.3,80.5,80.8,81,81.3,..
Faroe Islands,FRO,"Life expectancy at birth, total (years)",SP.DYN.LE00.IN,..,..,..,..,..,..,..,..,..,..,..,..,..,74.4975609756098,..,..,..,..,75.9853658536585,..,..,..,..,..,..,..,75.2658536585366,75.4658536585366,75.7146341463415,75.9146341463415,76.1146341463415,76.3634146341464,76.6146341463415,76.9146341463415,77.1658536585366,77.3658536585366,77.5682926829268,77.8219512195122,78.0268292682927,78.2317073170732,78.4365853658537,78.6414634146341,78.8439024390244,78.9439024390244,79.0926829268293,79.290243902439,79.6390243902439,79.9878048780488,80.1365853658537,80.3365853658537,80.6365853658537,80.8878048780488,81.190243902439,81.4414634146341,81.5926829268293,81.7926829268293,82.0439024390244,82.2439024390244,82.4951219512195,82.6463414634146,82.8975609756098,83.0975609756098,83.3,..
Fiji,FJI,"Life expectancy at birth, female (years)",SP.DYN.LE00.FE.IN,58.574,59.59,60.589,61.384,62.352,62.959,63.519,63.959,64.369,64.366,64.564,64.676,64.79,64.025,64.51,64.713,64.912,65.191,65.427,65.763,65.374,65.215,65.266,65.862,66.518,67.203,67.556,67.773,67.98,68.026,68.213,68.316,68.41,68.454,68.652,68.771,68.853,68.817,69.117,69.193,68.678,68.629,67.98,68.302,68.484,68.666,68.797,68.727,68.885,69.046,69.271,69.521,69.412,69.38,69.347,68.932,69.137,69.656,69.664,69.728,69.743,68.877,70.239,..
Fiji,FJI,"Life expectancy at birth, male (years)",SP.DYN.LE00.MA.IN,56.804,57.124,57.673,58.159,58.617,59.173,59.371,59.768,59.805,59.399,59.533,59.574,59.461,58.689,59.437,59.562,59.62,59.911,60.174,60.634,60.546,60.644,60.714,61.133,61.687,62.275,62.349,62.593,62.791,62.958,63.204,63.349,63.583,63.715,63.897,64.077,64.218,64.306,64.488,64.577,64.181,64.273,63.738,64.247,64.546,64.776,65.074,65.084,65.16,65.298,65.536,65.678,65.809,65.609,65.536,64.915,65.446,66.008,66.031,66.126,66.166,65.426,66.465,..
Fiji,FJI,"Life expectancy at birth, total (years)",SP.DYN.LE00.IN,57.588,58.199,58.934,59.552,60.219,60.805,61.154,61.576,61.772,61.538,61.713,61.796,61.784,61.022,61.686,61.852,61.975,62.273,62.527,62.941,62.734,62.729,62.793,63.29,63.892,64.526,64.715,64.936,65.149,65.277,65.508,65.643,65.827,65.928,66.125,66.286,66.408,66.448,66.68,66.763,66.31,66.34,65.748,66.177,66.424,66.632,66.855,66.826,66.935,67.089,67.328,67.523,67.552,67.428,67.376,66.844,67.24,67.79,67.81,67.893,67.924,67.114,68.312,..
Finland,FIN,"Life expectancy at birth, female (years)",SP.DYN.LE00.FE.IN,72.4,72.24,72.24,72.68,72.96,72.85,73.17,73.59,73.55,73.56,74.4,74.32,75.02,75.69,75.55,76.14,76.31,76.96,77.43,77.55,77.85,78.09,78.58,78.36,78.76,78.51,78.76,78.71,78.69,78.9,78.88,79.32,79.43,79.48,80.15,80.21,80.54,80.51,80.84,81.02,81,81.5,81.5,81.8,82.3,82.3,82.8,82.9,83,83.1,83.2,83.8,83.7,84.1,84.1,84.4,84.4,84.5,84.5,84.8,84.8,84.6,83.8,..
Finland,FIN,"Life expectancy at birth, male (years)",SP.DYN.LE00.MA.IN,65.41,65.61,65.09,65.52,65.66,65.29,65.96,65.93,65.87,65.64,66.16,65.92,66.6,66.97,66.93,67.42,67.53,67.96,68.58,68.97,69.24,69.61,70.22,70.24,70.48,70.14,70.56,70.67,70.66,70.88,70.94,71.33,71.67,72.11,72.82,72.79,73.03,73.42,73.52,73.74,74.1,74.6,74.9,75.1,75.3,75.5,75.8,75.8,76.3,76.5,76.7,77.3,77.7,78,78.4,78.7,78.6,78.9,79.1,79.3,79.2,79.3,78.7,..
Finland,FIN,"Life expectancy at birth, total (years)",SP.DYN.LE00.IN,68.819756097561,68.8441463414634,68.5778048780488,69.0126829268293,69.2209756097561,68.9778048780488,69.4770731707317,69.6665853658537,69.6163414634146,69.5034146341464,70.179512195122,70.0175609756098,70.7073170731707,71.2236585365854,71.1348780487805,71.6736585365854,71.8129268292683,72.350243902439,72.8970731707317,73.1553658536586,73.44,73.7465853658537,74.2980487804878,74.2009756097561,74.5190243902439,74.2229268292683,74.56,74.5919512195122,74.5770731707317,74.7921951219512,74.8131707317073,75.2275609756098,75.4553658536585,75.7051219512195,76.3956097560976,76.409512195122,76.6934146341464,76.8785365853659,77.0907317073171,77.2912195121951,77.4658536585366,77.9658536585366,78.119512195122,78.3682926829268,78.7146341463415,78.8170731707317,79.2146341463415,79.2634146341464,79.5682926829268,79.719512195122,79.8707317073171,80.4707317073171,80.6268292682927,80.9756097560976,81.1804878048781,81.4804878048781,81.4292682926829,81.6317073170732,81.7341463414634,81.9829268292683,81.9317073170732,81.8853658536585,81.1878048780488,..
France,FRA,"Life expectancy at birth, female (years)",SP.DYN.LE00.FE.IN,73.3,73.6,73.9,74.1,74.3,74.5,74.7,74.9,75.1,75.3,75.5,75.8,76,76.3,76.6,76.9,77.2,77.5,77.7,78,78.2,78.5,78.7,79,79.2,79.5,79.8,80,80.3,80.6,80.8,81.1,81.3,81.5,81.9,81.9,82,82.3,82.6,82.7,83,83,83,82.7,83.8,83.8,84.5,84.8,84.8,85,85.3,85.7,85.4,85.6,86.1,85.6,85.8,85.7,85.8,85.9,85.3,85.5,85.2,..
France,FRA,"Life expectancy at birth, male (years)",SP.DYN.LE00.MA.IN,66.6,66.8,66.9,67.1,67.2,67.3,67.4,67.6,67.7,67.8,68,68.2,68.4,68.6,68.8,69,69.2,69.4,69.7,69.9,70.1,70.3,70.5,70.8,71,71.3,71.6,71.8,72.1,72.3,72.6,72.8,73.1,73.3,73.6,73.8,74.1,74.5,74.8,75,75.3,75.5,75.7,75.7,76.7,76.7,77.3,77.6,77.8,78,78.2,78.7,78.7,79,79.5,79.2,79.5,79.6,79.7,79.9,79.2,79.3,79.4,..
France,FRA,"Life expectancy at birth, total (years)",SP.DYN.LE00.IN,69.8682926829268,70.1170731707317,70.3146341463415,70.5146341463415,70.6634146341463,70.8121951219512,70.9609756097561,71.1609756097561,71.309756097561,71.4585365853659,71.6585365853659,71.9073170731707,72.1073170731707,72.3560975609756,72.6048780487805,72.8536585365854,73.1024390243903,73.3512195121951,73.6024390243903,73.8512195121951,74.0512195121951,74.3,74.5,74.8,75,75.3,75.6,75.8,76.1,76.3487804878049,76.6,76.8487804878049,77.1,77.3,77.6487804878049,77.7512195121951,77.9536585365854,78.3048780487805,78.6048780487805,78.7560975609756,79.0560975609756,79.1585365853659,79.2609756097561,79.1146341463415,80.1634146341463,80.1634146341463,80.8121951219512,81.1121951219512,81.2146341463415,81.4146341463415,81.6634146341463,82.1146341463415,81.9682926829268,82.219512195122,82.719512195122,82.3219512195122,82.5731707317073,82.5756097560976,82.6756097560976,82.8268292682927,82.1756097560976,82.3243902439024,82.2292682926829,..
French Polynesia,PYF,"Life expectancy at birth, female (years)",SP.DYN.LE00.FE.IN,61.16,61.483,61.766,62.036,62.311,62.6,62.924,63.226,63.497,63.743,63.971,64.189,64.412,64.655,64.93,65.323,65.813,66.378,67.001,67.717,68.608,69.46,70.354,71.242,72.246,73.224,74.085,74.505,75.128,75.531,75.775,75.983,76.252,76.642,77.168,78.017,79.125,80.15,80.919,81.825,82.212,82.359,82.374,82.353,82.344,82.39,82.518,82.765,83.077,83.442,83.812,84.203,84.525,84.776,84.952,85.081,85.186,85.29,85.427,85.608,85.834,82.632,85.977,..
French Polynesia,PYF,"Life expectancy at birth, male (years)",SP.DYN.LE00.MA.IN,58.508,58.819,59.079,59.313,59.543,59.779,60.031,60.319,60.599,60.876,61.152,61.428,61.708,61.997,62.306,62.691,63.178,63.73,64.334,64.974,65.871,66.742,67.577,68.505,69.45,70.216,70.999,71.417,71.934,72.176,72.334,72.466,72.734,73.112,73.595,74.155,74.733,75.453,76.044,76.733,77.051,77.194,77.239,77.251,77.264,77.312,77.414,77.564,77.867,78.241,78.632,79.031,79.374,79.647,79.847,79.99,80.142,80.291,80.474,80.704,79.321,76.975,81.329,..
French Polynesia,PYF,"Life expectancy at birth, total (years)",SP.DYN.LE00.IN,59.675,59.996,60.271,60.527,60.781,61.045,61.334,61.63,61.909,62.173,62.429,62.681,62.936,63.206,63.501,63.889,64.378,64.936,65.549,66.235,67.14,68.012,68.884,69.804,70.772,71.644,72.471,72.897,73.468,73.787,73.983,74.149,74.419,74.804,75.311,76.008,76.833,77.7,78.386,79.18,79.536,79.685,79.711,79.703,79.696,79.736,79.842,80.02,80.301,80.665,81.039,81.429,81.759,82.017,82.214,82.354,82.488,82.618,82.783,82.996,82.217,79.486,83.55,..
Gabon,GAB,"Life expectancy at birth, female (years)",SP.DYN.LE00.FE.IN,48.14,48.768,49.354,49.992,50.692,51.317,51.929,52.513,53.069,53.628,54.18,54.664,55.227,55.739,56.259,56.733,57.303,57.827,58.476,58.86,59.201,59.644,59.804,60.276,60.528,60.975,61.204,61.5,61.481,61.712,61.645,61.682,61.627,61.88,61.773,61.783,61.67,61.725,61.696,61.81,62.24,62.356,62.397,62.982,63.05,63.215,63.765,64.079,64.768,65.12,65.843,66.094,66.759,67.007,67.248,67.826,68.003,68.736,68.789,68.865,69.116,68.494,68.359,..
Gabon,GAB,"Life expectancy at birth, male (years)",SP.DYN.LE00.MA.IN,45.026,45.702,46.333,46.976,47.423,48.199,48.781,49.285,49.823,50.303,50.943,51.492,51.996,52.392,52.892,53.353,53.853,54.369,54.864,55.263,55.716,56.002,56.411,56.927,57.259,57.648,58.073,58.287,58.524,58.809,58.964,59.098,59.443,59.54,59.611,59.609,59.539,59.586,59.867,59.874,59.896,60.179,60.186,60.374,60.637,60.722,61.018,61.203,61.475,61.591,62.082,62.157,62.608,62.762,62.937,63.357,63.837,63.952,64.115,64.581,64.258,63.488,63.361,..
Gabon,GAB,"Life expectancy at birth, total (years)",SP.DYN.LE00.IN,46.575,47.228,47.838,48.479,49.048,49.752,50.349,50.892,51.439,51.957,52.555,53.073,53.605,54.057,54.567,55.035,55.569,56.089,56.659,57.053,57.454,57.816,58.106,58.601,58.894,59.311,59.641,59.894,60.006,60.265,60.311,60.397,60.545,60.718,60.701,60.704,60.612,60.662,60.79,60.849,61.069,61.27,61.292,61.671,61.838,61.959,62.375,62.618,63.083,63.303,63.898,64.045,64.587,64.776,64.974,65.46,65.802,66.189,66.306,66.603,66.531,65.821,65.694,..
"Gambia, The",GMB,"Life expectancy at birth, female (years)",SP.DYN.LE00.FE.IN,36.292,36.778,37.183,37.724,38.228,38.733,39.103,39.696,40.142,40.639,41.143,41.702,42.345,42.799,43.51,43.989,44.592,44.841,45.071,46.064,46.673,47.121,47.926,48.433,49.055,49.805,50.329,51.102,51.618,52.303,53.059,54.08,55.011,55.935,56.842,57.676,58.193,58.266,58.792,59.083,59.017,59.078,58.951,59.206,59.627,60.002,60.533,60.569,61.112,61.64,61.642,62.547,63.347,63.082,63.475,63.583,64.264,64.284,64.251,65.186,64.235,63.529,64.344,..
"Gambia, The",GMB,"Life expectancy at birth, male (years)",SP.DYN.LE00.MA.IN,33.912,34.367,34.804,35.28,35.684,36.175,36.706,37.182,37.617,38.079,38.62,39.017,39.515,40.017,40.438,40.942,41.532,42.073,42.141,43.101,43.685,41.984,44.881,45.468,45.991,46.636,47.153,47.787,48.545,49.04,49.66,50.281,50.995,51.701,52.727,53.384,53.946,53.972,54.431,54.659,54.95,55.084,55.265,55.998,56.573,56.811,57.602,58.22,59.048,59.215,59.787,60.502,60.849,61.141,61.064,61.403,61.763,61.709,61.826,62.33,61.023,60.656,61.481,..
"Gambia, The",GMB,"Life expectancy at birth, total (years)",SP.DYN.LE00.IN,35.098,35.568,35.989,36.496,36.948,37.445,37.898,38.43,38.869,39.349,39.871,40.347,40.915,41.394,41.954,42.444,43.039,43.44,43.583,44.558,45.153,44.476,46.377,46.923,47.493,48.189,48.71,49.409,50.051,50.635,51.319,52.127,52.941,53.748,54.721,55.464,56.009,56.06,56.554,56.816,56.942,57.043,57.08,57.586,58.088,58.394,59.06,59.394,60.082,60.427,60.717,61.526,62.096,62.114,62.269,62.494,63.013,62.995,63.04,63.755,62.612,62.083,62.906,..
Georgia,GEO,"Life expectancy at birth, female (years)",SP.DYN.LE00.FE.IN,65.181,65.439,65.907,66.384,66.185,66.729,67.173,67.217,67.673,68.275,68.493,68.823,69.079,69.282,69.497,69.818,69.829,70.321,70.412,70.891,70.644,71.394,71.605,71.822,71.724,72.268,72.416,72.075,72.552,72.579,72.685,72.671,72.489,72.582,72.682,73.237,73.42,73.315,73.091,73.324,73.583,73.807,74.339,74.631,74.791,75.596,75.952,75.784,75.873,76.427,76.572,76.854,77.205,77.436,77.934,78.131,78.43,78.224,78.153,78.429,77.874,76.681,76.461,..
Georgia,GEO,"Life expectancy at birth, male (years)",SP.DYN.LE00.MA.IN,57.125,57.251,57.654,57.918,58.271,58.749,58.771,59.095,59.559,59.793,59.985,60.267,60.632,61.107,61.235,61.476,61.767,62.155,62.508,62.785,63.239,63.413,63.741,63.622,63.834,64.046,64.074,64.046,64.148,63.819,63.827,63.583,62.911,62.607,64.176,64.245,64.325,64.583,64.879,65.09,65.348,65.225,65.537,65.853,66.166,66.529,66.731,67.193,66.705,67.391,67.603,67.856,67.651,67.866,68.309,68.477,68.696,68.836,68.495,68.493,67.74,66.803,66.76,..
Georgia,GEO,"Life expectancy at birth, total (years)",SP.DYN.LE00.IN,61.222,61.416,61.858,62.228,62.333,62.852,63.075,63.292,63.775,64.205,64.431,64.753,65.072,65.421,65.591,65.874,66.029,66.471,66.695,67.074,67.173,67.634,67.903,67.942,67.994,68.368,68.445,68.251,68.528,68.353,68.389,68.245,67.783,67.656,68.554,68.851,68.974,69.059,69.102,69.319,69.575,69.606,70.024,70.333,70.567,71.13,71.394,71.568,71.332,71.95,72.128,72.39,72.412,72.628,73.099,73.297,73.569,73.57,73.341,73.47,72.765,71.694,71.587,..
Germany,DEU,"Life expectancy at birth, female (years)",SP.DYN.LE00.FE.IN,71.749,72.38,72.583,72.725,73.352,73.293,73.458,73.725,73.362,73.303,73.547,73.795,74.111,74.334,74.593,74.504,74.958,75.612,75.633,75.962,76.147,76.349,76.645,76.934,77.357,77.461,77.638,78.103,78.286,78.466,78.419,78.7,79.2,79.2,79.6,79.7,79.9,80.3,80.6,80.8,81,81.3,81.2,81.3,81.6,81.8,82,82.3,82.4,82.5,82.6,83.1,83.1,83,83.6,83.1,83.5,83.4,83.3,83.7,83.5,83.3,83.2,..
Germany,DEU,"Life expectancy at birth, male (years)",SP.DYN.LE00.MA.IN,66.507,67.04,67.148,67.237,67.658,67.665,67.725,67.881,67.537,67.301,67.495,67.707,67.855,68.045,68.396,68.169,68.621,69.16,69.107,69.457,69.613,69.889,70.179,70.468,70.944,71.073,71.31,71.668,71.868,72.073,71.911,72.1,72.6,72.7,73.1,73.3,73.6,74,74.5,74.8,75,75.5,75.4,75.6,75.9,76.2,76.4,76.9,77.2,77.3,77.5,77.9,78.1,78.1,78.7,78.3,78.6,78.7,78.6,79,78.7,78.4,78.33,..
Germany,DEU,"Life expectancy at birth, total (years)",SP.DYN.LE00.IN,69.0640731707317,69.6448780487805,69.7992195121951,69.9140731707317,70.4355609756098,70.4103658536585,70.5215853658537,70.7317317073171,70.3784634146342,70.2288048780488,70.4471951219512,70.676756097561,70.9067073170732,71.1128048780488,71.4189268292683,71.259243902439,71.7122195121951,72.3073170731707,72.2904146341464,72.6301707317073,72.8003170731707,73.0402195121951,73.3331463414634,73.6221463414634,74.0722926829268,74.1890975609756,74.3968292682927,74.8070243902439,74.9987317073171,75.1915365853659,75.0856341463415,75.319512195122,75.819512195122,75.8707317073171,76.2707317073171,76.4219512195122,76.6731707317073,77.0731707317073,77.4756097560976,77.7268292682927,77.9268292682927,78.3292682926829,78.2292682926829,78.3804878048781,78.6804878048781,78.9317073170732,79.1317073170732,79.5341463414634,79.7365853658537,79.8365853658537,79.9878048780488,80.4365853658537,80.5390243902439,80.490243902439,81.090243902439,80.6414634146341,80.990243902439,80.9926829268293,80.8926829268293,81.2926829268293,81.0414634146342,80.790243902439,80.7056097560976,..
Ghana,GHA,"Life expectancy at birth, female (years)",SP.DYN.LE00.FE.IN,49.405,49.518,49.586,49.742,50.098,50.078,49.972,49.985,49.685,49.667,50.043,50.022,50.172,50.53,50.904,51.349,51.857,52.035,52.554,53.017,53.024,53.312,53.226,53.48,53.911,54.372,55.054,55.607,56.281,56.857,57.087,57.356,57.522,57.341,57.14,57.578,57.918,58.434,58.782,59.224,59.289,59.196,59.852,60.434,60.483,61.091,61.217,61.661,61.77,62.461,62.485,63.233,63.971,64.072,64.924,64.987,65.873,65.922,66.049,66.825,66.385,66.014,66.13,..
Ghana,GHA,"Life expectancy at birth, male (years)",SP.DYN.LE00.MA.IN,45.111,45.427,45.505,45.683,45.641,45.752,45.736,45.638,45.669,45.666,45.783,45.781,46.073,46.453,46.831,47.317,47.839,48.286,48.739,49.005,49.335,49.359,49.64,49.853,50.267,50.534,51.255,52.081,52.769,53.549,54.163,54.673,54.945,55.486,55.082,55.552,55.724,55.969,56.422,56.84,57.101,57.019,57.369,57.794,57.904,58.434,58.759,58.795,59.209,59.44,59.827,60.08,60.219,60.778,61.188,61.379,61.933,62.123,62.215,62.686,61.9,61.63,61.805,..
Ghana,GHA,"Life expectancy at birth, total (years)",SP.DYN.LE00.IN,47.096,47.325,47.405,47.578,47.719,47.778,47.727,47.683,47.57,47.565,47.805,47.798,48.026,48.398,48.777,49.246,49.764,50.085,50.571,50.932,51.117,51.269,51.383,51.622,52.051,52.416,53.125,53.824,54.507,55.191,55.62,56.012,56.231,56.416,56.112,56.565,56.82,57.199,57.6,58.03,58.195,58.107,58.608,59.111,59.191,59.76,59.988,60.224,60.49,60.946,61.157,61.652,62.081,62.42,63.045,63.175,63.89,64.013,64.122,64.74,64.114,63.795,63.945,..
Gibraltar,GIB,"Life expectancy at birth, female (years)",SP.DYN.LE00.FE.IN,70.72,70.312,70.826,70.011,72.359,73.361,71.357,73.693,72.317,72.426,72.501,72.768,72.367,73.034,71.479,73.432,73.061,74.061,74.63,74.854,76.397,75.513,75.111,77,78.094,79.353,79.266,76.908,81.123,76.305,80.052,80.41,78.005,82.021,82.698,78.967,80.394,84.159,83.913,85.056,84.053,83.324,83.255,82.004,83.281,85.203,83.911,81.907,83.605,83.745,84.096,85.461,85.621,83.637,86.29,84.231,84.007,84.017,84.226,84.288,84.112,81.701,84.691,..
Gibraltar,GIB,"Life expectancy at birth, male (years)",SP.DYN.LE00.MA.IN,67.686,67.954,67.938,68.34,67.832,67.728,67.725,68.176,68.627,67.562,68.656,69.2,69.232,69.646,69.721,70.117,69.658,70.305,70.375,70.465,70.971,71.447,71.398,71.844,72.456,72.492,73.008,72.3,73.441,72.664,73.877,73.427,72.967,74.805,75.404,73.998,74.739,76.335,77.143,77.715,78.344,78.519,77.03,77.158,78.36,77.598,76.853,75.201,76.682,78.598,77.8,78.326,80.922,77.54,77.803,76.877,79.331,79.581,80.018,80.374,80.249,77.108,80.93,..
Gibraltar,GIB,"Life expectancy at birth, total (years)",SP.DYN.LE00.IN,69.309,69.234,69.481,69.257,70.168,70.608,69.594,70.983,70.513,70.006,70.605,71.017,70.827,71.375,70.638,71.816,71.39,72.227,72.548,72.71,73.753,73.567,73.342,74.524,75.385,76.013,76.241,74.679,77.36,74.554,77.072,76.994,75.559,78.52,79.164,76.556,77.65,80.343,80.663,81.533,81.37,81.087,80.26,79.694,80.948,81.442,80.393,78.514,80.13,81.243,80.958,81.871,83.366,80.55,81.882,80.427,81.702,81.83,82.154,82.363,82.198,79.329,82.83,..
Greece,GRC,"Life expectancy at birth, female (years)",SP.DYN.LE00.FE.IN,71.862,72.527,72.419,72.772,72.779,73.746,74.222,73.555,73.732,74.405,75.32,75.485,75.295,75.524,75.911,75.986,76.385,76.409,77.141,77.369,77.286,77.648,77.916,78.175,78.425,78.607,79.059,78.827,79.637,79.3,79.5,79.8,80.2,79.9,80.2,80.3,80.4,80.8,80.4,80.6,80.5,81,81.1,81.3,81.6,81.8,82,82,82.5,82.8,83,83.6,83.4,84,84.1,83.7,84,83.9,84.4,84.2,83.9,82.9,83.3,..
Greece,GRC,"Life expectancy at birth, male (years)",SP.DYN.LE00.MA.IN,66.86,68.21,68.194,68.552,68.465,69.221,69.401,69.15,69.238,69.718,70.343,70.652,70.39,70.561,71.039,70.891,71.014,71.063,71.709,72.004,71.937,72.395,72.712,72.987,73.25,73.679,74.029,73.854,74.451,74.2,74.5,74.6,74.7,75,75.2,75,75.1,75.6,75.4,75.5,75.4,75.9,76.3,76.5,76.6,76.8,77,77,77.5,77.7,77.9,78,78,78.7,78.8,78.5,78.9,78.8,79.3,79.2,78.8,77.4,78.1,..
Greece,GRC,"Life expectancy at birth, total (years)",SP.DYN.LE00.IN,69.3,70.3158536585366,70.2549756097561,70.6105365853659,70.5693902439025,71.4283170731707,71.7527073170732,71.2987804878049,71.4301951219512,72.0043414634146,72.7708048780488,73.0095609756098,72.7826829268293,72.9819756097561,73.4155853658537,73.3763658536586,73.634,73.6708048780488,74.358756097561,74.6210731707317,74.5462682926829,74.9574390243902,75.2505365853659,75.5177317073171,75.7743902439024,76.0829024390244,76.4826585365854,76.2798536585366,76.980756097561,76.6878048780488,76.9390243902439,77.1365853658537,77.3829268292683,77.390243902439,77.6390243902439,77.5853658536585,77.6853658536585,78.1365853658537,77.8390243902439,77.9878048780488,77.8878048780488,78.3878048780488,78.6414634146341,78.8414634146341,79.0390243902439,79.2390243902439,79.4390243902439,79.4390243902439,79.9390243902439,80.1878048780488,80.3878048780488,80.7317073170732,80.6341463414634,81.2853658536585,81.3853658536585,81.0365853658537,81.3878048780488,81.2878048780488,81.7878048780488,81.6390243902439,81.2878048780488,80.0829268292683,80.6365853658537,..
Greenland,GRL,"Life expectancy at birth, female (years)",SP.DYN.LE00.FE.IN,..,..,..,..,..,..,..,..,..,..,..,..,..,..,..,..,..,..,67,67.74,67.24,66.86,66.44,66.24,66.55,67.25,67.66,68.47,68.68,68.76,68.92,68.53,68.51,68.51,68.59,67.99,68.4,68.61,69.01,69.33,68.87,68.86,69.27,69.84,70.4,70.96,71.28,71.64,71.89,72.11,72.36,72.58,72.8,73.21,73.33,73.62,74.21,74.36,74.17,74.28,74.13,73.75,73.41,..
Greenland,GRL,"Life expectancy at birth, male (years)",SP.DYN.LE00.MA.IN,..,..,..,..,..,..,..,..,..,..,..,..,..,..,..,..,..,..,60,60.35,59.84,59.47,60.1,60.5,60.53,60.58,61,61.02,60.68,60.77,61.4,61.7,62.04,62.8,63.34,63.41,63.26,63.12,63.44,63.8,63.46,63.66,64.08,64.65,65.18,65.64,66.08,66.58,66.97,67.56,67.91,68.06,68.4,68.58,68.9,69.44,69.58,69.62,69.87,69.72,69.68,69.97,69.76,..
Greenland,GRL,"Life expectancy at birth, total (years)",SP.DYN.LE00.IN,..,..,..,..,..,..,..,..,..,..,..,..,..,..,..,..,..,..,63.4146341463415,63.9548780487805,63.449756097561,63.0748780487805,63.1926829268293,63.3,63.4665853658537,63.8336585365854,64.2487804878049,64.6541463414634,64.5824390243903,64.6675609756098,65.0682926829268,65.0317073170732,65.1960975609756,65.5853658536585,65.9009756097561,65.6441463414634,65.7673170731707,65.7980487804878,66.1570731707317,66.4975609756098,66.0990243902439,66.1965853658537,66.6117073170732,67.1817073170732,67.7263414634146,68.2351219512195,68.6165853658537,69.0482926829268,69.37,69.779512195122,70.0807317073171,70.2648780487805,70.5463414634146,70.8385365853659,71.0609756097561,71.4790243902439,71.8385365853659,71.9321951219512,71.9675609756098,71.9443902439024,71.8507317073171,71.8139024390244,71.5404878048781,..
Grenada,GRD,"Life expectancy at birth, female (years)",SP.DYN.LE00.FE.IN,62.406,63.489,64.576,65.798,66.726,66.773,66.439,66.599,67.409,67.81,68.219,68.462,68.846,69.221,69.606,69.99,70.324,69.57,69.793,70.051,70.375,70.835,71.115,70.977,71.826,72.107,72.444,72.463,72.711,72.952,73.216,73.501,73.779,74.068,74.349,74.767,74.999,75.23,75.483,75.46,75.121,75.425,75.464,75.825,74.162,76.515,76.75,77.355,77.341,77.829,77.632,78.067,77.895,77.903,78.004,78.052,77.814,77.772,77.796,77.834,77.869,77.898,78.298,..
Grenada,GRD,"Life expectancy at birth, male (years)",SP.DYN.LE00.MA.IN,58.608,59.581,60.669,61.844,62.434,62.172,62.432,62.271,63.159,63.481,63.798,64.1,64.413,64.844,65.206,65.615,65.651,65.097,65.277,65.502,65.683,65.85,66.098,58.115,66.592,66.837,66.897,67.224,67.448,67.734,68.015,68.321,68.686,68.984,69.146,69.401,69.633,69.893,70.136,70.362,70.463,70.844,70.911,70.664,69.508,70.72,70.859,71.474,72.099,72.395,72.504,72.692,72.385,72.514,72.207,72.219,71.969,72.005,72.06,72.129,72.208,72.212,72.588,..
Grenada,GRD,"Life expectancy at birth, total (years)",SP.DYN.LE00.IN,60.76,61.792,62.877,64.077,64.841,64.728,64.655,64.654,65.498,65.857,66.216,66.479,66.822,67.217,67.583,67.971,68.151,67.475,67.668,67.9,68.144,68.45,68.712,64.219,69.32,69.58,69.77,69.939,70.165,70.419,70.683,70.974,71.291,71.576,71.786,72.109,72.331,72.568,72.805,72.903,72.783,73.118,73.167,73.188,71.788,73.521,73.7,74.317,74.656,75.036,74.999,75.295,75.042,75.116,74.985,75.013,74.762,74.765,74.808,74.863,74.924,74.936,75.335,..
Guam,GUM,"Life expectancy at birth, female (years)",SP.DYN.LE00.FE.IN,63.71,64.225,64.482,65.229,65.78,66.068,66.073,67.299,68.135,68.198,68.794,68.95,69.422,69.82,70.112,70.51,71.082,72.063,72.864,73.504,73.721,73.949,74.167,74.469,74.691,74.921,75.189,75.397,75.711,75.942,75.818,76.088,76.221,76.26,76.394,76.592,76.209,76.448,76.739,77.087,77.398,78.649,79.129,79.429,79.532,79.923,80.07,80.01,80.193,80.225,80.524,80.979,80.657,80.526,80.68,80.532,80.771,81.043,81.314,81.576,81.868,80.704,82.046,..
Guam,GUM,"Life expectancy at birth, male (years)",SP.DYN.LE00.MA.IN,59.146,59.617,59.943,60.531,61.022,60.877,60.679,61.162,61.524,62.01,61.966,62.379,62.285,62.64,62.839,63.475,63.813,64.596,65.288,66.295,66.581,66.781,67.045,67.292,67.532,67.801,68.054,68.328,68.662,68.986,69.621,69.458,69.725,70.091,70.159,70.399,70.339,70.592,70.846,71.323,71.678,72.435,72.73,73.774,74.462,74.603,74.396,74.381,74.388,74.198,73.576,73.217,73.16,73.272,73.202,73.076,73.339,73.608,73.887,74.164,72.197,72.982,74.838,..
Guam,GUM,"Life expectancy at birth, total (years)",SP.DYN.LE00.IN,60.897,61.395,61.708,62.359,62.878,62.893,62.778,63.566,64.152,64.545,64.825,65.193,65.351,65.752,66.01,66.577,67.032,67.922,68.686,69.579,69.861,70.077,70.32,70.59,70.819,71.069,71.325,71.564,71.885,72.164,72.473,72.497,72.718,72.952,73.058,73.29,73.092,73.349,73.632,74.066,74.417,75.41,75.793,76.504,76.923,77.182,77.136,77.098,77.185,77.094,76.879,76.872,76.707,76.72,76.749,76.616,76.877,77.155,77.439,77.717,76.612,76.656,78.33,..
Guatemala,GTM,"Life expectancy at birth, female (years)",SP.DYN.LE00.FE.IN,46.249,46.963,47.575,48.102,48.53,48.872,49.023,49.362,49.884,50.354,51.261,52.275,53.408,54.601,55.732,56.726,50.371,58.354,59.031,59.577,59.997,60.666,56.905,61.928,62.508,63.085,63.67,64.234,64.814,65.3,65.582,66.052,66.373,66.74,67.24,67.785,68.468,69.172,69.736,70.529,71.105,71.602,72.042,72.447,72.809,72.701,73.423,73.682,73.899,74.127,74.29,74.525,74.731,74.927,75.1,75.178,75.392,75.52,75.571,75.812,75.545,72.651,71.754,..
Guatemala,GTM,"Life expectancy at birth, male (years)",SP.DYN.LE00.MA.IN,45.369,45.985,46.434,46.747,46.946,46.84,46.619,46.736,46.871,46.934,47.805,48.868,50.031,51.532,52.478,53.08,48.052,53.534,53.245,53.2,52.577,51.964,44.787,55.817,56.862,57.56,58.114,58.857,59.468,59.69,59.622,59.676,59.737,60.216,60.473,60.861,61.502,62.135,62.713,63.421,63.983,64.467,64.887,65.286,65.645,65.737,66.307,66.618,66.907,67.245,67.55,67.907,68.265,68.591,68.882,69.075,69.359,69.613,69.896,70.439,68.258,66.005,65.697,..
Guatemala,GTM,"Life expectancy at birth, total (years)",SP.DYN.LE00.IN,45.808,46.47,46.995,47.407,47.712,47.814,47.764,47.984,48.298,48.548,49.439,50.484,51.638,53.003,54.039,54.824,49.169,55.816,55.963,56.185,56.024,55.972,50.134,58.718,59.558,60.203,60.772,61.432,62.029,62.374,62.473,62.725,62.913,63.349,63.726,64.195,64.863,65.536,66.114,66.869,67.446,67.946,68.386,68.797,69.165,69.168,69.812,70.1,70.356,70.641,70.878,71.177,71.463,71.728,71.964,72.103,72.355,72.551,72.726,73.129,71.797,69.237,68.674,..
Guinea,GIN,"Life expectancy at birth, female (years)",SP.DYN.LE00.FE.IN,37.889,38.047,38.223,38.542,38.69,38.969,39.135,39.455,39.959,40.113,40.4,40.686,41.075,41.184,41.432,41.92,42.316,42.79,43.31,43.82,44.322,44.745,45.211,45.667,46.093,46.666,46.916,47.36,47.364,47.498,47.522,48.198,49.161,49.761,49.945,50.568,51.173,52.033,52.489,52.763,52.832,53.118,53.643,54.085,54.649,55.288,55.851,56.447,57.042,57.309,57.842,58.107,58.731,59.007,59.248,59.307,59.69,60.212,60.298,60.817,60.449,60.099,60.238,..
Guinea,GIN,"Life expectancy at birth, male (years)",SP.DYN.LE00.MA.IN,35.26,35.501,35.651,35.837,36.039,36.276,36.581,36.829,37.202,37.374,37.655,37.964,38.304,38.616,38.856,39.272,39.735,40.034,40.489,40.957,41.431,41.883,42.608,43.061,43.756,44.334,44.876,45.429,45.772,46.156,46.449,46.853,47.523,48.123,48.358,49.127,49.88,50.644,51.578,51.921,52.096,52.174,52.878,53.23,53.535,53.919,54.302,54.587,54.97,55.313,55.518,55.851,55.995,56.489,56.434,56.874,57.761,57.926,58.326,58.544,58.113,57.595,57.643,..
Guinea,GIN,"Life expectancy at birth, total (years)",SP.DYN.LE00.IN,36.547,36.75,36.913,37.164,37.341,37.599,37.84,38.123,38.559,38.723,39.008,39.308,39.673,39.891,40.137,40.591,41.024,41.411,41.901,42.393,42.884,43.324,43.925,44.382,44.946,45.522,45.918,46.417,46.589,46.847,47.004,47.546,48.363,48.962,49.171,49.866,50.544,51.356,52.049,52.356,52.479,52.662,53.278,53.678,54.117,54.632,55.108,55.553,56.044,56.348,56.72,57.019,57.406,57.791,57.886,58.134,58.763,59.109,59.349,59.72,59.327,58.892,58.985,..
Guinea-Bissau,GNB,"Life expectancy at birth, female (years)",SP.DYN.LE00.FE.IN,39.439,39.631,39.915,39.9,40.208,40.615,40.923,41.259,41.588,41.968,42.244,42.593,42.856,43.24,43.849,44.142,44.475,44.815,45.08,45.391,45.75,46.114,46.346,46.575,46.776,47.012,47.384,47.648,48.174,48.577,49.004,49.44,49.896,50.146,50.112,50.953,51.071,50.016,51.36,51.239,52.561,52.825,53.35,53.627,54.349,54.373,55.509,56.138,56.718,57.651,58.439,59.059,59.791,60.327,60.679,61.211,61.777,62.037,62.614,62.872,62.265,61.796,61.929,..
Guinea-Bissau,GNB,"Life expectancy at birth, male (years)",SP.DYN.LE00.MA.IN,35.655,35.926,36.121,32.07,32.369,32.714,32.993,33.283,33.615,33.996,34.254,34.584,34.931,35.219,39.746,40.064,40.47,40.735,41.096,41.495,41.873,42.142,42.503,42.785,42.971,43.28,43.593,43.997,44.54,44.896,45.239,45.571,46.016,46.366,46.248,46.991,47.088,45.994,44.222,44.861,47.684,48.053,48.599,49.143,49.902,50.068,51.171,52.098,52.496,53.344,53.923,54.767,55.478,56.023,56.422,56.925,57.447,57.969,58.263,58.763,57.612,57.392,57.671,..
Guinea-Bissau,GNB,"Life expectancy at birth, total (years)",SP.DYN.LE00.IN,37.464,37.695,37.932,35.661,35.984,36.383,36.698,37.024,37.361,37.746,38.025,38.368,38.698,39.034,41.757,42.053,42.419,42.718,43.033,43.39,43.754,44.07,44.374,44.635,44.829,45.104,45.446,45.785,46.321,46.7,47.084,47.465,47.92,48.228,48.156,48.952,49.065,47.997,47.716,48.006,50.121,50.445,50.986,51.405,52.15,52.249,53.371,54.155,54.646,55.541,56.23,56.967,57.69,58.232,58.61,59.128,59.674,60.066,60.502,60.882,59.999,59.652,59.861,..
Guyana,GUY,"Life expectancy at birth, female (years)",SP.DYN.LE00.FE.IN,60.633,61.069,61.404,61.72,62.019,62.257,62.444,62.628,62.77,62.89,63.002,63.1,63.204,63.254,63.348,63.417,63.491,63.578,63.709,63.814,63.962,64.04,64.164,64.235,64.345,64.502,64.682,64.88,65.033,65.216,65.422,65.65,66.045,66.381,66.646,66.494,66.731,67.043,67.552,67.612,68.01,68.342,68.141,68.004,68.504,68.675,69.17,69.776,69.799,70.022,70.237,70.518,70.814,71.118,71.316,71.632,71.882,72.207,72.439,72.658,72.118,69.104,69.399,..
Guyana,GUY,"Life expectancy at birth, male (years)",SP.DYN.LE00.MA.IN,55.62,56.044,56.502,56.859,57.148,57.405,57.61,57.783,57.932,58.063,58.138,58.216,58.28,58.325,58.388,58.439,58.509,58.554,58.621,58.683,58.737,58.821,58.892,58.984,59.07,59.074,59.174,59.284,59.406,59.532,59.683,59.867,59.853,60.231,60.414,60.12,60.066,60.1,60.657,61.076,61.325,61.607,61.653,61.538,61.733,61.949,62.5,63.06,63.099,63.412,63.564,63.766,63.972,64.158,64.689,64.98,65.082,65.303,65.503,65.806,65.075,62.481,62.778,..
Guyana,GUY,"Life expectancy at birth, total (years)",SP.DYN.LE00.IN,58.034,58.46,58.864,59.202,59.494,59.742,59.937,60.113,60.256,60.38,60.469,60.555,60.636,60.683,60.76,60.819,60.892,60.955,61.052,61.133,61.229,61.311,61.406,61.491,61.589,61.66,61.797,61.947,62.085,62.238,62.415,62.622,62.787,63.152,63.372,63.136,63.205,63.356,63.9,64.17,64.483,64.788,64.728,64.6,64.93,65.132,65.667,66.254,66.288,66.563,66.743,66.982,67.23,67.473,67.882,68.201,68.384,68.667,68.896,69.124,68.486,65.673,65.989,..
Haiti,HTI,"Life expectancy at birth, female (years)",SP.DYN.LE00.FE.IN,45.697,46.072,46.434,44.449,46.978,47.343,47.531,48.039,48.393,48.749,49.123,49.519,49.685,49.921,50.066,50.315,50.498,50.734,50.936,51.068,51.116,51.477,51.722,51.985,52.173,52.717,53.185,53.457,53.853,53.98,54.085,54.792,55.163,55.663,55.897,56.93,57.638,57.986,58.691,59.64,60.121,60.268,60.701,61.463,60.246,62.609,63.06,63.419,63.696,64.113,46.251,64.126,64.804,65.211,65.684,65.954,66.235,66.732,66.919,67.329,67.118,66.119,66.695,..
Haiti,HTI,"Life expectancy at birth, male (years)",SP.DYN.LE00.MA.IN,41.299,41.747,42.134,41.049,42.932,43.329,43.622,44.171,44.589,45.034,45.5,45.869,46.151,46.441,46.715,46.992,47.353,47.624,47.862,48.22,48.621,48.994,49.316,49.692,50.009,50.272,50.515,50.97,51.365,51.489,51.827,51.966,52.489,53.002,53.37,54.133,54.647,55.023,55.562,56.272,56.608,56.713,57.019,57.57,56.715,58.265,58.521,58.842,59.029,59.429,45.758,59.202,59.857,60.086,60.387,60.617,60.661,61.087,61.231,61.314,61.131,60.399,60.892,..
Haiti,HTI,"Life expectancy at birth, total (years)",SP.DYN.LE00.IN,43.499,43.914,44.291,42.769,44.968,45.351,45.594,46.125,46.512,46.915,47.337,47.719,47.945,48.208,48.419,48.681,48.956,49.209,49.428,49.675,49.902,50.268,50.551,50.871,51.123,51.523,51.875,52.239,52.632,52.755,52.975,53.391,53.842,54.35,54.653,55.547,56.154,56.516,57.135,57.961,58.365,58.489,58.855,59.507,58.475,60.415,60.763,61.103,61.332,61.741,46.019,61.623,62.291,62.605,62.987,63.237,63.392,63.854,64.019,64.255,64.052,63.192,63.728,..
Honduras,HND,"Life expectancy at birth, female (years)",SP.DYN.LE00.FE.IN,50.225,50.552,51.439,52.017,52.726,53.286,53.883,54.408,55.07,55.631,56.173,56.67,57.344,55.858,52.965,59.174,59.794,60.38,60.947,61.565,62.192,62.719,63.425,64.091,64.647,64.83,65.56,66.154,66.414,67.008,67.449,67.99,68.25,68.513,68.809,69.362,69.695,69.902,63.617,70.565,70.807,71.284,71.441,71.57,72.07,72.132,72.306,72.368,72.451,72.958,73.278,73.776,74.169,74.497,74.632,74.991,75.078,75.188,75.318,75.37,73.987,72.534,73.157,..
Honduras,HND,"Life expectancy at birth, male (years)",SP.DYN.LE00.MA.IN,46.504,46.991,47.97,48.554,48.985,49.716,50.366,50.918,51.692,52.212,52.756,53.305,53.914,52.992,51.636,55.95,56.556,57.152,57.761,58.294,58.831,59.371,59.718,60.284,60.751,61.26,61.744,62.062,62.428,62.864,63.202,63.68,63.897,64.151,64.496,65.064,65.336,65.782,61.834,66.413,66.652,66.883,67.413,67.566,67.677,68.191,68.335,68.498,68.549,68.983,69.038,69.261,69.471,69.613,70.036,70.15,70.257,70.351,70.461,70.534,69.126,67.894,68.461,..
Honduras,HND,"Life expectancy at birth, total (years)",SP.DYN.LE00.IN,48.317,48.73,49.668,50.25,50.812,51.465,52.091,52.632,53.355,53.896,54.44,54.966,55.607,54.415,52.313,57.548,58.158,58.746,59.334,59.908,60.485,61.016,61.527,62.137,62.642,62.996,63.591,64.032,64.345,64.856,65.243,65.752,65.991,66.251,66.574,67.139,67.439,67.777,62.721,68.422,68.662,69.006,69.366,69.507,69.796,70.104,70.261,70.376,70.441,70.911,71.088,71.439,71.734,71.963,72.259,72.487,72.588,72.692,72.814,72.881,71.462,70.123,70.728,..
"Hong Kong SAR, China",HKG,"Life expectancy at birth, female (years)",SP.DYN.LE00.FE.IN,70.264,70.848,71.17,72.044,72.747,73.337,73.618,73.792,74.206,74.451,75.105,75.33,75.4,75.86,76.26,76.84,76.19,76.74,76.66,76.89,77.87,78.54,78.44,78.38,78.97,79.19,79.44,79.72,79.88,80.02,80.28,80.69,80.68,80.91,81.54,81.46,82.67,83.17,82.97,83.2,83.89,84.6,84.51,84.35,84.77,84.59,85.54,85.44,85.47,85.92,86,86.69,86.38,86.72,86.85,87.29,87.3,87.61,87.61,88.06,87.75,87.94,86.77,..
"Hong Kong SAR, China",HKG,"Life expectancy at birth, male (years)",SP.DYN.LE00.MA.IN,61.678,62.474,62.984,63.535,64.35,65.36,65.654,66.243,66.689,66.871,67.188,67.79,67.69,68.5,69.11,70.05,69.55,70.12,70.57,70.59,71.59,72.31,72.58,72.34,73.19,73.8,74.06,74.21,74.42,74.18,74.6,75.19,74.81,75.26,75.69,76.03,76.73,77.2,77.38,77.68,78,78.39,78.54,78.48,78.97,78.77,79.38,79.44,79.36,79.78,80.06,80.29,80.66,81.08,81.16,81.36,81.27,81.92,82.26,82.39,83.35,83.24,80.7,..
"Hong Kong SAR, China",HKG,"Life expectancy at birth, total (years)",SP.DYN.LE00.IN,65.8662926829268,66.5588780487805,66.9771707317073,67.6857317073171,68.4460975609756,69.2512195121951,69.5388780487805,69.9254390243902,70.3558292682927,70.5685609756098,71.0499512195122,71.4680487804878,71.4509756097561,72.090243902439,72.5978048780488,73.3621951219512,72.7890243902439,73.3492682926829,73.5407317073171,73.6631707317073,74.6534146341464,75.3490243902439,75.4385365853659,75.2863414634146,76.009512195122,76.4292682926829,76.6843902439024,76.8978048780488,77.0834146341464,77.0287804878049,77.3707317073171,77.8729268292683,77.6734146341464,78.0160975609756,78.5436585365854,78.6787804878049,79.6275609756098,80.1121951219512,80.1068292682927,80.3726829268293,80.8731707317073,81.4192682926829,81.4521951219512,81.3434146341464,81.7992682926829,81.6090243902439,82.3848780487805,82.3668292682927,82.3404878048781,82.7751219512195,82.9575609756098,83.4119512195122,83.450243902439,83.8312195121951,83.9356097560976,84.2526829268293,84.2114634146342,84.6956097560976,84.869756097561,85.1558536585366,85.4963414634146,85.5326829268293,83.6609756097561,..
Hungary,HUN,"Life expectancy at birth, female (years)",SP.DYN.LE00.FE.IN,70.18,71.2,70.14,71.22,71.86,71.54,72.24,72.05,71.95,72.06,72.12,72.1,72.62,72.54,72.27,72.44,72.59,73.08,72.8,73.17,72.77,72.95,73.23,73.02,73.19,73.08,73.23,73.8,74.08,73.8,73.7,73.91,73.86,73.88,74.31,74.55,74.79,75.22,75.186,75.21,75.6,76.5,76.6,76.5,76.9,76.9,77.4,77.3,77.8,77.9,78.1,78.7,78.7,79.1,79.4,79,79.7,79.3,79.6,79.7,79,77.8,79.5,..
Hungary,HUN,"Life expectancy at birth, male (years)",SP.DYN.LE00.MA.IN,65.93,66.78,65.7,66.64,67.02,66.72,67.52,66.89,66.64,66.7,66.35,66.15,66.85,66.64,66.37,66.29,66.7,66.77,66.15,66.23,65.53,65.51,65.67,65.12,65.06,65.06,65.31,65.7,66.16,65.33,65.14,65.06,64.6,64.55,64.86,65.26,66.08,66.4,66.15,66.36,67.1,68.2,68.3,68.3,68.6,68.6,69,69.2,69.8,70.1,70.5,71.2,71.6,72.2,72.3,72.3,72.6,72.5,72.7,73.1,72.3,70.7,72.7,..
Hungary,HUN,"Life expectancy at birth, total (years)",SP.DYN.LE00.IN,68.0031707317073,68.9360975609756,67.8658536585366,68.8741463414634,69.3809756097561,69.0712195121951,69.8224390243902,69.4070731707317,69.230243902439,69.3146341463415,69.1646341463415,69.0524390243903,69.6646341463415,69.5180487804878,69.2480487804878,69.29,69.5731707317073,69.8480487804878,69.3939024390244,69.6153658536585,69.0617073170732,69.1392682926829,69.3578048780488,68.9736585365854,69.0258536585366,68.9721951219512,69.1734146341463,69.6512195121951,70.0234146341463,69.4617073170732,69.3156097560976,69.3770731707317,69.1170731707317,69.1012195121951,69.469756097561,69.7917073170732,70.3287804878049,70.7024390243902,70.5578048780488,70.6770731707317,71.2463414634146,72.2487804878049,72.3487804878049,72.3,72.6487804878049,72.6487804878049,73.0975609756098,73.1512195121951,73.7024390243903,73.9048780487805,74.2073170731707,74.8585365853659,75.0634146341463,75.5658536585366,75.7634146341463,75.5682926829269,76.0634146341464,75.8170731707317,76.0658536585366,76.3195121951219,75.5682926829269,74.1634146341463,76.0170731707317,..
Iceland,ISL,"Life expectancy at birth, female (years)",SP.DYN.LE00.FE.IN,75.503,76.3,76.16,76.07,76.41,76.44,76.43,76.59,76.49,76.45,77.34,76.49,76.94,77.56,78.01,78.99,80.24,79.58,79.62,80,80.35,79.82,79.65,80.6,80.45,80.44,80.69,79.9,79.9,80.2,80.71,81.27,80.85,80.84,81.47,80.11,81.18,81.6,81.6,81.4,81.6,83.2,82.5,82.5,83.2,83.5,82.9,83.4,83.3,83.8,84.1,84.1,84.3,83.7,84.5,83.8,84.1,84.3,84.5,84.7,84.6,84.6,83.4,..
Iceland,ISL,"Life expectancy at birth, male (years)",SP.DYN.LE00.MA.IN,72.104,70.84,71.4,70.16,70.81,71.42,70.32,71.11,71.64,71.23,70.69,70.79,72.09,71.49,71.18,72.33,73.86,73.32,73.82,73.7,73.51,73.38,74.55,73.27,74.84,74.9,75.42,74.9,74.4,76.18,75.49,74.87,76.77,77.12,77.13,75.96,76.49,76.3,77.7,77.4,77.8,78.3,78.6,79.5,78.9,79.6,79.5,79.6,80,79.8,79.8,80.7,81.6,80.5,81.3,81.2,80.4,81.1,81.3,81.7,81.6,81.8,81,..
Iceland,ISL,"Life expectancy at birth, total (years)",SP.DYN.LE00.IN,73.7620487804878,73.5034146341464,73.7219512195122,73.0429268292683,73.5417073170732,73.8687804878049,73.3004878048781,73.7831707317073,74.0058536585366,73.7763414634147,73.9339024390244,73.5704878048781,74.4558536585366,74.4509756097561,74.5117073170732,75.5787804878049,76.9721951219512,76.3736585365854,76.6492682926829,76.7731707317073,76.8465853658537,76.5214634146341,77.0378048780488,76.8456097560976,77.5765853658537,77.6024390243903,77.9907317073171,77.3390243902439,77.0829268292683,78.1409756097561,78.0363414634146,77.9919512195122,78.760243902439,78.9346341463415,79.2470731707317,77.9843902439024,78.7778048780488,78.8853658536585,79.6024390243903,79.3512195121951,79.6536585365854,80.690243902439,80.5024390243903,80.9634146341464,80.9975609756098,81.5024390243902,81.1585365853659,81.4536585365854,81.609756097561,81.7512195121951,81.8975609756097,82.3585365853659,82.9170731707317,82.0609756097561,82.8609756097561,82.4682926829268,82.2048780487805,82.6609756097561,82.8609756097561,83.1634146341463,83.0634146341463,83.1658536585366,82.1707317073171,..
India,IND,"Life expectancy at birth, female (years)",SP.DYN.LE00.FE.IN,44.508,44.695,44.961,45.248,45.501,44.361,44.727,45.083,46.837,47.22,47.587,47.938,48.31,48.806,49.526,50.158,50.852,51.512,52.258,52.985,53.696,54.397,55.068,55.712,56.315,56.898,57.459,57.999,58.546,59.064,59.537,59.956,60.335,60.65,61.007,61.351,61.733,62.148,62.595,63.111,63.639,64.131,64.729,65.287,65.831,66.379,66.891,67.342,67.786,68.215,68.645,69.106,69.592,70.083,70.602,71.077,71.503,71.856,72.142,72.395,71.824,68.886,69.384,..
India,IND,"Life expectancy at birth, male (years)",SP.DYN.LE00.MA.IN,45.884,46.057,46.312,46.58,46.822,45.556,45.898,46.225,48.065,48.456,48.854,49.284,49.694,50.224,50.912,51.418,51.884,52.275,52.71,53.135,53.545,53.988,54.446,54.911,55.387,55.849,56.299,56.726,57.113,57.511,57.876,58.256,58.66,59.054,59.483,59.89,60.277,60.665,61.028,61.351,61.754,62.114,62.573,62.981,63.313,63.719,64.053,64.365,64.654,64.962,65.327,65.765,66.324,66.961,67.651,68.285,68.81,69.159,69.367,69.525,68.615,65.756,66.257,..
India,IND,"Life expectancy at birth, total (years)",SP.DYN.LE00.IN,45.218,45.398,45.659,45.936,46.184,44.98,45.333,45.674,47.471,47.857,48.241,48.632,49.025,49.539,50.244,50.812,51.388,51.909,52.492,53.06,53.611,54.175,54.732,55.281,55.816,56.334,56.835,57.315,57.777,58.233,58.652,59.055,59.452,59.815,60.216,60.596,60.984,61.388,61.792,62.207,62.669,63.091,63.616,64.094,64.524,64.996,65.412,65.788,66.149,66.513,66.909,67.359,67.887,68.46,69.074,69.636,70.117,70.467,70.71,70.91,70.15,67.24,67.744,..
Indonesia,IDN,"Life expectancy at birth, female (years)",SP.DYN.LE00.FE.IN,47.933,48.545,49.225,49.829,50.851,46.589,50.174,52.837,53.45,54.195,54.873,55.505,56.125,56.744,57.299,57.861,58.485,59.097,59.507,60.005,60.609,60.848,61.42,62.049,62.325,62.868,63.338,63.435,63.803,64.309,64.792,65.015,65.627,66.301,66.368,66.794,66.867,67.343,67.458,67.982,67.975,68.509,68.696,69.242,67.113,69.294,69.812,69.929,69.939,70.417,70.434,70.571,70.78,71.346,71.466,71.629,71.751,71.898,72.403,72.597,70.982,69.744,70.437,..
Indonesia,IDN,"Life expectancy at birth, male (years)",SP.DYN.LE00.MA.IN,45.022,45.734,46.557,47.075,47.675,39.127,46.321,49.366,49.885,50.59,51.193,51.736,52.444,53.041,53.642,54.161,54.636,55.162,55.712,56.379,56.977,57.491,58.152,58.564,59.18,59.785,60.145,60.536,60.655,61.119,61.604,62.082,62.649,62.933,63.364,63.702,63.858,64.144,64.475,64.492,64.9,65.032,65.574,65.611,64.374,66.009,66.048,66.459,66.519,66.599,66.93,67.079,67.177,67.228,67.624,67.791,67.87,68.001,68.311,68.481,66.745,65.533,66.181,..
Indonesia,IDN,"Life expectancy at birth, total (years)",SP.DYN.LE00.IN,46.452,47.117,47.871,48.429,49.232,42.599,48.2,51.066,51.63,52.354,52.992,53.576,54.242,54.85,55.429,55.968,56.514,57.081,57.565,58.153,58.754,59.138,59.757,60.273,60.728,61.307,61.722,61.973,62.211,62.696,63.181,63.537,64.126,64.598,64.856,65.237,65.355,65.733,65.962,66.221,66.433,66.758,67.134,67.413,65.75,67.649,67.914,68.189,68.226,68.494,68.679,68.823,68.973,69.264,69.533,69.699,69.798,69.936,70.338,70.518,68.808,67.57,68.25,..
"Iran, Islamic Rep.",IRN,"Life expectancy at birth, female (years)",SP.DYN.LE00.FE.IN,43.063,43.667,43.389,44.908,45.484,46.056,46.92,47.519,47.774,49.154,50.081,51.092,51.606,53.246,54.287,55.224,56.281,57.35,56.677,59.734,60.634,61.35,62.484,63.591,64.5,65.304,65.937,66.268,66.963,67.727,66.32,68.596,69.069,69.323,69.827,70.038,70.748,70.968,71.23,71.942,72.297,72.559,72.923,72.23,73.886,74.356,74.918,75.364,74.918,75.011,75.728,76.383,76.958,77.211,77.361,77.765,78.336,78.904,79.091,79.055,77.817,76.808,77.453,..
"Iran, Islamic Rep.",IRN,"Life expectancy at birth, male (years)",SP.DYN.LE00.MA.IN,44.802,45.382,45.097,46.28,46.857,47.381,47.879,48.505,48.465,49.692,50.311,51.147,51.701,52.666,53.454,54.332,55.165,55.873,55.242,57.489,56.704,52.959,53.965,54.882,58.456,59.021,59.574,59.9,60.453,63.91,62.611,64.537,64.722,65.167,65.346,65.743,65.692,66.031,66.472,66.925,67.337,67.591,68.173,67.61,69.047,69.513,69.847,70.381,70.492,70.543,70.631,71.191,71.641,71.905,72.383,72.67,73.06,73.27,73.519,73.379,72.102,71.246,71.93,..
"Iran, Islamic Rep.",IRN,"Life expectancy at birth, total (years)",SP.DYN.LE00.IN,43.957,44.55,44.269,45.619,46.196,46.744,47.421,48.034,48.136,49.438,50.204,51.124,51.659,52.946,53.854,54.761,55.7,56.577,55.926,58.55,58.537,56.715,57.734,58.748,61.22,61.893,62.487,62.823,63.446,65.718,64.367,66.459,66.776,67.139,67.468,67.785,68.07,68.359,68.73,69.297,69.691,69.955,70.445,69.823,71.37,71.838,72.276,72.772,72.624,72.698,73.069,73.679,74.186,74.449,74.782,75.124,75.6,75.971,76.195,76.103,74.832,73.875,74.556,..
Iraq,IRQ,"Life expectancy at birth, female (years)",SP.DYN.LE00.FE.IN,55.865,56.822,57.811,58.574,59.083,60.05,60.848,61.522,61.967,62.628,63.246,63.876,64.349,65.027,65.197,65.757,66.632,67.138,67.291,67.69,67.461,67.601,67.726,68.154,68.219,68.547,68.615,68.697,65.966,63.574,63.701,66.696,69.376,69.708,69.542,69.165,68.842,68.321,67.868,69.002,69.849,69.965,70.114,69.925,69.917,69.873,69.549,69.422,69.351,69.589,70.145,70.348,70.518,70.702,71.175,71.213,72.38,73.235,73.293,73.428,71.185,72.422,73.362,..
Iraq,IRQ,"Life expectancy at birth, male (years)",SP.DYN.LE00.MA.IN,49.537,50.183,51.029,51.525,52.349,53.335,54.005,55.307,55.687,56.119,57.189,57.989,58.471,59.078,56.873,57.434,60.817,61.334,61.529,61.91,56.204,52.484,53.014,53.236,53.418,53.922,54.168,54.587,50.333,53.293,53.542,58.436,63.916,63.974,63.841,63.66,63.825,63.254,63.004,63.295,63.734,64.041,64.005,61.525,60.435,60.137,58.189,58.215,60.716,63.266,63.929,64.876,65.418,65.694,66.522,67.515,65.614,67.513,69.559,69.559,66.954,68.2,69.162,..
Iraq,IRQ,"Life expectancy at birth, total (years)",SP.DYN.LE00.IN,52.618,53.411,54.326,54.948,55.633,56.616,57.348,58.37,58.781,59.32,60.186,60.909,61.388,62.03,60.898,61.464,63.715,64.228,64.401,64.791,61.5,59.331,59.733,60.061,60.219,60.68,60.874,61.176,57.466,58.235,58.435,62.519,66.708,66.897,66.744,66.464,66.391,65.837,65.486,66.182,66.817,67.034,67.084,65.643,65.031,64.844,63.587,63.553,64.942,66.446,67.062,67.659,68.023,68.253,68.914,69.44,68.988,70.413,71.514,71.576,69.123,70.378,71.336,..
Ireland,IRL,"Life expectancy at birth, female (years)",SP.DYN.LE00.FE.IN,71.989,71.598,72.11,72.263,72.593,72.942,72.445,73.519,73.272,73.086,73.335,74.181,73.573,73.887,73.84,74.46,74.477,74.627,74.776,75.291,75.392,75.88,76.084,76.218,76.552,76.629,76.625,77.356,77.32,77.302,77.72,77.902,78.288,78.161,78.659,78.313,78.7,78.7,79.1,78.9,79.2,79.9,80.4,80.7,81.1,81.3,81.7,82.1,82.4,82.7,83.1,83,83.1,83.1,83.5,83.4,83.6,84,84.1,84.7,84.4,84.3,84.9,..
Ireland,IRL,"Life expectancy at birth, male (years)",SP.DYN.LE00.MA.IN,68.485,67.85,67.973,68.294,68.487,68.555,68.095,69.08,68.721,68.726,68.584,69.29,68.592,68.719,68.638,69.175,69.361,69.493,69.349,69.389,69.932,70.163,70.471,70.404,70.913,70.758,70.847,71.648,71.696,71.744,72.109,72.285,72.679,72.56,73.052,72.762,73.1,73.4,73.4,73.4,74,74.5,75,75.7,76.1,76.7,76.9,77.3,77.9,77.8,78.5,78.6,78.7,78.9,79.3,79.6,79.8,80.4,80.4,80.8,80.8,80.5,81.3,..
Ireland,IRL,"Life expectancy at birth, total (years)",SP.DYN.LE00.IN,70.1942682926829,69.6782926829268,69.9910487804878,70.2300975609756,70.4899268292683,70.695,70.2169512195122,71.2453658536585,70.941,70.8528292682927,70.9015609756098,71.6758536585366,71.021756097561,71.2399756097561,71.1755609756098,71.7530487804878,71.8566097560976,71.9973902439024,71.9963170731707,72.2680243902439,72.5954146341464,72.9517804878049,73.2090487804878,73.2400975609756,73.6637317073171,73.6219024390244,73.6655365853659,74.4323902439024,74.4394146341463,74.4552195121951,74.8460731707317,75.025,75.4150975609756,75.2921951219512,75.7871219512195,75.4698048780488,75.8317073170732,75.9853658536585,76.1804878048781,76.0829268292683,76.5365853658537,77.1341463414634,77.6341463414634,78.1390243902439,78.5390243902439,78.9439024390244,79.2414634146342,79.6414634146341,80.0951219512195,80.190243902439,80.7439024390244,80.7463414634146,80.8463414634146,80.9487804878049,81.3487804878049,81.4536585365854,81.6536585365854,82.1560975609756,82.2048780487805,82.7024390243903,82.5560975609756,82.3536585365854,83.0560975609756,..
Isle of Man,IMN,"Life expectancy at birth, female (years)",SP.DYN.LE00.FE.IN,69.743,69.219,69.745,69.211,70.427,70.539,70.717,71.358,71.093,70.822,71.219,71.465,70.948,71.864,71.533,72.233,72.354,72.55,72.662,72.929,73.354,74.024,74.034,74.563,74.717,74.352,74.993,75.305,75.725,75.418,76.562,76.89,77.437,75.771,76.817,76.383,76.981,77.242,76.726,76.29,77.363,77.521,77.905,77.534,79.186,79.786,79.622,79.322,80.846,81.043,81.371,81.509,81.657,81.793,81.939,80.762,82.21,82.354,82.488,82.629,82.536,82.531,82.732,..
Isle of Man,IMN,"Life expectancy at birth, male (years)",SP.DYN.LE00.MA.IN,59.195,58.202,58.982,58.037,59.429,59.609,60.024,60.776,60.411,59.891,60.461,60.779,60.162,61.553,60.814,61.92,62.248,62.309,62.643,63.099,63.524,64.374,64.413,65.094,65.268,64.859,65.8,66.253,66.931,66.627,67.563,67.651,68.886,68.91,69.907,70.158,70.564,70.232,72.4,71.042,72.08,73.425,72.921,74.564,74.695,75.403,76.655,77.24,76.057,76.332,76.615,76.886,77.04,77.184,78.11,77.052,78.41,78.56,78.709,78.857,78.672,78.564,78.833,..
Isle of Man,IMN,"Life expectancy at birth, total (years)",SP.DYN.LE00.IN,64.409,63.629,64.293,63.522,64.838,64.978,65.273,65.968,65.625,65.193,65.684,65.956,65.371,66.555,65.989,66.918,67.162,67.281,67.511,67.882,68.304,69.079,69.1,69.716,69.88,69.48,70.292,70.678,71.239,70.924,71.959,72.151,73.078,72.31,73.339,73.264,73.756,73.691,74.603,73.666,74.725,75.51,75.42,76.096,76.966,77.623,78.191,78.331,78.449,78.681,78.983,79.19,79.337,79.473,80.037,78.905,80.314,80.457,80.596,80.737,80.588,80.525,80.762,..
Israel,ISR,"Life expectancy at birth, female (years)",SP.DYN.LE00.FE.IN,..,73.62,73.7,..,..,..,73.73,73.2,72.88,72.84,72.96,73.44,72,73.23,73.27,73.93,74.8,74.7,75,75.3,75.74,75.9,75.8,76.2,76.6,77,76.8,77,75,78.1,78.4,78.5,78.4,79.1,79.4,79.5,80,80.1,80.3,80.4,80.9,81.2,81.5,81.8,82.4,82.2,82.5,82.4,83,83.3,83.6,83.5,83.6,83.9,84.1,84.1,84.2,84.6,84.8,84.7,84.8,84.6,84.8,..
Israel,ISR,"Life expectancy at birth, male (years)",SP.DYN.LE00.MA.IN,..,70.47,70.6,..,..,..,70.91,69.9,69.32,69.19,69.55,70.08,70.2,70.23,70.13,70.25,71.2,71.3,71.5,71.8,72.1,72.7,72.5,72.8,73.1,73.5,73.2,73.6,73.9,74.6,74.9,75.1,74.7,75.3,75.5,75.5,76.3,76,76.1,77,77.1,77.7,77.5,77.6,78,78.2,78.7,78.7,79,79.6,79.7,79.9,79.9,80.3,80.3,80.1,80.7,80.6,80.9,81,80.6,80.5,80.7,..
Israel,ISR,"Life expectancy at birth, total (years)",SP.DYN.LE00.IN,..,72.0065853658537,72.1121951219512,..,..,..,72.2856097560976,71.509756097561,71.0565853658537,70.9704878048781,71.2134146341463,71.7190243902439,71.0780487804878,71.6934146341464,71.6617073170732,72.0451219512195,72.9560975609756,72.9585365853659,73.2073170731707,73.5073170731707,73.8756097560976,74.2609756097561,74.109756097561,74.4585365853658,74.8073170731707,75.2073170731707,74.9560975609756,75.2585365853659,74.4365853658537,76.3073170731707,76.6073170731707,76.7585365853659,76.5048780487805,77.1536585365854,77.4024390243903,77.4512195121951,78.1048780487805,78,78.1487804878049,78.6585365853659,78.9536585365854,79.4073170731707,79.4512195121951,79.6487804878049,80.1463414634146,80.1512195121951,80.5536585365854,80.5048780487805,80.9512195121951,81.4048780487805,81.6024390243903,81.6560975609756,81.7048780487805,82.0560975609756,82.1536585365854,82.0512195121951,82.4073170731707,82.5512195121951,82.8024390243903,82.8048780487805,82.6487804878049,82.5,82.7,..
Italy,ITA,"Life expectancy at birth, female (years)",SP.DYN.LE00.FE.IN,71.69,72.48,71.89,72.06,73.18,73.04,73.82,73.83,73.72,73.88,74.55,74.88,75.21,75.12,75.91,75.91,76.27,76.74,77.13,77.46,77.38,77.76,78.19,77.99,78.77,78.8,79.1,79.6,79.7,80.2,80.3,80.4,80.8,81,81.2,81.5,81.8,82,82.1,82.6,82.8,83.2,83.2,82.8,83.7,83.6,84.1,84.2,84.2,84.3,84.7,84.8,84.8,85.2,85.6,84.9,85.6,85.2,85.6,85.7,84.5,84.9,85,..
Italy,ITA,"Life expectancy at birth, male (years)",SP.DYN.LE00.MA.IN,66.68,67.17,66.54,66.57,67.58,67.44,68.17,68.22,67.98,67.89,68.71,68.88,69.09,69.08,69.71,69.54,69.87,70.15,70.42,70.71,70.67,71.11,71.6,71.45,72.17,72.3,72.6,73,73.2,73.6,73.8,73.8,74.2,74.6,74.8,75,75.4,75.8,76,76.4,76.9,77.2,77.4,77.3,78,78.1,78.6,78.8,78.9,79.1,79.5,79.7,79.8,80.3,80.7,80.3,81,80.8,81.2,81.4,80,80.5,80.9,..
Italy,ITA,"Life expectancy at birth, total (years)",SP.DYN.LE00.IN,69.1239024390244,69.760243902439,69.149756097561,69.2480487804878,70.3117073170732,70.1717073170732,70.9260975609756,70.9565853658537,70.78,70.8119512195122,71.5587804878049,71.8068292682927,72.0753658536586,72.0263414634146,72.7343902439025,72.6473170731708,72.9919512195122,73.3646341463415,73.6931707317073,74.0026829268293,73.9431707317073,74.3539024390244,74.8146341463415,74.640243902439,75.389512195122,75.4707317073171,75.7707317073171,76.219512195122,76.3707317073171,76.819512195122,76.9707317073171,77.0195121951219,77.419512195122,77.7219512195122,77.9219512195122,78.1707317073171,78.5219512195122,78.8243902439024,78.9756097560976,79.4243902439024,79.7780487804878,80.1268292682927,80.2292682926829,79.9829268292683,80.7804878048781,80.7829268292683,81.2829268292683,81.4341463414634,81.4853658536585,81.6365853658537,82.0365853658537,82.1878048780488,82.2390243902439,82.690243902439,83.090243902439,82.5439024390244,83.2439024390244,82.9463414634147,83.3463414634146,83.4975609756098,82.1951219512195,82.6463414634146,82.9,..
Jamaica,JAM,"Life expectancy at birth, female (years)",SP.DYN.LE00.FE.IN,65.673,65.954,65.989,66.809,66.981,67.409,67.909,68.092,68.063,68.213,68.635,68.73,69.011,69.445,69.667,69.837,70.007,69.917,70.081,70.215,70.686,71.04,71.369,71.207,71.45,71.609,71.799,72.141,72.427,73.184,73.359,73.364,73.287,73.041,72.963,72.837,73.025,72.764,72.716,72.807,72.816,72.758,73.168,73.261,73.581,73.735,73.797,73.684,73.604,74.139,74.667,74.997,74.819,74.555,74.21,73.971,73.917,73.912,73.903,73.874,73.918,72.543,72.737,..
Jamaica,JAM,"Life expectancy at birth, male (years)",SP.DYN.LE00.MA.IN,62.238,62.673,62.845,63.584,64.138,64.405,64.665,64.655,64.329,64.41,64.627,64.717,65.046,65.506,65.859,66.109,66.701,67.025,67.314,67.784,68.08,68.593,69.031,69.035,69.005,69.355,69.595,70.354,70.605,71.064,71.19,70.941,71.037,70.753,70.47,70.224,69.919,69.627,69.259,69.132,69.082,68.782,68.662,68.429,68.249,68.454,68.684,69.189,69.629,70.114,70.579,71.176,72.01,72.234,71.727,70.798,70.121,69.916,69.695,69.668,69.818,68.469,68.532,..
Jamaica,JAM,"Life expectancy at birth, total (years)",SP.DYN.LE00.IN,64.042,64.394,64.491,65.27,65.622,65.972,66.355,66.442,66.265,66.381,66.702,66.795,67.102,67.551,67.838,68.048,68.425,68.534,68.755,69.048,69.435,69.859,70.244,70.16,70.272,70.52,70.732,71.273,71.541,72.157,72.304,72.186,72.189,71.921,71.739,71.549,71.488,71.207,70.99,70.968,70.944,70.758,70.888,70.806,70.86,71.044,71.199,71.418,71.612,72.124,72.622,73.094,73.433,73.412,72.982,72.394,72.02,71.911,71.793,71.767,71.869,70.5,70.629,..
Japan,JPN,"Life expectancy at birth, female (years)",SP.DYN.LE00.FE.IN,70.19,70.79,71.16,72.34,72.87,72.92,73.61,74.15,74.3,74.67,74.66,75.58,75.94,76.02,76.31,76.89,77.35,77.95,78.33,78.89,78.76,79.13,79.66,79.78,80.18,80.48,80.93,81.39,81.3,81.77,81.9,82.11,82.22,82.51,82.98,82.85,83.59,83.82,84.01,83.99,84.6,84.93,85.23,85.33,85.59,85.52,85.81,85.99,86.05,86.44,86.3,85.9,86.41,86.61,86.83,86.99,87.14,87.26,87.32,87.45,87.71,87.57,87.09,..
Japan,JPN,"Life expectancy at birth, male (years)",SP.DYN.LE00.MA.IN,65.32,66.03,66.23,67.21,67.67,67.74,68.35,68.91,69.05,69.18,69.31,70.17,70.5,70.7,71.16,71.73,72.15,72.69,72.97,73.46,73.35,73.79,74.22,74.2,74.54,74.78,75.23,75.61,75.54,75.91,75.92,76.11,76.09,76.25,76.57,76.38,77.01,77.19,77.16,77.1,77.72,78.07,78.32,78.36,78.64,78.56,79,79.19,79.29,79.59,79.55,79.44,79.94,80.21,80.5,80.75,80.98,81.09,81.25,81.41,81.56,81.47,81.05,..
Japan,JPN,"Life expectancy at birth, total (years)",SP.DYN.LE00.IN,67.6956097560976,68.3519512195122,68.6348780487805,69.7124390243902,70.2065853658537,70.2668292682927,70.9158536585366,71.4660975609756,71.6109756097561,71.8580487804878,71.919756097561,72.8090243902439,73.1536585365854,73.2951219512195,73.6721951219512,74.2470731707317,74.6865853658537,75.2558536585366,75.5846341463415,76.1087804878049,75.9890243902439,76.3948780487805,76.8736585365854,76.9219512195122,77.2912195121951,77.5604878048781,78.0104878048781,78.429512195122,78.349756097561,78.7685365853659,78.8370731707317,79.0368292682927,79.080243902439,79.3036585365854,79.6968292682927,79.5360975609756,80.219756097561,80.4241463414634,80.5014634146342,80.4609756097561,81.0760975609756,81.4163414634146,81.6907317073171,81.76,82.030243902439,81.9551219512195,82.3219512195122,82.5070731707317,82.5875609756098,82.9314634146342,82.8426829268293,82.5912195121951,83.0960975609756,83.3319512195122,83.5878048780488,83.7939024390244,83.9848780487805,84.099756097561,84.2109756097561,84.3563414634146,84.56,84.4456097560976,83.9963414634146,..
Jordan,JOR,"Life expectancy at birth, female (years)",SP.DYN.LE00.FE.IN,53.061,54.168,55.193,56.204,57.185,58.078,58.576,59.694,60.467,61.228,61.136,62.472,63.214,63.816,64.393,64.918,65.49,66.026,66.521,66.978,67.394,67.869,68.345,68.791,69.188,69.552,69.877,70.225,70.64,70.988,71.287,71.568,71.817,72.045,72.251,72.437,72.671,72.946,73.203,73.453,73.696,73.939,74.166,74.393,74.604,74.781,74.993,75.29,75.578,75.86,76.128,76.378,76.605,76.839,77.061,77.268,77.485,77.831,78.172,78.506,77.772,76.773,76.675,..
Jordan,JOR,"Life expectancy at birth, male (years)",SP.DYN.LE00.MA.IN,52.264,53.268,54.215,55.044,56.027,56.845,57.253,58.41,59.119,59.743,58.731,60.831,61.556,62.072,62.543,63.065,63.549,63.993,64.404,64.775,65.169,65.601,66.002,66.358,66.699,67.004,67.291,67.579,67.902,68.19,68.46,68.679,68.899,69.098,69.274,69.446,69.613,69.766,69.919,70.109,70.313,70.528,70.724,70.928,71.117,71.264,71.48,71.654,71.818,71.972,72.117,72.26,72.399,72.565,72.796,73.03,73.222,73.46,73.677,73.894,72.987,72.128,72.12,..
Jordan,JOR,"Life expectancy at birth, total (years)",SP.DYN.LE00.IN,52.617,53.671,54.658,55.575,56.559,57.415,57.869,59.01,59.752,60.444,59.87,61.612,62.349,62.908,63.434,63.961,64.49,64.981,65.436,65.851,66.259,66.714,67.154,67.555,67.925,68.26,68.567,68.884,69.252,69.57,69.854,70.093,70.316,70.518,70.699,70.87,71.064,71.272,71.474,71.694,71.918,72.147,72.359,72.573,72.772,72.932,73.145,73.373,73.591,73.801,74,74.189,74.366,74.562,74.789,75.011,75.215,75.502,75.774,76.044,75.184,74.256,74.215,..
Kazakhstan,KAZ,"Life expectancy at birth, female (years)",SP.DYN.LE00.FE.IN,63.494,63.477,63.504,63.942,64.177,64.494,64.898,65.043,65.128,65.371,65.695,65.916,66.268,66.595,66.965,67.183,66.792,67.103,67.29,67.543,71.9,71.7,71.5,72.4,73.3,73.3,73.6,73.9,73.1,72.9,73.1,72.4,72.3,70.8,70.3,69.4,69.7,69.9,70.4,70.9,71.2,71.3,71.6,71.5,72,71.8,72,72.3,72.4,73.25,73.41,73.57,74.29,75.23,75.82,76.26,76.61,76.92,77.19,77.3,75.53,74.03,78.41,..
Kazakhstan,KAZ,"Life expectancy at birth, male (years)",SP.DYN.LE00.MA.IN,53.491,53.766,53.972,54.185,54.377,54.669,54.748,54.95,55.113,55.258,55.402,55.63,55.973,56.213,56.344,56.655,56.734,56.853,57.09,57.218,61.6,61.95,62.3,63.15,64,64,64.45,64.9,64.8,63.9,63.8,62.6,62.4,60.1,59.7,58,58,58.4,59,60.6,60.2,60.5,60.7,60.5,60.6,60.3,60.6,60.7,61.9,63.55,63.55,63.85,64.74,65.91,66.9,67.49,67.99,68.72,68.84,68.82,67.09,66.33,70.26,..
Kazakhstan,KAZ,"Life expectancy at birth, total (years)",SP.DYN.LE00.IN,58.370512195122,58.5030731707317,58.621756097561,58.944512195122,59.1574878048781,59.4616829268293,59.6992195121951,59.8734146341464,59.9983658536585,60.1911707317073,60.4229756097561,60.6475609756098,60.9949512195122,61.2773902439024,61.5249756097561,61.7906097560976,61.6403414634146,61.853,62.0656097560976,62.2545853658537,66.6243902439025,66.7060975609756,66.7878048780488,67.6621951219512,68.5365853658537,68.5365853658537,68.9134146341463,69.290243902439,68.8487804878049,68.290243902439,68.3365853658537,67.6,67.4,65.4,64.9,63.5,63.6,64,64.5,65.63,65.45,65.76,65.95,65.74,66.06,65.86,66.15,66.34,67.11,68.39,68.45,68.69,69.52,70.62,71.44,71.97,72.41,72.95,73.15,73.18,71.37,70.23,74.44,..
Kenya,KEN,"Life expectancy at birth, female (years)",SP.DYN.LE00.FE.IN,50.263,51.128,51.799,52.396,52.9,53.303,53.653,53.988,54.398,54.743,55.185,56.128,57.038,57.502,57.257,57.046,57.335,58.148,58.726,59.319,59.962,63.448,62.941,62.733,62.432,62.295,61.767,61.617,61.214,60.699,60.444,59.934,59.35,58.605,58.195,57.425,56.955,56.534,56.082,55.924,55.597,55.614,56.056,56.669,57.44,58.523,59.595,60.211,61.225,62.2,62.376,63.001,63.069,63.194,63.979,64.145,64.204,64.961,65.158,65.275,65.062,64.09,64.686,..
Kenya,KEN,"Life expectancy at birth, male (years)",SP.DYN.LE00.MA.IN,47.289,48.127,48.827,49.394,49.922,50.261,50.693,51.067,51.309,51.729,52.096,52.547,53.16,53.989,54.125,54.657,54.504,54.877,55.212,56.148,57.05,58.992,59.014,59.298,59.163,58.851,58.639,58.437,57.826,57.337,56.744,56.038,55.138,54.593,54.311,53.767,53.326,53.053,52.919,53.009,53.162,53.341,53.86,54.471,55.225,56.107,56.805,57.473,57.973,58.521,58.902,59.095,59.169,59.576,59.689,59.693,60.149,60.093,60.288,60.678,60.372,58.935,59.579,..
Kenya,KEN,"Life expectancy at birth, total (years)",SP.DYN.LE00.IN,48.68,49.533,50.224,50.808,51.328,51.7,52.097,52.455,52.781,53.169,53.575,54.258,55.012,55.677,55.634,55.826,55.895,56.486,56.944,57.722,58.501,61.165,60.953,61.012,60.804,60.58,60.216,60.044,59.539,59.04,58.614,58.005,57.259,56.617,56.273,55.617,55.161,54.816,54.526,54.495,54.411,54.508,54.99,55.601,56.361,57.344,58.222,58.865,59.614,60.365,60.649,61.046,61.115,61.389,61.816,61.892,62.163,62.481,62.676,62.943,62.675,61.427,62.055,..
Kiribati,KIR,"Life expectancy at birth, female (years)",SP.DYN.LE00.FE.IN,49.233,49.758,50.35,51.005,51.695,52.404,53.157,53.907,54.614,55.293,55.966,56.561,56.936,57.468,57.776,58.01,58.186,57.554,58.455,58.633,58.841,59.048,59.264,59.533,59.807,60.143,60.553,60.997,61.497,62.007,62.509,63.049,63.536,63.953,64.327,64.635,64.914,65.206,65.489,65.792,66.065,66.3,66.476,66.586,66.621,66.597,66.527,66.468,66.451,66.517,66.625,66.793,66.966,67.17,67.387,67.626,67.938,68.243,68.521,68.782,68.948,69.096,69.386,..
Kiribati,KIR,"Life expectancy at birth, male (years)",SP.DYN.LE00.MA.IN,46.511,47.001,47.567,48.236,48.944,49.662,50.391,51.132,51.826,52.471,53.084,53.619,53.994,54.444,54.72,54.9,55.042,54.483,55.335,55.5,55.701,55.909,56.137,56.398,56.686,56.998,57.348,57.786,58.269,58.764,59.278,59.743,60.195,60.629,61.002,61.322,61.595,61.858,62.12,62.369,62.629,62.879,63.057,63.173,63.209,63.187,63.129,63.064,63.059,63.108,63.243,63.413,63.607,63.816,64.044,64.285,64.514,64.735,64.97,65.295,65.348,65.504,65.731,..
Kiribati,KIR,"Life expectancy at birth, total (years)",SP.DYN.LE00.IN,47.873,48.381,48.96,49.624,50.323,51.038,51.779,52.524,53.22,53.88,54.527,55.097,55.476,55.971,56.266,56.471,56.628,56.032,56.91,57.083,57.286,57.495,57.718,57.985,58.266,58.591,58.97,59.412,59.904,60.408,60.917,61.422,61.893,62.321,62.697,63.014,63.291,63.575,63.854,64.136,64.409,64.655,64.84,64.954,64.989,64.967,64.906,64.844,64.834,64.892,65.016,65.19,65.378,65.588,65.815,66.059,66.332,66.597,66.855,67.15,67.266,67.417,67.661,..
"Korea, Dem. People's Rep.",PRK,"Life expectancy at birth, female (years)",SP.DYN.LE00.FE.IN,55.669,56.193,56.775,57.354,58.021,58.706,59.507,60.377,61.171,61.935,62.654,63.294,63.994,64.638,65.27,65.892,66.501,67.063,67.687,68.267,68.844,69.426,70.012,70.609,71.2,71.774,72.347,72.725,73.188,73.53,73.824,74.016,74.639,76.301,74.901,64.24,64.247,64.241,64.112,63.9,63.813,63.756,63.765,73.098,72.92,72.71,72.455,72.236,72.252,72.996,73.535,74.058,74.634,75.294,75.859,75.515,75.514,75.624,75.632,75.7,75.725,75.743,76.146,..
"Korea, Dem. People's Rep.",PRK,"Life expectancy at birth, male (years)",SP.DYN.LE00.MA.IN,52.117,52.465,52.865,53.39,53.891,54.524,55.239,55.96,56.668,57.379,57.921,58.466,59,59.489,59.984,60.466,61.061,61.502,61.917,62.283,62.652,63.041,63.442,63.831,64.229,64.598,64.914,65.087,65.297,65.377,65.374,65.322,65.655,66.024,65.105,56.659,56.798,56.87,56.898,56.932,56.987,57.052,57.177,65.031,65.056,65.036,64.969,64.907,65.029,65.712,66.5,67.131,67.898,68.694,69.473,69.743,69.854,70.154,70.307,70.625,70.793,70.831,70.973,..
"Korea, Dem. People's Rep.",PRK,"Life expectancy at birth, total (years)",SP.DYN.LE00.IN,54.05,54.496,54.999,55.56,56.157,56.827,57.598,58.409,59.175,59.926,60.571,61.176,61.807,62.386,62.962,63.526,64.143,64.655,65.187,65.672,66.158,66.658,67.167,67.677,68.19,68.681,69.147,69.442,69.803,70.039,70.21,70.313,70.824,71.871,70.718,60.894,60.956,60.974,60.906,60.798,60.763,60.745,60.792,69.546,69.437,69.285,69.085,68.911,68.958,69.732,70.419,70.978,71.626,72.319,72.942,72.784,72.805,72.978,73.031,73.198,73.274,73.284,73.578,..
"Korea, Rep.",KOR,"Life expectancy at birth, female (years)",SP.DYN.LE00.FE.IN,56.809,57.423,58.018,58.836,60.313,61.601,63.108,65.126,65.591,66.103,65.8,66.3,66.8,67.3,67.8,68.2,68.6,69.1,69.5,69.9,70.4,70.9,71.5,71.9,72.6,73.2,73.8,74.3,74.8,75.3,75.9,76.4,76.8,77.3,77.7,77.9,78.3,78.7,79,79.2,79.7,80.1,80.3,80.8,81.2,81.6,82.1,82.5,83,83.4,83.6,84,84.2,84.6,85,85.2,85.4,85.7,85.7,86.3,86.5,86.6,85.6,..
"Korea, Rep.",KOR,"Life expectancy at birth, male (years)",SP.DYN.LE00.MA.IN,51.95,52.544,53.14,53.25,54.186,55.04,56.073,57.633,57.719,58.192,58.7,59.1,59.4,59.7,60,60.3,60.6,60.9,61.1,61.4,61.9,62.4,62.9,63.4,64,64.6,65.3,65.9,66.5,67,67.5,67.9,68.4,68.9,69.3,69.7,70.2,70.7,71.2,71.8,72.3,72.9,73.4,73.8,74.3,74.9,75.4,75.9,76.2,76.7,76.8,77.3,77.6,78.1,78.6,79,79.3,79.7,79.7,80.3,80.5,80.6,79.9,..
"Korea, Rep.",KOR,"Life expectancy at birth, total (years)",SP.DYN.LE00.IN,54.320243902439,54.924,55.519512195122,55.9748780487805,57.1747804878049,58.2404878048781,59.5047073170732,61.2881219512195,61.559,62.0510243902439,62.1634146341463,62.6121951219512,63.009756097561,63.4073170731707,63.8048780487805,64.1536585365854,64.5024390243902,64.9,65.1975609756098,65.5463414634146,66.0463414634146,66.5463414634146,67.0951219512195,67.5463414634146,68.1951219512195,68.7951219512195,69.4463414634146,69.9975609756098,70.5487804878049,71.0487804878049,71.5975609756098,72.0463414634146,72.4975609756098,72.9975609756098,73.3975609756098,73.7,74.1512195121951,74.6024390243903,75.0048780487805,75.409756097561,75.909756097561,76.4121951219512,76.7658536585366,77.2146341463415,77.6658536585366,78.1682926829268,78.6682926829268,79.119512195122,79.5170731707317,79.9682926829268,80.1170731707317,80.5682926829269,80.819512195122,81.2707317073171,81.7219512195122,82.0243902439024,82.2756097560976,82.6268292682927,82.6268292682927,83.2268292682927,83.4268292682927,83.5268292682927,82.6804878048781,..
Kosovo,XKX,"Life expectancy at birth, female (years)",SP.DYN.LE00.FE.IN,62.931,63.332,63.629,63.945,64.153,64.467,64.774,65.088,65.405,65.719,66.037,66.353,66.676,66.994,67.358,67.624,67.934,68.241,68.561,68.912,69.231,69.508,69.831,70.202,70.588,70.855,71.15,71.513,71.841,72.165,72.489,72.813,73.135,73.475,73.794,74.111,74.443,74.766,74.514,75.018,75.773,76.109,76.312,76.639,76.962,77.276,77.141,78.301,79.412,80.223,80.274,80.48,81.043,81.433,81.694,81.632,81.494,81.264,81.028,81.326,79.268,79.553,81.742,..
Kosovo,XKX,"Life expectancy at birth, male (years)",SP.DYN.LE00.MA.IN,60.032,60.342,60.643,60.943,61.315,61.617,61.88,62.229,62.484,62.842,63.146,63.413,63.726,64.068,64.329,64.67,64.978,65.275,65.58,65.911,66.189,66.525,66.834,67.145,67.477,67.765,68.093,68.417,68.784,69.105,69.413,69.747,69.916,70.234,70.527,70.841,71.146,71.433,68.426,64.749,72.383,72.689,73.045,73.311,73.663,73.975,74.15,74.766,75.422,75.24,75.133,75.154,75.651,75.876,76.174,76.282,76.494,76.32,76.353,76.688,73.99,74.151,77.211,..
Kosovo,XKX,"Life expectancy at birth, total (years)",SP.DYN.LE00.IN,61.485,61.836,62.134,62.44,62.734,63.041,63.323,63.653,63.935,64.273,64.584,64.874,65.193,65.522,65.83,66.134,66.441,66.74,67.05,67.389,67.685,67.989,68.302,68.641,68.997,69.274,69.587,69.929,70.28,70.602,70.917,71.246,71.487,71.817,72.125,72.441,72.76,73.066,71.306,69.418,74.072,74.394,74.676,74.968,75.304,75.616,75.636,76.516,77.392,77.665,77.63,77.74,78.28,78.587,78.88,78.922,78.981,78.783,78.696,79.022,76.567,76.806,79.524,..
Kuwait,KWT,"Life expectancy at birth, female (years)",SP.DYN.LE00.FE.IN,58.926,60.033,61.109,61.989,63.229,64.118,64.959,65.998,66.877,68.099,69.132,69.728,69.817,69.907,70.338,70.35,70.839,71.356,71.486,71.694,72.379,73.066,73.418,74.163,74.567,75.2,75.609,76.094,76.802,77.123,76.799,77.547,77.866,77.945,77.979,77.84,77.882,78.363,78.551,78.698,78.881,78.94,78.973,79.11,79.087,79.187,79.282,79.302,79.36,79.589,80.105,80.617,81.072,81.542,81.772,82.004,82.203,82.303,82.281,82.266,80.023,81.463,82.752,..
Kuwait,KWT,"Life expectancy at birth, male (years)",SP.DYN.LE00.MA.IN,55.585,56.674,57.728,58.919,59.763,60.898,61.752,62.554,63.19,63.93,64.636,65.1,65.62,65.814,66.106,66.034,66.221,66.526,67.145,68.098,68.747,69.516,69.964,70.339,71.035,71.389,71.916,72.527,72.771,73.089,70.793,71.822,74.083,74.22,74.18,73.909,74.014,74.163,74.503,74.833,75.213,75.448,75.574,75.497,75.205,75.306,75.215,75.396,75.553,75.87,76.399,76.836,77.15,77.463,77.806,77.916,78.175,78.24,78.232,78.249,75.35,77.192,78.878,..
Kuwait,KWT,"Life expectancy at birth, total (years)",SP.DYN.LE00.IN,56.919,58.015,59.079,60.162,61.158,62.219,63.075,63.986,64.735,65.677,66.53,67.058,67.421,67.578,67.93,67.892,68.206,68.585,69.012,69.677,70.341,71.081,71.498,72.02,72.61,73.074,73.558,74.11,74.52,74.826,73.281,74.216,75.691,75.794,75.763,75.537,75.618,75.879,76.157,76.416,76.722,76.891,76.982,76.985,76.792,76.903,76.887,77.017,77.145,77.442,77.982,78.464,78.812,79.164,79.445,79.562,79.701,79.781,79.722,79.685,76.92,78.673,80.264,..
Kyrgyz Republic,KGZ,"Life expectancy at birth, female (years)",SP.DYN.LE00.FE.IN,59.051,59.229,59.6,59.969,60.072,60.295,60.794,60.864,61.181,61.534,61.94,62.108,62.489,62.889,63.252,63.126,63.169,63.578,63.941,64.301,64.737,64.911,65.037,65.765,66.025,66.673,66.778,67.044,67.366,71.8,72.6,72.7,72.2,71.7,70.7,70.4,71,71.4,71.2,72.6,72.4,72.6,72.1,72.2,72.2,71.9,72.1,72.3,72.6,73.2,73.5,73.7,74.1,74.3,74.5,74.8,75.1,75.4,75.6,75.8,76,76.1,76.3,..
Kyrgyz Republic,KGZ,"Life expectancy at birth, male (years)",SP.DYN.LE00.MA.IN,51.304,51.599,51.886,52.175,52.474,52.709,53.016,53.387,53.716,53.993,54.258,54.681,54.925,55.278,55.589,55.972,56.329,56.67,56.98,57.456,57.6,57.957,58.472,58.76,58.989,59.54,60.047,60.438,60.633,64.2,64.2,64.6,64.2,62.9,61.6,61.4,62.3,62.6,63.1,64.9,64.9,65,64.4,64.5,64.3,64.2,63.5,63.7,64.5,65.2,65.3,65.7,66.1,66.3,66.5,66.7,67,67.2,67.4,67.6,67.8,67.9,68,..
Kyrgyz Republic,KGZ,"Life expectancy at birth, total (years)",SP.DYN.LE00.IN,55.0830243902439,55.3209512195122,55.6489268292683,55.9769512195122,56.1803414634146,56.4094878048781,56.8101463414634,57.0343170731707,57.3574634146341,57.6715365853659,58.0053170731707,58.3039268292683,58.614756097561,58.9906829268293,59.3270487804878,59.461756097561,59.6655853658537,60.039756097561,60.3756097560976,60.7950243902439,61.0814634146342,61.3491951219512,61.6744390243903,62.1770731707317,62.4211951219512,63.019512195122,63.3304146341463,63.6604390243902,63.9173902439024,67.9073170731707,68.2975609756098,68.5512195121951,68.1024390243903,67.1926829268293,66.0390243902439,65.790243902439,66.5439024390244,66.8926829268293,67.0512195121951,68.6560975609756,68.5585365853659,68.7073170731707,68.1560975609756,68.2560975609756,68.1536585365854,67.9560975609756,67.6951219512195,67.8951219512195,68.4512195121951,69.1024390243903,69.3,69.6024390243903,70.0024390243902,70.2024390243902,70.4024390243902,70.6512195121951,70.9512195121951,71.2,71.4,71.6,71.8,71.9,72.0487804878049,..
Lao PDR,LAO,"Life expectancy at birth, female (years)",SP.DYN.LE00.FE.IN,42.511,42.861,43.286,43.545,43.885,44.329,44.324,44.798,45.225,45.361,45.709,46.119,46.267,46.478,46.602,46.999,46.8,47.188,47.494,48.096,49.045,49.697,50.253,50.843,51.484,52.079,52.702,53.224,53.929,54.579,55.079,55.783,56.349,56.864,57.179,57.857,58.397,58.901,59.317,59.342,59.941,60.755,61.293,62.013,62.399,63.149,63.717,64.286,64.593,65.438,66.156,66.591,67.368,67.663,68.507,68.724,69.346,69.468,69.572,70.234,70.594,70.078,71.164,..
Lao PDR,LAO,"Life expectancy at birth, male (years)",SP.DYN.LE00.MA.IN,39.143,39.348,40.756,39.241,39.53,39.898,39.971,40.524,40.834,41.134,41.488,41.913,42.282,42.524,44.441,44.765,44.392,44.744,44.908,45.812,47.085,47.728,48.514,49.029,49.547,50.098,50.658,51.046,51.507,51.906,52.335,53.124,53.55,53.997,54.307,54.901,55.374,55.682,56.025,56.41,56.839,57.427,57.833,58.14,58.302,58.94,59.405,60.013,60.715,61.232,61.917,62.969,63.451,63.877,64.346,64.739,65.122,65.512,65.793,66.155,66.519,66.154,66.94,..
Lao PDR,LAO,"Life expectancy at birth, total (years)",SP.DYN.LE00.IN,40.79,41.066,42.009,41.332,41.649,42.056,42.096,42.617,42.984,43.21,43.563,43.983,44.249,44.477,45.532,45.892,45.603,45.973,46.207,46.966,48.082,48.73,49.404,49.957,50.535,51.108,51.699,52.152,52.731,53.252,53.713,54.46,54.952,55.435,55.749,56.385,56.891,57.292,57.665,57.873,58.378,59.07,59.534,60.031,60.293,60.98,61.493,62.084,62.603,63.273,63.973,64.736,65.355,65.718,66.361,66.67,67.167,67.434,67.634,68.138,68.497,68.061,68.999,..
Latvia,LVA,"Life expectancy at birth, female (years)",SP.DYN.LE00.FE.IN,73.49,73.92,73.19,73.65,74.89,74.86,74.6,74.22,74.54,74.55,74.23,74.8,74.76,74.5,74.74,74.16,74.39,74.16,74.12,73.72,74.12,74.4,74.65,74.62,74.5,74.06,75.14,75.19,75.22,75.18,74.6,74.6,74.44,73.33,72.62,73.06,74.8,75.05,74.8,75.29,76,76.6,76.8,76.9,77.2,77.4,76.5,76.5,77.9,78.1,78.4,78.8,78.9,78.9,79.4,79.5,79.6,79.7,79.7,80.1,80,78,79.6,..
Latvia,LVA,"Life expectancy at birth, male (years)",SP.DYN.LE00.MA.IN,66.26,66.33,65.85,66.19,67.35,66.79,67,66.75,65.76,65.27,65.65,65.75,65.23,65.35,64.98,63.94,63.96,64.29,64.1,63.52,63.75,63.44,64.26,63.88,64.08,64.75,66.32,66.41,66.23,65.37,64.2,63.73,62.64,60.43,59.04,60.04,63.04,63.92,63.5,64.46,64.9,65.2,65.4,65.9,67.1,65.6,65.5,65.8,67.2,68.3,68.8,68.6,68.9,69.3,69.1,69.7,69.8,69.8,70.1,70.9,70.6,68.2,69.8,..
Latvia,LVA,"Life expectancy at birth, total (years)",SP.DYN.LE00.IN,69.7868292682927,70.0324390243903,69.430487804878,69.8290243902439,71.0280487804878,70.7265853658537,70.7073170731707,70.3939024390244,70.0429268292683,69.7968292682927,69.8353658536586,70.1646341463415,69.8787804878049,69.8134146341464,69.7409756097561,68.9253658536585,69.0478048780488,69.1046341463415,68.9878048780488,68.4956097560976,68.8085365853659,68.7863414634146,69.3282926829268,69.1190243902439,69.1629268292683,69.2914634146342,70.6224390243903,70.6929268292683,70.6153658536585,70.1553658536586,69.2731707317073,69.0324390243903,68.3960975609756,66.7226829268293,65.6643902439025,66.3912195121951,68.7765853658537,69.3492682926829,69.0121951219512,69.7429268292683,70.3146341463415,70.7609756097561,70.9609756097561,71.2658536585366,72.0268292682927,71.3560975609756,70.8658536585366,71.019512195122,72.419512195122,73.0804878048781,73.4829268292683,73.5756097560976,73.7780487804878,73.9829268292683,74.1243902439024,74.4804878048781,74.580487804878,74.6292682926829,74.7829268292683,75.3878048780488,75.1853658536585,72.9804878048781,74.580487804878,..
Lebanon,LBN,"Life expectancy at birth, female (years)",SP.DYN.LE00.FE.IN,66.651,67.103,67.214,67.614,67.71,67.835,67.879,68.232,68.315,68.383,68.419,68.499,68.54,68.857,68.926,67.761,43.061,63.713,63.842,63.946,63.997,64.383,53.223,67.473,67.931,68.044,68.49,65.741,65.896,71.588,71.713,72.497,72.506,72.856,73.111,73.204,73.571,74.304,74.442,74.945,75.462,76.019,77.022,77.352,77.852,78.128,78.915,79.242,79.439,79.701,79.916,80.134,80.32,80.479,80.704,80.951,81.264,81.475,81.455,81.043,79.895,77.251,76.597,..
Lebanon,LBN,"Life expectancy at birth, male (years)",SP.DYN.LE00.MA.IN,63.132,63.575,63.677,63.832,64.281,64.38,64.517,64.882,64.975,65.083,65.17,65.22,65.341,65.668,65.73,50.806,28.022,55.309,55.376,55.436,55.736,55.872,39.024,53.585,53.822,54.015,54.471,57.352,57.748,57.627,58.044,69.744,69.767,69.796,70.134,70.762,70.891,71.124,71.312,71.893,72.251,72.558,72.957,73.657,73.919,74.223,73.145,74.719,75.489,75.826,76.136,76.407,76.666,76.782,76.971,77.234,77.492,77.599,77.784,77.251,75.637,72.847,72.237,..
Lebanon,LBN,"Life expectancy at birth, total (years)",SP.DYN.LE00.IN,64.841,65.29,65.397,65.668,65.953,66.065,66.159,66.519,66.607,66.697,66.759,66.823,66.907,67.229,67.294,58.128,33.737,59.284,59.382,59.467,59.665,59.915,45.128,59.955,60.304,60.486,60.965,61.428,61.718,64.163,64.475,71.176,71.192,71.382,71.681,72.043,72.293,72.778,72.944,73.49,73.931,74.365,75.064,75.593,75.976,76.273,76.08,77.08,77.584,77.889,78.156,78.404,78.628,78.765,78.973,79.229,79.505,79.654,79.729,79.236,77.804,75.047,74.416,..
Lesotho,LSO,"Life expectancy at birth, female (years)",SP.DYN.LE00.FE.IN,53.519,53.618,53.633,53.467,53.479,53.436,53.533,53.689,54.036,54.324,54.715,55.111,55.594,56.124,56.333,57.215,57.989,58.634,59.398,60.174,60.952,61.836,62.42,62.955,63.5,63.95,64.348,64.388,64.458,64.109,63.928,63.438,62.923,62.3,62.331,60.879,59.157,57.218,55.12,52.92,50.916,49.02,47.743,46.633,45.93,45.428,45.302,45.619,46.075,46.107,48.176,49.261,50.486,51.753,52.807,53.86,55.096,55.9,56.591,57.053,57.537,55.927,55.923,..
Lesotho,LSO,"Life expectancy at birth, male (years)",SP.DYN.LE00.MA.IN,46.243,46.306,46.283,46.204,46.074,45.89,46.021,46.119,46.269,46.649,46.996,47.283,47.76,48.136,48.516,48.993,49.354,49.883,50.425,51.032,51.724,52.538,53.264,53.804,54.353,54.846,55.164,55.169,55.328,55.425,55.328,55.33,54.611,54.094,54.106,52.944,51.652,50.273,48.707,47.422,46.07,44.774,43.545,42.525,41.609,41.157,40.689,40.811,41.247,42.069,43.214,44.301,45.36,46.428,47.419,48.48,49.564,50.351,50.992,51.406,51.962,50.374,50.319,..
Lesotho,LSO,"Life expectancy at birth, total (years)",SP.DYN.LE00.IN,50.364,50.429,50.409,50.263,50.189,50.057,50.148,50.247,50.431,50.702,51.012,51.293,51.722,52.12,52.372,52.987,53.487,54.045,54.669,55.338,56.058,56.902,57.565,58.094,58.635,59.104,59.455,59.495,59.62,59.531,59.398,59.193,58.555,57.991,58.018,56.723,55.232,53.594,51.783,50.081,48.427,46.849,45.595,44.53,43.711,43.233,42.914,43.123,43.566,44.034,45.596,46.692,47.835,49.002,50.033,51.101,52.264,53.064,53.733,54.173,54.693,53.062,53.036,..
Liberia,LBR,"Life expectancy at birth, female (years)",SP.DYN.LE00.FE.IN,40.084,40.093,40.18,40.22,40.334,40.554,40.849,41.101,41.483,41.91,42.309,42.665,43.184,43.607,44.038,44.344,44.789,45.201,45.607,45.85,46.21,46.473,46.653,46.81,46.898,46.361,46.44,45.975,45.515,45.092,44.219,44.802,45.361,44.752,44.736,46.399,47.052,49.768,50.818,52.125,53.214,54.534,55.495,55.527,57.686,58.544,59.063,59.692,60.137,60.551,60.644,60.842,61.148,61.124,60.213,60.373,61.554,61.694,62.164,62.298,62.355,62.072,62.392,..
Liberia,LBR,"Life expectancy at birth, male (years)",SP.DYN.LE00.MA.IN,36.728,36.723,36.773,36.865,37.014,37.208,37.456,37.877,38.175,38.606,39.017,39.345,39.906,40.34,40.845,41.307,41.683,42.136,42.578,42.929,43.142,43.568,43.826,44.023,44.04,43.055,43.632,43.142,42.535,41.882,31.206,40.872,40.275,39.73,39.057,41.548,41.912,45.962,47.015,47.828,49.516,50.978,52.083,50.619,54.332,55.267,56.158,56.857,57.386,57.811,58.193,58.368,58.651,58.736,58.002,57.898,59.255,59.391,59.525,59.892,59.528,59.411,59.796,..
Liberia,LBR,"Life expectancy at birth, total (years)",SP.DYN.LE00.IN,38.33,38.333,38.402,38.473,38.607,38.812,39.081,39.427,39.764,40.193,40.599,40.94,41.482,41.91,42.383,42.774,43.183,43.619,44.046,44.349,44.631,44.983,45.204,45.383,45.436,44.664,45.005,44.528,43.993,43.451,36.688,42.795,42.738,42.166,41.796,43.917,44.419,47.847,48.901,49.953,51.356,52.752,53.788,53.042,56.013,56.912,57.62,58.285,58.772,59.194,59.433,59.62,59.913,59.943,59.121,59.148,60.416,60.553,60.853,61.104,60.948,60.747,61.1,..
Libya,LBY,"Life expectancy at birth, female (years)",SP.DYN.LE00.FE.IN,41.447,43.269,45.191,46.559,48.495,50.106,51.65,52.974,54.434,55.575,56.862,58.005,59.194,60.002,61.258,62.772,64.149,65.062,66.001,66.843,67.613,68.152,68.726,69.259,69.542,70.02,70.31,70.857,71.089,71.581,71.829,72.306,72.492,72.623,73.06,73.222,73.369,73.219,73.33,73.162,72.944,73.239,73.498,73.529,73.906,73.991,74.093,74.202,74.794,74.842,74.883,73.859,75.069,74.999,75.301,75.369,75.474,75.674,75.877,75.766,75.348,74.396,74.759,..
Libya,LBY,"Life expectancy at birth, male (years)",SP.DYN.LE00.MA.IN,39.21,40.986,42.656,44.205,45.965,47.403,48.824,50.032,51.242,52.644,53.756,54.904,56.023,56.807,58.132,59.115,60.263,60.85,61.517,62.103,62.635,63.064,63.417,64.069,64.659,65.031,65.645,65.975,66.534,66.812,67.372,67.715,68.288,68.524,68.705,69.25,69.487,69.342,69.189,69.287,68.816,68.912,68.962,69.145,69.46,69.545,69.658,69.819,70.07,70.186,70.182,66.833,69.774,69.983,68.237,68.5,68.501,69.63,70.017,69.496,69.867,69.63,69.736,..
Libya,LBY,"Life expectancy at birth, total (years)",SP.DYN.LE00.IN,40.268,42.063,43.843,45.305,47.142,48.657,50.132,51.39,52.712,53.996,55.189,56.337,57.49,58.287,59.588,60.81,62.06,62.786,63.567,64.26,64.891,65.364,65.807,66.41,66.872,67.29,67.774,68.196,68.622,68.99,69.423,69.82,70.232,70.42,70.706,71.09,71.284,71.129,71.079,71.058,70.68,70.861,71.004,71.132,71.49,71.592,71.724,71.863,72.269,72.356,72.374,70.071,72.247,72.34,71.511,71.698,71.756,72.482,72.794,72.463,72.472,71.911,72.151,..
Liechtenstein,LIE,"Life expectancy at birth, female (years)",SP.DYN.LE00.FE.IN,..,..,..,..,..,..,..,..,..,..,..,..,..,..,..,..,..,..,..,..,..,..,..,..,..,..,..,..,..,..,..,..,..,..,81.7,79.9,81.6,80.4,82.1,82.9,79.9,82.4,82.3,81.6,85.1,84.1,83.1,83.6,85.5,83.6,84.3,84.2,85.2,83.9,83.2,84.5,84,86,85.5,85.8,83.4,86.4,85.6,..
Liechtenstein,LIE,"Life expectancy at birth, male (years)",SP.DYN.LE00.MA.IN,..,..,..,..,..,..,..,..,..,..,..,..,..,..,..,..,..,..,..,..,..,..,..,..,..,..,..,..,..,..,..,..,..,..,75.3,75,72.3,71.9,73.6,75.5,73.9,76.3,77.1,78.4,78.6,77.4,78.9,79.1,80,79.5,79.5,79.5,79.7,80.7,81,80.9,80.6,81.6,80.7,82.6,80,82.5,83.1,..
Liechtenstein,LIE,"Life expectancy at birth, total (years)",SP.DYN.LE00.IN,..,..,..,..,..,..,..,..,..,..,..,..,..,..,..,..,..,..,..,..,..,..,..,..,..,..,..,..,..,..,..,..,..,..,78.4219512195122,77.390243902439,76.8365853658537,76.0463414634146,77.7463414634146,79.109756097561,76.8268292682927,79.2756097560976,79.6365853658537,79.9609756097561,81.7707317073171,80.6682926829268,80.9487804878049,81.2951219512195,82.6829268292683,81.5,81.8414634146342,81.7926829268293,82.3829268292683,82.2609756097561,82.0731707317073,82.6560975609756,82.2585365853659,83.7463414634147,83.0414634146342,84.1609756097561,81.6585365853659,84.4024390243902,84.319512195122,..
Lithuania,LTU,"Life expectancy at birth, female (years)",SP.DYN.LE00.FE.IN,72.9,73.56,72.44,73.8,74.91,74.68,75.08,75.43,75.15,74.98,75.03,76.13,75.45,75.65,75.69,75.6,75.87,75.66,75.45,75.64,75.64,75.68,76.01,75.91,75.57,75.49,76.46,76.36,76.29,76.24,76.17,75.86,75.93,74.98,74.82,75.04,75.86,76.62,76.7,77,77.5,77.6,77.6,77.9,77.8,77.4,77.1,77.2,77.6,78.6,78.8,79.3,79.6,79.6,80.1,79.7,80.1,80.5,80.7,81.2,80.1,78.8,80.3,..
Lithuania,LTU,"Life expectancy at birth, male (years)",SP.DYN.LE00.MA.IN,66.94,66.81,65.91,66.78,68.27,68.13,68.13,67.96,67.66,67.07,66.78,67.55,66.81,67.22,67.01,66.36,66.28,66.19,65.99,65.57,65.57,65.49,65.91,65.89,65.32,65.75,67.91,67.72,67.45,66.84,66.39,65.13,64.81,63.13,62.54,63.26,64.63,65.47,66,66.4,66.8,66,66.2,66.5,66.4,65.4,65.3,64.9,66.3,67.5,68,68.1,68.4,68.5,69.2,69.2,69.5,70.7,70.9,71.6,70.1,69.5,71.5,..
Lithuania,LTU,"Life expectancy at birth, total (years)",SP.DYN.LE00.IN,69.8473170731707,70.1026829268293,69.0953658536585,70.2043902439024,71.5090243902439,71.3251219512195,71.520243902439,71.6039024390244,71.3136585365854,70.9285365853659,70.8043902439024,71.7353658536585,71.0246341463415,71.3321951219512,71.2441463414634,70.8673170731707,70.9580487804878,70.809512195122,70.6046341463415,70.4821951219512,70.4821951219512,70.4607317073171,70.8368292682927,70.7778048780488,70.32,70.5012195121951,72.0807317073171,71.9346341463415,71.7621951219512,71.4253658536585,71.1607317073171,70.3641463414634,70.2343902439025,68.9104878048781,68.530243902439,69.0063414634147,70.1080487804878,70.9090243902439,71.219512195122,71.5707317073171,72.0195121951219,71.6585365853659,71.7609756097561,72.0609756097561,71.9609756097561,71.2536585365854,71.0560975609756,70.9,71.8121951219512,72.9146341463415,73.2682926829268,73.5634146341464,73.8634146341464,73.9146341463415,74.5170731707317,74.3219512195122,74.6707317073171,75.4804878048781,75.6804878048781,76.2829268292683,74.9780487804878,74.0365853658537,75.7926829268293,..
Luxembourg,LUX,"Life expectancy at birth, female (years)",SP.DYN.LE00.FE.IN,71.51,72.214,71.5,71.749,73.08,72.536,72.614,72.782,72.773,73.042,73.259,72.881,73.93,74.362,73.846,73.843,73.707,75.358,75.305,76.141,75.407,75.971,76.395,76.43,76.656,77.159,77.817,77.432,78.664,77.894,78.617,79.1,79.1,79.4,79.7,80.2,79.9,79.8,80.5,81.1,81.1,81,81.5,80.8,82.4,82.3,81.9,82.2,83.1,83.3,83.5,83.6,83.8,83.9,85.2,84.7,85.4,84.4,84.6,85.2,84.5,84.8,85.3,..
Luxembourg,LUX,"Life expectancy at birth, male (years)",SP.DYN.LE00.MA.IN,65.814,66.46,64.872,65.839,65.879,65.682,65.901,65.855,66.7,66.089,66.102,65.685,66.885,66.315,66.644,66.923,66.421,67.745,67.868,68.702,69.159,68.94,69.084,69.306,69.622,70.082,70.356,70.88,71.097,71.397,72.411,72,72.6,72.2,73.2,73,73.3,74.1,73.7,74.6,74.8,74.8,74.6,74.8,76,76.7,76.8,76.7,78.1,78.1,77.9,78.5,79.1,79.8,79.4,80,80.1,79.9,80.1,80.2,79.9,80.5,80.9,..
Luxembourg,LUX,"Life expectancy at birth, total (years)",SP.DYN.LE00.IN,68.5925365853659,69.2668292682927,68.1051707317073,68.7219268292683,69.3916829268293,69.0254146341464,69.1756341463415,69.2340243902439,69.6624390243903,69.4807073170732,69.5932195121951,69.195243902439,70.3215853658537,70.2403658536585,70.1571707317073,70.2986097560976,69.9751463414634,71.4586585365854,71.4958048780488,72.3307804878049,72.2068048780488,72.369756097561,72.6503414634146,72.7811219512195,73.0532195121951,73.5341951219512,73.995512195122,74.0760975609756,74.7882195121951,74.5662682926829,75.4383170731707,75.4634146341463,75.7707317073171,75.7121951219512,76.3707317073171,76.5121951219512,76.519512195122,76.880487804878,77.0170731707317,77.7707317073171,77.8731707317073,77.8243902439025,77.9658536585366,77.7268292682927,79.1219512195122,79.4317073170732,79.2878048780488,79.3829268292683,80.5390243902439,80.6365853658537,80.6317073170732,80.9878048780488,81.3926829268293,81.8,82.2292682926829,82.2926829268293,82.6853658536585,82.0951219512195,82.2951219512195,82.6390243902439,82.1439024390244,82.5975609756098,83.0463414634146,..
"Macao SAR, China",MAC,"Life expectancy at birth, female (years)",SP.DYN.LE00.FE.IN,66.46,67.054,67.539,67.997,68.412,68.816,69.226,69.625,70.108,70.52,70.903,71.294,71.859,72.407,72.881,73.326,73.786,74.256,74.686,75.08,75.471,75.915,76.371,76.767,77.15,77.561,77.942,78.39,78.643,79.1,79.468,80.052,80.51,80.93,81.361,81.799,82.642,82.769,83.177,83.571,83.49,83.955,84.138,84.299,84.498,84.739,85.163,85.496,85.83,86.098,86.164,86.292,86.341,86.831,86.773,86.784,87.018,87.094,87.439,87.573,87.771,87.948,87.98,..
"Macao SAR, China",MAC,"Life expectancy at birth, male (years)",SP.DYN.LE00.MA.IN,63.229,63.655,64.113,64.558,64.997,65.416,65.931,66.322,66.688,67.115,67.472,67.881,68.234,68.721,69.091,69.48,69.864,70.202,70.601,70.942,71.392,71.772,72.125,72.446,72.811,73.188,73.567,73.931,74.335,74.732,75.134,75.497,75.79,76.083,76.394,76.684,77.099,77.365,77.378,77.605,78.262,78.275,78.342,78.594,78.782,79.209,79.267,79.513,79.873,80.353,80.019,80.147,80.297,80.613,80.956,81.144,81.409,81.962,82.349,82.344,82.566,82.823,82.753,..
"Macao SAR, China",MAC,"Life expectancy at birth, total (years)",SP.DYN.LE00.IN,64.965,65.485,65.946,66.386,66.8,67.199,67.647,68.028,68.44,68.845,69.198,69.582,70.044,70.568,70.995,71.419,71.85,72.263,72.69,73.07,73.504,73.932,74.342,74.703,75.08,75.478,75.862,76.272,76.603,77.035,77.424,77.904,78.28,78.63,78.993,79.349,79.971,80.162,80.352,80.652,80.959,81.179,81.293,81.501,81.691,82.033,82.257,82.543,82.893,83.276,83.109,83.229,83.326,83.727,83.883,83.984,84.231,84.563,84.928,84.978,85.184,85.399,85.377,..
Madagascar,MDG,"Life expectancy at birth, female (years)",SP.DYN.LE00.FE.IN,44.314,44.679,45.084,45.463,45.838,46.209,46.544,46.947,47.516,47.977,48.381,48.832,49.166,49.672,50.123,50.49,50.7,50.865,50.995,51.063,51.062,50.988,50.906,50.854,50.835,50.941,51.104,51.607,52.005,52.478,53.115,53.768,54.456,55.368,55.965,56.623,57.282,57.717,58.287,58.493,58.919,59.449,59.863,60.548,61.532,61.884,62.719,63.398,63.7,64.416,64.606,65.433,65.476,66.231,66.356,66.346,67.136,67.243,67.432,68.21,67.612,66.87,67.617,..
Madagascar,MDG,"Life expectancy at birth, male (years)",SP.DYN.LE00.MA.IN,42.237,42.661,43.098,43.505,43.973,44.309,44.677,45.178,45.61,46.137,46.711,47.034,47.59,48.064,48.404,48.66,48.735,48.759,48.745,48.754,48.695,48.58,48.47,48.387,48.361,48.438,48.609,48.924,49.298,49.839,50.387,51.039,51.712,52.535,53.002,53.406,53.876,54.808,55.61,56.29,56.984,57.711,57.946,58.462,58.818,59.3,59.96,60.184,60.641,61.119,61.209,61.642,61.695,61.811,62.25,62.416,62.952,63.038,63.2,63.662,62.891,62.234,62.97,..
Madagascar,MDG,"Life expectancy at birth, total (years)",SP.DYN.LE00.IN,43.241,43.636,44.056,44.448,44.87,45.222,45.573,46.026,46.521,47.016,47.507,47.889,48.337,48.825,49.218,49.527,49.666,49.757,49.813,49.851,49.821,49.727,49.633,49.566,49.545,49.638,49.806,50.209,50.594,51.107,51.701,52.357,53.039,53.906,54.436,54.961,55.522,56.223,56.917,57.372,57.938,58.57,58.892,59.491,60.149,60.57,61.315,61.757,62.142,62.734,62.873,63.494,63.544,63.962,64.255,64.339,64.997,65.094,65.27,65.882,65.182,64.485,65.23,..
Malawi,MWI,"Life expectancy at birth, female (years)",SP.DYN.LE00.FE.IN,36.98,37.299,37.707,37.466,37.437,37.351,37.521,37.429,37.386,37.681,38.08,38.559,39.211,39.736,40.327,41.524,42.83,44.07,45.319,46.381,47.318,47.983,48.346,48.396,47.819,47.102,46.444,45.838,45.46,45.465,45.469,45.529,45.619,45.682,45.881,46.035,45.662,45.253,44.925,45.517,46.307,47.645,48.942,50.433,52.143,53.962,55.253,55.922,56.356,57.317,58.41,59.834,61.262,62.633,64.34,64.659,65.671,66.644,66.96,67.968,67.597,66.469,66.326,..
Malawi,MWI,"Life expectancy at birth, male (years)",SP.DYN.LE00.MA.IN,33.422,33.373,33.624,33.776,33.944,34.088,34.202,34.352,34.669,34.942,35.362,35.899,36.576,37.33,38.194,38.897,39.607,40.391,41.271,42.176,42.906,43.461,43.691,43.738,43.388,42.84,42.291,41.83,41.382,41.29,41.251,41.177,41.284,41.182,41.33,41.343,41.307,41.098,40.865,41.696,42.781,44.186,45.532,47.161,48.769,50.139,51.232,51.967,52.82,53.551,54.331,55.084,56.116,56.868,57.577,58.187,58.86,59.449,59.724,60.402,60.014,59.493,59.58,..
Malawi,MWI,"Life expectancy at birth, total (years)",SP.DYN.LE00.IN,35.199,35.326,35.654,35.618,35.692,35.724,35.866,35.897,36.036,36.321,36.731,37.239,37.904,38.544,39.271,40.222,41.227,42.233,43.29,44.268,45.094,45.701,45.991,46.038,45.579,44.947,44.343,43.811,43.383,43.34,43.323,43.312,43.413,43.388,43.561,43.641,43.441,43.131,42.848,43.568,44.518,45.895,47.221,48.79,50.453,52.044,53.238,53.946,54.604,55.448,56.381,57.455,58.679,59.729,60.899,61.378,62.209,62.977,63.276,64.119,63.717,62.904,62.898,..
Malaysia,MYS,"Life expectancy at birth, female (years)",SP.DYN.LE00.FE.IN,57.902,58.842,59.769,60.646,61.513,62.501,62.847,63.231,63.69,64.127,64.594,65.077,65.601,66.149,66.775,67.311,67.874,68.805,69.291,69.763,70.323,71.003,71.383,71.741,72.14,72.447,72.706,72.924,73.17,73.383,73.525,73.671,73.875,74.092,74.442,74.692,74.65,74.64,74.542,74.664,75.11,75.66,75.857,76.194,76.276,76.437,76.432,76.474,76.576,76.79,77.124,77.485,77.598,77.618,77.677,77.728,77.938,78.139,78.267,78.306,78.472,77.362,78.799,..
Malaysia,MYS,"Life expectancy at birth, male (years)",SP.DYN.LE00.MA.IN,55.292,56.216,57.217,58.053,58.801,59.602,60.085,60.534,60.876,61.332,61.793,62.252,62.726,63.248,63.799,64.268,64.831,65.04,65.495,65.966,66.381,66.919,67.307,67.602,67.939,68.37,68.409,68.602,68.81,69.029,69.249,69.368,69.351,69.709,70.027,70.219,70.147,70.074,69.943,70.047,70.57,71.158,71.403,71.563,71.695,71.935,72.078,72.144,72.148,71.953,72.091,72.341,72.595,72.735,72.883,72.75,72.927,73.099,73.293,73.465,73.648,72.659,73.955,..
Malaysia,MYS,"Life expectancy at birth, total (years)",SP.DYN.LE00.IN,56.502,57.434,58.404,59.26,60.063,60.95,61.375,61.797,62.194,62.644,63.111,63.584,64.083,64.62,65.209,65.712,66.277,66.811,67.285,67.762,68.245,68.852,69.24,69.567,69.937,70.318,70.458,70.666,70.896,71.117,71.307,71.442,71.526,71.826,72.163,72.384,72.327,72.284,72.168,72.283,72.775,73.344,73.563,73.796,73.898,74.096,74.164,74.211,74.25,74.227,74.442,74.746,74.944,75.035,75.146,75.094,75.289,75.476,75.644,75.76,75.938,74.884,76.26,..
Maldives,MDV,"Life expectancy at birth, female (years)",SP.DYN.LE00.FE.IN,39.086,39.579,39.975,40.522,41.119,41.68,42.289,42.975,43.72,44.391,45.134,46.216,47.232,48.412,49.589,50.844,51.969,53.021,51.516,55.119,56.074,56.894,57.786,58.595,59.42,60.403,61.211,61.998,62.812,63.546,64.307,65.103,65.836,66.648,67.441,68.435,69.451,70.019,70.323,70.975,71.763,73.175,74.209,75.184,74.746,76.307,76.652,77.091,77.829,78.324,78.795,79.188,79.611,80.103,80.406,80.675,80.814,81.058,81.074,81.162,81.273,81.019,81.844,..
Maldives,MDV,"Life expectancy at birth, male (years)",SP.DYN.LE00.MA.IN,38.066,38.495,39.032,39.697,40.389,41.128,41.855,42.589,43.402,44.162,44.991,46.031,46.996,48.042,49.164,50.261,51.3,52.328,50.791,54.333,55.272,56.056,56.913,57.693,58.515,59.244,59.983,60.773,61.596,62.297,63.005,63.681,64.358,65.032,65.784,66.723,68.091,68.582,68.955,69.374,70.16,71.388,72.554,73.183,72.635,73.588,73.985,74.614,75.551,76.099,76.769,77.291,77.947,78.245,78.662,78.941,79.146,79.102,79.21,79.323,78.85,79.082,80.065,..
Maldives,MDV,"Life expectancy at birth, total (years)",SP.DYN.LE00.IN,38.529,38.982,39.458,40.071,40.722,41.383,42.055,42.771,43.554,44.275,45.068,46.125,47.112,48.214,49.359,50.519,51.592,52.632,51.105,54.676,55.621,56.421,57.296,58.09,58.916,59.749,60.517,61.31,62.132,62.847,63.578,64.304,65.007,65.739,66.511,67.476,68.702,69.225,69.572,70.088,70.876,72.181,73.291,74.06,73.538,74.751,75.13,75.686,76.543,77.069,77.657,78.124,78.682,79.057,79.424,79.695,79.872,79.943,80.013,80.116,79.875,79.918,80.839,..
Mali,MLI,"Life expectancy at birth, female (years)",SP.DYN.LE00.FE.IN,30.493,30.563,30.693,30.869,31.114,31.417,31.597,31.964,32.379,32.82,33.302,33.731,34.771,35.574,36.556,37.384,38.325,39.206,40.152,40.98,41.637,41.954,42.525,42.611,43.214,43.645,44.419,45.221,45.987,46.24,47.098,47.58,47.895,48.327,48.318,48.169,47.906,48.74,49.348,49.905,50.689,51.602,52.776,53.579,54.346,54.851,55.487,55.74,56.097,56.753,57.328,57.723,58.08,58.463,58.969,59.468,59.704,60.235,60.694,60.841,59.94,60.331,60.832,..
Mali,MLI,"Life expectancy at birth, male (years)",SP.DYN.LE00.MA.IN,29.035,29.118,29.209,29.456,29.74,29.857,30.167,30.485,30.908,31.299,31.791,32.175,32.992,33.609,34.361,35.134,36.126,37.061,38.026,38.972,39.898,40.498,41.142,41.679,42.192,42.773,43.538,44.169,44.804,45.508,46.14,46.844,47.088,47.136,47.163,47.45,47.659,48.306,48.963,49.669,50.37,50.954,51.663,52.208,52.74,53.166,53.756,54.15,54.492,55.01,55.453,55.808,56.101,56.281,56.858,57.288,57.777,58.059,58.14,58.523,57.385,57.618,58.068,..
Mali,MLI,"Life expectancy at birth, total (years)",SP.DYN.LE00.IN,29.754,29.83,29.939,30.154,30.418,30.623,30.871,31.212,31.631,32.045,32.532,32.937,33.86,34.565,35.426,36.225,37.195,38.106,39.062,39.953,40.751,41.215,41.824,42.142,42.699,43.207,43.977,44.693,45.393,45.877,46.62,47.216,47.496,47.733,47.742,47.816,47.792,48.531,49.164,49.797,50.539,51.284,52.222,52.893,53.538,54.003,54.615,54.941,55.291,55.874,56.382,56.755,57.079,57.357,57.9,58.363,58.731,59.132,59.393,59.664,58.633,58.941,59.417,..
Malta,MLT,"Life expectancy at birth, female (years)",SP.DYN.LE00.FE.IN,69.903,68.597,70.3,69.491,70.413,70.457,70.146,70.531,71.805,71.131,71.688,71.384,73.165,72.581,73.02,73.143,72.967,73.512,73.637,74.025,74.475,74.206,72.182,73.847,74.623,75.891,75.672,76.575,76.702,77.483,78.38,77.667,77.435,79.357,78.354,79.8,79.8,80.3,80.2,79.6,80.5,81.2,81.3,80.8,81.2,81.4,82,82.2,82.3,82.7,83.6,83,83,84,84.3,84.1,84.4,84.6,84.6,84.6,84.5,84.3,84.8,..
Malta,MLT,"Life expectancy at birth, male (years)",SP.DYN.LE00.MA.IN,66.606,67.458,66.563,66.33,67.26,66.444,67.195,67.561,67.618,66.598,66.568,67.164,68.4,68.457,70.079,69.997,70.043,69.963,70.022,69.865,69.719,70.944,69.542,71.258,71.218,70.371,71.672,72.536,72.813,73.229,73.499,73.154,73.222,73.973,74.734,74.9,75,75.3,75.1,75.5,76.3,76.6,76.3,76.4,77.4,77.3,77,77.5,77.1,77.9,79.3,78.6,78.6,79.6,79.9,79.8,80.6,80.2,80.4,81.2,80.3,80.8,80.7,..
Malta,MLT,"Life expectancy at birth, total (years)",SP.DYN.LE00.IN,68.2142926829268,68.0136097560976,68.3859268292683,67.8719512195122,68.7980487804878,68.4015609756098,68.634512195122,69.0097804878049,69.6604390243902,68.8092195121951,69.0655609756098,69.2225365853659,70.7243902439024,70.4687073170732,71.5136341463415,71.5316341463415,71.4693414634147,71.6942195121951,71.7854146341463,71.8942682926829,72.039,72.5352195121951,70.8298048780488,72.5209268292683,72.8789756097561,73.0636829268293,73.6232195121951,74.506243902439,74.7100731707317,75.3041219512195,75.8799756097561,75.3554634146342,75.2771219512195,76.5993414634146,76.4998536585366,77.290243902439,77.3414634146342,77.7390243902439,77.5878048780488,77.5,78.3487804878049,78.8439024390244,78.7390243902439,78.5463414634146,79.2536585365854,79.3,79.4390243902439,79.7926829268293,79.6365853658537,80.2414634146342,81.3975609756098,80.7463414634146,80.7463414634146,81.7463414634146,82.0463414634146,81.8975609756097,82.4536585365854,82.3463414634146,82.4487804878049,82.8585365853659,82.3487804878049,82.5073170731707,82.7,..
Marshall Islands,MHL,"Life expectancy at birth, female (years)",SP.DYN.LE00.FE.IN,57.1,57.736,58.431,59.059,59.658,60.234,60.762,61.286,61.825,62.296,62.762,63.217,63.585,63.97,64.245,64.503,64.755,64.927,65.074,65.23,65.421,65.611,65.77,65.93,66.053,66.106,66.061,65.952,65.858,65.671,65.477,65.383,65.242,65.087,65.064,65.183,65.37,65.517,65.718,65.923,65.72,66.138,66.257,66.257,66.076,65.761,65.49,65.29,65.124,65.112,65.119,65.178,65.271,65.36,65.493,65.705,65.906,66.121,66.355,66.608,66.882,67.2,67.092,..
Marshall Islands,MHL,"Life expectancy at birth, male (years)",SP.DYN.LE00.MA.IN,51.114,51.513,52.066,52.623,53.11,53.581,54.038,54.459,54.873,55.242,55.601,55.965,56.287,56.55,56.77,56.95,57.086,57.206,57.28,57.388,57.485,57.627,57.889,58.235,58.583,58.853,58.981,59.027,59.143,59.334,59.457,59.714,60.002,60.29,60.462,60.756,61.075,61.307,61.402,61.454,61.253,61.577,61.619,61.663,61.715,61.765,61.811,61.745,61.664,61.672,61.668,61.687,61.827,61.924,62.106,62.307,62.559,62.77,62.996,63.233,63.426,63.692,63.546,..
Marshall Islands,MHL,"Life expectancy at birth, total (years)",SP.DYN.LE00.IN,53.821,54.316,54.928,55.515,56.049,56.564,57.052,57.515,57.919,58.227,58.538,58.934,59.352,59.747,60.081,60.297,60.486,60.633,60.742,60.874,61.015,61.18,61.403,61.673,61.93,62.108,62.161,62.137,62.161,62.19,62.176,62.282,62.383,62.476,62.558,62.774,63.034,63.225,63.364,63.48,63.275,63.642,63.719,63.745,63.695,63.585,63.489,63.36,63.236,63.23,63.226,63.256,63.373,63.464,63.623,63.827,64.057,64.27,64.5,64.746,64.977,65.269,65.146,..
Mauritania,MRT,"Life expectancy at birth, female (years)",SP.DYN.LE00.FE.IN,45.267,45.94,46.611,47.329,48.145,48.813,49.527,50.238,51.009,51.71,52.296,52.79,53.166,53.504,53.804,54.351,54.544,54.979,55.462,56.119,56.767,57.408,58.08,58.469,58.884,59.255,59.572,60.112,60.645,60.941,61.214,61.322,61.623,61.684,61.748,61.739,61.592,62.06,62.345,62.442,62.608,62.751,62.87,63.02,63.284,63.394,63.566,63.942,64.124,64.517,64.748,65.07,65.254,65.682,65.783,66.276,66.483,66.942,67.075,67.651,66.335,66.098,66.447,..
Mauritania,MRT,"Life expectancy at birth, male (years)",SP.DYN.LE00.MA.IN,44.277,44.949,45.495,46.056,46.754,47.311,47.936,48.501,49.081,49.572,49.806,50.019,50.187,50.338,50.608,50.997,51.33,51.797,52.282,52.863,53.389,53.95,54.506,54.927,55.459,55.913,56.419,57.046,57.625,57.698,58.303,58.524,58.871,59.046,58.903,58.765,58.523,58.834,58.874,59.185,59.435,59.606,59.648,59.655,59.879,59.892,60.181,60.477,60.634,61.07,61.468,61.656,61.956,62.218,62.588,62.761,63.11,63.284,63.594,63.777,62.781,62.666,62.965,..
Mauritania,MRT,"Life expectancy at birth, total (years)",SP.DYN.LE00.IN,44.767,45.44,46.049,46.689,47.446,48.059,48.728,49.366,50.038,50.633,51.038,51.387,51.656,51.898,52.184,52.65,52.917,53.37,53.855,54.474,55.061,55.662,56.275,56.682,57.16,57.575,57.992,58.581,59.141,59.322,59.77,59.936,60.261,60.379,60.336,60.259,60.063,60.452,60.609,60.819,61.028,61.185,61.268,61.347,61.593,61.656,61.891,62.228,62.399,62.8,63.105,63.346,63.578,63.911,64.155,64.485,64.768,65.083,65.31,65.687,64.532,64.364,64.691,..
Mauritius,MUS,"Life expectancy at birth, female (years)",SP.DYN.LE00.FE.IN,58.237,59.211,60.083,60.948,61.849,62.535,62.208,61.343,61.51,62.732,64.114,64.119,63.99,64.177,65.371,66.165,67.034,67.769,68.671,69.383,69.66,70.078,70.405,70.703,70.834,71.013,71.318,71.668,72.174,72.835,73.4,73.9,73.9,74,74,74.28,74.4,74.4,74.5,74.7,75.3,75.3,75.5,75.6,75.8,75.91,75.91,76.11,76.11,76.56,76.65,76.97,77.5,77.5,77.58,77.79,77.76,77.89,77.72,77.56,77.66,77.24,77.1,..
Mauritius,MUS,"Life expectancy at birth, male (years)",SP.DYN.LE00.MA.IN,52.828,53.961,55.023,55.882,56.56,56.742,56.238,55.442,55.959,57.115,58.035,58.008,57.632,58.085,58.094,58.728,58.898,59.946,60.711,61.424,62.156,63.186,63.825,64.031,64.02,64.136,64.393,64.696,64.73,65.25,65.6,66.2,66.4,66.4,66.5,66.56,66.44,66.6,66.9,67.4,68.2,68.4,68.6,68.8,68.9,69.12,69.12,69.2,69.2,69.38,69.46,69.74,70.4,70.7,70.97,71.08,71.19,71.3,71.27,71.07,70.86,70.29,70.1,..
Mauritius,MUS,"Life expectancy at birth, total (years)",SP.DYN.LE00.IN,55.4665365853659,56.5219756097561,57.4912926829268,58.3532195121951,59.14,59.5678536585366,59.1501951219512,58.3205365853659,58.6668048780488,59.855,61.0003658536585,60.9889756097561,60.7334634146342,61.0567073170732,61.643756097561,62.3558048780488,62.8667804878049,63.7620975609756,64.5939268292683,65.3064390243902,65.8164878048781,66.5479512195122,67.034756097561,67.2856341463415,67.3439024390244,67.4906341463415,67.7710487804878,68.0969756097561,68.3612195121951,68.95,69.4048780487805,69.9560975609756,70.0585365853659,70.1073170731707,70.1585365853659,70.3258536585366,70.3229268292683,70.4048780487805,70.6073170731707,70.9609756097561,71.6634146341463,71.7658536585366,71.9658536585366,72.1170731707317,72.2658536585366,72.4321951219512,72.4321951219512,72.5707317073171,72.5707317073171,72.8824390243903,72.9673170731707,73.2668292682927,73.8634146341464,74.0170731707317,74.1943902439024,74.3531707317073,74.3948780487805,74.5146341463415,74.4163414634146,74.2358536585366,74.1770731707317,73.680243902439,73.5146341463415,..
Mexico,MEX,"Life expectancy at birth, female (years)",SP.DYN.LE00.FE.IN,56.973,57.807,58.584,59.297,59.938,60.497,60.99,61.452,61.91,62.388,62.918,63.495,64.093,64.698,65.288,65.85,66.386,66.913,67.45,67.996,68.576,69.183,69.798,70.388,70.963,71.495,71.983,72.433,72.862,73.259,73.647,74.009,74.357,74.681,74.99,75.282,75.566,75.834,76.082,76.308,76.512,76.685,76.826,76.921,76.983,76.986,76.981,76.956,76.952,76.993,77.117,77.311,77.535,77.706,77.782,77.692,77.486,77.303,77.286,77.574,74.314,74.864,78.161,..
Mexico,MEX,"Life expectancy at birth, male (years)",SP.DYN.LE00.MA.IN,53.186,53.978,54.732,55.438,56.067,56.609,57.077,57.492,57.864,58.22,58.575,58.934,59.272,59.571,59.816,59.991,60.117,60.245,60.425,60.716,61.166,61.767,62.454,63.177,63.874,64.495,65.026,65.485,65.877,66.221,66.533,66.826,67.112,67.43,67.781,68.201,68.674,69.194,69.717,70.227,70.692,71.098,71.422,71.653,71.781,71.782,71.697,71.54,71.376,71.273,71.295,71.451,71.651,71.814,71.859,71.723,71.398,71.044,70.829,70.931,66.334,66.056,71.547,..
Mexico,MEX,"Life expectancy at birth, total (years)",SP.DYN.LE00.IN,55.017,55.831,56.599,57.31,57.947,58.499,58.981,59.42,59.835,60.25,60.69,61.155,61.614,62.055,62.459,62.81,63.123,63.434,63.778,64.189,64.703,65.313,65.975,66.644,67.29,67.874,68.388,68.844,69.253,69.623,69.971,70.298,70.616,70.942,71.279,71.646,72.037,72.445,72.845,73.225,73.569,73.867,74.106,74.274,74.372,74.376,74.331,74.238,74.152,74.119,74.19,74.365,74.574,74.739,74.797,74.682,74.412,74.138,74.015,74.202,70.133,70.213,74.832,..
"Micronesia, Fed. Sts.",FSM,"Life expectancy at birth, female (years)",SP.DYN.LE00.FE.IN,58.621,59.338,60.048,60.626,60.847,61.524,61.764,62.426,62.611,63.176,63.76,64.333,64.546,65.07,65.613,66.043,66.451,66.906,67.331,67.495,67.901,68.074,68.548,68.782,69.323,69.417,69.638,69.696,70.32,70.559,70.776,70.961,71.328,71.457,71.542,71.981,72.065,72.533,72.696,72.859,72.811,73.473,72.093,73.739,73.785,73.884,73.937,73.953,74.253,74.267,74.422,74.545,74.664,74.76,74.867,74.764,74.979,74.973,74.955,74.842,74.54,74.608,74.823,..
"Micronesia, Fed. Sts.",FSM,"Life expectancy at birth, male (years)",SP.DYN.LE00.MA.IN,54.42,55.103,55.776,55.978,56.441,56.926,57.141,57.569,57.995,58.382,58.581,58.985,59.283,59.502,59.71,59.907,60.095,60.212,60.502,60.478,60.915,61.241,61.473,62.097,62.495,62.807,62.992,63.157,63.669,63.896,64.305,64.501,64.584,64.954,65.016,65.522,65.835,66.252,66.522,66.801,66.921,67.658,66.956,67.956,68.06,68.063,68.394,68.316,68.205,68.139,68.214,68.266,68.307,68.405,68.37,68.234,68.395,68.17,67.92,67.581,67.106,67.12,67.325,..
"Micronesia, Fed. Sts.",FSM,"Life expectancy at birth, total (years)",SP.DYN.LE00.IN,56.409,57.11,57.803,58.176,58.532,59.11,59.337,59.873,60.193,60.662,61.035,61.518,61.781,62.139,62.499,62.802,63.092,63.363,63.72,63.78,64.212,64.478,64.821,65.282,65.749,65.97,66.172,66.292,66.859,67.096,67.425,67.619,67.832,68.059,68.095,68.553,68.776,69.229,69.465,69.706,69.769,70.479,69.46,70.76,70.838,70.884,71.093,71.06,71.137,71.112,71.233,71.318,71.398,71.499,71.529,71.408,71.595,71.467,71.318,71.077,70.674,70.71,70.925,..
Moldova,MDA,"Life expectancy at birth, female (years)",SP.DYN.LE00.FE.IN,64.917,65.325,65.749,66.057,66.455,66.674,66.96,67.08,67.304,67.351,67.354,67.292,67.546,67.603,67.647,67.897,67.929,67.958,68,68.296,68.681,69.093,69.588,69.317,69.178,69.122,70.987,71.331,71.5,72.121,71.564,70.302,71.239,70.306,68.705,68.961,67.842,68.639,68.895,69.044,70.035,70.466,70.505,70.997,71.621,72.045,72.564,72.996,73.477,73.876,73.778,73.679,73.625,73.586,73.524,73.838,74.51,75.059,75.232,75.617,74.852,73.547,73.32,..
Moldova,MDA,"Life expectancy at birth, male (years)",SP.DYN.LE00.MA.IN,56.82,57.15,57.663,58.212,58.719,59.184,59.388,59.705,59.771,59.99,60.028,59.935,59.998,60.37,60.434,60.473,60.74,60.746,60.754,61.03,61.377,61.84,62.464,61.791,61.92,61.997,63.964,64.584,64.51,64.915,64.302,63.424,62.572,62.628,61.33,61.17,60.578,61.604,62.011,61.996,62.719,63.035,63.289,63.754,64.03,64.229,64.367,64.853,65.265,65.275,64.993,64.805,64.781,64.75,64.695,64.827,65.474,66.077,65.921,66.378,65.692,64.443,64.217,..
Moldova,MDA,"Life expectancy at birth, total (years)",SP.DYN.LE00.IN,61.074,61.446,61.922,62.355,62.81,63.152,63.392,63.606,63.745,63.873,63.885,63.799,63.949,64.163,64.211,64.348,64.496,64.506,64.523,64.807,65.173,65.613,66.179,65.684,65.68,65.688,67.635,68.121,68.159,68.673,68.067,66.977,66.96,66.543,65.07,65.099,64.241,65.172,65.505,65.561,66.417,66.787,66.938,67.419,67.861,68.169,68.479,68.947,69.394,69.573,69.357,69.192,69.143,69.099,69.031,69.24,69.917,70.516,70.492,70.935,70.166,68.846,68.621,..
Monaco,MCO,"Life expectancy at birth, female (years)",SP.DYN.LE00.FE.IN,..,..,..,..,..,..,..,..,..,..,..,..,..,..,..,..,..,..,..,..,..,..,..,..,..,..,..,..,..,..,..,..,..,..,..,..,..,..,..,..,..,..,..,..,..,..,..,..,..,..,..,..,..,..,..,..,..,..,..,..,..,..,..,..
Monaco,MCO,"Life expectancy at birth, male (years)",SP.DYN.LE00.MA.IN,..,..,..,..,..,..,..,..,..,..,..,..,..,..,..,..,..,..,..,..,..,..,..,..,..,..,..,..,..,..,..,..,..,..,..,..,..,..,..,..,..,..,..,..,..,..,..,..,..,..,..,..,..,..,..,..,..,..,..,..,..,..,..,..
Monaco,MCO,"Life expectancy at birth, total (years)",SP.DYN.LE00.IN,..,..,..,..,..,..,..,..,..,..,..,..,..,..,..,..,..,..,..,..,..,..,..,..,..,..,..,..,..,..,..,..,..,..,..,..,..,..,..,..,..,..,..,..,..,..,..,..,..,..,..,..,..,..,..,..,..,..,..,..,..,..,..,..
Mongolia,MNG,"Life expectancy at birth, female (years)",SP.DYN.LE00.FE.IN,47.24,48.249,49.2,50.078,50.838,51.518,52.04,52.769,53.337,53.991,54.746,55.386,55.964,56.579,57.152,57.583,57.515,57.664,57.782,57.856,57.982,58.069,58.214,58.72,59.212,59.521,59.521,60.047,60.549,61.054,61.509,62.004,62.442,62.847,63.224,63.214,63.126,63.665,64.492,65.189,65.86,67.189,68.112,69.344,69.929,70.15,70.436,70.796,71.103,71.472,71.843,71.694,72.46,72.884,73.283,73.684,74.048,74.293,75.829,76.645,77.02,75.696,77.375,..
Mongolia,MNG,"Life expectancy at birth, male (years)",SP.DYN.LE00.MA.IN,42.816,43.973,45.096,46.122,47.059,47.772,48.378,49.05,49.614,50.068,50.671,51.359,52.106,52.72,53.312,53.748,53.402,53.399,53.378,53.353,53.372,53.398,53.432,53.846,54.269,54.3,54.434,54.864,55.322,55.763,56.156,56.599,56.969,57.355,57.711,58.102,57.62,58.102,59.137,59.947,60.028,59.714,59.49,59.813,60.379,60.376,61.204,61.71,62.182,62.57,63.01,63.546,64.112,64.594,65.074,65.534,65.881,66.328,66.811,67.254,67.502,66.537,68.079,..
Mongolia,MNG,"Life expectancy at birth, total (years)",SP.DYN.LE00.IN,44.984,46.068,47.109,48.065,48.921,49.619,50.186,50.887,51.457,52.004,52.678,53.345,54.016,54.631,55.215,55.65,55.432,55.501,55.547,55.573,55.64,55.693,55.777,56.232,56.687,56.841,56.911,57.388,57.87,58.344,58.765,59.237,59.641,60.038,60.405,60.612,60.305,60.815,61.765,62.529,62.882,63.279,63.518,64.208,64.796,64.879,65.513,65.97,66.382,66.766,67.182,67.439,68.111,68.585,69.047,69.498,69.865,70.237,71.199,71.822,72.141,70.975,72.667,..
Montenegro,MNE,"Life expectancy at birth, female (years)",SP.DYN.LE00.FE.IN,67.095,67.682,68.272,69.222,69.606,70.555,71.472,71.515,71.981,71.795,71.499,72.568,73.348,73.509,74.129,73.999,74.512,74.332,74.172,73.346,74.901,74.525,74.619,74.82,76.663,77.43,77.88,78.542,80.751,79.889,80.822,81.516,79.306,79.409,76.457,78.225,77.032,77.361,77.463,75.969,76.717,77.013,77.057,76.841,77.8,76.8,76.4,76.9,77.8,77.5,78.5,78.8,78.3,79,78.9,78.6,78.9,79.2,79.3,79.5,78.8,77,78.8,..
Montenegro,MNE,"Life expectancy at birth, male (years)",SP.DYN.LE00.MA.IN,62.758,63.264,63.637,64.525,64.812,65.542,66.362,66.347,66.625,66.351,66.8,66.637,67.542,67.816,68.451,68.484,68.768,68.513,68.262,67.756,68.474,68.111,67.907,67.619,69.059,70.449,70.784,71.811,71.939,71.394,70.562,70.127,69.66,70.085,70.187,70.189,70.064,69.782,69.363,69.471,71.058,71.266,70.906,71.161,71.482,71.3,71.4,71.9,72.6,72.9,73.6,73.3,74.2,74.1,74.1,74.4,74.1,73.9,74.5,74,73.2,70.8,73.7,..
Montenegro,MNE,"Life expectancy at birth, total (years)",SP.DYN.LE00.IN,64.8736097560976,65.4191219512195,65.8979756097561,66.8162195121951,67.1505365853659,67.9873658536585,68.8546829268293,68.8679756097561,69.2376829268293,69.0066097560976,69.0921951219512,69.5301707317073,70.3741951219512,70.5930731707317,71.220756097561,71.174243902439,71.5699512195122,71.3515365853658,71.1449268292683,70.4828292682927,71.6091219512195,71.2397804878049,71.1811463414634,71.1316829268293,72.7682682926829,73.8543658536585,74.2454634146342,75.0944146341464,76.2375365853659,75.5379024390244,75.5668780487805,75.6826097560976,74.3653658536585,74.6332926829268,73.2455365853659,74.109,73.4630243902439,73.4790731707317,73.3142195121951,72.640756097561,73.8184878048781,74.0694146341464,73.9064878048781,73.9317317073171,74.5639512195122,73.9829268292683,73.8390243902439,74.3390243902439,75.1365853658537,75.1439024390244,75.990243902439,75.9829268292683,76.2,76.490243902439,76.4414634146341,76.4487804878049,76.4414634146341,76.4853658536585,76.8414634146342,76.6829268292683,75.9317073170732,73.8243902439024,76.1878048780488,..
Morocco,MAR,"Life expectancy at birth, female (years)",SP.DYN.LE00.FE.IN,42.761,44.693,45.196,45.737,46.322,46.923,47.522,48.172,48.784,49.344,49.848,50.319,50.77,51.206,51.701,52.258,52.936,53.72,54.564,55.467,56.423,57.297,58.207,59.067,59.872,60.722,61.513,62.207,62.864,63.464,64.019,64.52,64.972,65.495,65.986,66.385,66.875,67.268,67.683,68.126,68.529,68.902,69.239,69.593,69.869,70.398,70.876,71.34,71.757,72.142,72.485,73.023,73.525,73.976,74.39,74.777,75.176,75.664,76.086,76.448,76.308,76.398,77.177,..
Morocco,MAR,"Life expectancy at birth, male (years)",SP.DYN.LE00.MA.IN,41.264,42.892,43.397,43.903,44.467,45.032,45.615,46.223,46.79,47.308,47.791,48.197,48.7,49.169,49.68,50.266,50.973,51.729,52.483,53.288,54.068,54.832,55.646,56.443,57.173,57.919,58.641,59.289,59.858,60.417,60.962,61.459,61.918,62.341,62.799,63.181,63.692,64.079,64.441,64.777,65.135,65.542,65.932,66.31,66.659,67.077,67.454,67.942,68.413,68.846,69.244,69.601,69.933,70.371,70.788,71.166,71.502,71.783,72.028,72.245,71.757,71.893,72.896,..
Morocco,MAR,"Life expectancy at birth, total (years)",SP.DYN.LE00.IN,42.017,43.795,44.297,44.82,45.392,45.973,46.562,47.19,47.778,48.315,48.807,49.243,49.719,50.171,50.673,51.244,51.936,52.704,53.499,54.351,55.219,56.036,56.897,57.724,58.49,59.286,60.041,60.711,61.32,61.899,62.448,62.946,63.401,63.872,64.346,64.736,65.238,65.629,66.018,66.406,66.787,67.18,67.547,67.915,68.231,68.704,69.128,69.604,70.048,70.458,70.829,71.269,71.679,72.122,72.538,72.92,73.284,73.66,73.986,74.27,73.92,74.042,74.973,..
Mozambique,MOZ,"Life expectancy at birth, female (years)",SP.DYN.LE00.FE.IN,42.371,42.783,42.986,43.075,43.09,43.119,43.157,43.156,43.162,43.176,43.238,43.233,43.357,43.429,43.494,43.785,43.878,43.989,44.084,44.044,44.153,41.961,42.169,42.275,42.21,42.535,44.833,45.104,45.678,45.951,46.264,46.472,46.721,47.013,47.134,47.579,48.142,48.999,49.607,50.407,51.11,51.602,52.181,52.305,52.636,52.89,53.273,53.993,54.692,55.282,55.837,56.584,57.521,58.523,59.439,60.44,61.475,62.221,63.234,63.92,64.16,62.432,62.688,..
Mozambique,MOZ,"Life expectancy at birth, male (years)",SP.DYN.LE00.MA.IN,40.033,40.358,40.644,40.764,40.228,40.261,40.109,40.16,40.164,40.236,40.268,40.242,39.845,40.001,40.627,41.357,41.374,41.395,41.49,41.429,41.436,39.099,39.227,39.372,34.86,35.09,36.86,36.931,41.985,42.31,42.648,42.821,43.149,43.656,44.032,44.451,45.076,45.76,46.376,47.145,47.793,48.442,48.907,49.341,49.769,50.136,50.551,51.037,51.529,52.18,52.441,53.03,53.63,54.336,54.989,55.748,56.492,57.213,57.721,58.312,58.111,56.204,56.529,..
Mozambique,MOZ,"Life expectancy at birth, total (years)",SP.DYN.LE00.IN,41.221,41.59,41.832,41.934,41.67,41.699,41.639,41.663,41.667,41.71,41.755,41.739,41.59,41.707,42.065,42.582,42.635,42.7,42.795,42.744,42.801,40.536,40.703,40.83,38.38,38.657,40.681,40.843,43.844,44.143,44.469,44.66,44.949,45.354,45.606,46.04,46.636,47.408,48.024,48.812,49.491,50.065,50.59,50.87,51.249,51.561,51.961,52.566,53.164,53.788,54.198,54.869,55.639,56.492,57.274,58.151,59.038,59.771,60.526,61.166,61.172,59.325,59.625,..
Myanmar,MMR,"Life expectancy at birth, female (years)",SP.DYN.LE00.FE.IN,45.481,46.053,46.698,47.322,48.332,49.432,50.273,51.308,52.31,52.52,52.91,53.435,53.582,54.171,54.533,54.657,55.256,55.654,55.761,56.328,56.787,56.919,57.416,57.597,57.993,58.028,58.477,58.566,58.625,59.115,59.176,59.639,59.823,60.413,60.811,61.142,62.029,62.44,63.123,63.202,63.338,63.748,63.918,64.306,64.368,64.761,64.781,65.301,57.787,66.118,66.215,66.963,67.182,67.873,68.168,68.744,68.838,68.995,69.676,69.799,69.959,69.001,70.478,..
Myanmar,MMR,"Life expectancy at birth, male (years)",SP.DYN.LE00.MA.IN,42.391,42.789,43.421,44.025,44.754,45.597,46.561,47.394,48.024,48.29,48.643,49.123,49.52,49.706,50.092,50.483,50.833,51.093,51.316,51.705,52.081,52.491,52.635,52.937,53.099,53.383,53.435,53.726,53.693,54.16,54.286,54.542,54.823,55.023,55.284,55.559,56.063,56.271,56.705,56.797,57.179,57.314,57.733,57.875,58.311,58.619,59.14,59.578,55.207,60.333,60.573,60.989,61.247,61.899,62.095,62.535,62.683,62.842,63.407,63.572,63.785,62.546,64.18,..
Myanmar,MMR,"Life expectancy at birth, total (years)",SP.DYN.LE00.IN,43.906,44.385,45.023,45.636,46.497,47.46,48.369,49.297,50.101,50.342,50.713,51.215,51.498,51.87,52.246,52.516,52.982,53.305,53.474,53.944,54.362,54.646,54.955,55.202,55.472,55.642,55.877,56.076,56.085,56.565,56.661,57.014,57.251,57.631,57.956,58.259,58.941,59.243,59.794,59.881,60.155,60.416,60.725,60.98,61.25,61.599,61.893,62.371,56.506,63.155,63.329,63.901,64.141,64.815,65.056,65.561,65.685,65.843,66.465,66.61,66.797,65.672,67.256,..
Namibia,NAM,"Life expectancy at birth, female (years)",SP.DYN.LE00.FE.IN,49.497,50.26,50.959,51.551,52.22,52.808,53.381,53.932,54.51,55.017,55.552,56.259,56.861,57.535,58.194,59.069,59.623,60.346,61.072,61.586,62.02,62.461,62.987,63.124,63.496,63.924,64.334,64.836,64.796,65.678,65.45,64.933,64.208,63.411,62.353,61.108,59.216,57.887,56.238,55.188,53.98,53.042,53.036,52.74,53.12,53.672,54.873,56.201,57.422,58.395,58.731,59.502,60.85,62.029,63.049,64.03,65.201,65.88,66.176,66.637,66.606,62.985,61.704,..
Namibia,NAM,"Life expectancy at birth, male (years)",SP.DYN.LE00.MA.IN,45.825,46.445,47.166,47.822,48.588,49.206,49.434,50.072,50.626,51.147,51.638,52.143,52.627,53.14,53.516,53.952,54.333,54.693,55.041,55.237,51.834,52.083,52.564,53.021,53.682,54.281,54.868,55.631,55.741,59.425,59.393,59.115,58.734,58.162,57.203,56.034,54.5,53.126,51.864,50.795,49.908,49.377,49.37,49.319,49.285,49.813,50.382,51.133,51.885,52.608,53.275,53.601,54.433,55.356,56.544,57.312,58.113,58.651,58.931,59.426,59.058,55.721,54.592,..
Namibia,NAM,"Life expectancy at birth, total (years)",SP.DYN.LE00.IN,47.679,48.374,49.087,49.714,50.434,51.039,51.439,52.035,52.601,53.117,53.63,54.237,54.781,55.374,55.893,56.547,57.015,57.553,58.085,58.439,56.775,57.123,57.644,57.969,58.512,59.041,59.555,60.207,60.248,62.642,62.496,62.098,61.545,60.86,59.846,58.634,56.918,55.558,54.101,53.036,51.99,51.26,51.254,51.083,51.246,51.787,52.655,53.68,54.653,55.496,56.015,56.553,57.64,58.694,59.822,60.7,61.682,62.293,62.586,63.075,62.829,59.269,58.059,..
Nauru,NRU,"Life expectancy at birth, female (years)",SP.DYN.LE00.FE.IN,59.516,59.872,59.894,60.036,60.234,60.566,60.818,61.927,62.087,62.372,62.662,62.98,63.316,63.654,63.9,64.181,64.5,64.804,65.131,65.305,65.46,65.602,65.814,65.99,65.961,65.886,65.843,65.767,65.776,65.695,65.679,65.58,65.338,65.802,65.876,65.773,64.558,63.782,63.367,63.044,62.837,62.207,62.396,62.339,62.229,62.328,62.524,62.601,62.839,63.009,63.491,63.971,64.479,65.008,65.558,66.03,66.45,66.759,66.989,67.321,67.272,67.303,67.841,..
Nauru,NRU,"Life expectancy at birth, male (years)",SP.DYN.LE00.MA.IN,58.098,58.187,58.491,58.507,58.569,58.836,58.673,58.753,58.916,58.974,58.938,59.223,59.226,59.187,59.553,59.516,59.989,59.995,59.919,59.854,59.794,60.181,60.08,59.953,59.701,59.543,59.383,59.218,59.159,59.188,59.071,58.928,58.781,58.533,58.636,58.425,57.833,56.891,56.429,55.912,55.893,55.531,55.212,55.065,55.046,55.073,55.246,55.395,55.696,56.014,56.494,57.111,57.48,57.962,58.539,58.972,59.391,59.645,59.883,60.055,59.994,60.261,60.52,..
Nauru,NRU,"Life expectancy at birth, total (years)",SP.DYN.LE00.IN,58.572,58.665,58.862,58.902,58.997,59.288,59.263,59.662,59.824,59.972,60.042,60.341,60.449,60.529,60.864,60.927,61.359,61.463,61.522,61.538,61.552,61.871,61.878,61.836,61.702,61.591,61.494,61.386,61.38,61.4,61.356,61.303,61.223,61.338,61.463,61.321,60.504,59.644,59.224,58.803,58.732,58.278,58.181,58.095,58.072,58.161,58.379,58.53,58.833,59.123,59.64,60.24,60.715,61.231,61.807,62.269,62.702,62.988,63.234,63.484,63.437,63.617,64.014,..
Nepal,NPL,"Life expectancy at birth, female (years)",SP.DYN.LE00.FE.IN,38.71,39.03,39.233,39.534,40.078,40.519,40.889,41.502,41.928,42.398,43.062,43.531,43.867,44.186,44.582,45.116,45.68,46.048,46.838,47.372,47.878,48.407,48.85,49.24,50.012,50.667,51.325,52.354,52.979,54.119,54.859,55.967,56.956,58.163,59.221,60.065,60.907,61.855,62.963,63.506,64.078,64.952,65.261,66.095,66.834,67.465,67.787,68.21,68.222,68.576,68.566,69.094,69.223,69.752,69.818,69.079,70.515,70.638,70.719,71.351,71.173,70.362,72.364,..
Nepal,NPL,"Life expectancy at birth, male (years)",SP.DYN.LE00.MA.IN,38.334,38.605,38.996,39.294,39.833,40.296,40.764,41.23,41.603,42.195,42.522,43.024,43.442,43.831,44.275,44.891,45.34,45.89,46.462,47.093,47.829,48.3,48.953,49.551,50.365,51.026,51.676,52.53,53.099,54.08,54.751,55.412,56.421,57.053,57.873,58.564,59.063,59.706,60.186,60.764,61.199,61.779,61.362,62.376,62.886,63.525,64.015,64.503,64.664,64.985,65.093,65.559,65.736,66.191,66.357,65.835,67.031,67.174,67.231,67.755,67.345,66.574,68.608,..
Nepal,NPL,"Life expectancy at birth, total (years)",SP.DYN.LE00.IN,38.559,38.855,39.153,39.453,39.994,40.446,40.866,41.404,41.802,42.334,42.827,43.312,43.689,44.044,44.464,45.04,45.544,46.005,46.682,47.266,47.889,48.387,48.936,49.431,50.225,50.882,51.535,52.475,53.071,54.127,54.833,55.712,56.71,57.619,58.553,59.318,59.981,60.771,61.549,62.113,62.614,63.336,63.264,64.197,64.818,65.457,65.868,66.329,66.421,66.761,66.814,67.313,67.47,67.965,68.085,67.456,68.776,68.91,68.979,69.558,69.246,68.45,70.484,..
Netherlands,NLD,"Life expectancy at birth, female (years)",SP.DYN.LE00.FE.IN,75.38,75.85,75.68,75.77,76.26,76.14,76.12,76.57,76.44,76.29,76.5,76.77,76.79,77.13,77.61,77.7,77.92,78.52,78.5,78.92,79.18,79.32,79.41,79.56,79.67,79.66,79.61,80.06,80.24,79.92,80.11,80.15,80.28,80,80.31,80.36,80.35,80.55,80.7,80.5,80.6,80.7,80.7,80.9,81.4,81.6,81.9,82.3,82.3,82.7,82.7,83.1,83,83.2,83.5,83.2,83.2,83.4,83.4,83.7,83.1,83,83.2,..
Netherlands,NLD,"Life expectancy at birth, male (years)",SP.DYN.LE00.MA.IN,71.5,71.56,71.08,71.02,71.27,71.12,71.03,71.17,70.92,70.92,70.81,70.99,70.81,71.3,71.61,71.45,71.53,72.08,71.95,72.45,72.47,72.71,72.73,72.93,72.96,73.07,73.09,73.51,73.7,73.7,73.8,74,74.3,73.98,74.58,74.59,74.66,75.17,75.2,75.3,75.5,75.8,76,76.2,76.9,77.2,77.6,78,78.3,78.5,78.8,79.4,79.3,79.5,80,79.9,80,80.2,80.3,80.6,79.7,79.7,80.3,..
Netherlands,NLD,"Life expectancy at birth, total (years)",SP.DYN.LE00.IN,73.3926829268293,73.6526829268293,73.3239024390244,73.3370731707317,73.7041463414634,73.5687804878049,73.5129268292683,73.8041463414634,73.6126829268293,73.539512195122,73.5856097560976,73.809512195122,73.7270731707317,74.1439024390244,74.5368292682927,74.4987804878049,74.6470731707317,75.2214634146342,75.1451219512195,75.6060975609756,75.7431707317073,75.9343902439025,75.9885365853659,76.1641463414634,76.2331707317073,76.2846341463415,76.2704878048781,76.7051219512195,76.890243902439,76.7341463414634,76.8780487804878,77,77.2170731707317,76.9165853658537,77.3751219512195,77.4046341463415,77.4356097560976,77.7943902439024,77.8829268292683,77.8365853658537,77.9878048780488,78.190243902439,78.2926829268293,78.4926829268293,79.0951219512195,79.3463414634146,79.6975609756098,80.0975609756098,80.2512195121951,80.5487804878049,80.7024390243902,81.2048780487805,81.1048780487805,81.3048780487805,81.7073170731707,81.509756097561,81.5609756097561,81.7609756097561,81.8121951219512,82.1121951219512,81.3585365853659,81.309756097561,81.7146341463415,..
New Caledonia,NCL,"Life expectancy at birth, female (years)",SP.DYN.LE00.FE.IN,61.2,61.6,62,62.5,63,63.5,64,64.5,65,65.5,66,66.5,67,67.5,68,68.5,69,69.5,69.825,70.15,70.475,70.8,70.3,71.2,71.7,72.3,72.7,72.5,73.5,71.8,73.2,74.2,75.2,75.6,73.9,75.8,74.2,74.3,77.5,77,78.8,77.7,79.2,78.6,78.8,79,79.2,79.5,79.6,79.9,80.2,79.5,80.1,80.2,79.9,80.2,79.8,80.1,83.821,84.212,84.596,83.082,84.612,..
New Caledonia,NCL,"Life expectancy at birth, male (years)",SP.DYN.LE00.MA.IN,56.2,56.6,57,57.4,57.8,58.2,58.6,59,59.4,59.8,60.2,60.6,61,61.4,61.8,62.2,62.6,63,62.95,62.9,62.85,62.8,63.7,66.1,64.6,65.4,65.6,66.5,65.6,66.5,67.9,66.7,68.2,67.9,67.6,68.4,69.9,69.3,71.4,70.9,71.7,72.1,71.2,72.1,72.3,72.6,73.1,73.6,73.9,74.2,74.5,73.9,74.2,74.3,74.7,74.5,74.2,75.1,76.367,76.808,77.253,75.361,77.525,..
New Caledonia,NCL,"Life expectancy at birth, total (years)",SP.DYN.LE00.IN,58.6390243902439,59.0390243902439,59.4390243902439,59.8878048780488,60.3365853658537,60.7853658536585,61.2341463414634,61.6829268292683,62.1317073170732,62.5804878048781,63.0292682926829,63.4780487804878,63.9268292682927,64.3756097560976,64.8243902439024,65.2731707317073,65.7219512195122,66.1707317073171,66.3036585365854,66.4365853658537,66.569512195122,66.7024390243903,66.919512195122,68.5878048780488,68.0634146341464,68.7658536585366,69.0634146341463,69.4268292682927,69.4536585365854,69.0853658536585,70.4853658536585,70.3585365853659,71.6146341463415,71.6560975609756,70.6731707317073,72.009756097561,71.9975609756098,71.7390243902439,74.3756097560976,73.8756097560976,75.1634146341463,74.8317073170732,75.1024390243903,75.2707317073171,75.4707317073171,75.7219512195122,76.0756097560976,76.4780487804878,76.6804878048781,76.9804878048781,77.2804878048781,76.6317073170732,77.0780487804878,77.1780487804878,77.2365853658537,77.2804878048781,76.9317073170732,77.5390243902439,80.0030975609756,80.4197073170732,80.8349512195122,79.1273414634146,80.9820731707317,..
New Zealand,NZL,"Life expectancy at birth, female (years)",SP.DYN.LE00.FE.IN,73.9,73.7,74.1,74.2,74.3,74.3,74.3,74.7,74.3,74.7,74.5,75,74.8,75.1,75.1,75.6,75.7,75.6,76.4,76.5,75.8,76.9,76.9,76.9,77.7,76.8,77.4,77.2,77.6,78,78.4,78.9,79.3,79.2,79.7,79.5,79.4,80.1,80.8,80.4,81.3,81.1,81.1,81.4,81.7,81.9,82.2,82.2,82.4,82.7,82.8,83,83.2,83.3,83.27,83.4,83.4,83.6,83.5,83.9,84.1,84,84.4,..
New Zealand,NZL,"Life expectancy at birth, male (years)",SP.DYN.LE00.MA.IN,68.7,68.4,68.5,68.5,68.5,68.3,68.1,68.4,68.1,68.4,68.2,68.7,69,68.4,68.9,69,69.3,68.9,69.8,69.8,70,70.5,70.7,70.8,71.2,71,71,71.3,71.4,71.8,72.5,73.3,73.1,73.8,74.2,74.1,74.3,74.7,75.5,75.5,76.1,76.4,76.7,77,77.5,77.9,78,78.2,78.4,78.8,79.1,79.4,79.7,79.6,79.73,79.91,80,80.2,80,80.3,80.5,80.5,81.2,..
New Zealand,NZL,"Life expectancy at birth, total (years)",SP.DYN.LE00.IN,71.2365853658537,70.9853658536585,71.2317073170732,71.280487804878,71.3292682926829,71.2268292682927,71.1243902439025,71.4731707317073,71.1243902439025,71.4731707317073,71.2731707317073,71.7731707317073,71.8292682926829,71.6682926829268,71.9243902439024,72.219512195122,72.4219512195122,72.1682926829268,73.019512195122,73.0682926829269,72.8292682926829,73.6219512195122,73.7243902439024,73.7756097560976,74.3707317073171,73.8292682926829,74.1219512195122,74.1780487804878,74.4243902439024,74.8243902439024,75.3780487804878,76.0317073170732,76.1243902439025,76.4341463414634,76.8829268292683,76.7341463414634,76.7878048780488,77.3341463414634,78.0853658536585,77.890243902439,78.6365853658537,78.6926829268293,78.8463414634146,79.1463414634146,79.5487804878049,79.8512195121951,80.0487804878049,80.1512195121951,80.3512195121951,80.7024390243902,80.9048780487805,81.1560975609756,81.4073170731707,81.4048780487805,81.4568292682927,81.6124390243903,81.6585365853659,81.8585365853659,81.7073170731707,82.0560975609756,82.2560975609756,82.2073170731707,82.7609756097561,..
Nicaragua,NIC,"Life expectancy at birth, female (years)",SP.DYN.LE00.FE.IN,47.236,48.064,48.718,49.518,50.513,51.735,53.097,54.407,55.678,56.675,57.368,57.739,49.888,58.095,58.211,58.434,58.785,59.215,58.467,58.648,60.817,61.276,61.685,61.96,62.332,62.87,63.568,64.142,64.954,65.852,66.45,67.014,67.346,67.774,68.271,68.614,69.046,69.505,67.709,70.081,70.189,70.163,70.137,70.179,70.4,70.937,71.753,72.591,73.674,74.545,75.128,75.528,75.707,75.763,75.822,75.925,76.122,76.367,76.681,77.001,75.012,76.803,77.556,..
Nicaragua,NIC,"Life expectancy at birth, male (years)",SP.DYN.LE00.MA.IN,44.994,45.811,46.411,47.072,47.813,48.65,49.551,50.415,51.301,52.032,52.593,52.96,47.339,53.4,53.531,53.68,53.863,53.392,49.239,44.569,55.074,55.204,55.605,52.144,50.727,50.946,52.582,51.955,55.914,59.128,59.766,60.834,61.173,61.584,62.079,62.579,63.032,63.504,62.661,64.153,64.282,64.284,64.256,64.3,64.498,64.985,65.73,66.54,67.492,68.296,68.854,69.263,69.484,69.612,69.77,70.005,70.344,70.686,70.964,71.066,68.648,70.836,71.613,..
Nicaragua,NIC,"Life expectancy at birth, total (years)",SP.DYN.LE00.IN,46.125,46.948,47.575,48.304,49.169,50.193,51.316,52.394,53.465,54.324,54.95,55.322,48.626,55.725,55.85,56.036,56.299,56.243,53.571,50.813,57.914,58.198,58.605,56.794,56.131,56.501,57.775,57.66,60.3,62.475,63.096,63.931,64.266,64.685,65.181,65.608,66.052,66.515,65.209,67.12,67.234,67.215,67.18,67.217,67.423,67.936,68.725,69.559,70.586,71.433,72.009,72.416,72.615,72.704,72.812,72.983,73.256,73.554,73.85,74.054,71.795,73.837,74.615,..
Niger,NER,"Life expectancy at birth, female (years)",SP.DYN.LE00.FE.IN,36.799,37.027,37.078,37.24,37.238,37.244,37.335,37.343,37.16,36.912,36.576,35.757,36.082,36.311,36.722,37.556,37.763,38.416,39.095,39.815,40.063,40.4,40.437,40.414,40.016,39.976,40.054,40.45,40.809,41.311,42.039,42.514,43.325,44.255,45.219,46.154,47.079,47.917,48.668,49.15,49.686,50.197,50.915,51.63,53.007,54.042,55.11,56.133,57.118,58.006,59.041,59.692,60.252,60.952,61.544,62.095,62.599,63.145,63.295,63.939,62.454,62.794,63.401,..
Niger,NER,"Life expectancy at birth, male (years)",SP.DYN.LE00.MA.IN,35.934,36,36.115,36.142,36.159,36.17,36.184,36.221,35.961,35.696,35.449,34.734,35.092,34.999,35.183,35.516,36.085,36.768,37.7,38.482,39.189,39.831,40.069,40.213,40.017,40.001,40.12,40.325,40.677,41.032,41.564,41.823,42.472,43.283,44.117,45.3,46.184,47.008,47.63,48.245,48.881,49.411,50.139,51.173,52.107,53.077,54.026,54.922,55.85,56.742,57.654,58.263,59.013,59.499,60.006,60.069,60.656,61.176,61.611,61.868,60.472,60.407,60.816,..
Niger,NER,"Life expectancy at birth, total (years)",SP.DYN.LE00.IN,36.404,36.556,36.639,36.736,36.744,36.753,36.807,36.83,36.611,36.354,36.062,35.293,35.632,35.704,36.003,36.588,36.976,37.644,38.45,39.202,39.678,40.165,40.301,40.359,40.059,40.031,40.129,40.433,40.79,41.221,41.852,42.218,42.947,43.817,44.714,45.774,46.676,47.505,48.191,48.738,49.322,49.841,50.562,51.434,52.589,53.59,54.596,55.553,56.508,57.396,58.367,58.994,59.65,60.239,60.786,61.083,61.629,62.16,62.454,62.897,61.451,61.576,62.08,..
Nigeria,NGA,"Life expectancy at birth, female (years)",SP.DYN.LE00.FE.IN,38.553,38.874,38.952,39.331,39.633,39.794,39.825,39.309,40.139,40.263,40.658,41.285,42.063,42.693,43.478,44.407,45.563,46.535,47.104,47.265,47.498,47.504,47.62,47.735,47.659,47.551,47.148,47.344,47.477,47.643,47.554,47.27,47.28,47.438,47.026,47.056,47.171,47.273,47.226,47.826,48.328,48.689,49.024,49.54,49.78,50.255,50.575,50.819,50.773,51.242,51.404,51.791,51.896,52.115,52.196,52.202,52.229,52.589,52.77,53.165,53.323,53.07,53.968,..
Nigeria,NGA,"Life expectancy at birth, male (years)",SP.DYN.LE00.MA.IN,36.2,36.487,36.679,37.069,37.22,37.582,37.784,35.94,36.911,37.244,38.78,39.68,40.488,41.331,42.106,42.922,43.887,44.597,44.957,45.187,45.23,45.504,45.434,45.571,45.473,45.126,44.841,44.745,44.729,44.788,44.597,44.197,44.145,44.232,44.079,44.004,44.052,44.385,44.89,45.446,46.095,46.58,46.867,47.377,47.785,48.362,48.901,49.258,49.678,50.182,50.483,50.92,51.094,51.295,51.383,51.477,51.848,52.017,52.331,52.651,52.456,52.285,53.295,..
Nigeria,NGA,"Life expectancy at birth, total (years)",SP.DYN.LE00.IN,37.371,37.673,37.809,38.192,38.415,38.68,38.797,37.573,38.482,38.718,39.713,40.48,41.273,42.011,42.791,43.662,44.721,45.558,46.019,46.215,46.349,46.493,46.513,46.638,46.55,46.317,45.975,46.018,46.072,46.182,46.037,45.691,45.668,45.788,45.513,45.487,45.567,45.792,46.036,46.614,47.193,47.619,47.928,48.441,48.767,49.297,49.73,50.033,50.225,50.712,50.945,51.357,51.497,51.707,51.791,51.841,52.043,52.305,52.554,52.91,52.887,52.676,53.633,..
North Macedonia,MKD,"Life expectancy at birth, female (years)",SP.DYN.LE00.FE.IN,57.376,58.962,58.727,57.798,60.249,61.328,63.247,63.541,64.301,64.62,65.362,66.377,67.286,67.695,68.377,68.74,69.612,70.42,71.201,71.636,71.363,71.953,71.906,71.596,72.237,72.389,72.357,72.325,72.796,73.286,73.762,74.283,73.761,74.517,74.1,74,74.8,74.7,74.5,75.3,75.2,76.1,75.6,75.7,75.8,75.9,76.2,75.9,76.5,76.7,77.2,77.2,76.9,77.5,77.5,77.4,77.5,77.9,78.8,78.6,76.7,75.5,76.74,..
North Macedonia,MKD,"Life expectancy at birth, male (years)",SP.DYN.LE00.MA.IN,55.125,56.693,56.377,55.653,57.783,58.739,60.734,60.782,61.495,61.509,62.155,62.942,63.895,64.261,64.892,65.319,65.968,66.561,67.605,67.759,67.232,67.77,68.098,67.47,67.912,67.885,68.503,68.521,68.937,69.09,68.826,69.522,68.847,69.457,69.4,69.8,70.3,70.3,70.2,70.4,70.8,70.9,70.6,70.9,71.5,71.6,71.7,71.8,72.4,72.3,72.9,73.1,73,73.4,73.5,73.5,73.4,74.1,74.6,74.7,72.2,71.1,72.22,..
North Macedonia,MKD,"Life expectancy at birth, total (years)",SP.DYN.LE00.IN,56.2230487804878,57.7998292682927,57.5233414634146,56.6993414634146,58.9859268292683,60.0019268292683,61.9598536585366,62.1278536585366,62.8637804878049,63.0265609756098,63.7193902439024,64.6176097560976,65.5491463414634,65.9361219512195,66.592,66.9877804878049,67.7455609756098,68.4434390243903,69.3591463414634,69.6502195121951,69.2471219512195,69.8104878048781,69.9555609756098,69.4826829268293,70.021756097561,70.0820731707317,70.383,70.3766097560976,70.8194390243902,71.1368292682927,71.2338048780488,71.8444390243903,71.2440731707317,71.9252926829268,71.6926829268293,71.8487804878049,72.4951219512195,72.4463414634146,72.2975609756098,72.790243902439,72.9463414634147,73.4365853658537,73.0390243902439,73.2414634146342,73.5975609756098,73.6975609756098,73.8951219512195,73.8,74.4,74.4463414634146,74.9975609756098,75.1,74.9024390243903,75.4,75.4512195121951,75.4024390243902,75.4,75.9536585365854,76.6487804878049,76.6024390243903,74.3951219512195,73.2463414634146,74.4248780487805,..
Northern Mariana Islands,MNP,"Life expectancy at birth, female (years)",SP.DYN.LE00.FE.IN,..,..,..,..,..,..,..,..,..,..,..,..,..,..,..,..,..,..,..,..,..,..,..,..,..,..,..,..,..,..,..,..,..,..,..,..,..,..,..,..,..,..,..,..,..,..,..,..,..,..,..,..,..,..,..,..,..,..,..,..,..,..,..,..
Northern Mariana Islands,MNP,"Life expectancy at birth, male (years)",SP.DYN.LE00.MA.IN,..,..,..,..,..,..,..,..,..,..,..,..,..,..,..,..,..,..,..,..,..,..,..,..,..,..,..,..,..,..,..,..,..,..,..,..,..,..,..,..,..,..,..,..,..,..,..,..,..,..,..,..,..,..,..,..,..,..,..,..,..,..,..,..
Northern Mariana Islands,MNP,"Life expectancy at birth, total (years)",SP.DYN.LE00.IN,..,..,..,..,..,..,..,..,..,..,..,..,..,..,..,..,..,..,..,..,..,..,..,..,..,..,..,..,..,..,..,..,..,..,..,..,..,..,..,..,..,..,..,..,..,..,..,..,..,..,..,..,..,..,..,..,..,..,..,..,..,..,..,..
Norway,NOR,"Life expectancy at birth, female (years)",SP.DYN.LE00.FE.IN,75.87,76.05,76.05,75.49,76.08,76.53,76.71,76.94,76.8,76.67,77.32,77.36,77.51,77.71,77.96,78.07,78.21,78.67,78.63,78.82,79.17,79.27,79.54,79.56,79.61,79.41,79.76,79.58,79.56,79.84,79.8,80.1,80.36,80.23,80.64,80.82,81.07,80.97,81.3,81.1,81.4,81.5,81.6,81.9,82.3,82.5,82.7,82.7,83,83.1,83.2,83.6,83.5,83.8,84.2,84.2,84.2,84.3,84.5,84.7,84.9,84.7,84.2,..
Norway,NOR,"Life expectancy at birth, male (years)",SP.DYN.LE00.MA.IN,71.34,71.17,70.97,70.78,71.23,71.05,71.41,71.33,71.22,70.8,71.01,71.15,71.33,71.33,71.7,71.72,72.02,72.26,72.36,72.17,72.34,72.63,72.65,72.74,73,72.59,72.89,72.75,73.04,73.32,73.43,74.01,74.16,74.22,74.88,74.8,75.37,75.45,75.5,75.6,76,76.2,76.5,77,77.5,77.7,78.1,78.2,78.3,78.6,78.9,79.1,79.5,79.8,80.1,80.5,80.7,81,81.1,81.3,81.6,81.7,81,..
Norway,NOR,"Life expectancy at birth, total (years)",SP.DYN.LE00.IN,73.549756097561,73.5504878048781,73.4480487804878,73.0775609756098,73.5958536585366,73.7231707317073,73.9953658536585,74.0665853658537,73.9419512195122,73.6634146341463,74.0880487804878,74.1792682926829,74.3446341463415,74.4421951219512,74.7536585365854,74.8175609756098,75.039512195122,75.3868292682927,75.4185365853659,75.4139024390244,75.6717073170732,75.8690243902439,76.0109756097561,76.0668292682927,76.2243902439024,75.9168292682927,76.2412195121951,76.0817073170732,76.2204878048781,76.500487804878,76.5373170731707,76.9807317073171,77.1843902439025,77.1517073170732,77.689756097561,77.7365853658537,78.1504878048781,78.1426829268293,78.3292682926829,78.2829268292683,78.6341463414634,78.7853658536585,78.9878048780488,79.390243902439,79.8414634146342,80.0414634146342,80.3439024390244,80.3951219512195,80.5926829268293,80.7951219512195,80.9975609756098,81.2951219512195,81.4512195121951,81.7512195121951,82.1,82.3048780487805,82.4073170731707,82.609756097561,82.7585365853659,82.9585365853659,83.209756097561,83.1634146341463,82.5609756097561,..
Oman,OMN,"Life expectancy at birth, female (years)",SP.DYN.LE00.FE.IN,37.486,38.825,40.177,41.401,42.608,43.869,45.053,46.254,47.521,48.732,49.753,50.98,52.2,53.439,54.697,55.87,57.371,58.391,59.873,61.309,62.689,63.909,65.257,66.489,67.432,68.642,69.428,70.201,70.983,71.684,72.326,72.989,73.364,73.938,74.258,74.865,75.14,75.389,76.083,76.288,76.533,76.707,76.769,77.238,77.401,77.517,77.59,77.569,77.736,77.803,78.498,78.672,78.9,79.084,79.313,79.543,79.799,79.839,79.898,79.947,76.788,74.716,76.046,..
Oman,OMN,"Life expectancy at birth, male (years)",SP.DYN.LE00.MA.IN,33.578,34.971,36.346,37.566,38.868,40.021,41.195,42.421,43.633,44.742,45.707,46.98,47.114,48.432,49.645,50.859,53.155,54.216,55.655,57.112,58.346,59.532,60.824,62.111,63.237,64.106,64.889,65.9,66.589,67.141,67.819,68.135,68.722,69.262,69.5,70.108,70.283,70.501,70.981,71.202,71.497,71.913,71.963,72.1,72.267,72.315,72.407,72.389,72.525,72.585,74.639,75.106,75.707,75.913,76.097,76.332,76.544,76.525,76.534,76.543,73.289,70.984,72.356,..
Oman,OMN,"Life expectancy at birth, total (years)",SP.DYN.LE00.IN,35.45,36.823,38.192,39.417,40.679,41.885,43.066,44.285,45.525,46.684,47.678,48.934,49.571,50.859,52.098,53.297,55.221,56.257,57.709,59.151,60.447,61.646,62.96,64.217,65.254,66.272,67.014,67.887,68.58,69.156,69.782,70.189,70.656,71.165,71.385,71.99,72.191,72.415,72.97,73.184,73.466,73.808,73.869,74.14,74.329,74.396,74.48,74.461,74.612,74.681,76.269,76.608,77.061,77.246,77.446,77.687,77.916,77.924,77.966,78.002,74.757,72.541,73.935,..
Pakistan,PAK,"Life expectancy at birth, female (years)",SP.DYN.LE00.FE.IN,43.355,44.18,45.009,46.318,47.36,48.462,49.972,51.16,52.281,53.276,54.57,52.15,55.146,55.546,55.607,56.175,56.517,56.857,57.398,58.084,58.642,59.301,59.802,60.499,61.01,60.403,60.252,59.782,60.377,60.731,61.409,61.331,60.733,60.369,60.634,60.391,61.062,61.486,62.112,62.755,63.124,63.575,63.65,63.967,64.409,63.967,65.653,66.103,66.5,66.531,66.889,67.066,67.194,67.616,67.718,68.169,68.325,68.816,68.959,69.096,68.825,68.623,68.918,..
Pakistan,PAK,"Life expectancy at birth, male (years)",SP.DYN.LE00.MA.IN,46.282,47.164,47.992,48.772,49.673,50.307,51.612,52.561,53.456,54.189,54.971,48.983,55.378,55.502,55.427,55.75,55.85,55.829,56.267,56.453,56.829,57.102,57.353,57.748,58.028,58.545,58.844,58.507,58.542,58.73,58.984,59.393,59.626,59.601,59.711,59.473,59.859,59.874,60.237,60.774,61.237,61.441,61.749,61.874,61.881,61.171,62.076,61.919,61.922,62.073,62.309,62.539,62.666,62.979,63.129,63.502,63.684,64.02,64.222,64.595,63.945,63.787,64.134,..
Pakistan,PAK,"Life expectancy at birth, total (years)",SP.DYN.LE00.IN,44.932,45.783,46.608,47.632,48.595,49.444,50.842,51.901,52.898,53.749,54.76,50.35,55.239,55.486,55.472,55.905,56.113,56.252,56.737,57.146,57.606,58.052,58.416,58.947,59.332,59.363,59.464,59.066,59.356,59.62,60.066,60.259,60.116,59.934,60.116,59.878,60.398,60.603,61.09,61.679,62.102,62.421,62.626,62.843,63.052,62.466,63.731,63.852,64.036,64.14,64.436,64.648,64.782,65.15,65.284,65.697,65.88,66.297,66.482,66.756,66.269,66.098,66.431,..
Palau,PLW,"Life expectancy at birth, female (years)",SP.DYN.LE00.FE.IN,..,..,..,..,..,..,..,..,..,..,..,..,..,..,..,..,..,..,..,..,..,..,..,..,..,..,..,..,..,..,74.98,..,..,..,..,76.9,..,..,..,..,74.54,..,..,..,..,72.1,..,..,..,..,..,..,..,..,..,..,..,..,..,..,..,..,..,..
Palau,PLW,"Life expectancy at birth, male (years)",SP.DYN.LE00.MA.IN,..,..,..,..,..,..,..,..,..,..,..,..,..,..,..,..,..,..,..,..,..,..,..,..,..,..,..,..,..,..,63.44,..,..,..,..,67.03,..,..,..,..,66.64,..,..,..,..,66.3,..,..,..,..,..,..,..,..,..,..,..,..,..,..,..,..,..,..
Palau,PLW,"Life expectancy at birth, total (years)",SP.DYN.LE00.IN,..,..,..,..,..,..,..,..,..,..,..,..,..,..,..,..,..,..,..,..,..,..,..,..,..,..,..,..,..,..,69.0692682926829,..,..,..,..,71.8446341463415,..,..,..,..,70.4936585365854,..,..,..,..,69.1292682926829,..,..,..,..,..,..,..,..,..,..,..,..,..,..,..,..,..,..
Panama,PAN,"Life expectancy at birth, female (years)",SP.DYN.LE00.FE.IN,62.092,62.935,63.703,64.356,64.866,65.216,65.401,65.599,65.793,66.113,66.57,67.365,68.155,68.907,69.585,70.108,70.496,70.797,71.03,71.329,71.665,72.07,72.507,72.937,73.325,73.648,73.895,74.094,74.208,73.978,74.57,74.668,74.89,75.184,75.421,75.656,75.904,76.161,76.431,76.733,77.062,77.418,77.778,78.141,78.466,78.785,79.041,79.273,79.433,79.615,79.733,79.871,79.991,80.138,80.299,80.516,80.736,80.925,81.024,80.954,80.034,79.594,80.091,..
Panama,PAN,"Life expectancy at birth, male (years)",SP.DYN.LE00.MA.IN,59.44,60.138,60.741,61.254,61.681,62.036,62.307,62.631,62.943,63.314,63.703,64.323,64.886,65.407,65.872,66.211,66.436,66.588,66.682,66.85,67.059,67.331,67.618,67.871,68.052,68.133,68.114,68.047,67.943,66.387,67.983,68.074,68.328,68.68,69.007,69.33,69.649,69.971,70.308,70.681,71.101,71.559,72.007,72.424,72.749,72.999,73.118,73.179,73.172,73.233,73.325,73.537,73.787,74.067,74.317,74.54,74.692,74.791,74.826,74.789,73.472,73.05,73.726,..
Panama,PAN,"Life expectancy at birth, total (years)",SP.DYN.LE00.IN,60.702,61.471,62.154,62.735,63.203,63.558,63.789,64.056,64.313,64.662,65.083,65.787,66.457,67.087,67.653,68.079,68.381,68.603,68.761,68.989,69.254,69.586,69.939,70.27,70.543,70.732,70.833,70.888,70.888,69.936,71.097,71.207,71.462,71.8,72.096,72.385,72.675,72.97,73.279,73.622,74.001,74.414,74.824,75.218,75.544,75.829,76.012,76.154,76.225,76.343,76.448,76.627,76.819,77.038,77.248,77.468,77.653,77.795,77.863,77.81,76.657,76.223,76.826,..
Papua New Guinea,PNG,"Life expectancy at birth, female (years)",SP.DYN.LE00.FE.IN,47.785,48.529,48.811,49.753,50.464,51.114,51.819,52.565,53.266,53.795,54.526,55.121,55.721,56.285,56.875,57.467,57.962,58.488,59.047,59.528,59.895,60.414,60.684,60.985,61.245,61.557,61.709,61.968,62.038,62.256,62.386,62.47,62.775,62.956,63.2,63.439,63.477,63.656,62.732,63.828,63.785,63.852,63.828,63.932,64.021,63.937,63.872,63.861,64.787,65.096,65.268,66.121,66.439,66.761,67.058,67.818,67.927,68.078,68.123,68.671,68.804,68.415,69.172,..
Papua New Guinea,PNG,"Life expectancy at birth, male (years)",SP.DYN.LE00.MA.IN,44.129,44.641,45.071,46.01,46.543,47.141,47.833,48.388,49.105,49.726,50.435,50.804,51.474,52.189,52.813,53.346,53.898,54.324,54.803,55.218,55.678,55.966,56.265,56.499,56.706,56.954,57.005,57.257,57.413,57.668,57.801,58.024,58.314,58.658,58.897,59.212,59.266,59.596,58.975,59.965,60.076,60.114,60.003,60.102,59.974,60.112,60.373,60.592,60.832,60.983,61.297,61.51,61.633,61.792,62.085,62.286,62.439,62.774,62.869,62.963,63.395,62.948,63.378,..
Papua New Guinea,PNG,"Life expectancy at birth, total (years)",SP.DYN.LE00.IN,45.679,46.292,46.659,47.599,48.202,48.816,49.508,50.135,50.839,51.414,52.127,52.579,53.215,53.869,54.48,55.039,55.569,56.037,56.554,57.003,57.435,57.831,58.109,58.368,58.593,58.866,58.959,59.213,59.336,59.58,59.721,59.908,60.218,60.506,60.756,61.049,61.105,61.377,60.629,61.672,61.72,61.773,61.698,61.797,61.761,61.801,61.917,62.034,62.571,62.788,63.039,63.526,63.733,63.961,64.259,64.701,64.84,65.103,65.182,65.474,65.787,65.351,65.958,..
Paraguay,PRY,"Life expectancy at birth, female (years)",SP.DYN.LE00.FE.IN,62.732,63.039,63.322,63.576,63.798,63.976,64.097,64.211,64.309,64.427,64.421,64.531,64.658,64.752,64.903,65.106,65.343,65.585,65.764,66.055,66.354,66.623,66.993,67.227,67.544,67.924,68.26,68.633,68.964,69.174,69.749,70.081,70.422,70.782,71.076,71.396,71.746,71.883,72.194,72.472,72.688,72.967,73.432,73.637,73.815,73.721,73.924,74.101,74.316,74.499,74.766,74.934,75.248,75.49,75.668,75.997,76.413,76.459,76.342,76.441,76.156,73.385,73.571,..
Paraguay,PRY,"Life expectancy at birth, male (years)",SP.DYN.LE00.MA.IN,58.146,58.5,58.818,59.113,59.391,59.684,59.903,60.12,60.352,60.593,60.958,61.09,61.23,61.395,61.588,61.815,62.1,62.337,62.544,62.887,63.192,63.473,63.828,64.05,64.431,64.751,65.096,65.436,65.722,65.819,66.207,66.347,66.468,66.603,66.706,66.779,66.842,66.951,66.974,67.029,67.063,67.106,66.97,67.276,67.46,67.61,67.899,68.334,68.659,68.962,69.202,69.505,69.829,70.179,70.253,70.548,70.826,70.986,70.946,70.961,70.398,67.434,67.645,..
Paraguay,PRY,"Life expectancy at birth, total (years)",SP.DYN.LE00.IN,60.423,60.755,61.058,61.334,61.583,61.819,61.988,62.153,62.319,62.499,62.684,62.803,62.935,63.066,63.233,63.445,63.705,63.941,64.132,64.448,64.749,65.023,65.385,65.614,65.966,66.315,66.656,67.012,67.319,67.469,67.944,68.173,68.395,68.633,68.824,69.009,69.202,69.325,69.478,69.634,69.75,69.9,70.025,70.297,70.481,70.527,70.781,71.106,71.384,71.635,71.887,72.131,72.454,72.757,72.878,73.191,73.534,73.644,73.568,73.621,73.182,70.262,70.475,..
Peru,PER,"Life expectancy at birth, female (years)",SP.DYN.LE00.FE.IN,51.646,52.238,52.401,53.325,53.837,54.336,54.851,55.418,55.996,56.568,47.507,57.625,58.296,58.719,59.199,59.701,60.13,60.55,60.986,61.411,61.815,62.208,62.573,63.002,63.596,64.245,64.978,65.766,66.556,67.34,67.972,68.197,68.926,69.361,69.81,70.253,70.752,71.211,71.673,72.309,72.93,73.423,73.916,74.361,74.737,75.015,75.209,75.296,75.509,75.673,75.93,76.298,76.683,77.083,77.432,77.743,77.953,78.1,78.293,78.497,76.816,74.746,75.495,..
Peru,PER,"Life expectancy at birth, male (years)",SP.DYN.LE00.MA.IN,49.371,49.97,50.244,51.103,51.625,52.06,52.577,53.062,53.536,53.987,46.816,54.762,55.25,55.531,55.858,56.209,56.512,56.802,57.088,57.336,57.521,57.661,57.658,57.553,57.608,58.578,59.303,60.069,60.863,61.577,62.428,62.843,63.539,64.151,64.775,65.176,65.684,66.138,66.623,67.298,68.03,68.758,69.496,70.16,70.689,71.053,71.243,71.272,71.383,71.398,71.623,72.086,72.513,72.948,73.321,73.577,73.697,73.729,73.8,73.904,70.808,70.121,71.332,..
Peru,PER,"Life expectancy at birth, total (years)",SP.DYN.LE00.IN,50.495,51.091,51.31,52.2,52.717,53.183,53.699,54.223,54.747,55.255,47.16,56.163,56.737,57.085,57.483,57.905,58.266,58.617,58.973,59.303,59.589,59.847,60.015,60.161,60.467,61.292,62.024,62.804,63.601,64.352,65.106,65.434,66.149,66.681,67.227,67.644,68.147,68.605,69.082,69.743,70.424,71.041,71.661,72.217,72.668,72.986,73.172,73.223,73.377,73.466,73.711,74.133,74.544,74.967,75.333,75.621,75.789,75.879,76.009,76.156,73.665,72.377,73.385,..
Philippines,PHL,"Life expectancy at birth, female (years)",SP.DYN.LE00.FE.IN,60.893,61.293,61.625,62.064,62.208,62.587,62.91,63.177,63.389,63.599,63.465,63.816,63.724,63.633,63.683,63.711,63.494,64.027,64.079,64.214,64.362,64.421,64.63,64.834,64.921,65.364,65.69,66.224,66.74,67.289,67.759,68.166,68.974,69.371,69.719,69.946,70.388,70.691,70.913,71.119,71.244,71.409,71.549,71.693,71.752,71.957,71.959,72.175,72.238,72.301,72.418,72.431,72.537,72.472,72.86,73.016,73.179,73.35,73.556,73.742,73.997,71.482,74.174,..
Philippines,PHL,"Life expectancy at birth, male (years)",SP.DYN.LE00.MA.IN,57.751,58.136,58.476,58.888,59.042,59.375,59.648,59.872,60.061,60.143,60.053,60.306,60.1,59.834,59.878,59.913,59.93,60.45,60.454,60.627,60.763,60.808,61.051,61.258,61.405,61.751,61.909,62.547,63.148,63.726,64.146,64.527,65.286,65.788,66.234,66.562,66.905,67.141,67.346,67.533,67.638,67.865,68.052,68.189,68.344,68.54,68.612,68.794,68.883,68.949,69.064,69.112,69.191,69.16,69.407,69.486,69.571,69.667,69.815,69.986,70.244,67.172,70.218,..
Philippines,PHL,"Life expectancy at birth, total (years)",SP.DYN.LE00.IN,59.227,59.619,59.959,60.388,60.541,60.898,61.198,61.447,61.65,61.798,61.692,61.988,61.831,61.641,61.68,61.704,61.614,62.149,62.185,62.349,62.499,62.555,62.784,62.992,63.112,63.505,63.745,64.335,64.898,65.464,65.909,66.304,67.088,67.542,67.942,68.223,68.614,68.884,69.1,69.298,69.413,69.614,69.781,69.924,70.037,70.24,70.282,70.483,70.564,70.633,70.754,70.788,70.881,70.835,71.151,71.268,71.387,71.516,71.689,71.865,72.119,69.266,72.187,..
Poland,POL,"Life expectancy at birth, female (years)",SP.DYN.LE00.FE.IN,70.6,70.8,70.5,71.5,71.6,72.4,72.9,72.6,73.6,73.1,73.3,73.3,74.2,74.3,74.6,74.3,74.6,74.5,74.5,74.9,74.4,75.2,75.2,75.2,75,74.8,75.1,75.2,75.67,75.5,75.5,75.3,75.7,76,76.1,76.4,76.6,77,77.3,77.5,78,78.4,78.8,78.9,79.2,79.4,79.6,79.7,80,80.1,80.6,81.1,81.1,81.2,81.7,81.6,82,81.8,81.7,81.9,80.7,79.6,81.3,..
Poland,POL,"Life expectancy at birth, male (years)",SP.DYN.LE00.MA.IN,64.9,64.9,64.5,65.4,65.8,66.6,66.9,66.4,67,66.5,66.6,66.1,67.3,67.2,67.8,67,66.9,66.5,66.4,66.8,66,67.1,67.2,67,66.8,66.5,66.8,66.8,67.2,66.8,66.5,66.1,66.7,67.4,67.5,67.6,68.1,68.5,68.9,68.8,69.7,70.2,70.4,70.5,70.7,70.8,70.9,71,71.3,71.5,72.1,72.5,72.6,73,73.7,73.5,73.9,73.9,73.7,74.1,72.5,71.6,73.5,..
Poland,POL,"Life expectancy at birth, total (years)",SP.DYN.LE00.IN,67.6804878048781,67.7780487804878,67.4268292682927,68.3756097560976,68.6292682926829,69.4292682926829,69.8268292682927,69.4243902439024,70.219512195122,69.719512195122,69.8682926829268,69.6121951219512,70.6658536585366,70.6634146341463,71.1170731707317,70.5609756097561,70.6560975609756,70.4024390243902,70.3512195121951,70.7512195121951,70.0975609756098,71.0512195121951,71.1024390243903,71,70.8,70.5487804878049,70.8487804878049,70.8975609756098,71.3317073170732,71.0439024390244,70.890243902439,70.5878048780488,71.090243902439,71.5951219512195,71.6951219512195,71.8926829268293,72.2463414634146,72.6463414634146,72.9975609756098,73.0439024390244,73.7487804878049,74.2,74.4975609756098,74.5975609756098,74.8463414634146,74.9951219512195,75.1439024390244,75.2439024390244,75.5439024390244,75.6951219512195,76.2463414634146,76.6951219512195,76.7463414634146,77,77.6024390243903,77.4512195121951,77.8512195121951,77.7536585365854,77.6024390243903,77.9048780487805,76.5,75.5024390243902,77.3048780487805,..
Portugal,PRT,"Life expectancy at birth, female (years)",SP.DYN.LE00.FE.IN,66.886,65.501,67.225,67.817,67.991,69.133,68.757,69.628,69.883,69.568,70.3,70.1,71.5,70.7,71.4,72.1,72.6,73.7,73.8,74.6,74.8,75.2,76,75.8,76.1,76.4,76.8,77.2,77.3,77.8,77.5,77.6,78,78.2,78.5,79,79,79.1,79.4,79.6,79.9,80.4,80.6,80.6,81,81.4,81.8,81.6,81.7,81.8,82.1,83.8,83.6,84,84.4,84.3,84.3,84.6,84.5,84.8,84.1,84.4,84.5,..
Portugal,PRT,"Life expectancy at birth, male (years)",SP.DYN.LE00.MA.IN,61.266,59.967,61.282,61.904,62.119,62.939,62.374,63.197,63.626,63.145,64,63.6,65.3,64.5,64.8,64.7,65.3,66.5,67,67.9,67.8,68.2,69,68.9,69.1,69.4,69.9,70.3,70.3,70.9,70.6,70.6,70.8,71,71.5,71.8,71.7,71.9,72.2,72.5,72.9,73.4,73.7,74,74.5,74.9,75.2,75.2,75.5,75.8,76.1,77.3,77.3,77.6,78,78.1,78.1,78.4,78.3,78.7,78,78.5,78.8,..
Portugal,PRT,"Life expectancy at birth, total (years)",SP.DYN.LE00.IN,64.0074634146342,62.666512195122,64.1810243902439,64.7883902439024,64.9833902439024,65.9604634146341,65.4876585365854,66.3340731707317,66.6781951219512,66.2781707317073,67.0731707317073,66.7707317073171,68.3243902439024,67.5243902439024,68.019512195122,68.309756097561,68.8609756097561,70.0121951219512,70.3170731707317,71.1682926829268,71.2146341463415,71.6146341463415,72.4146341463415,72.2658536585366,72.5146341463415,72.8146341463415,73.2658536585366,73.6658536585366,73.7146341463415,74.2658536585366,73.9658536585366,74.0146341463415,74.3121951219512,74.5121951219512,74.9146341463415,75.3121951219512,75.2609756097561,75.4121951219512,75.7121951219512,75.9634146341463,76.3146341463415,76.8146341463415,77.0658536585366,77.219512195122,77.6707317073171,78.0707317073171,78.419512195122,78.3219512195122,78.5243902439025,78.7268292682927,79.0268292682927,80.4707317073171,80.3731707317073,80.7219512195122,81.1219512195122,81.1243902439025,81.1243902439025,81.4243902439025,81.3243902439024,81.6756097560976,80.9756097560976,81.3780487804878,81.5804878048781,..
Puerto Rico,PRI,"Life expectancy at birth, female (years)",SP.DYN.LE00.FE.IN,71.599,72.131,72.26,72.586,72.919,73.329,73.618,73.845,73.855,74.348,74.556,74.883,75.321,75.803,75.833,75.927,76.247,76.544,76.907,77.158,77.38,77.441,77.548,77.513,77.556,77.19,77.858,78.182,78.209,78.218,78.244,78.266,78.277,78.893,78.869,78.991,79.107,79.308,79.475,79.761,80.126,80.568,80.807,80.934,81.236,81.354,81.475,81.737,81.927,81.951,82.06,82.323,82.428,82.7,82.882,83.762,84.464,83.145,84.236,83.456,82.588,84.522,83.897,..
Puerto Rico,PRI,"Life expectancy at birth, male (years)",SP.DYN.LE00.MA.IN,66.447,66.601,66.534,66.617,66.731,66.931,67.15,67.478,67.707,67.879,67.791,67.791,67.629,67.74,67.789,68.195,68.532,68.91,68.966,69.153,69.297,69.475,69.677,69.63,69.675,69.164,69.761,69.718,69.714,69.702,69.741,69.755,69.782,69.471,69.57,69.951,70.238,70.66,71.006,71.379,71.87,72.369,72.663,72.825,73.065,73.14,73.365,73.525,73.769,73.82,73.977,74.315,74.495,74.848,74.985,75.66,76.139,75.425,75.475,74.832,73.644,75.865,75.578,..
Puerto Rico,PRI,"Life expectancy at birth, total (years)",SP.DYN.LE00.IN,68.934,69.262,69.284,69.477,69.693,69.991,70.248,70.539,70.679,70.999,71.048,71.198,71.302,71.581,71.634,71.92,72.262,72.616,72.816,73.04,73.226,73.36,73.524,73.484,73.531,73.083,73.718,73.839,73.852,73.853,73.89,73.913,73.939,74.029,74.083,74.364,74.585,74.92,75.194,75.536,75.977,76.456,76.728,76.874,77.143,77.237,77.415,77.621,77.841,77.877,78.01,78.316,78.461,78.777,78.929,79.695,80.27,79.258,79.77,79.063,78.041,80.162,79.72,..
Qatar,QAT,"Life expectancy at birth, female (years)",SP.DYN.LE00.FE.IN,60.743,61.456,62.418,63.178,63.96,64.692,65.417,66.224,66.882,67.555,68.155,68.74,69.078,69.656,70.236,70.556,71.057,71.298,71.806,72.032,72.269,72.764,72.942,73.129,73.589,73.775,73.991,74.417,74.207,74.753,75.34,74.918,75.492,75.32,75.355,75.414,76.268,76.305,76.246,76.272,76.203,77.033,76.97,77.156,77.736,78.33,79.278,79.734,79.94,80.232,80.492,80.538,80.679,81.243,81.415,81.661,82.064,82.312,82.462,82.646,80.679,80.937,83.101,..
Qatar,QAT,"Life expectancy at birth, male (years)",SP.DYN.LE00.MA.IN,57.231,57.943,58.699,59.451,60.558,61.343,62.194,63.202,63.984,64.657,65.347,66.005,66.594,66.975,67.454,67.989,68.317,68.879,69.165,69.635,69.851,70.363,70.579,70.798,71.287,71.496,71.711,72.159,72.465,72.862,73.186,73.349,73.357,73.604,73.744,73.594,73.86,73.984,74.044,74.032,74.106,74.391,74.62,74.76,75.078,74.982,75.347,75.839,76.326,76.808,77.388,77.965,78.395,78.623,78.884,79.227,79.584,79.847,80.028,80.064,78.225,78.314,80.626,..
Qatar,QAT,"Life expectancy at birth, total (years)",SP.DYN.LE00.IN,58.933,59.626,60.443,61.167,62.112,62.85,63.624,64.531,65.242,65.895,66.532,67.133,67.612,68.049,68.552,69.008,69.385,69.837,70.19,70.581,70.801,71.304,71.504,71.709,72.186,72.381,72.587,73.019,73.164,73.594,73.982,73.966,74.122,74.243,74.348,74.25,74.685,74.787,74.809,74.8,74.828,75.263,75.412,75.565,75.961,76.064,76.57,77.016,77.427,77.878,78.425,78.891,79.227,79.536,79.768,80.064,80.433,80.717,80.898,80.99,79.099,79.272,81.559,..
Romania,ROU,"Life expectancy at birth, female (years)",SP.DYN.LE00.FE.IN,67.56,67.53,66.992,68.827,69.688,69.523,70.886,69.618,69.708,68.999,69.859,70.85,70.77,71.29,71.82,71.97,72.06,72.18,71.98,71.75,71.78,72.17,72.4,72.61,72.65,72.78,72.59,72.3,72.41,72.65,73.05,73.17,73.17,73.2,73.3,73.4,73.1,73,73.7,74.2,74.8,74.9,74.8,75.1,75.3,75.6,75.8,76.1,76.1,77.1,77.3,78.2,78.1,78.7,78.7,78.6,79,79,79.2,79.5,78.3,76.6,79.3,..
Romania,ROU,"Life expectancy at birth, male (years)",SP.DYN.LE00.MA.IN,64.242,64.303,63.602,65.4,66.09,65.978,67.004,65.514,65.515,64.495,65.219,66.27,66.28,66.83,67.29,67.37,67.45,67.42,67.1,66.68,66.53,66.7,66.8,66.98,66.81,66.78,66.55,66.3,66.51,66.56,66.59,66.56,66.56,66.1,65.9,65.7,65.3,65.2,66.1,67,67.7,67.6,67.4,67.7,68,68.4,68.7,69.2,69.2,69.7,69.8,70.8,70.9,71.6,71.3,71.4,71.6,71.6,71.7,71.9,70.4,69.2,71.5,..
Romania,ROU,"Life expectancy at birth, total (years)",SP.DYN.LE00.IN,65.8605365853659,65.8771463414634,65.2556585365854,67.0717073170732,67.8451219512195,67.7072682926829,68.8976585365854,67.5159512195122,67.5603658536585,66.6920731707317,67.4824146341464,68.5041463414634,68.470243902439,69.0056097560976,69.499756097561,69.6139024390244,69.6987804878049,69.7419512195122,69.4804878048781,69.1531707317073,69.0909756097561,69.3682926829268,69.5317073170732,69.7263414634147,69.6587804878049,69.7068292682927,69.4963414634146,69.2268292682927,69.3880487804878,69.5307317073171,69.7412195121951,69.7843902439024,69.7843902439024,69.5634146341464,69.509756097561,69.4560975609756,69.1048780487805,69.0048780487805,69.8073170731708,70.5121951219512,71.1634146341463,71.1609756097561,71.009756097561,71.309756097561,71.5609756097561,71.9121951219512,72.1634146341463,72.5658536585366,72.5658536585366,73.309756097561,73.4585365853659,74.409756097561,74.4121951219512,75.0634146341463,74.909756097561,74.9121951219512,75.209756097561,75.209756097561,75.3585365853659,75.6073170731707,74.2536585365854,72.809756097561,75.3048780487805,..
Russian Federation,RUS,"Life expectancy at birth, female (years)",SP.DYN.LE00.FE.IN,71.74,71.98,71.647,72.097,72.686,72.371,72.576,72.327,72.43,71.925,73.44,73.77,73.62,73.56,73.77,73.23,73.05,73.2,73.23,73.02,72.96,73.19,73.64,73.42,72.97,73.24,74.23,74.27,74.53,74.35,74.3,73.75,71.99,71.2,71.73,71.59,72.4,72.84,73.13,72.4,72.26,72.17,71.9,71.85,72.36,72.47,73.34,74.02,74.28,74.79,74.88,75.61,75.86,76.3,76.47,76.71,77.06,77.64,77.82,78.17,76.43,74.51,77.77,..
Russian Federation,RUS,"Life expectancy at birth, male (years)",SP.DYN.LE00.MA.IN,63.394,63.489,63.161,63.624,64.254,63.618,63.449,63.086,62.784,62.068,63.08,63.24,63.25,63.28,63.13,62.48,62.19,61.83,61.83,61.49,61.39,61.62,62.25,62.16,61.71,62.73,64.78,64.84,64.64,64.24,63.73,63.45,62,58.97,57.55,58.12,59.62,60.85,61.22,59.87,59.03,58.92,58.68,58.53,58.91,58.92,60.43,61.46,61.92,62.87,63.09,64.04,64.56,65.13,65.29,65.92,66.5,67.51,67.75,68.24,66.49,65.51,67.57,..
Russian Federation,RUS,"Life expectancy at birth, total (years)",SP.DYN.LE00.IN,67.4652195121951,67.6309512195122,67.300512195122,67.7571707317073,68.3671707317073,67.887756097561,67.9011951219512,67.5938048780488,67.4893658536586,66.8762926829268,68.1336585365854,68.3765853658537,68.3085365853659,68.2946341463415,68.320243902439,67.7239024390244,67.4875609756098,67.3763414634146,67.3909756097561,67.1143902439024,67.0339024390244,67.2639024390244,67.8060975609756,67.6526829268293,67.2026829268293,67.8568292682927,69.389756097561,69.44,69.4643902439024,69.1717073170732,68.8860975609756,68.4743902439024,66.8731707317073,64.9358536585366,64.4670731707317,64.6907317073171,65.8541463414634,66.6987804878049,67.029756097561,65.9821951219512,65.4836585365854,65.3834146341463,65.1287804878049,65.0275609756098,65.4709756097561,65.529756097561,66.7275609756098,67.5868292682927,67.9492682926829,68.6846341463415,68.8412195121951,69.6839024390244,70.0721951219512,70.5787804878049,70.7436585365854,71.1834146341463,71.6512195121951,72.4514634146342,72.6621951219512,73.0839024390244,71.3387804878049,69.900243902439,72.5456097560976,..
Rwanda,RWA,"Life expectancy at birth, female (years)",SP.DYN.LE00.FE.IN,47.727,48.208,48.51,45.3,48.827,48.8,48.68,48.592,48.233,47.844,47.587,47.257,46.916,46.213,45.615,44.987,45.17,45.479,46.347,47.779,49.194,50.736,52.04,52.779,53.199,53.444,53.428,53.483,52.678,51.744,50.473,48.741,46.711,44.668,15.663,41.756,42.153,42.451,43.651,45.794,48.281,50.11,51.87,54.007,56.236,58.206,59.802,61.158,62.523,63.403,64.181,65.09,65.873,66.089,66.906,67.16,67.924,68.104,68.266,68.48,68.996,68.164,69.244,..
Rwanda,RWA,"Life expectancy at birth, male (years)",SP.DYN.LE00.MA.IN,46.612,47.101,47.451,42.856,47.626,47.743,47.631,47.574,47.238,46.938,46.704,46.389,46.069,45.595,44.992,44.406,44.118,44.107,44.61,45.547,46.748,48.132,49.372,49.899,50.134,50.097,49.933,49.589,49.355,48.763,46.517,44.454,42.12,39.888,13.071,38.147,39.2,38.784,39.662,43.38,45.902,47.849,50.124,52.672,54.666,56.316,57.491,58.628,59.582,60.349,60.738,61.247,61.946,62.571,62.764,63.219,63.33,63.556,64.013,64.18,64.358,63.798,64.813,..
Rwanda,RWA,"Life expectancy at birth, total (years)",SP.DYN.LE00.IN,47.178,47.664,47.991,44.072,48.238,48.282,48.166,48.094,47.745,47.398,47.153,46.829,46.498,45.905,45.304,44.698,44.647,44.797,45.48,46.659,47.963,49.422,50.692,51.319,51.64,51.734,51.638,51.477,50.976,50.22,48.431,46.519,44.319,42.166,14.098,39.969,40.698,40.64,41.681,44.616,47.129,49.021,51.032,53.368,55.491,57.316,58.714,59.965,61.134,61.958,62.54,63.261,64.009,64.426,64.94,65.298,65.737,65.941,66.251,66.437,66.774,66.072,67.129,..
Samoa,WSM,"Life expectancy at birth, female (years)",SP.DYN.LE00.FE.IN,55.619,56.345,57.056,57.736,54.213,59.091,59.552,60.314,60.983,61.719,62.403,63.052,63.728,64.421,65.068,65.701,66.282,66.833,67.353,67.827,68.249,68.654,68.983,69.336,69.608,69.926,70.201,70.491,70.747,70.985,71.049,71.2,71.719,72.006,72.273,72.536,72.797,73.057,73.315,73.569,73.828,74.071,74.309,74.497,74.694,74.686,74.964,75.014,75.042,72.494,75.048,74.983,74.848,75.099,75.142,75.188,75.215,75.27,75.314,74.805,75.459,75.503,75.333,..
Samoa,WSM,"Life expectancy at birth, male (years)",SP.DYN.LE00.MA.IN,53.861,54.397,54.856,55.319,53.036,56.147,56.453,56.964,57.374,57.804,58.232,58.66,59.068,59.449,59.84,60.262,60.616,60.953,61.187,61.513,61.819,62.12,62.444,62.764,63.139,63.461,63.778,64.051,64.363,64.648,64.894,65.141,65.605,65.929,66.204,66.552,66.85,67.146,67.461,67.76,68.063,68.349,68.615,68.845,69.036,69.136,69.385,69.481,69.55,67.844,69.702,69.77,69.709,69.916,70.015,70.077,70.107,70.158,70.211,69.767,70.341,70.312,70.146,..
Samoa,WSM,"Life expectancy at birth, total (years)",SP.DYN.LE00.IN,54.688,55.315,55.89,56.46,53.601,57.54,57.922,58.553,59.076,59.64,60.18,60.704,61.23,61.747,62.25,62.764,63.214,63.642,63.999,64.39,64.748,65.095,65.419,65.736,66.048,66.347,66.623,66.883,67.188,67.471,67.658,67.881,68.385,68.701,68.98,69.298,69.588,69.875,70.171,70.456,70.746,71.019,71.276,71.496,71.696,71.754,72.021,72.1,72.155,70.066,72.249,72.26,72.167,72.391,72.463,72.515,72.54,72.59,72.636,72.157,72.768,72.767,72.598,..
San Marino,SMR,"Life expectancy at birth, female (years)",SP.DYN.LE00.FE.IN,..,..,..,..,..,..,..,..,..,..,..,..,..,..,..,..,..,..,..,..,..,..,..,..,..,..,..,..,..,..,..,..,..,..,..,..,..,..,..,..,..,..,..,..,..,..,..,..,..,..,..,..,..,..,..,..,..,..,..,..,..,..,..,..
San Marino,SMR,"Life expectancy at birth, male (years)",SP.DYN.LE00.MA.IN,..,..,..,..,..,..,..,..,..,..,..,..,..,..,..,..,..,..,..,..,..,..,..,..,..,..,..,..,..,..,..,..,..,..,..,..,..,..,..,..,..,..,..,..,..,..,..,..,..,..,..,..,..,..,..,..,..,..,..,..,..,..,..,..
San Marino,SMR,"Life expectancy at birth, total (years)",SP.DYN.LE00.IN,..,..,..,..,..,..,..,..,..,..,..,..,..,..,..,..,..,..,..,..,..,..,..,..,..,..,..,..,..,..,..,..,..,..,..,..,..,..,..,..,..,..,..,..,..,..,..,..,..,..,..,..,..,..,..,..,..,..,..,..,..,..,..,..
Sao Tome and Principe,STP,"Life expectancy at birth, female (years)",SP.DYN.LE00.FE.IN,44.739,46.258,48.04,47.322,48.026,50.357,53.498,55.809,56.821,57.138,58.928,59.574,59.795,60.3,60.126,60.112,60.415,60.582,61.007,61.072,61.211,61.091,61.313,61.319,61.552,61.278,58.944,62.643,63.141,62.018,63.536,63.571,63.513,63.441,63.384,63.321,63.309,63.331,63.408,63.405,63.43,63.739,64.403,65.037,65.923,66.06,66.871,66.993,67.496,67.765,67.812,67.27,68.601,69.034,69.895,70.16,70.376,71.377,71.445,71.62,70.878,70.419,71.938,..
Sao Tome and Principe,STP,"Life expectancy at birth, male (years)",SP.DYN.LE00.MA.IN,41.648,42.835,44.141,45.026,46.355,47.847,49.886,52.496,53.202,53.229,54.341,54.397,55.127,55.781,56.1,56.516,56.831,57.156,57.71,58.385,58.309,57.94,57.867,57.625,57.521,58.385,56.163,59.443,59.597,58.383,59.506,59.392,59.168,58.954,58.876,58.904,58.991,59.127,59.069,59.46,59.931,60.362,60.838,61.34,61.62,61.463,62.051,62.557,62.79,62.645,62.86,62.699,63.146,63.864,64.119,64.649,64.93,65.532,65.653,65.831,65.16,65.161,66.054,..
Sao Tome and Principe,STP,"Life expectancy at birth, total (years)",SP.DYN.LE00.IN,43.04,44.359,45.861,46.094,47.161,49.022,51.56,54.066,54.916,55.08,56.516,56.841,57.349,57.941,58.042,58.263,58.576,58.83,59.325,59.714,59.739,59.487,59.558,59.432,59.487,59.811,57.527,61.017,61.334,60.158,61.471,61.429,61.284,61.138,61.069,61.056,61.097,61.181,61.187,61.393,61.655,62.032,62.6,63.166,63.731,63.709,64.398,64.724,65.079,65.116,65.249,64.902,65.746,66.328,66.845,67.249,67.492,68.267,68.355,68.523,67.785,67.591,68.794,..
Saudi Arabia,SAU,"Life expectancy at birth, female (years)",SP.DYN.LE00.FE.IN,47.506,48.034,48.698,49.204,49.764,50.309,50.997,51.723,52.578,53.432,54.304,55.361,56.393,57.555,58.601,59.593,60.557,61.436,62.553,63.326,64.367,65.133,65.839,66.611,67.299,67.968,68.577,69.187,69.778,70.383,70.712,71.301,71.876,72.171,72.686,72.806,73.225,73.407,73.577,74.082,74.394,74.62,74.94,75.22,75.953,76.211,76.425,76.61,76.84,76.932,77.572,77.833,78.084,78.254,78.393,78.555,78.716,78.796,78.911,78.909,77.992,78.771,79.525,..
Saudi Arabia,SAU,"Life expectancy at birth, male (years)",SP.DYN.LE00.MA.IN,44.483,45.04,45.615,46.13,46.655,47.368,47.827,48.527,49.4,50.347,51.275,52.342,53.362,54.497,55.627,56.738,57.608,58.685,59.483,60.364,61.346,62.145,63.082,63.831,64.448,65.085,65.683,66.1,66.679,67.166,67.724,68.065,68.639,69.082,69.419,69.825,69.992,70.207,70.719,70.811,71.128,71.774,72.128,72.388,72.728,73.269,73.526,73.829,74.095,74.334,74.519,75.124,75.33,75.487,75.611,75.766,75.861,75.917,75.921,76.07,74.966,75.59,76.666,..
Saudi Arabia,SAU,"Life expectancy at birth, total (years)",SP.DYN.LE00.IN,45.94,46.484,47.1,47.609,48.148,48.782,49.343,50.053,50.915,51.816,52.715,53.773,54.792,55.932,57.017,58.068,58.966,59.947,60.872,61.697,62.698,63.472,64.304,65.053,65.689,66.33,66.921,67.4,67.972,68.491,68.948,69.366,69.925,70.303,70.705,71.011,71.273,71.483,71.879,72.136,72.467,72.974,73.337,73.628,74.153,74.588,74.81,75.046,75.274,75.431,75.763,76.234,76.461,76.626,76.757,76.918,77.064,77.16,77.212,77.304,76.239,76.936,77.905,..
Senegal,SEN,"Life expectancy at birth, female (years)",SP.DYN.LE00.FE.IN,39.973,40.022,39.899,40.047,40.078,39.948,40.162,40.252,40.416,40.587,41.081,41.534,42.088,42.924,43.682,44.67,45.798,47.008,48.221,49.347,50.438,51.256,52.009,52.726,53.749,54.576,55.873,56.793,57.937,58.696,59.256,59.321,59.221,59.013,58.772,58.554,58.266,58.21,57.922,57.846,58.097,58.73,59.251,60.338,61.136,62.072,62.979,63.87,64.647,65.524,66.334,67.174,67.456,68.236,68.411,69.085,69.787,70.066,70.258,70.954,70.271,69.284,70.2,..
Senegal,SEN,"Life expectancy at birth, male (years)",SP.DYN.LE00.MA.IN,39.763,39.791,39.793,39.696,39.672,39.708,39.741,39.895,40.102,40.313,40.558,40.897,41.413,42.188,42.748,43.543,44.423,45.333,46.221,47.102,47.913,48.513,49.187,49.655,50.366,51.027,52.076,52.936,53.716,54.291,54.75,55.045,55.079,55.041,55.176,55.148,55.089,54.979,54.908,55.348,55.758,56.36,57.165,57.857,58.86,59.694,60.451,61.14,61.755,62.236,62.805,63.255,63.357,63.803,64.367,64.549,65.073,65.295,65.78,65.947,65.587,64.752,65.473,..
Senegal,SEN,"Life expectancy at birth, total (years)",SP.DYN.LE00.IN,39.878,39.917,39.856,39.882,39.885,39.838,39.961,40.083,40.268,40.459,40.825,41.219,41.753,42.557,43.211,44.099,45.098,46.152,47.197,48.196,49.142,49.85,50.564,51.153,52.015,52.758,53.928,54.819,55.774,56.438,56.948,57.139,57.112,56.996,56.955,56.839,56.672,56.591,56.418,56.609,56.943,57.564,58.231,59.122,60.027,60.915,61.75,62.543,63.242,63.923,64.615,65.262,65.457,66.072,66.452,66.879,67.497,67.75,68.097,68.526,68.006,67.093,67.913,..
Serbia,SRB,"Life expectancy at birth, female (years)",SP.DYN.LE00.FE.IN,65.341,65.552,66.187,66.578,66.639,67.019,67.856,67.623,68.014,68.115,68.617,69.094,69.847,70.073,70.686,70.881,71.11,71.53,71.54,71.543,71.809,71.824,71.806,71.397,71.514,71.981,72.075,72.265,72.678,72.951,73.475,73.885,74.101,74.197,74.457,74.861,74.646,74.719,74.388,72.973,74.4,75,75,75.1,75.5,75.6,76.1,76.5,76.6,76.7,77,77.2,77.5,77.9,78,77.9,78.3,78.1,78.4,78.6,77.5,75.7,78.12,..
Serbia,SRB,"Life expectancy at birth, male (years)",SP.DYN.LE00.MA.IN,62.594,62.634,62.852,63.287,63.022,63.261,63.812,63.318,63.364,63.285,63.694,64.087,64.512,65.103,65.453,65.612,65.927,66.096,65.944,65.795,65.916,65.774,65.68,65.321,65.392,65.733,65.884,66.073,66.504,66.742,67.138,67.506,67.658,67.888,68.197,68.669,68.475,68.599,68.139,66.613,68.9,69.6,69.7,69.9,70,70.2,70.8,70.9,71.3,71.4,71.8,72,72.3,72.6,72.8,72.8,73.2,73.1,73.5,73.4,71.6,70,72.97,..
Serbia,SRB,"Life expectancy at birth, total (years)",SP.DYN.LE00.IN,63.934,64.0574146341464,64.4788292682927,64.8923658536585,64.7863902439024,65.0941707317073,65.7846829268293,65.418,65.6322926829268,65.6410975609756,66.0954634146342,66.5294390243903,67.1144390243903,67.5273902439024,68.0056829268293,68.182243902439,68.4552926829268,68.7467317073171,68.673756097561,68.5989024390244,68.7906341463415,68.7252195121951,68.6682926829268,68.2849024390244,68.3783414634146,68.7808048780488,68.904,69.0934878048781,69.5157073170732,69.7707804878049,70.2292195121951,70.6177073170732,70.8009268292683,70.9655609756098,71.2506585365854,71.6894878048781,71.485243902439,71.5843658536585,71.1872926829268,69.7154390243902,71.5829268292683,72.2341463414634,72.2853658536585,72.4365853658537,72.6829268292683,72.8341463414634,73.3853658536585,73.6317073170732,73.8853658536585,73.9853658536585,74.3365853658537,74.5365853658537,74.8365853658537,75.1853658536585,75.3365853658537,75.2878048780488,75.6878048780488,75.5390243902439,75.890243902439,75.9365853658537,74.4780487804878,72.780487804878,75.4821951219512,..
Seychelles,SYC,"Life expectancy at birth, female (years)",SP.DYN.LE00.FE.IN,..,..,..,..,..,..,..,..,..,..,..,..,..,..,..,..,..,..,..,..,73.9,72.8,74.6,75.3,73.6,76.1,72.6,73,72.8,73.4,74.1,76.5,76.9,75,75.8,79.5,77.4,77,76.1,78.2,77.9,79.4,75.8,76.1,76.4,77.1,75.7,77.6,78.9,78,77.5,78,79.5,76.5,78.3,78.7,80.2,78.5,77.4,78.4,82,75.6,76,..
Seychelles,SYC,"Life expectancy at birth, male (years)",SP.DYN.LE00.MA.IN,..,..,..,..,..,..,..,..,..,..,..,..,..,..,..,..,..,..,..,..,65.5,67.7,64.3,65.7,65.7,63.6,64.9,63.7,64.8,62.8,62.4,65.2,65.8,64.2,65.9,65.8,66,65.7,67.6,67.4,67.9,67.4,66.6,66.2,69.1,67.4,68.9,68.9,67.7,68.4,69.1,67.7,69.3,69.9,68.4,70.1,68.7,70.3,68.5,69.9,72.7,71.3,71.8,..
Seychelles,SYC,"Life expectancy at birth, total (years)",SP.DYN.LE00.IN,..,..,..,..,..,..,..,..,..,..,..,..,..,..,..,..,..,..,..,..,69.5975609756098,70.1878048780488,69.3243902439024,70.3829268292683,69.5536585365854,69.6975609756098,68.6560975609756,68.2365853658537,68.7024390243902,67.9707317073171,68.1073170731707,70.7121951219512,71.2146341463415,69.4682926829268,70.7292682926829,72.4829268292683,71.5609756097561,71.2121951219512,71.7463414634146,72.6682926829268,72.7780487804878,73.2536585365854,71.0878048780488,71.0292682926829,72.6609756097561,72.1317073170732,72.2170731707317,73.1439024390244,73.1634146341463,73.0829268292683,73.1975609756098,72.7243902439024,74.2756097560976,73.119512195122,73.2292682926829,74.2951219512195,74.309756097561,74.3,72.8414634146341,74.0463414634146,77.2365853658537,73.3975609756097,73.8487804878049,..
Sierra Leone,SLE,"Life expectancy at birth, female (years)",SP.DYN.LE00.FE.IN,35.242,35.762,36.236,36.748,37.294,37.807,38.299,38.831,39.215,39.669,40.116,40.6,41.103,41.527,42.022,42.515,43.007,43.458,43.902,44.285,44.535,44.775,44.968,45.17,45.215,45.179,45.029,45.2,45.186,45.096,45.105,44.715,44.896,44.833,44.276,44.282,44.776,44.857,44.685,45.379,45.98,46.602,47.127,47.71,48.235,48.848,49.865,51.037,52.251,53.363,54.49,55.441,56.321,57.26,57.337,58.202,59.556,59.794,61.168,61.554,61.116,61.354,61.693,..
Sierra Leone,SLE,"Life expectancy at birth, male (years)",SP.DYN.LE00.MA.IN,32.682,33.068,33.52,33.949,34.457,34.929,35.445,36.042,36.48,36.835,37.467,37.937,38.429,38.904,39.358,39.829,40.256,40.665,41.025,41.463,41.728,41.957,42.178,42.432,42.616,42.595,42.552,42.885,42.901,42.935,42.996,42.297,42.352,42.358,41.588,41.187,42.577,42.569,40.975,39.117,44.097,44.695,45.557,46.181,46.881,47.587,48.739,49.656,50.765,51.852,52.863,53.766,54.55,55.338,55.422,56.151,57.235,57.491,58.419,58.941,58.404,58.758,59.115,..
Sierra Leone,SLE,"Life expectancy at birth, total (years)",SP.DYN.LE00.IN,33.961,34.412,34.875,35.344,35.87,36.363,36.868,37.434,37.846,38.249,38.793,39.269,39.767,40.217,40.691,41.173,41.631,42.06,42.46,42.873,43.13,43.364,43.571,43.8,43.916,43.888,43.792,44.047,44.047,44.021,44.057,43.506,43.621,43.594,42.925,42.716,43.68,43.715,42.789,42.071,45.05,45.661,46.359,46.963,47.577,48.237,49.323,50.365,51.526,52.626,53.693,54.62,55.451,56.313,56.393,57.189,58.404,58.652,59.796,60.255,59.763,60.062,60.411,..
Singapore,SGP,"Life expectancy at birth, female (years)",SP.DYN.LE00.FE.IN,67.333,68.145,69.005,69.73,70.145,70.662,70.842,71.277,71.427,71.888,72.079,72.492,72.632,72.919,73.442,73.999,74.438,74.495,74.56,74.549,74.7,75.2,75.3,75.7,75.8,76.4,76.5,76.7,76.9,77.2,77.6,77.9,78.2,78.3,78.4,78.6,78.9,79.1,79.4,79.6,80,80.3,80.6,81.6,82,82.5,82.6,82.9,83.3,83.7,84,84.1,84.3,84.5,84.8,85.1,85.1,85.4,85.5,85.9,85.9,85.5,85.2,..
Singapore,SGP,"Life expectancy at birth, male (years)",SP.DYN.LE00.MA.IN,62.182,63.016,63.696,63.843,64.15,64.513,64.897,65.112,65.299,65.637,65.898,66.042,66.218,66.712,67.115,67.721,68.048,68.396,68.677,68.868,69.8,70.1,70.2,70.5,70.9,71.5,72.1,72.5,72.6,72.8,73.1,73.5,73.8,73.9,74.1,74.1,74.4,74.8,75.3,75.6,76,76.3,76.6,76.6,77.1,77.6,77.8,78.1,78.4,78.9,79.2,79.5,79.8,80.1,80.3,80.5,80.7,80.9,81.2,81.4,81.3,80.8,80.7,..
Singapore,SGP,"Life expectancy at birth, total (years)",SP.DYN.LE00.IN,64.6946829268293,65.5179512195122,66.285756097561,66.7147073170732,67.0743902439024,67.512512195122,67.797,68.1193170731707,68.2882682926829,68.6862682926829,68.9131219512195,69.1883414634146,69.3467804878049,69.7398048780488,70.2013414634146,70.7834390243902,71.1650731707317,71.3711219512195,71.546756097561,71.6392195121951,72.190243902439,72.5878048780488,72.6878048780488,73.0365853658537,73.290243902439,73.890243902439,74.2463414634146,74.5487804878049,74.6975609756098,74.9463414634146,75.2951219512195,75.6463414634146,75.9463414634146,76.0463414634146,76.1975609756098,76.2951219512195,76.5951219512195,76.8975609756097,77.3,77.5512195121951,77.9512195121951,78.2512195121951,78.5512195121951,79.0390243902439,79.490243902439,79.990243902439,80.1414634146341,80.4414634146342,80.790243902439,81.2414634146342,81.5414634146342,81.7439024390244,81.9951219512195,82.2463414634147,82.4951219512195,82.7439024390244,82.8463414634146,83.0951219512195,83.2975609756098,83.5951219512195,83.5439024390244,83.0926829268293,82.8951219512195,..
Sint Maarten (Dutch part),SXM,"Life expectancy at birth, female (years)",SP.DYN.LE00.FE.IN,67.745,67.168,67.415,69.508,69.398,67.768,69.863,71.168,71.185,72.353,73.058,72.096,73.057,73.469,73.741,73.957,73.938,73.434,73.126,73.287,72.998,73.492,74.539,74.559,74.305,74.234,74.408,74.255,74.606,74.233,74.465,74.331,74.804,74.614,74.662,74.719,75.135,76.027,75.743,77.269,76.773,76.773,77.085,76.388,76.478,77.727,78.105,77.835,78.141,78.065,77.989,77.115,77.052,78.188,80.514,80.616,79.584,78.17,78.129,78.797,77.883,76.696,77.141,..
Sint Maarten (Dutch part),SXM,"Life expectancy at birth, male (years)",SP.DYN.LE00.MA.IN,64.507,64.101,66.032,67.466,67.677,64.941,66.706,66.971,66.404,67.942,70.665,70.689,70.326,70.638,70.799,71.12,71.393,71.019,70.71,69.747,68.785,68.904,70.26,70.554,70.487,70.309,70.018,70.168,71.131,70.744,70.258,69.702,70.351,70.123,70.166,70.243,70.722,71.629,71.344,72.915,72.372,72.372,72.715,71.992,72.086,73.422,73.806,73.103,73.453,72.971,72.476,72.385,72.293,72.319,73.846,74.044,74.044,72.336,72.486,72.541,71.789,71.538,71.958,..
Sint Maarten (Dutch part),SXM,"Life expectancy at birth, total (years)",SP.DYN.LE00.IN,66.246,65.73,66.807,68.566,68.604,66.403,68.325,69.091,68.795,70.158,71.907,71.437,71.736,72.096,72.309,72.579,72.709,72.269,71.961,71.551,70.918,71.228,72.432,72.585,72.418,72.282,72.202,72.201,72.871,72.481,72.324,71.954,72.509,72.293,72.338,72.406,72.858,73.76,73.48,75.034,74.514,74.522,74.858,74.148,74.24,75.542,75.926,75.417,75.742,75.441,75.132,74.684,74.608,74.917,76.773,76.954,76.598,75.03,75.131,75.437,74.584,73.972,74.409,..
Slovak Republic,SVK,"Life expectancy at birth, female (years)",SP.DYN.LE00.FE.IN,72.526,73.017,72.652,73.199,73.482,72.786,73.173,73.757,73.45,73.055,72.922,73.262,73.838,73.407,73.699,73.936,74.088,74.282,74.125,74.557,74.25,74.65,74.72,74.51,74.91,74.74,74.75,75.13,75.5,75.38,75.44,75.17,76.2,76.7,76.5,76.3,76.7,76.7,76.7,77,77.2,77.5,77.6,77.6,77.8,77.9,78.2,78.1,78.7,78.7,78.8,79.8,79.9,80.1,80.5,80.2,80.7,80.7,80.8,81.2,80.4,78.2,80.6,..
Slovak Republic,SVK,"Life expectancy at birth, male (years)",SP.DYN.LE00.MA.IN,68.121,68.54,68.002,68.19,68.675,67.806,67.715,68.229,67.567,66.691,66.656,66.625,66.927,66.797,66.825,66.847,67.011,66.748,66.904,67.114,66.75,66.8,66.85,66.64,66.79,66.92,67.47,67.24,67.12,66.88,66.64,66.8,67.6,68.4,68.3,68.4,68.8,68.9,68.6,69,69.1,69.5,69.8,69.8,70.3,70.1,70.4,70.5,70.9,71.3,71.6,72.3,72.5,72.9,73.3,73.1,73.8,73.8,73.9,74.3,73.5,71.2,73.7,..
Slovak Republic,SVK,"Life expectancy at birth, total (years)",SP.DYN.LE00.IN,70.2697804878049,70.7239024390244,70.2702926829268,70.6334146341463,71.0198780487805,70.2352682926829,70.3774390243903,70.9255853658537,70.436756097561,69.7953902439024,69.7125853658537,69.8625609756098,70.2982195121951,70.0213902439024,70.1781707317073,70.3050487804878,70.4631951219512,70.4231219512195,70.4264390243902,70.7447317073171,70.4085365853659,70.6292682926829,70.6890243902439,70.4790243902439,70.7509756097561,70.7346341463415,71.0212195121951,71.0887804878049,71.2078048780488,71.0263414634146,70.9326829268293,70.8829268292683,71.7951219512195,72.4487804878049,72.3,72.2536585365854,72.6536585365854,72.7048780487805,72.5512195121951,72.9024390243902,73.0512195121951,73.4024390243903,73.6048780487805,73.6048780487805,73.9585365853659,73.9048780487805,74.2048780487805,74.2073170731707,74.7048780487805,74.909756097561,75.1121951219512,75.9585365853659,76.109756097561,76.4121951219512,76.8121951219512,76.5634146341463,77.1658536585366,77.1658536585366,77.2658536585366,77.6658536585366,76.8658536585366,74.6146341463415,77.0658536585366,..
Slovenia,SVN,"Life expectancy at birth, female (years)",SP.DYN.LE00.FE.IN,72,72,72,71.9,72.3,71.9,72.7,72.9,72.4,72.1,72.4,72.65,72.9,73.4,73.9,74.2,74.2,74.5,74.8,74.9,75.1,75.2,75.1,75.1,75,75.5,75.9,76.1,76.8,76.7,77.2,77.4,77.3,77.3,77.4,77.8,78.3,78.6,78.7,78.8,79.1,79.6,79.9,80.7,81.1,81.3,81.8,82.3,82.3,82.3,82.7,83.3,83.3,83.6,84.1,83.9,84.3,84,84.4,84.5,83.4,83.8,84.1,..
Slovenia,SVN,"Life expectancy at birth, male (years)",SP.DYN.LE00.MA.IN,66.1,66.1,66.1,65.5,65.2,65,65.5,66,65.6,64.8,65,65.2,65.4,65.6,66.6,66.7,66.6,66.8,66.8,67,67.3,67.4,67.2,66.2,67,67.4,67.9,68.1,68.3,68.9,69.4,69.5,69.5,69.4,69.6,70.3,70.8,71,71.1,71.4,71.9,72.1,72.3,73.2,73.5,74.1,74.55,75,75.4,75.8,76.3,76.8,77.1,77.2,78.2,77.8,78.2,78.2,78.5,78.7,77.8,77.7,78.6,..
Slovenia,SVN,"Life expectancy at birth, total (years)",SP.DYN.LE00.IN,68.9780487804878,68.9780487804878,68.9780487804878,68.6219512195122,68.6634146341463,68.3658536585366,69.0121951219512,69.3658536585366,68.9170731707317,68.3609756097561,68.609756097561,68.8341463414634,69.0585365853659,69.4048780487805,70.1609756097561,70.3585365853659,70.3073170731707,70.5560975609756,70.7024390243902,70.8536585365854,71.1048780487805,71.2048780487805,71.0536585365854,70.5414634146342,70.9024390243903,71.3512195121951,71.8024390243903,72.0024390243902,72.4463414634146,72.7048780487805,73.2048780487805,73.3536585365854,73.3048780487805,73.2536585365854,73.4048780487805,73.9585365853659,74.4585365853658,74.7073170731707,74.8073170731708,75.009756097561,75.4121951219512,75.7585365853659,76.0073170731707,76.8585365853659,77.2073170731707,77.6121951219512,78.0865853658537,78.5609756097561,78.7658536585366,78.9707317073171,79.4219512195122,79.9707317073171,80.1243902439024,80.3219512195122,81.0780487804878,80.7756097560976,81.1756097560976,81.0292682926829,81.3780487804878,81.5292682926829,80.5317073170732,80.6756097560976,81.2829268292683,..
Solomon Islands,SLB,"Life expectancy at birth, female (years)",SP.DYN.LE00.FE.IN,49.658,50.236,50.989,51.772,52.56,53.304,54.105,54.838,55.923,56.923,57.925,58.944,59.883,60.84,61.794,60.304,63.572,63.721,64.966,65.585,66.052,66.497,66.886,67.173,67.417,67.735,66.93,68.148,68.302,68.455,68.606,68.703,68.829,68.944,69.118,69.246,69.365,69.478,69.583,69.685,69.774,69.856,69.919,69.991,70.073,70.148,70.237,70.005,70.422,70.424,70.637,70.775,70.899,70.934,70.94,71.237,71.427,71.577,71.737,71.9,71.802,71.959,72.358,..
Solomon Islands,SLB,"Life expectancy at birth, male (years)",SP.DYN.LE00.MA.IN,46.356,47.129,47.995,48.797,49.626,50.462,51.265,52.024,53.014,53.879,54.723,55.555,56.301,56.995,57.63,56.511,58.752,58.828,59.718,60.086,60.443,60.738,61.047,61.268,61.489,61.761,61.415,62.248,62.472,62.707,62.933,63.166,63.385,63.62,63.882,64.116,64.384,64.563,64.793,64.974,65.183,65.354,65.56,65.724,65.927,66.1,66.296,66.286,66.696,66.799,67.101,67.301,67.514,67.668,67.741,68.131,68.367,68.582,68.786,69.032,68.791,68.931,69.294,..
Solomon Islands,SLB,"Life expectancy at birth, total (years)",SP.DYN.LE00.IN,47.741,48.434,49.254,50.049,50.859,51.659,52.461,53.208,54.239,55.163,56.072,56.978,57.797,58.594,59.356,58.078,60.749,60.864,61.911,62.388,62.8,63.161,63.509,63.762,63.998,64.29,63.76,64.764,64.973,65.186,65.392,65.579,65.767,65.958,66.188,66.381,66.59,66.742,66.92,67.069,67.225,67.364,67.515,67.644,67.801,67.936,68.09,67.986,68.404,68.466,68.732,68.908,69.084,69.188,69.234,69.583,69.801,69.988,70.173,70.382,70.199,70.348,70.742,..
Somalia,SOM,"Life expectancy at birth, female (years)",SP.DYN.LE00.FE.IN,44.858,44.972,45.298,45.523,45.724,45.969,46.186,46.397,46.601,46.799,46.987,47.178,47.372,47.563,45.206,45.574,45.963,48.348,48.527,48.731,48.914,49.089,49.257,49.591,49.881,49.679,49.765,50.32,48.542,50.693,51.088,28.415,28.569,52.117,51.784,52.131,51.97,51.623,52.09,51.976,52.066,52.16,52.147,52.106,52.071,52.173,52.212,52.196,52.835,53.446,52.538,53.038,55.139,55.775,56.362,56.93,57.293,57.809,58.545,59.092,58.051,57.414,58.233,..
Somalia,SOM,"Life expectancy at birth, male (years)",SP.DYN.LE00.MA.IN,42.071,42.18,42.483,42.704,42.905,43.148,43.364,43.575,43.778,43.975,44.164,44.353,44.547,44.738,42.471,42.832,43.216,45.529,45.43,45.92,46.105,46.283,46.443,46.782,47.078,46.922,47.014,47.525,39.87,43.209,43.572,24.904,26.114,49.196,48.885,49.092,48.946,48.779,49.247,49.093,49.272,49.339,49.334,49.147,49.034,49.176,49.022,48.88,49.456,50.298,48.669,49.625,51.248,51.97,52.267,52.855,52.887,53.577,54.283,55.122,53.967,53.246,54.072,..
Somalia,SOM,"Life expectancy at birth, total (years)",SP.DYN.LE00.IN,43.452,43.563,43.877,44.1,44.3,44.544,44.76,44.97,45.173,45.37,45.557,45.747,45.94,46.131,43.818,44.182,44.568,46.918,46.95,47.305,47.489,47.666,47.83,48.166,48.459,48.281,48.37,48.903,43.835,46.717,47.105,26.565,27.312,50.648,50.327,50.6,50.447,50.195,50.66,50.525,50.66,50.74,50.731,50.614,50.538,50.661,50.597,50.515,51.12,51.853,50.563,51.304,53.161,53.843,54.277,54.857,55.044,55.654,56.375,57.078,55.967,55.28,56.107,..
South Africa,ZAF,"Life expectancy at birth, female (years)",SP.DYN.LE00.FE.IN,54.751,55.254,55.595,55.905,56.217,56.555,56.864,57.22,57.506,57.888,58.317,58.767,59.175,59.669,60.163,60.652,61.21,61.794,62.366,62.814,63.224,63.832,64.296,64.773,65.014,65.405,65.942,65.968,66.475,66.356,66.712,66.945,67.067,66.832,66.189,65.749,64.721,63.828,62.883,62.008,61.049,59.47,57.668,56.232,55.721,55.431,55.892,56.852,58.111,59.722,61.266,63.111,64.449,65.267,66.259,66.781,67.794,68.43,68.74,69.107,67.964,64.999,64.181,..
South Africa,ZAF,"Life expectancy at birth, male (years)",SP.DYN.LE00.MA.IN,50.877,51.206,51.45,51.656,51.889,52.123,52.223,52.35,52.557,52.811,53.146,53.449,53.701,54.119,54.443,54.77,55.215,55.623,56.055,56.457,56.891,57.413,58.006,58.516,59.023,59.451,59.796,60.011,60.115,60.143,59.93,59.506,59.534,59.103,58.777,58.441,57.762,57.276,56.624,55.991,55.397,54.565,53.191,51.97,51.891,52.064,52.209,52.691,53.488,54.728,56.067,57.731,58.775,59.352,60.062,60.709,61.307,61.954,62.203,62.834,62.178,59.458,58.597,..
South Africa,ZAF,"Life expectancy at birth, total (years)",SP.DYN.LE00.IN,52.669,53.085,53.376,53.633,53.906,54.192,54.391,54.626,54.876,55.194,55.579,55.955,56.272,56.722,57.117,57.512,58.006,58.492,58.979,59.395,59.813,60.364,60.933,61.465,61.907,62.38,62.912,63.041,63.345,63.31,63.375,63.265,63.341,63.045,62.612,62.262,61.459,60.805,60.001,59.241,58.47,57.261,55.666,54.331,54.043,53.98,54.278,54.992,56.022,57.447,58.899,60.651,61.846,62.533,63.38,63.95,64.747,65.402,65.674,66.175,65.252,62.341,61.48,..
South Sudan,SSD,"Life expectancy at birth, female (years)",SP.DYN.LE00.FE.IN,31.359,31.445,31.656,32.53,35.688,32.745,30.192,30.425,30.582,30.057,30.269,34.156,34.385,37.269,37.055,37.302,37.287,37.852,38.313,38.567,39.157,39.581,40.051,37.059,34.592,35.123,35.579,24.466,12.721,32.058,32.376,32.654,25.451,25.459,45.825,33.587,33.882,34.825,20.276,44.887,47.422,48.237,48.791,51.229,51.819,52.406,52.82,53.836,54.523,54.997,55.831,56.296,57.132,57.102,57.075,57.176,57.233,57.138,57.35,57.29,56.998,56.472,57.047,..
South Sudan,SSD,"Life expectancy at birth, male (years)",SP.DYN.LE00.MA.IN,26.319,26.552,26.868,25.788,30.838,26.366,22.851,23.172,23.514,22.83,23.156,29.098,29.491,35.627,35.922,36.139,36.35,36.754,36.935,37.221,37.625,37.931,38.123,33.925,30.82,31.253,31.747,19.747,12.037,27.473,27.671,27.826,20.403,20.353,42.84,28.488,28.872,29.803,16.723,41.481,44.538,45.434,46.111,49.181,49.925,50.602,51.135,51.802,52.483,52.724,53.733,53.54,54.556,54.366,52.889,53.927,53.829,53.455,54.487,54.471,53.906,53.429,54.036,..
South Sudan,SSD,"Life expectancy at birth, total (years)",SP.DYN.LE00.IN,28.662,28.84,29.119,28.826,33.149,29.288,26.084,26.406,26.708,26.086,26.399,31.582,31.907,36.479,36.514,36.746,36.84,37.325,37.649,37.919,38.417,38.783,39.113,35.491,32.673,33.154,33.632,21.912,12.407,29.68,29.935,30.148,22.724,22.704,44.384,30.948,31.297,32.242,18.385,43.223,46.028,46.881,47.492,50.253,50.917,51.545,52.016,52.856,53.538,53.891,54.812,54.94,55.865,55.751,54.973,55.566,55.544,55.309,55.95,55.912,55.48,54.975,55.567,..
Spain,ESP,"Life expectancy at birth, female (years)",SP.DYN.LE00.FE.IN,71.66,71.98,72.08,72.36,73.14,73.57,73.78,74.07,74.36,73.89,74.87,74.56,75.63,75.52,75.92,76.31,76.68,77.2,77.42,78.02,78.53,78.74,79.32,79.1,79.64,79.64,79.85,80.17,80.23,80.44,80.51,80.7,81.19,81.26,81.62,81.73,81.88,82.21,82.2,82.2,82.5,82.8,83,83,83.2,83.5,84.1,84.1,84.3,84.6,84.7,85.6,85.5,86.1,86.2,85.7,86.3,86.1,86.3,86.7,85.2,86.2,85.9,..
Spain,ESP,"Life expectancy at birth, male (years)",SP.DYN.LE00.MA.IN,66.68,67.1,67.08,67.13,67.79,68.18,68.46,68.57,68.85,68.36,69.32,68.84,70.14,69.84,70.16,70.47,70.75,71.21,71.32,71.77,72.32,72.47,73.1,72.87,73.11,73.04,73.33,73.45,73.43,73.36,73.34,73.42,73.81,74.01,74.36,74.41,74.54,75.17,75.3,75.4,75.6,76.1,76.3,76.4,76.7,77,77.7,77.8,78.2,78.5,78.7,79.5,79.5,80.2,80.4,80.1,80.5,80.6,80.7,81.1,79.6,80.4,80.4,..
Spain,ESP,"Life expectancy at birth, total (years)",SP.DYN.LE00.IN,69.1092682926829,69.4804878048781,69.5190243902439,69.6812195121951,70.399756097561,70.8092682926829,71.0551219512195,71.2529268292683,71.5378048780488,71.0575609756098,72.0273170731707,71.630243902439,72.8180487804878,72.6107317073171,72.969756097561,73.3187804878049,73.6426829268293,74.1319512195122,74.2956097560976,74.8187804878049,75.3492682926829,75.5285365853659,76.1341463414634,75.9090243902439,76.2953658536586,76.259512195122,76.5104878048781,76.7280487804878,76.7470731707317,76.8136585365854,76.8375609756098,76.9712195121951,77.41,77.5465853658537,77.9014634146342,77.9807317073171,78.1204878048781,78.6041463414634,78.6658536585366,78.7170731707317,78.9658536585366,79.3682926829268,79.5682926829268,79.619512195122,79.8707317073171,80.1707317073171,80.8219512195122,80.8731707317073,81.1756097560976,81.4756097560976,81.6268292682927,82.4756097560976,82.4268292682927,83.0780487804878,83.2292682926829,82.8317073170732,83.3292682926829,83.2829268292683,83.4317073170732,83.8317073170732,82.3317073170732,83.2292682926829,83.0829268292683,..
Sri Lanka,LKA,"Life expectancy at birth, female (years)",SP.DYN.LE00.FE.IN,62.751,63.47,63.819,64.213,64.46,65.161,65.666,66.439,66.701,67.081,68.015,68.467,68.366,68.493,68.568,68.847,69.111,69.147,70.111,71.231,71.868,72.525,73.001,73.525,74.397,74.868,75.517,76.05,76.486,75.537,77.081,77.205,77.51,77.708,77.66,77.578,77.451,77.491,77.41,77.6,75.11,75.608,75.835,76.033,70.576,76.667,77.11,77.259,77.5,74.839,77.596,77.801,78.147,78.619,78.813,78.971,79.355,79.317,79.493,79.743,80.111,79.502,80.23,..
Sri Lanka,LKA,"Life expectancy at birth, male (years)",SP.DYN.LE00.MA.IN,59.14,59.7,60.125,60.248,60.395,60.688,61.028,61.259,61.51,61.602,63.077,63.825,63.755,63.842,63.88,64.077,64.349,64.378,65.422,65.586,66.029,66.492,66.926,67.21,67.549,67.752,68.057,67.755,67.586,65.133,67.739,67.304,68.375,69.117,68.865,67.824,67.911,67.651,67.584,68.306,66.216,66.619,67.012,67.287,63.968,68.068,67.462,67.484,66.682,64.245,69.217,69.348,69.981,70.179,70.698,71.027,71.407,71.54,71.983,72.227,72.597,73.11,72.851,..
Sri Lanka,LKA,"Life expectancy at birth, total (years)",SP.DYN.LE00.IN,60.699,61.328,61.733,61.976,62.174,62.637,63.055,63.51,63.777,63.993,65.267,65.922,65.828,65.939,65.999,66.237,66.513,66.551,67.566,68.13,68.661,69.212,69.674,70.068,70.649,70.969,71.421,71.457,71.549,69.761,71.927,71.751,72.53,73.052,72.882,72.26,72.261,72.136,72.081,72.618,70.355,70.787,71.117,71.373,67.091,72.118,71.969,72.049,71.729,69.187,73.215,73.38,73.906,74.239,74.651,74.927,75.331,75.403,75.748,76.008,76.393,76.399,76.61,..
St. Kitts and Nevis,KNA,"Life expectancy at birth, female (years)",SP.DYN.LE00.FE.IN,57.197,57.414,58.584,59.931,60.538,61.483,61.94,62.397,62.575,62.82,63.827,63.551,62.984,62.995,64.666,66.301,67.32,67.119,66.405,65.951,66.283,66.204,66.085,66.25,67.589,68.815,68.406,68.27,67.954,67.524,67.61,68.682,69.74,70.218,70.055,70.011,69.996,70.589,70.226,71.015,72.29,72.838,73.672,74.466,75.196,74.639,74.317,74.614,74.768,74.995,74.434,74.614,74.795,75.196,74.928,74.921,75.941,75.922,75.085,75.195,75.266,75.341,75.666,..
St. Kitts and Nevis,KNA,"Life expectancy at birth, male (years)",SP.DYN.LE00.MA.IN,54.349,53.982,55.506,56.99,57.228,57.4,57.779,58.279,58.695,58.539,58.497,57.69,57.135,57.301,58.547,59.691,59.905,60.299,60.159,60.355,60.316,61.411,62.335,62.869,62.853,62.747,62.593,62.667,62.917,62.464,62.778,63.656,64.27,64.983,64.602,64.391,64.704,65.192,65.216,66.445,67.348,67.673,67.447,67.378,67.755,68.309,68.453,68.365,68.265,68.129,68.376,68.722,68.812,68.128,67.472,67.114,68.036,68.212,68.206,68.294,68.322,68.346,68.682,..
St. Kitts and Nevis,KNA,"Life expectancy at birth, total (years)",SP.DYN.LE00.IN,55.909,55.818,57.183,58.608,59.037,59.593,60.022,60.504,60.795,60.824,61.291,60.747,60.187,60.275,61.722,63.098,63.682,63.781,63.352,63.233,63.358,63.879,64.279,64.634,65.278,65.795,65.511,65.476,65.45,64.992,65.188,66.15,66.972,67.58,67.294,67.152,67.313,67.853,67.69,68.709,69.781,70.2,70.452,70.768,71.303,71.362,71.288,71.367,71.374,71.393,71.27,71.538,71.669,71.457,70.966,70.763,71.74,71.84,71.467,71.572,71.627,71.682,72.027,..
St. Lucia,LCA,"Life expectancy at birth, female (years)",SP.DYN.LE00.FE.IN,57.015,58.485,59.506,60.287,61.368,62.245,63.133,64.009,64.899,65.292,65.962,66.342,66.612,66.823,67.676,68.208,68.796,69.735,69.654,69.629,69.41,70.391,70.896,71.778,72.697,72.738,72.889,72.392,72.273,72.421,72.461,72.858,73.436,73.594,73.359,73.399,73.013,72.419,72.301,72.654,73.135,73.93,74.568,75.039,75.287,75.492,75.699,75.746,75.735,75.808,75.707,75.796,75.724,75.781,76.104,76.401,76.582,76.758,76.968,77.058,77.055,74.717,74.887,..
St. Lucia,LCA,"Life expectancy at birth, male (years)",SP.DYN.LE00.MA.IN,54.172,55.228,56.307,57.233,58.309,59.275,60.217,61.123,61.879,62.167,62.321,62.517,62.461,62.63,63.253,63.451,63.555,63.903,64.85,64.937,65.823,66.385,67.05,67.884,67.923,67.403,67.586,67.523,67.731,67.912,68.095,68.265,68.127,68.588,68.58,68.582,68.752,69.057,69.018,68.748,68.446,68.451,68.541,68.704,68.972,69.204,69.442,69.652,69.849,69.844,69.929,70.261,70.208,69.894,69.862,70.107,69.911,69.793,70.023,70.1,70.042,67.838,68.005,..
St. Lucia,LCA,"Life expectancy at birth, total (years)",SP.DYN.LE00.IN,55.724,56.993,58.041,58.889,59.966,60.883,61.796,62.687,63.512,63.85,64.267,64.548,64.648,64.831,65.564,65.921,66.256,66.887,67.332,67.359,67.7,68.467,69.052,69.91,70.376,70.117,70.281,70.005,70.053,70.215,70.326,70.602,70.799,71.114,70.992,71.002,70.904,70.775,70.69,70.709,70.768,71.135,71.472,71.771,72.028,72.245,72.465,72.599,72.698,72.722,72.72,72.944,72.882,72.735,72.864,73.138,73.112,73.127,73.357,73.445,73.416,71.111,71.294,..
St. Martin (French part),MAF,"Life expectancy at birth, female (years)",SP.DYN.LE00.FE.IN,70.707,70.502,70.755,71.911,71.952,71.249,72.385,73.154,73.28,73.953,74.329,74.059,74.514,74.742,74.922,75.092,75.221,75.279,75.415,75.633,75.823,76.07,76.606,76.208,76.348,76.158,76.901,77.017,77.573,77.573,77.789,79.109,78.621,78.811,78.99,79.179,79.356,79.533,79.709,79.884,80.062,80.247,80.432,80.606,80.789,80.961,81.132,81.302,81.472,81.64,81.808,83.25,82.24,82.044,83.008,82.613,82.779,81.55,84.282,83.26,83.423,83.624,83.658,..
St. Martin (French part),MAF,"Life expectancy at birth, male (years)",SP.DYN.LE00.MA.IN,64.845,64.742,65.831,66.671,66.86,65.602,66.569,66.8,66.645,67.418,68.66,68.699,68.628,68.784,68.896,69.047,69.182,69.207,69.279,69.322,69.432,69.652,69.962,69.529,69.678,69.472,70.351,70.49,71.204,71.224,71.463,72.957,72.362,72.533,72.725,72.915,73.093,73.279,73.463,73.635,73.806,73.975,74.142,74.307,74.471,74.634,74.795,74.945,75.115,75.281,75.447,75.14,76.12,76.041,77.11,76.261,76.411,75.826,77.207,76.875,77.021,77.254,77.502,..
St. Martin (French part),MAF,"Life expectancy at birth, total (years)",SP.DYN.LE00.IN,67.865,67.704,68.387,69.384,69.495,68.489,69.541,70.031,70.002,70.733,71.569,71.453,71.631,71.82,71.961,72.118,72.226,72.235,72.302,72.387,72.487,72.665,73.018,72.624,72.795,72.617,73.449,73.581,74.226,74.233,74.463,75.917,75.327,75.483,75.654,75.821,75.98,76.154,76.326,76.502,76.663,76.847,77.031,77.206,77.384,77.555,77.726,77.892,78.068,78.236,78.406,78.827,79.022,78.908,79.966,79.309,79.475,78.59,80.614,79.983,80.149,80.379,80.55,..
St. Vincent and the Grenadines,VCT,"Life expectancy at birth, female (years)",SP.DYN.LE00.FE.IN,58.257,59.898,61.385,63.077,64.676,66.262,67.719,68.713,69.658,70.39,70.856,71.066,70.792,71.061,71.605,71.888,71.79,72.058,71.779,71.598,71.839,71.942,71.954,72.269,72.464,72.738,73.015,73.443,74.479,75.103,74.983,75.677,75.061,74.582,74.025,74.155,73.42,72.912,73.352,74.049,74.172,74.859,75.308,75.118,75.555,76.2,76.82,77.428,78.117,77.921,77.55,77.318,77.046,76.548,77.427,77.259,77.102,77.052,76.863,75.58,74.944,72.396,71.731,..
St. Vincent and the Grenadines,VCT,"Life expectancy at birth, male (years)",SP.DYN.LE00.MA.IN,54.099,55.414,57.034,58.492,60.105,61.705,63.009,64.053,64.836,65.416,65.752,65.898,65.764,65.683,66.142,66.465,66.673,67.023,67.203,67.79,68.472,68.801,68.927,69.683,69.954,70.353,70.298,70.681,70.247,70.392,69.829,70.233,70.216,70.357,69.863,70.087,69.195,69.015,68.963,68.76,68.808,69.264,69.327,69.821,70.711,71.071,71.489,72.245,72.35,72.571,72.24,72.221,71.665,71.443,71.974,71.99,71.894,71.98,71.816,70.533,69.812,67.354,66.693,..
St. Vincent and the Grenadines,VCT,"Life expectancy at birth, total (years)",SP.DYN.LE00.IN,56.443,57.932,59.482,61.063,62.667,64.264,65.651,66.666,67.527,68.178,68.57,68.733,68.499,68.583,69.079,69.367,69.391,69.676,69.586,69.752,70.184,70.376,70.433,70.959,71.188,71.521,71.639,72.046,72.35,72.732,72.38,72.937,72.624,72.458,71.922,72.097,71.266,70.922,71.097,71.3,71.377,71.938,72.168,72.352,73.035,73.516,74.017,74.703,75.053,75.083,74.718,74.596,74.146,73.798,74.473,74.407,74.28,74.305,74.128,72.835,72.126,69.629,68.972,..
Sudan,SDN,"Life expectancy at birth, female (years)",SP.DYN.LE00.FE.IN,47.501,47.917,48.331,48.409,51.319,49.104,47.063,47.485,47.891,47.797,48.177,52.153,52.163,54.592,54.77,54.885,55.031,55.176,54.721,54.878,55.606,55.835,56.006,49.927,49.235,49.516,54.919,49.261,43.163,53.726,54.143,54.563,51.397,51.98,59.14,56.151,56.489,57.07,54.266,60.106,61.271,61.629,61.985,61.517,60.569,61.022,63.021,64.052,63.96,65.321,65.506,65.801,66.447,66.597,67.233,67.349,67.432,68.018,68.233,68.388,68.208,67.879,68.184,..
Sudan,SDN,"Life expectancy at birth, male (years)",SP.DYN.LE00.MA.IN,45.729,46.154,46.41,44.15,47.719,44.933,42.402,42.834,43.224,42.734,43.12,47.327,47.827,51.596,51.74,51.922,51.959,52.188,52.212,52.301,52.374,52.454,52.768,45.25,43.584,43.79,48.474,38.868,30.824,45.571,45.948,46.468,41.385,42.111,54.381,48.362,48.6,49.132,44.261,54.209,55.623,55.768,56.223,55.186,53.371,53.911,57.729,58.652,58.629,60.127,60.654,60.819,61.266,60.917,61.461,62.081,62.23,62.957,63.208,63.432,63.106,62.741,63.048,..
Sudan,SDN,"Life expectancy at birth, total (years)",SP.DYN.LE00.IN,46.603,47.023,47.354,46.189,49.457,46.935,44.626,45.056,45.456,45.147,45.534,49.646,49.925,53.069,53.23,53.377,53.462,53.648,53.44,53.559,53.934,54.078,54.321,47.45,46.22,46.458,51.481,43.441,35.923,49.337,49.732,50.213,45.891,46.575,56.644,51.991,52.276,52.833,48.81,57.015,58.319,58.562,58.976,58.2,56.773,57.279,60.281,61.256,61.206,62.644,63.016,63.246,63.792,63.678,64.269,64.659,64.78,65.445,65.681,65.876,65.614,65.267,65.578,..
Suriname,SUR,"Life expectancy at birth, female (years)",SP.DYN.LE00.FE.IN,59.352,60.076,60.806,61.473,62.02,62.203,62.425,62.652,62.828,62.991,63.205,63.121,63.329,63.537,63.619,63.867,64.101,64.344,64.578,64.864,65.014,65.215,65.455,65.591,65.872,66.058,66.298,66.516,66.776,67.034,67.279,67.504,67.785,68.076,68.306,68.402,68.842,68.732,68.789,68.637,68.757,68.687,68.831,68.94,69.832,70.425,71.011,71.641,72.271,73.013,73.587,73.612,73.346,73.176,73.197,74.224,74.851,75.703,75.937,75.68,75.981,73.551,73.577,..
Suriname,SUR,"Life expectancy at birth, male (years)",SP.DYN.LE00.MA.IN,55.089,55.7,56.386,56.888,57.513,57.137,57.322,57.519,57.655,57.813,57.964,58.008,58.06,58.221,58.401,58.57,58.739,58.906,59.128,59.248,59.401,59.61,59.768,59.89,60.149,60.318,59.922,60.139,60.368,61.191,61.378,61.587,61.708,62.052,62.379,62.412,62.669,62.826,62.623,62.501,62.548,62.582,62.589,62.649,63.428,63.981,64.509,65.115,65.685,66.305,66.539,66.543,66.473,66.45,66.6,67.571,68.46,69.231,69.285,68.944,69.264,67.207,67.189,..
Suriname,SUR,"Life expectancy at birth, total (years)",SP.DYN.LE00.IN,57.102,57.767,58.474,59.039,59.625,59.485,59.691,59.905,60.062,60.224,60.402,60.392,60.507,60.697,60.841,61.049,61.25,61.453,61.684,61.878,62.034,62.251,62.455,62.593,62.872,63.058,62.96,63.186,63.437,64.01,64.23,64.453,64.65,64.98,65.272,65.337,65.668,65.697,65.594,65.443,65.508,65.482,65.531,65.596,66.416,67.002,67.571,68.204,68.816,69.505,69.894,69.914,69.764,69.682,69.782,70.8,71.592,72.417,72.553,72.242,72.561,70.274,70.289,..
Sweden,SWE,"Life expectancy at birth, female (years)",SP.DYN.LE00.FE.IN,74.87,75.39,75.43,75.64,75.91,76.1,76.45,76.54,76.37,76.61,77.2,77.4,77.53,77.71,77.9,77.94,77.94,78.54,78.66,78.71,78.85,79.13,79.38,79.63,79.93,79.7,80.03,80.15,79.95,80.8,80.4,80.53,80.78,80.77,81.37,81.45,81.52,81.82,81.9,81.9,82,82.1,82.1,82.4,82.7,82.8,82.9,83,83.2,83.4,83.5,83.8,83.6,83.8,84.2,84.1,84.1,84.1,84.3,84.8,84.2,84.9,84.8,..
Sweden,SWE,"Life expectancy at birth, male (years)",SP.DYN.LE00.MA.IN,71.23,71.65,71.37,71.57,71.66,71.73,71.82,71.82,71.69,71.68,72.22,71.98,72.04,72.16,72.2,72.17,72.14,72.37,72.43,72.49,72.78,73.07,73.42,73.62,73.85,73.78,73.98,74.18,74.15,74.8,74.81,74.94,75.35,75.48,76.06,76.16,76.52,76.7,76.9,77.1,77.4,77.6,77.7,77.9,78.4,78.4,78.7,78.9,79.1,79.4,79.5,79.9,79.9,80.2,80.4,80.4,80.6,80.8,80.9,81.5,80.6,81.3,81.5,..
Sweden,SWE,"Life expectancy at birth, total (years)",SP.DYN.LE00.IN,73.0056097560976,73.4743902439024,73.3504878048781,73.5553658536585,73.7331707317073,73.8617073170732,74.0785365853659,74.1224390243903,73.9729268292683,74.0848780487805,74.6492682926829,74.6239024390244,74.7180487804878,74.8673170731707,74.9804878048781,74.9846341463415,74.9692682926829,75.379756097561,75.4690243902439,75.5241463414634,75.7409756097561,76.0260975609756,76.3273170731707,76.5517073170732,76.8158536585366,76.6678048780488,76.9312195121951,77.0921951219512,76.9792682926829,77.7268292682927,77.5368292682927,77.6668292682927,77.9987804878049,78.0604878048781,78.650243902439,78.7404878048781,78.9590243902439,79.1975609756098,79.3390243902439,79.4414634146342,79.6439024390244,79.7951219512195,79.8463414634146,80.0951219512195,80.4975609756098,80.5463414634146,80.7487804878049,80.9,81.1,81.3512195121951,81.4512195121951,81.8024390243903,81.7048780487805,81.9560975609756,82.2536585365854,82.2048780487805,82.3073170731707,82.409756097561,82.5585365853659,83.109756097561,82.3560975609756,83.0560975609756,83.109756097561,..
Switzerland,CHE,"Life expectancy at birth, female (years)",SP.DYN.LE00.FE.IN,74.11,74.59,74.09,74.23,75.11,75.07,75.25,75.72,75.52,75.65,76.16,76.25,76.82,77.05,77.56,78,78.13,78.68,78.66,78.78,78.85,79.13,79.44,79.55,80.03,80.15,80.3,80.66,80.73,80.94,80.71,81.1,81.33,81.43,81.71,81.69,82,82.04,82.5,82.5,82.6,83.1,83.1,83.2,83.7,83.9,84,84.2,84.4,84.4,84.5,85,84.9,85,85.4,85.1,85.6,85.6,85.7,85.8,85.1,85.8,85.4,..
Switzerland,CHE,"Life expectancy at birth, male (years)",SP.DYN.LE00.MA.IN,68.65,68.84,68.44,68.29,69.19,69.47,69.56,69.7,69.8,69.72,70.03,70.16,70.62,70.98,71.17,71.49,71.6,71.96,71.88,72.31,72.23,72.42,72.79,72.68,73.35,73.48,73.66,73.9,73.89,74.07,73.94,74.1,74.45,74.9,75.15,75.3,75.94,76.26,76.3,76.8,76.9,77.4,77.8,78,78.6,78.7,79.1,79.4,79.7,79.8,80.1,80.5,80.6,80.7,81.1,80.8,81.7,81.6,81.9,82.1,81,81.8,81.6,..
Switzerland,CHE,"Life expectancy at birth, total (years)",SP.DYN.LE00.IN,71.3134146341463,71.6448780487805,71.1960975609756,71.1875609756098,72.0778048780488,72.2017073170732,72.3356097560976,72.6365853658537,72.590243902439,72.6126829268293,73.020243902439,73.1307317073171,73.6443902439024,73.9409756097561,74.2870731707317,74.6656097560976,74.7853658536585,75.2380487804878,75.1873170731707,75.4660975609756,75.4592682926829,75.6931707317073,76.0339024390244,76.0312195121951,76.6085365853659,76.7336585365854,76.8990243902439,77.1975609756098,77.2265853658537,77.4212195121951,77.2424390243902,77.5146341463415,77.8060975609756,78.0853658536586,78.35,78.4170731707317,78.8960975609756,79.079512195122,79.3243902439025,79.580487804878,79.6804878048781,80.1804878048781,80.3853658536585,80.5365853658537,81.0878048780488,81.2365853658537,81.490243902439,81.7414634146342,81.9926829268293,82.0439024390244,82.2463414634147,82.6951219512195,82.6975609756098,82.7975609756098,83.1975609756098,82.8975609756098,83.6024390243903,83.5512195121951,83.7536585365854,83.9048780487805,83,83.7512195121951,83.4536585365854,..
Syrian Arab Republic,SYR,"Life expectancy at birth, female (years)",SP.DYN.LE00.FE.IN,54.368,55.214,55.886,56.685,57.276,57.894,58.403,59.262,59.911,60.506,61.179,62.24,62.739,63.159,63.886,64.131,64.646,64.415,66.965,67.486,68.013,66.802,65.225,69.483,70.576,70.234,70.734,70.94,71.386,71.519,71.649,72.102,72.206,72.171,72.129,72.44,72.377,72.317,72.223,72.677,73.114,73.99,74.356,74.978,74.752,75.124,75.978,76.517,76.275,76.668,76.682,76.359,71.816,69.768,68.945,70.351,71.005,74.93,75.168,75.638,75.555,75.175,76.117,..
Syrian Arab Republic,SYR,"Life expectancy at birth, male (years)",SP.DYN.LE00.MA.IN,52.793,53.718,54.346,54.941,55.775,56.382,56.843,57.017,58.273,59.279,59.907,60.554,61.11,58.48,62.392,62.971,63.238,63.15,64.728,64.894,64.836,62.193,57.578,66.315,67.412,67.397,67.805,67.796,68.119,68.166,68.162,68.182,68.512,68.411,68.351,68.594,68.516,68.444,68.361,68.398,68.652,69.536,69.77,70.123,70.406,70.633,70.993,71.214,71.113,71.329,71.352,70.546,62.428,58.832,58.228,60.566,61.574,62.957,65.625,68.224,68.888,69.058,68.671,..
Syrian Arab Republic,SYR,"Life expectancy at birth, total (years)",SP.DYN.LE00.IN,53.547,54.437,55.086,55.778,56.5,57.113,57.598,58.095,59.065,59.878,60.527,61.37,61.9,60.691,63.119,63.538,63.922,63.764,65.806,66.138,66.351,64.372,61.119,67.829,68.924,68.756,69.206,69.295,69.674,69.76,69.817,70.036,70.263,70.193,70.141,70.416,70.347,70.283,70.196,70.425,70.764,71.644,71.939,72.414,72.475,72.769,73.35,73.709,73.551,73.853,73.881,73.305,66.769,63.827,63.153,65.124,65.993,68.481,70.145,71.822,72.14,72.063,72.3,..
Tajikistan,TJK,"Life expectancy at birth, female (years)",SP.DYN.LE00.FE.IN,56.063,56.367,56.673,56.925,57.261,57.425,57.795,58.121,58.458,58.942,59.241,59.645,60.026,60.109,60.623,60.993,61.293,61.541,61.678,61.87,61.729,61.739,61.957,62.186,62.546,62.863,63.115,63.463,64.373,64.533,64.559,64.218,62.281,62.085,62.377,62.785,62.446,63.425,64.523,65.266,65.956,66.395,67.251,67.913,68.534,68.995,69.536,69.697,70.109,70.507,70.353,70.824,70.949,71.334,71.644,71.868,72.088,72.34,72.599,73.01,70.17,73.734,73.518,..
Tajikistan,TJK,"Life expectancy at birth, male (years)",SP.DYN.LE00.MA.IN,51.261,51.681,51.89,52.196,52.464,52.779,52.919,53.242,53.666,54.023,54.364,54.791,55.216,55.721,56.22,56.697,56.977,57.153,57.324,57.271,57.231,57.129,57.367,57.394,57.612,57.947,58.535,58.996,59.173,59.337,59.183,58.572,49.109,45.771,53.142,56.115,56.012,57.446,58.684,60.095,60.697,61.823,62.566,63.318,63.685,64.202,64.676,64.926,65.455,65.776,65.365,65.728,66.247,66.662,66.751,66.996,67.254,67.682,68.272,68.862,65.999,69.568,69.189,..
Tajikistan,TJK,"Life expectancy at birth, total (years)",SP.DYN.LE00.IN,53.628,53.998,54.257,54.542,54.846,55.094,55.347,55.675,56.063,56.484,56.809,57.23,57.637,57.94,58.449,58.876,59.167,59.377,59.531,59.597,59.506,59.456,59.684,59.808,60.093,60.418,60.846,61.254,61.792,61.953,61.879,61.379,55.074,52.867,57.48,59.338,59.129,60.348,61.519,62.621,63.26,64.057,64.846,65.552,66.028,66.514,67.013,67.217,67.688,68.039,67.742,68.148,68.484,68.885,69.069,69.306,69.549,69.905,70.353,70.867,67.994,71.594,71.288,..
Tanzania,TZA,"Life expectancy at birth, female (years)",SP.DYN.LE00.FE.IN,44.182,44.363,44.515,44.795,45.023,45.422,45.85,46.375,47.132,47.874,48.459,48.915,49.21,50.04,50.404,50.78,51.284,51.924,52.43,53.073,53.472,53.863,53.876,53.932,54.024,53.971,54.033,54.055,54.051,53.995,53.514,53.427,53.106,52.827,52.816,52.576,52.376,51.936,52.053,53.021,53.516,54.371,55.086,56.061,56.744,57.432,58.184,58.882,59.44,60.223,61.914,63.082,64.218,65.317,66.274,67.029,67.691,68.207,68.649,69.117,68.542,68.311,68.93,..
Tanzania,TZA,"Life expectancy at birth, male (years)",SP.DYN.LE00.MA.IN,41.687,41.834,42.05,42.192,42.471,42.638,42.924,43.16,43.636,44.126,44.512,44.996,45.507,46.015,46.321,46.776,47.304,47.886,48.346,48.883,49.084,49.253,49.34,49.317,49.243,49.301,49.456,49.533,49.752,49.606,49.549,49.289,48.977,48.996,48.857,49.038,49.141,49.322,49.773,50.477,51.203,51.945,52.632,53.712,54.433,55.151,55.635,56.161,56.739,57.571,58.35,59.094,59.931,60.718,61.589,62.381,63.172,63.862,64.475,64.921,64.373,64.183,64.72,..
Tanzania,TZA,"Life expectancy at birth, total (years)",SP.DYN.LE00.IN,42.937,43.1,43.285,43.494,43.747,44.026,44.381,44.756,45.366,45.973,46.45,46.917,47.324,47.978,48.306,48.722,49.236,49.842,50.321,50.907,51.201,51.472,51.528,51.543,51.546,51.556,51.672,51.726,51.843,51.739,51.485,51.306,50.989,50.87,50.797,50.786,50.744,50.624,50.914,51.748,52.362,53.161,53.863,54.895,55.596,56.299,56.911,57.52,58.086,58.894,60.105,61.049,62.03,62.96,63.873,64.651,65.386,65.999,66.535,66.989,66.408,66.201,66.782,..
Thailand,THA,"Life expectancy at birth, female (years)",SP.DYN.LE00.FE.IN,53.733,55.219,55.53,55.909,56.602,57.366,57.912,58.373,58.763,59.612,60.486,61.425,61.976,62.903,63.716,64.559,65.329,65.778,66.324,67.016,68.042,68.642,68.972,69.436,70.38,71.182,71.947,72.855,73.177,73.724,74.204,74.6,74.888,75.275,75.583,75.741,76.49,77.069,77.222,76.739,76.432,76.634,76.916,77.113,76.996,77.758,79.108,79.407,79.729,80.052,80.358,80.668,81.03,81.365,81.708,82.03,82.588,82.864,83.149,83.433,83.697,83.041,83.929,..
Thailand,THA,"Life expectancy at birth, male (years)",SP.DYN.LE00.MA.IN,48.525,49.703,50.213,50.723,51.478,52.175,52.706,53.234,53.735,54.345,55.031,55.729,56.234,56.892,57.52,58.131,58.772,59.089,59.344,59.633,60.242,60.796,61.534,62.272,63.193,64.07,64.941,66.047,66.226,66.563,66.759,66.94,67.03,67.065,67.121,66.544,67.205,68.228,68.746,68.575,68.434,68.798,69.13,69.371,69.33,70.039,70.952,71.162,71.45,71.817,72.092,72.352,72.68,72.958,73.27,73.544,73.688,74.071,74.315,74.638,74.954,74.518,75.473,..
Thailand,THA,"Life expectancy at birth, total (years)",SP.DYN.LE00.IN,51.035,52.364,52.79,53.244,53.978,54.712,55.254,55.754,56.207,56.932,57.711,58.524,59.051,59.836,60.552,61.272,61.978,62.354,62.74,63.209,64.012,64.595,65.163,65.789,66.733,67.587,68.419,69.448,69.689,70.122,70.445,70.717,70.885,71.068,71.227,70.948,71.653,72.501,72.862,72.542,72.316,72.613,72.93,73.155,73.08,73.82,74.938,75.187,75.492,75.842,76.131,76.421,76.772,77.083,77.415,77.717,78.049,78.394,78.662,78.975,79.274,78.715,79.68,..
Timor-Leste,TLS,"Life expectancy at birth, female (years)",SP.DYN.LE00.FE.IN,33.936,34.303,34.676,34.974,35.321,36.081,36.718,37.445,37.95,38.451,38.905,39.463,40.059,40.738,38.504,31.096,32.678,30.657,27.21,28.2,36.383,37.792,39.378,40.289,42.994,42.801,43.377,44.952,44.849,46.297,46.554,46.69,47.966,48.961,49.922,49.731,50.58,51.409,50.994,49.234,60.159,60.978,61.776,62.507,63.319,64,64.728,65.402,66.035,66.549,66.989,67.374,67.79,68.192,68.557,68.886,69.167,69.441,69.702,69.95,70.279,69.544,70.815,..
Timor-Leste,TLS,"Life expectancy at birth, male (years)",SP.DYN.LE00.MA.IN,30.596,30.976,31.361,31.67,32.011,32.759,33.403,34.139,34.624,35.098,35.549,36.103,36.697,37.368,35.362,20.879,21.736,20.517,18.46,18.991,23.599,24.538,25.564,26.279,28.011,28.163,28.686,29.8,30.01,42.984,43.532,43.501,44.803,45.765,46.792,46.537,47.283,47.879,47.503,42.826,57.158,57.929,58.705,59.42,60.129,60.839,61.588,62.208,62.783,63.314,63.769,64.167,64.522,64.84,65.171,65.539,65.869,66.188,66.468,66.721,66.837,66.1,67.435,..
Timor-Leste,TLS,"Life expectancy at birth, total (years)",SP.DYN.LE00.IN,32.2,32.574,32.953,33.258,33.602,34.357,34.998,35.73,36.225,36.712,37.166,37.722,38.318,38.994,36.877,24.834,25.957,24.427,21.837,22.529,28.446,29.567,30.824,31.635,33.751,33.795,34.344,35.644,35.753,44.55,44.953,44.985,46.276,47.254,48.252,48.024,48.816,49.517,49.123,45.701,58.568,59.362,60.148,60.871,61.628,62.328,63.073,63.723,64.329,64.854,65.304,65.697,66.081,66.44,66.787,67.137,67.446,67.745,68.017,68.268,68.475,67.737,69.056,..
Togo,TGO,"Life expectancy at birth, female (years)",SP.DYN.LE00.FE.IN,44.026,44.169,44.434,44.598,44.983,45.184,45.572,45.999,46.446,46.742,47.278,47.771,48.265,48.749,49.219,49.778,50.504,50.876,51.42,51.918,52.445,53.155,53.783,54.152,54.757,55.238,55.515,55.96,56.229,56.259,56.01,55.842,55.651,55.476,55.328,55.341,55.327,55.455,55.339,55.521,55.811,55.721,56.141,56.402,56.123,56.485,56.568,56.892,56.845,57.304,57.364,57.986,58.099,58.804,58.979,59.6,59.757,60.479,60.646,61.443,61.576,62.391,62.227,..
Togo,TGO,"Life expectancy at birth, male (years)",SP.DYN.LE00.MA.IN,41.363,41.595,41.874,42.142,42.419,42.75,43.167,43.638,44.111,44.576,44.95,45.393,45.903,46.432,46.965,47.663,48.141,48.629,49.034,49.599,50.001,50.374,50.739,51.13,51.447,51.661,51.944,52.181,52.502,52.555,52.746,52.707,52.947,52.912,52.745,52.735,52.87,52.932,53.058,53.547,53.671,53.988,54.471,54.864,54.999,55.421,55.856,56.111,56.526,56.699,57.225,57.844,58.028,58.544,58.708,59.173,59.325,59.814,59.829,60.35,60.486,60.849,60.946,..
Togo,TGO,"Life expectancy at birth, total (years)",SP.DYN.LE00.IN,42.692,42.882,43.154,43.372,43.702,43.97,44.373,44.823,45.284,45.666,46.12,46.587,47.089,47.597,48.099,48.729,49.328,49.76,50.232,50.765,51.227,51.764,52.256,52.635,53.089,53.432,53.713,54.051,54.348,54.39,54.37,54.268,54.299,54.195,54.037,54.037,54.098,54.192,54.199,54.538,54.742,54.86,55.311,55.639,55.569,55.962,56.222,56.511,56.695,57.011,57.304,57.925,58.073,58.684,58.853,59.396,59.55,60.154,60.244,60.901,61.035,61.619,61.588,..
Tonga,TON,"Life expectancy at birth, female (years)",SP.DYN.LE00.FE.IN,60.957,61.362,61.991,62.544,63.169,63.853,64.565,65.237,65.898,66.578,67.236,67.833,68.286,68.588,69.003,69.24,69.532,69.733,69.959,70.126,70.269,70.409,70.292,70.644,70.725,70.814,70.919,71.021,71.155,71.257,71.365,71.621,71.782,71.932,72.066,72.204,72.328,72.437,72.565,72.668,72.76,72.795,72.936,73.021,73.113,73.063,73.13,73.209,73.272,73.056,73.381,73.424,73.454,73.485,73.489,73.528,73.561,73.58,73.614,73.669,73.698,73.719,74.123,..
Tonga,TON,"Life expectancy at birth, male (years)",SP.DYN.LE00.MA.IN,55.866,56.198,56.602,57.01,57.43,57.846,58.287,58.725,59.157,59.621,60.004,60.316,60.549,60.775,61.08,61.334,61.606,61.764,62.058,62.274,62.465,62.645,62.616,62.855,62.973,63.136,63.257,63.39,63.533,63.688,63.835,64.033,64.208,64.39,64.569,64.74,64.92,65.135,65.288,65.486,65.7,65.924,66.176,66.388,66.625,66.836,67.013,67.233,67.382,67.277,67.567,67.63,67.709,67.79,67.844,67.925,67.991,68.065,68.149,68.265,68.337,68.416,68.581,..
Tonga,TON,"Life expectancy at birth, total (years)",SP.DYN.LE00.IN,58.231,58.589,59.085,59.551,60.054,60.58,61.132,61.66,62.185,62.737,63.232,63.661,63.983,64.242,64.595,64.844,65.127,65.302,65.578,65.782,65.961,66.132,66.072,66.369,66.482,66.626,66.752,66.884,67.026,67.162,67.294,67.518,67.686,67.855,68.014,68.17,68.323,68.49,68.642,68.809,68.978,69.127,69.335,69.495,69.67,69.768,69.894,70.048,70.164,70.012,70.323,70.381,70.442,70.505,70.54,70.607,70.661,70.713,70.779,70.871,70.928,70.986,71.27,..
Trinidad and Tobago,TTO,"Life expectancy at birth, female (years)",SP.DYN.LE00.FE.IN,65.116,64.681,65.41,66.04,65.922,66.25,66.511,67.113,66.569,66.655,67.092,67.441,66.831,67.815,68.734,69.179,69.143,69.086,69.447,70.409,69.908,69.896,70.574,70.406,70.163,70.156,70.743,71.243,70.756,71.162,70.401,71.399,70.785,71.242,71.322,71.632,71.93,70.872,71.866,70.668,71.761,72.539,73.863,72.824,74.489,74.814,74.204,74.685,74.773,76.757,76.138,76.41,76.704,77.069,77.407,77.93,77.674,77.694,77.353,77.697,77.881,76.403,78.153,..
Trinidad and Tobago,TTO,"Life expectancy at birth, male (years)",SP.DYN.LE00.MA.IN,61.089,61.159,61.568,61.76,61.878,62.144,62.325,62.571,62.781,62.718,63.008,63.125,63.044,63.324,64.922,64.417,63.526,64.234,65.403,65.181,65.252,65.411,64.844,65.499,65.081,64.998,65.841,65.433,66.086,65.777,66.122,66.342,66.007,66.385,65.77,66.701,66.156,66.525,66.474,66.064,66.453,66.781,67.201,66.686,67.722,67.866,68.271,68.586,68.192,69.51,69.309,70.078,70.635,70.78,70.963,71.052,70.879,70.782,70.299,70.828,70.983,69.662,71.307,..
Trinidad and Tobago,TTO,"Life expectancy at birth, total (years)",SP.DYN.LE00.IN,63.026,62.865,63.427,63.822,63.843,64.147,64.376,64.798,64.668,64.685,65.057,65.283,64.947,65.561,66.848,66.786,66.273,66.641,67.438,67.768,67.572,67.65,67.646,67.935,67.592,67.543,68.279,68.281,68.419,68.438,68.272,68.859,68.391,68.811,68.511,69.17,69.009,68.719,69.16,68.377,69.102,69.646,70.488,69.729,71.076,71.308,71.256,71.652,71.47,73.126,72.725,73.278,73.716,73.962,74.215,74.503,74.281,74.23,73.802,74.228,74.406,72.971,74.708,..
Tunisia,TUN,"Life expectancy at birth, female (years)",SP.DYN.LE00.FE.IN,45.031,45.694,46.651,47.728,48.577,49.758,50.473,51.643,52.829,53.686,54.975,56.13,57.488,58.571,59.795,60.933,61.983,63.086,64.321,65.32,66.124,66.816,67.658,68.492,69.076,69.883,70.441,71.102,71.665,71.849,72.451,73.004,73.082,73.707,74.052,74.52,74.935,75.537,75.991,76.327,76.41,76.446,76.729,77.009,77.29,77.696,77.861,78.052,78.131,78.326,78.56,78.667,78.663,78.811,78.774,78.856,79.078,79.133,79.323,79.379,79.279,77.145,77.408,..
Tunisia,TUN,"Life expectancy at birth, male (years)",SP.DYN.LE00.MA.IN,42.903,42.698,44.46,45.391,46.28,47.285,48.305,49.41,50.468,51.468,52.89,53.69,54.86,55.947,56.927,58.127,59.007,60.119,60.611,61.333,62.055,62.799,63.441,64.085,64.817,65.523,66.205,66.869,67.608,67.617,67.924,68.221,68.461,68.913,69.312,69.596,69.967,70.357,70.535,70.863,71.115,71.311,71.525,71.745,71.859,72.038,72.189,72.311,72.451,72.456,72.552,72.536,72.669,72.733,72.757,72.77,72.76,72.825,72.864,72.895,71.837,70.743,71.367,..
Tunisia,TUN,"Life expectancy at birth, total (years)",SP.DYN.LE00.IN,43.94,44.146,45.513,46.5,47.365,48.428,49.327,50.466,51.573,52.523,53.87,54.835,56.107,57.2,58.282,59.468,60.426,61.543,62.338,63.211,63.975,64.691,65.417,66.137,66.82,67.589,68.228,68.899,69.569,69.671,70.11,70.521,70.701,71.235,71.615,71.988,72.38,72.863,73.169,73.508,73.69,73.816,74.059,74.305,74.49,74.764,74.921,75.072,75.185,75.267,75.421,75.46,75.55,75.65,75.65,75.692,75.786,75.845,75.95,75.993,75.292,73.772,74.263,..
Turkiye,TUR,"Life expectancy at birth, female (years)",SP.DYN.LE00.FE.IN,53.821,54.618,55.359,56.178,56.788,57.318,57.762,58.45,59.037,59.595,60.111,60.688,61.39,61.972,62.571,63.048,63.565,64.454,65.171,65.695,66.207,66.651,67.172,67.757,68.393,68.923,69.442,69.94,70.514,70.967,71.41,71.871,72.238,72.665,73.057,73.423,73.849,74.218,74.578,73.993,75.274,75.623,75.944,76.252,76.564,76.867,77.124,77.442,77.69,77.988,78.221,78.144,78.838,79.398,79.623,79.787,79.894,80.293,80.684,80.953,79.061,79.121,81.495,..
Turkiye,TUR,"Life expectancy at birth, male (years)",SP.DYN.LE00.MA.IN,47.939,48.771,49.671,50.445,50.948,51.516,51.984,52.626,53.043,53.598,54.136,54.623,55.256,55.631,56.121,56.558,57.003,57.681,58.233,58.771,59.399,59.916,60.53,61.019,61.499,62.008,62.522,63.01,63.467,63.893,64.356,64.797,65.057,65.461,65.822,66.082,66.679,67.141,67.683,67.534,68.582,68.957,69.318,69.624,69.996,70.278,70.624,70.987,71.248,71.57,71.927,71.779,72.517,73.162,73.468,73.498,73.448,73.985,74.417,74.68,72.772,73.04,75.38,..
Turkiye,TUR,"Life expectancy at birth, total (years)",SP.DYN.LE00.IN,50.74,51.55,52.382,53.173,53.714,54.258,54.71,55.361,55.835,56.378,56.895,57.409,58.069,58.521,59.051,59.497,59.965,60.743,61.37,61.912,62.504,63.01,63.604,64.146,64.706,65.24,65.772,66.278,66.794,67.245,67.709,68.169,68.486,68.911,69.295,69.609,70.141,70.57,71.039,70.695,71.861,72.231,72.579,72.89,73.24,73.534,73.845,74.193,74.45,74.765,75.069,74.941,75.678,76.297,76.565,76.646,76.66,77.141,77.563,77.832,75.85,76.032,78.475,..
Turkmenistan,TKM,"Life expectancy at birth, female (years)",SP.DYN.LE00.FE.IN,57.415,57.83,58.183,58.594,59.004,59.274,59.668,60.16,60.307,60.764,61.252,61.5,61.937,62.307,62.705,63.06,62.93,63.154,63.555,63.935,64.359,64.79,65.002,65.107,65.596,65.702,66.126,66.42,66.853,66.93,67.213,67.343,67.328,67.306,67.327,67.39,67.21,67.328,67.802,68.292,68.781,68.79,68.972,69.371,69.806,69.636,70.159,70.469,70.816,71.325,71.636,71.888,71.914,71.971,72.014,72.166,71.995,72.227,72.192,72.464,71.984,72.663,72.916,..
Turkmenistan,TKM,"Life expectancy at birth, male (years)",SP.DYN.LE00.MA.IN,49.697,50.194,50.594,51.078,51.442,51.835,52.223,52.662,53.088,53.576,54.058,54.538,54.875,55.31,55.75,55.942,56.334,56.532,56.907,57.203,57.621,58.044,58.141,58.509,58.838,59.16,59.719,60.169,60.395,60.531,60.58,60.659,60.39,60.291,60.197,60.023,60.028,60.026,60.466,60.809,61.326,61.571,61.847,62.178,62.418,62.56,62.908,63.368,64.01,64.586,64.937,65.226,65.496,65.484,65.219,65.396,65.538,65.593,65.408,65.552,65.392,65.865,65.916,..
Turkmenistan,TKM,"Life expectancy at birth, total (years)",SP.DYN.LE00.IN,53.469,53.939,54.325,54.785,55.177,55.522,55.92,56.39,56.694,57.173,57.663,58.038,58.425,58.832,59.256,59.525,59.668,59.877,60.265,60.601,61.022,61.452,61.603,61.846,62.256,62.475,62.976,63.352,63.682,63.787,63.939,64.035,63.875,63.804,63.756,63.684,63.596,63.646,64.106,64.518,65.026,65.156,65.385,65.746,66.075,66.068,66.499,66.895,67.407,67.958,68.293,68.567,68.722,68.74,68.614,68.782,68.777,68.916,68.796,69.002,68.687,69.264,69.41,..
Turks and Caicos Islands,TCA,"Life expectancy at birth, female (years)",SP.DYN.LE00.FE.IN,55.693,56.106,57.26,59.584,62.231,63.551,63.311,62.307,60.912,59.452,58.369,58.225,59.37,62.409,66.979,70.353,72.118,73.068,72.7,71.846,71.162,70.933,70.726,70.668,70.497,70.598,70.953,71.521,71.887,72.042,71.876,71.612,72.162,72.028,69.996,70.399,73.121,73.6,75.116,75.284,75.296,75.898,78.221,78.442,80.457,80.599,80.167,78.906,79.281,79.655,79.054,78.906,79.2,79.266,79.769,79.604,79.679,79.731,79.261,78.371,78.155,77.702,77.986,..
Turks and Caicos Islands,TCA,"Life expectancy at birth, male (years)",SP.DYN.LE00.MA.IN,54.053,54.219,54.971,56.281,57.694,58.254,57.835,56.882,55.747,54.68,54.017,54.109,55.204,57.731,61.803,65.308,67.204,67.654,67.353,66.59,66.007,65.75,65.899,66.442,67.071,67.62,68.091,68.715,68.896,67.959,66.451,66.462,67.37,67.437,67.001,66.376,69.61,71.192,72.897,72.85,72.028,72.551,73.279,72.828,73.728,74.199,73.945,73.276,74.26,74.911,73.743,73.767,75.045,74.957,74.768,74.5,74.355,74.026,73.912,72.6,72.198,71.809,72.165,..
Turks and Caicos Islands,TCA,"Life expectancy at birth, total (years)",SP.DYN.LE00.IN,55.032,55.313,56.266,58.107,60.159,61.102,60.757,59.757,58.474,57.195,56.31,56.28,57.391,60.172,64.501,67.985,69.865,70.584,70.227,69.37,68.699,68.429,68.389,68.634,68.872,69.197,69.592,70.168,70.411,69.941,69.001,68.888,69.64,69.625,68.447,68.308,71.287,72.365,73.964,74.01,73.575,74.131,75.54,75.411,76.786,77.148,76.831,75.914,76.632,77.164,76.243,76.195,77.037,77.018,77.135,76.912,76.864,76.702,76.443,75.326,75.001,74.587,74.925,..
Tuvalu,TUV,"Life expectancy at birth, female (years)",SP.DYN.LE00.FE.IN,46.556,47.605,48.734,49.736,50.774,51.754,52.722,53.723,54.633,55.517,56.351,57.242,55.609,59.023,59.961,60.601,61.357,61.978,62.548,62.992,63.408,63.786,64.053,64.246,64.389,64.473,64.473,64.4,64.369,64.361,64.366,64.489,62.746,64.884,65.05,65.139,65.22,65.322,65.406,65.419,65.575,65.723,65.915,66.111,66.327,66.711,67.015,67.231,67.473,67.597,67.72,67.821,67.904,68.07,68.188,68.325,68.479,68.604,68.734,68.85,68.978,69.138,69.391,..
Tuvalu,TUV,"Life expectancy at birth, male (years)",SP.DYN.LE00.MA.IN,46.325,47.16,47.945,48.706,49.459,50.192,50.897,51.397,52.049,52.665,53.269,53.873,52.858,55.01,55.548,56.06,56.534,56.929,57.288,57.593,57.83,58.025,58.17,58.279,58.343,58.41,58.366,58.254,58.284,58.508,58.778,59.16,58.083,60.258,60.636,60.898,61.048,61.242,61.291,61.302,61.308,61.275,61.199,61.144,61.087,61.042,60.978,60.833,60.694,60.623,60.607,60.551,60.504,60.491,60.478,60.481,60.495,60.517,60.57,60.592,60.67,60.816,61.136,..
Tuvalu,TUV,"Life expectancy at birth, total (years)",SP.DYN.LE00.IN,46.355,47.271,48.193,49.075,49.984,50.893,51.767,52.556,53.386,54.198,54.94,55.708,54.364,57.197,57.946,58.535,59.159,59.672,60.133,60.506,60.833,61.123,61.331,61.456,61.541,61.589,61.553,61.444,61.431,61.531,61.661,61.909,60.491,62.654,62.924,63.098,63.21,63.356,63.418,63.427,63.499,63.543,63.58,63.631,63.693,63.836,63.928,63.931,63.948,63.949,63.978,63.974,63.964,64.008,64.025,64.06,64.108,64.148,64.212,64.278,64.382,64.547,64.854,..
Uganda,UGA,"Life expectancy at birth, female (years)",SP.DYN.LE00.FE.IN,47.949,48.697,49.485,49.93,50.436,50.923,51.085,51.667,51.94,52.288,52.427,50.6,50.619,49.855,50.169,49.236,48.793,48.442,48.783,48.482,47.392,47.421,48.142,48.433,48.601,49.763,49.622,49.611,49.608,49.29,48.992,48.789,48.695,48.381,48.637,48.85,49.099,49.299,49.601,50.186,50.62,51.093,51.578,51.913,52.832,54.269,55.885,56.719,57.337,58.183,58.768,59.722,60.76,61.848,62.259,63.005,63.809,64.028,64.744,64.99,64.898,64.92,65.703,..
Uganda,UGA,"Life expectancy at birth, male (years)",SP.DYN.LE00.MA.IN,43.398,44.144,44.785,45.257,45.669,45.904,45.936,46.583,46.805,47.051,47.115,43.733,43.762,44.122,43.45,43.562,43.188,42.817,41.983,41.8,39.066,39.261,38.878,39.21,39.465,41.393,41.383,43.717,43.865,43.711,43.918,43.86,44.045,44.084,44.072,44.287,44.251,44.651,44.75,45.38,46.044,46.882,47.668,48.759,50.182,51.596,52.76,53.659,54.211,54.7,55.249,56.116,56.789,57.596,58.462,59.071,59.4,60.1,60.587,60.893,60.715,60.423,61.486,..
Uganda,UGA,"Life expectancy at birth, total (years)",SP.DYN.LE00.IN,45.506,46.257,46.965,47.431,47.889,48.24,48.338,48.962,49.213,49.511,49.616,46.93,46.967,46.84,46.612,46.267,45.869,45.511,45.207,44.981,42.949,43.09,43.185,43.519,43.752,45.381,45.322,46.619,46.701,46.472,46.443,46.316,46.368,46.237,46.353,46.567,46.67,46.977,47.175,47.786,48.342,49.006,49.648,50.368,51.547,52.976,54.369,55.236,55.823,56.488,57.055,57.965,58.817,59.763,60.408,61.086,61.648,62.115,62.714,62.991,62.851,62.705,63.638,..
Ukraine,UKR,"Life expectancy at birth, female (years)",SP.DYN.LE00.FE.IN,72.612,72.812,72.586,73.232,73.565,73.275,73.135,73.235,73.386,72.961,72.905,73.101,72.979,73.155,73.175,73.611,73.564,73.583,73.633,73.418,73.363,73.672,74.034,73.912,73.596,73.375,74.485,74.9,74.8,75.16,74.82,74.21,73.98,73.35,72.95,72.54,72.8,73.19,73.84,73.61,73.53,73.63,74.13,74.06,74.05,73.97,74.06,74.22,74.28,74.86,75.5,75.88,76.02,76.22,76.37,76.25,76.46,76.78,76.72,76.98,76.22,74.36,73.904,..
Ukraine,UKR,"Life expectancy at birth, male (years)",SP.DYN.LE00.MA.IN,66.507,66.487,66.238,66.507,67.006,66.624,66.489,66.063,65.906,65.18,64.908,65.168,65.049,65.127,64.895,64.699,64.737,64.281,64.119,63.757,63.537,63.766,63.963,64.022,63.658,64.078,65.858,66.3,66.4,66.1,65.6,64.62,63.81,63.16,62.39,61.22,61.52,62.23,63.17,62.62,62.1,62.32,62.7,62.64,62.6,62.23,62.38,62.51,62.51,63.79,65.28,65.98,66.11,66.34,66.25,66.37,66.73,67.02,66.69,66.92,66.39,65.16,63.525,..
Ukraine,UKR,"Life expectancy at birth, total (years)",SP.DYN.LE00.IN,69.4850487804878,69.5723658536586,69.3345853658537,69.7874878048781,70.205512195122,69.8683902439025,69.7309512195122,69.5615365853659,69.5547804878049,68.9756097560976,68.8089756097561,69.037756097561,68.9172926829269,69.0430975609756,68.9340243902439,69.0463170731707,69.0428536585366,68.8185609756098,68.7599756097561,68.4696829268293,68.3301707317073,68.5981951219512,68.8756829268293,68.8463902439025,68.5058048780488,68.6131219512195,70.0662926829268,70.4951219512195,70.4975609756098,70.519512195122,70.0975609756098,69.2980487804878,68.7709756097561,68.1307317073171,67.5412195121951,66.7419512195122,67.0224390243903,67.5763414634146,68.3748780487805,67.9809756097561,67.6756097560976,67.8370731707317,68.2756097560976,68.2107317073171,68.1853658536585,67.9568292682927,68.0775609756098,68.2221951219512,68.2514634146342,69.19,70.2653658536586,70.8092682926829,70.9441463414634,71.159512195122,71.1865853658537,71.189512195122,71.4763414634146,71.7809756097561,71.5826829268293,71.8273170731707,71.1851219512195,69.6478048780488,68.5879268292683,..
United Arab Emirates,ARE,"Life expectancy at birth, female (years)",SP.DYN.LE00.FE.IN,52.034,52.794,53.765,54.642,55.775,56.894,58.184,59.421,60.539,61.829,63.121,64.31,65.185,66.47,67.239,68.035,68.816,69.535,70.28,70.965,71.67,72.006,72.604,72.876,73.412,73.64,73.775,74.513,74.648,74.788,74.922,75.04,74.99,75.524,75.595,75.633,75.343,75.534,75.676,76.193,76.617,76.998,77.35,78.521,78.784,79.033,79.289,79.52,79.75,79.982,80.203,80.415,80.623,80.828,81.023,81.212,81.396,81.626,81.79,81.907,81.112,80.937,81.412,..
United Arab Emirates,ARE,"Life expectancy at birth, male (years)",SP.DYN.LE00.MA.IN,46.613,47.606,48.646,49.584,50.967,52.131,53.298,54.424,55.692,56.956,58.249,59.478,60.683,61.656,62.74,63.484,64.229,64.911,65.589,66.199,66.865,67.496,68.037,68.317,68.824,69.075,69.303,69.768,69.907,70.09,70.262,70.698,70.831,70.938,71.027,71.152,71.365,71.555,71.704,72.348,73.166,73.388,73.631,74.984,75.202,75.417,75.639,75.825,76.027,76.233,76.459,76.665,76.931,77.084,77.331,77.563,77.684,77.871,78.028,78.175,77.464,77.216,77.72,..
United Arab Emirates,ARE,"Life expectancy at birth, total (years)",SP.DYN.LE00.IN,48.811,49.695,50.686,51.584,52.848,53.985,55.185,56.339,57.54,58.76,60.021,61.211,62.304,63.351,64.338,65.08,65.82,66.514,67.209,67.846,68.53,69.085,69.66,69.949,70.485,70.747,70.964,71.491,71.606,71.757,71.9,72.241,72.306,72.521,72.598,72.695,72.767,72.937,73.066,73.67,74.38,74.636,74.901,76.222,76.453,76.683,76.909,77.129,77.488,78.003,78.334,78.517,78.716,78.853,79.044,79.223,79.335,79.504,79.627,79.726,78.946,78.71,79.196,..
United Kingdom,GBR,"Life expectancy at birth, female (years)",SP.DYN.LE00.FE.IN,74.2,73.9,74,73.9,74.8,74.8,74.8,75.3,74.9,75,75.2,75.5,75.3,75.5,75.7,75.9,75.9,76.4,76.3,76.4,76.8,77.1,77.2,77.4,77.8,77.6,77.9,78.2,78.3,78.4,78.8,78.9,79.2,79.1,79.6,79.5,79.7,79.9,79.7,79.9,80.2,80.4,80.5,80.7,81,81.2,81.4,81.6,81.7,82.1,82.4,83,82.8,82.9,83.2,82.8,83,83.1,83.1,83.3,82.4,82.8,83.8,..
United Kingdom,GBR,"Life expectancy at birth, male (years)",SP.DYN.LE00.MA.IN,68.2,68,68,67.9,68.6,68.6,68.5,69.1,68.7,68.6,68.9,69.2,69.1,69.3,69.5,69.7,69.8,70.2,70.2,70.3,70.7,71.1,71.3,71.5,71.9,71.8,72.1,72.5,72.6,72.9,73.1,73.4,73.8,73.8,74.3,74.3,74.6,74.65,74.8,75,75.4,75.7,75.9,76.3,76.6,77,77.2,77.4,77.6,78.1,78.5,79,79.1,79.2,79.5,79.2,79.4,79.5,79.5,79.6,78.4,78.7,80.4,..
United Kingdom,GBR,"Life expectancy at birth, total (years)",SP.DYN.LE00.IN,71.1268292682927,70.8780487804878,70.9268292682927,70.8268292682927,71.6243902439024,71.6243902439024,71.5731707317073,72.1243902439024,71.7243902439025,71.7219512195122,71.9731707317073,72.2731707317073,72.1243902439024,72.3243902439024,72.5243902439024,72.7243902439024,72.7756097560976,73.2243902439024,73.1756097560976,73.2756097560976,73.6756097560976,74.0268292682927,74.1780487804878,74.3780487804878,74.7780487804878,74.6292682926829,74.9292682926829,75.280487804878,75.3804878048781,75.5829268292683,75.8804878048781,76.0829268292683,76.4341463414634,76.3853658536585,76.8853658536585,76.8365853658537,77.0878048780488,77.2109756097561,77.190243902439,77.390243902439,77.7414634146342,77.9926829268293,78.1439024390244,78.4463414634146,78.7463414634146,79.0487804878049,79.2487804878049,79.4487804878049,79.6,80.0512195121951,80.4024390243902,80.9512195121951,80.9048780487805,81.0048780487805,81.3048780487805,80.9560975609756,81.1560975609756,81.2560975609756,81.2560975609756,81.4048780487805,80.3512195121951,80.7,82.0585365853659,..
United States,USA,"Life expectancy at birth, female (years)",SP.DYN.LE00.FE.IN,73.1,73.6,73.5,73.4,73.7,73.8,73.9,74.3,74.1,74.4,74.7,75,75.1,75.3,75.9,76.6,76.8,77.2,77.3,77.8,77.4,77.8,78.1,78.1,78.2,78.2,78.2,78.3,78.3,78.5,78.8,78.9,79.1,78.8,79,78.9,79.1,79.4,79.5,79.4,79.3,79.5,79.6,79.7,80.1,80.1,80.3,80.6,80.6,80.9,81,81.1,81.2,81.2,81.3,81.2,81.1,81.1,81.2,81.4,79.9,79.3,80.2,..
United States,USA,"Life expectancy at birth, male (years)",SP.DYN.LE00.MA.IN,66.6,67.1,66.9,66.6,66.8,66.8,66.7,67,66,66.8,67.1,67.4,67.4,67.6,68.2,68.8,69.1,69.5,69.6,70,70,70.4,70.8,71,71.1,71.1,71.2,71.4,71.4,71.7,71.8,72,72.3,72.2,72.4,72.5,73.1,73.6,73.8,73.9,74.1,74.3,74.4,74.5,75,75,75.2,75.5,75.6,76,76.2,76.3,76.4,76.4,76.5,76.3,76.1,76.1,76.2,76.3,74.2,73.5,74.8,..
United States,USA,"Life expectancy at birth, total (years)",SP.DYN.LE00.IN,69.7707317073171,70.2707317073171,70.119512195122,69.9170731707317,70.1658536585366,70.2146341463415,70.2121951219512,70.5609756097561,69.9512195121951,70.5073170731708,70.8073170731707,71.1073170731707,71.1560975609756,71.3560975609756,71.9560975609756,72.6048780487805,72.8560975609756,73.2560975609756,73.3560975609756,73.8048780487805,73.609756097561,74.009756097561,74.3609756097561,74.4634146341463,74.5634146341464,74.5634146341464,74.6146341463415,74.7658536585366,74.7658536585366,75.0170731707317,75.2146341463415,75.3658536585366,75.6170731707317,75.419512195122,75.619512195122,75.6219512195122,76.0268292682927,76.4292682926829,76.5804878048781,76.5829268292683,76.6365853658537,76.8365853658537,76.9365853658537,77.0365853658537,77.4878048780488,77.4878048780488,77.6878048780488,77.9878048780488,78.0390243902439,78.390243902439,78.5414634146342,78.6414634146341,78.7414634146342,78.7414634146342,78.8414634146341,78.690243902439,78.5390243902439,78.5390243902439,78.6390243902439,78.7878048780488,76.9804878048781,76.3292682926829,77.4341463414634,..
Uruguay,URY,"Life expectancy at birth, female (years)",SP.DYN.LE00.FE.IN,71.169,71.303,71.414,71.518,71.628,71.76,71.912,72.066,72.235,72.386,72.519,72.634,72.734,72.859,72.991,73.15,73.34,73.558,73.805,74.081,74.388,74.72,75.063,75.406,75.738,76.047,76.329,76.586,76.819,77.034,77.236,77.431,77.625,77.826,78.039,78.273,78.526,78.789,79.053,79.308,79.546,79.761,79.949,80.119,80.263,80.376,80.488,80.58,80.675,80.776,80.897,81.032,81.165,81.28,81.36,81.386,81.356,81.316,81.283,81.296,81.911,79.258,81.685,..
Uruguay,URY,"Life expectancy at birth, male (years)",SP.DYN.LE00.MA.IN,64.78,64.884,64.965,65.035,65.109,65.2,65.307,65.41,65.52,65.601,65.65,65.672,65.52,65.704,65.757,65.86,66.015,66.212,66.442,66.702,66.986,67.285,67.585,67.874,68.147,68.397,68.623,68.822,68.991,69.131,69.242,69.33,69.405,69.479,69.561,69.661,69.787,69.938,70.118,70.329,70.575,70.85,71.135,71.419,71.683,71.91,72.109,72.271,72.412,72.534,72.649,72.764,72.888,73.029,73.196,73.392,73.586,73.732,73.753,73.579,74.688,71.654,74.147,..
Uruguay,URY,"Life expectancy at birth, total (years)",SP.DYN.LE00.IN,67.772,67.895,67.994,68.084,68.179,68.294,68.427,68.558,68.698,68.815,68.904,68.969,68.933,69.096,69.193,69.335,69.523,69.746,69.999,70.279,70.582,70.901,71.223,71.539,71.841,72.123,72.381,72.613,72.82,73.002,73.162,73.305,73.441,73.579,73.728,73.896,74.088,74.298,74.527,74.769,75.025,75.285,75.54,75.785,76.007,76.194,76.362,76.498,76.623,76.738,76.858,76.983,77.111,77.24,77.366,77.483,77.571,77.625,77.611,77.508,78.43,75.436,78,..
Uzbekistan,UZB,"Life expectancy at birth, female (years)",SP.DYN.LE00.FE.IN,60.302,60.589,60.964,61.378,61.84,61.996,62.338,62.758,63.173,63.825,63.969,64.391,64.727,64.61,65.066,65.175,65.701,65.578,65.815,65.996,66.169,66.413,66.609,66.826,67.046,67.336,67.701,68.002,68.173,68.317,68.308,68.109,68.036,67.734,67.621,67.691,67.764,67.856,68.103,68.438,68.76,69.126,69.601,70.067,70.548,70.301,70.585,71.034,71.445,71.572,71.813,72.225,72.47,72.841,73.13,73.324,73.505,73.773,73.815,73.883,72.789,73.39,74.293,..
Uzbekistan,UZB,"Life expectancy at birth, male (years)",SP.DYN.LE00.MA.IN,54.596,54.938,55.105,55.432,55.779,56.31,56.49,56.75,57.158,57.512,57.794,58.151,58.417,58.621,58.831,59.067,59.203,58.985,59.215,59.293,59.799,60.089,60.407,60.673,60.855,61.144,61.654,61.889,62.056,62.198,62.344,62.132,62.169,61.929,61.769,61.639,61.702,61.722,62.014,62.373,62.727,63.086,63.636,64.043,64.302,64.695,65.202,65.559,66.086,66.18,66.655,67.067,67.277,67.174,67.379,67.657,68.016,68.257,68.479,68.782,67.876,68.334,69.032,..
Uzbekistan,UZB,"Life expectancy at birth, total (years)",SP.DYN.LE00.IN,57.473,57.795,58.066,58.44,58.846,59.203,59.464,59.803,60.217,60.716,60.934,61.325,61.627,61.676,62.006,62.181,62.506,62.329,62.563,62.688,63.036,63.304,63.563,63.805,64.002,64.287,64.723,64.984,65.147,65.281,65.346,65.131,65.109,64.829,64.685,64.646,64.712,64.764,65.035,65.383,65.724,66.087,66.604,67.04,67.401,67.49,67.891,68.292,68.765,68.871,69.235,69.649,69.874,69.99,70.234,70.475,70.755,71.01,71.149,71.344,70.331,70.862,71.674,..
Vanuatu,VUT,"Life expectancy at birth, female (years)",SP.DYN.LE00.FE.IN,50.65,51.183,51.716,52.308,52.976,53.614,54.236,54.88,55.511,56.07,56.669,57.246,57.717,58.439,59.032,59.611,60.22,60.78,61.46,62.453,63.332,64.339,65.357,66.273,67.209,67.334,68.301,67.568,69.268,69.363,70.097,70.247,70.44,70.524,70.749,70.845,71.319,71.401,71.473,70.756,71.655,71.674,71.76,71.856,71.872,71.922,71.966,72.041,72.084,72.114,72.056,72.04,71.98,72.055,71.892,71.94,72.126,72.254,72.3,72.405,72.427,72.945,73.067,..
Vanuatu,VUT,"Life expectancy at birth, male (years)",SP.DYN.LE00.MA.IN,49.064,49.564,50.076,50.588,50.926,51.472,51.991,52.52,53.075,53.606,54.18,54.736,55.239,55.854,56.355,56.88,57.381,57.907,58.446,58.85,59.495,60.031,60.507,61.04,61.515,61.946,62.642,62.338,63.603,63.679,64.063,64.86,64.981,65.219,65.418,65.6,66.535,66.61,66.653,66.275,66.865,66.962,67.159,67.214,67.257,67.343,67.427,67.505,67.566,67.623,67.599,67.508,67.472,67.49,67.499,67.551,67.652,67.645,67.75,67.801,68.547,68.397,68.316,..
Vanuatu,VUT,"Life expectancy at birth, total (years)",SP.DYN.LE00.IN,49.63,50.15,50.676,51.228,51.706,52.294,52.862,53.444,54.038,54.591,55.186,55.766,56.271,56.95,57.515,58.087,58.659,59.223,59.847,60.446,61.083,61.824,62.536,63.239,63.912,64.231,65.053,64.578,66.04,66.134,66.675,67.203,67.353,67.528,67.739,67.885,68.63,68.708,68.763,68.237,68.966,69.037,69.196,69.276,69.313,69.39,69.462,69.544,69.602,69.653,69.617,69.551,69.497,69.534,69.465,69.513,69.65,69.71,69.795,69.877,70.299,70.449,70.492,..
"Venezuela, RB",VEN,"Life expectancy at birth, female (years)",SP.DYN.LE00.FE.IN,60.954,61.505,61.785,62.286,62.769,63.529,64.161,64.509,65.142,65.303,66.549,67.162,67.741,68.251,68.839,69.426,69.786,70.464,70.908,71.059,71.258,71.932,72.224,72.672,72.756,72.886,73.296,73.336,73.638,73.912,73.857,74.393,74.347,74.671,74.729,74.929,74.832,75.533,75.775,75.376,76.145,75.226,76.378,75.88,76.319,76.674,76.886,77.287,76.91,76.959,77.139,77.1,77.416,77.323,77.075,77.218,76.742,76.228,76.431,76.566,75.814,75.207,75.655,..
"Venezuela, RB",VEN,"Life expectancy at birth, male (years)",SP.DYN.LE00.MA.IN,56.539,57.463,57.448,58.173,58.605,59.141,59.627,60.335,60.868,61.276,62.205,62.854,63.26,63.776,64.364,64.877,65.452,65.618,65.895,66.268,66.419,67.096,67.363,67.854,68.231,68.404,68.869,68.85,68.967,68.906,69.293,69.385,69.373,69.314,69.126,69.484,69.504,69.994,69.725,69.295,69.073,67.526,69.188,68.292,68.95,69.138,68.894,69.129,68.325,68.523,68.918,68.983,68.949,69.297,68.887,69.041,67.757,67.935,67.832,68.034,66.739,66.259,66.875,..
"Venezuela, RB",VEN,"Life expectancy at birth, total (years)",SP.DYN.LE00.IN,58.647,59.407,59.529,60.152,60.609,61.248,61.801,62.348,62.928,63.224,64.299,64.933,65.42,65.936,66.526,67.075,67.554,67.957,68.313,68.587,68.762,69.442,69.723,70.197,70.441,70.596,71.037,71.047,71.252,71.348,71.532,71.832,71.806,71.925,71.853,72.143,72.111,72.703,72.668,72.254,72.478,71.201,72.662,71.94,72.514,72.782,72.742,73.058,72.436,72.579,72.89,72.913,73.036,73.196,72.853,73.006,72.058,71.943,71.979,72.161,71.095,70.554,71.105,..
Viet Nam,VNM,"Life expectancy at birth, female (years)",SP.DYN.LE00.FE.IN,63.605,64.305,64.489,63.518,64.083,63.801,63.732,63.58,60.83,62.449,62.557,63.02,60.184,63.02,62.56,67.84,69.097,69.374,70.051,70.337,70.478,70.691,71.399,71.443,71.597,71.665,72.424,72.584,72.766,73.523,73.697,74.451,74.597,75.413,75.582,76.251,76.348,76.379,76.761,77.023,77.114,77.309,77.504,77.718,77.919,77.988,78.06,78.212,78.237,78.266,78.264,78.415,78.422,78.478,78.593,78.656,78.755,78.72,78.777,78.888,79.92,78.235,79.29,..
Viet Nam,VNM,"Life expectancy at birth, male (years)",SP.DYN.LE00.MA.IN,55.931,56.447,56.052,54.259,54.918,54.007,53.655,53.225,48.21,50.557,50.584,51.135,46.984,51.163,49.854,58.151,60.558,60.826,61.132,61.755,61.982,62.632,62.868,62.907,63.063,63.549,63.653,64.212,64.195,64.661,64.762,65.285,65.358,65.879,65.982,66.553,66.696,67.194,67.427,67.589,67.773,67.952,68.075,68.228,68.348,68.543,68.579,68.67,68.613,68.751,68.784,68.984,69.007,69.094,69.149,69.144,69.18,69.26,69.245,69.369,70.787,69.117,69.927,..
Viet Nam,VNM,"Life expectancy at birth, total (years)",SP.DYN.LE00.IN,59.657,60.261,60.131,58.701,59.323,58.692,58.467,58.161,54.07,56.151,56.222,56.749,53.103,56.786,55.83,62.882,64.775,65.049,65.529,66.001,66.195,66.645,67.106,67.148,67.305,67.601,68.013,68.392,68.469,69.076,69.213,69.849,69.958,70.621,70.759,71.384,71.51,71.802,72.107,72.317,72.462,72.647,72.801,72.98,73.135,73.271,73.319,73.436,73.411,73.498,73.513,73.692,73.704,73.775,73.855,73.876,73.938,73.963,73.976,74.093,75.378,73.618,74.58,..
Virgin Islands (U.S.),VIR,"Life expectancy at birth, female (years)",SP.DYN.LE00.FE.IN,67.044,66.807,66.489,66.112,67.828,69.032,68.224,68.733,68.927,69.09,69.254,69.912,69.713,70.494,70.699,70.878,71.052,71.29,71.466,71.655,72.135,72.328,72.554,72.745,72.972,73.174,73.501,73.975,74.238,74.469,74.717,74.968,75.17,75.337,75.56,75.581,76.07,76.202,76.197,76.067,80,80.9,80.8,80.8,81,80.7,81.5,80.5,80.8,81.1,81.4,81.8,82,82.2,82.3,82.5,82.6,82.8,82.9,83.1,83.2,83.5,83.7,..
Virgin Islands (U.S.),VIR,"Life expectancy at birth, male (years)",SP.DYN.LE00.MA.IN,60.605,60.906,60.962,60.863,61.561,61.693,61.789,61.882,62.504,62.587,62.586,62.632,63.225,63.81,64.031,64.22,64.433,64.635,64.794,64.949,65.095,65.236,65.823,66.067,66.251,66.475,66.7,66.874,67.454,67.701,67.949,68.103,68.302,68.466,68.6,68.609,68.88,68.395,68.639,68.511,73.4,74.5,74.4,74.4,74.7,74.3,75.3,73.4,73.7,74.1,74.5,75,75.2,75.4,75.6,75.7,75.9,76.1,76.3,76.4,76.6,76.8,77.1,..
Virgin Islands (U.S.),VIR,"Life expectancy at birth, total (years)",SP.DYN.LE00.IN,63.7459756097561,63.7845365853659,63.6580975609756,63.4234878048781,64.6180731707317,65.273,64.9280243902439,65.2239512195122,65.6371707317073,65.7591951219512,65.8386829268293,66.1832195121951,66.3898780487805,67.0704878048781,67.2836829268293,67.4678048780488,67.6617804878049,67.8813414634146,68.0486341463415,68.2202195121951,68.5291463414634,68.695512195122,69.1064146341463,69.3245609756098,69.5295365853659,69.7428048780488,70.0175609756098,70.3379024390244,70.7632682926829,71.0024634146341,71.2504634146341,71.4517804878049,71.652243902439,71.8177073170732,71.9951219512195,72.0099756097561,72.3873170731707,72.2032926829268,72.3258292682927,72.1968536585366,76.619512195122,77.6219512195122,77.5219512195122,77.5219512195122,77.7731707317073,77.4219512195122,78.3243902439024,76.8634146341463,77.1634146341463,77.5146341463415,77.8658536585366,78.3170731707317,78.5170731707317,78.7170731707317,78.8682926829268,79.0170731707317,79.1682926829268,79.3682926829268,79.5195121951219,79.6682926829268,79.819512195122,80.0682926829268,80.319512195122,..
West Bank and Gaza,PSE,"Life expectancy at birth, female (years)",SP.DYN.LE00.FE.IN,..,..,..,..,..,..,..,..,..,..,..,..,..,..,..,..,..,..,..,..,..,..,..,..,..,..,..,..,..,..,69.525,69.915,70.285,70.65,70.951,71.256,71.558,71.838,72.077,72.312,72.449,72.69,72.965,73.331,73.595,73.918,74.143,74.388,74.522,74.735,75.091,75.384,75.664,75.955,75.519,76.443,76.685,76.935,77.137,77.338,76.683,75.939,75.948,..
West Bank and Gaza,PSE,"Life expectancy at birth, male (years)",SP.DYN.LE00.MA.IN,..,..,..,..,..,..,..,..,..,..,..,..,..,..,..,..,..,..,..,..,..,..,..,..,..,..,..,..,..,..,66.276,66.632,66.842,67.006,67.808,68.006,68.484,68.884,69.119,69.334,68.321,67.163,68.959,68.788,68.795,70.19,69.694,69.925,70.301,70.481,70.916,71.105,71.279,72.091,69.816,72.366,72.429,72.729,72.464,73.128,72.164,71.094,71.024,..
West Bank and Gaza,PSE,"Life expectancy at birth, total (years)",SP.DYN.LE00.IN,..,..,..,..,..,..,..,..,..,..,..,..,..,..,..,..,..,..,..,..,..,..,..,..,..,..,..,..,..,..,67.934,68.306,68.592,68.853,69.413,69.662,70.055,70.396,70.632,70.855,70.388,69.887,70.969,71.053,71.182,72.067,71.915,72.153,72.413,72.608,73.004,73.243,73.466,74.029,72.622,74.406,74.554,74.833,74.793,75.241,74.403,73.473,73.444,..
"Yemen, Rep.",YEM,"Life expectancy at birth, female (years)",SP.DYN.LE00.FE.IN,36.218,36.736,36.708,36.568,37.667,38.249,39.057,39.891,40.71,42.157,43.153,43.934,44.91,45.724,46.658,47.554,48.647,49.526,50.576,51.643,52.872,53.892,54.439,56.128,57.101,57.718,58.214,59.071,59.76,60.139,60.57,61.054,61.32,61.701,61.876,62.3,62.433,62.999,63.283,63.921,64.552,65.166,65.855,66.514,66.849,67.411,68.028,68.584,68.867,69.317,69.397,69.49,69.414,69.528,69.442,68.899,68.941,68.962,68.601,68.627,67.885,67.134,67.222,..
"Yemen, Rep.",YEM,"Life expectancy at birth, male (years)",SP.DYN.LE00.MA.IN,31.349,31.69,30.876,30.351,32.101,32.767,33.416,34.127,35.128,36.969,38.012,39.262,40.124,41.069,42.077,43.013,43.916,45.105,46.255,47.197,48.48,49.562,50.389,51.748,52.788,53.674,49.847,55.12,55.752,56.283,56.811,57.04,57.523,58.001,57.571,58.593,58.693,59.23,59.46,60.024,60.619,61.27,61.946,62.556,63.138,63.65,63.939,64.535,65.037,65.076,65.165,65.348,65.275,65.557,65.334,63.005,63.32,63.108,60.901,61.807,61.636,60.629,60.493,..
"Yemen, Rep.",YEM,"Life expectancy at birth, total (years)",SP.DYN.LE00.IN,33.678,34.098,33.615,33.247,34.738,35.373,36.097,36.866,37.796,39.474,40.501,41.542,42.46,43.348,44.325,45.245,46.238,47.286,48.392,49.394,50.654,51.709,52.405,53.923,54.934,55.693,53.819,57.096,57.759,58.218,58.699,59.049,59.428,59.859,59.714,60.453,60.568,61.119,61.375,61.975,62.588,63.222,63.906,64.541,65.006,65.543,65.988,66.565,66.963,67.196,67.28,67.419,67.343,67.545,67.384,65.873,66.064,65.957,64.575,65.092,64.65,63.753,63.72,..
Zambia,ZMB,"Life expectancy at birth, female (years)",SP.DYN.LE00.FE.IN,50.242,50.639,50.953,51.301,51.18,51.775,51.869,51.999,52.038,52.354,52.68,53.251,53.858,54.512,55.109,55.566,56.059,56.31,56.221,56.05,55.834,55.786,55.721,55.122,54.502,53.568,52.68,51.952,51.029,50.2,49.293,48.418,47.824,47.582,47.069,46.875,46.592,46.245,45.922,45.777,46.448,47.251,48.05,49.439,50.457,51.594,52.802,53.869,55.376,56.618,58.533,59.592,60.805,61.782,62.796,63.509,64.121,64.608,64.916,65.409,65.043,63.928,64.51,..
Zambia,ZMB,"Life expectancy at birth, male (years)",SP.DYN.LE00.MA.IN,47.843,48.265,48.631,48.961,48.522,49.346,49.481,49.597,49.663,49.928,50.29,50.774,51.373,52.055,52.592,52.868,53.102,53.055,52.938,52.755,52.372,52.22,51.906,51.559,50.908,50.132,49.337,48.596,47.919,47.083,46.455,45.671,45.094,44.722,44.533,44.112,43.749,43.522,43.37,43.438,43.895,44.664,45.802,47.001,48.397,49.588,50.643,51.459,52.371,53.831,54.916,55.804,56.789,57.831,58.468,58.785,59.349,59.527,59.674,60.08,59.643,58.487,59.058,..
Zambia,ZMB,"Life expectancy at birth, total (years)",SP.DYN.LE00.IN,49.042,49.452,49.794,50.133,49.849,50.563,50.679,50.802,50.856,51.147,51.493,52.023,52.629,53.3,53.87,54.239,54.604,54.709,54.61,54.439,54.143,54.047,53.859,53.389,52.755,51.902,51.061,50.328,49.527,48.696,47.926,47.097,46.512,46.209,45.854,45.553,45.233,44.945,44.701,44.659,45.231,46.019,46.979,48.284,49.487,50.659,51.795,52.739,53.945,55.3,56.799,57.771,58.867,59.878,60.699,61.208,61.794,62.12,62.342,62.793,62.38,61.223,61.803,..
Zimbabwe,ZWE,"Life expectancy at birth, female (years)",SP.DYN.LE00.FE.IN,55.245,55.564,56.016,56.471,56.914,57.385,57.827,58.062,58.344,58.462,58.766,58.961,59.17,59.34,59.474,59.465,59.486,59.456,59.497,59.708,60.783,61.652,62.193,62.677,63.456,64.272,64.897,64.852,64.339,63.573,62.539,60.908,59.28,57.15,55.288,53.203,51.245,50.366,49.311,47.459,46.476,42.487,45.792,43.956,45.49,45.592,46.394,46.336,47.774,49.394,52.24,55.438,57.723,59.533,60.844,61.637,62.416,62.956,63.594,63.661,63.862,62.045,62.094,..
Zimbabwe,ZWE,"Life expectancy at birth, male (years)",SP.DYN.LE00.MA.IN,51.251,51.692,52.142,52.639,53.081,53.537,53.947,54.302,54.552,54.941,55.268,55.411,55.616,55.393,55.516,55.639,54.419,53.19,49.932,50.392,56.62,57.002,57.548,57.797,58.628,58.972,59.161,58.706,58.337,57.3,56.389,55.325,53.659,51.795,49.987,47.978,46.73,45.707,44.449,43.068,42.941,41.473,43.334,42.855,43.499,43.925,44.291,44.863,45.61,46.644,48.948,51.103,53.355,55.186,56.637,57.32,57.956,58.208,58.968,58.644,58.129,56.232,56.428,..
Zimbabwe,ZWE,"Life expectancy at birth, total (years)",SP.DYN.LE00.IN,53.235,53.619,54.071,54.549,54.994,55.459,55.889,56.188,56.455,56.714,57.032,57.196,57.401,57.367,57.494,57.552,56.936,56.285,54.593,55.038,58.674,59.327,59.875,60.248,61.051,61.624,62.023,61.767,61.323,60.401,59.426,58.091,56.435,54.426,52.588,50.531,48.955,47.993,46.819,45.206,44.686,41.957,44.565,43.393,44.502,44.768,45.364,45.61,46.723,48.063,50.652,53.347,55.626,57.458,58.846,59.591,60.306,60.709,61.414,61.292,61.124,59.253,59.391,..
Africa Eastern and Southern,AFE,"Life expectancy at birth, female (years)",SP.DYN.LE00.FE.IN,45.7183806103453,46.1292972577211,46.4909412946769,46.7827628859112,47.3659930227457,47.4315748953934,47.1258497641414,47.8494622888679,48.1537951452528,48.3984188275567,48.6802503884794,49.2149188894605,48.9222235916987,49.6147439265389,49.5094491431638,49.6397126459819,50.3482371814988,50.7009043204917,50.9451037231998,51.381407004996,51.744969020481,52.2535145111896,52.5234672939039,50.9178335273521,51.0189431901392,51.3236669479768,51.9701115816253,52.5447534813222,51.9094744446538,53.031121503317,53.0154590926943,52.6897654753135,52.3078901496802,52.6587546444537,52.9754085260823,53.1581349329774,52.9502785860664,53.0452487595542,52.6272964420778,53.4175917611146,53.689093328962,53.801446551387,54.134051954363,54.5181083792838,55.0353672802238,55.7288671724384,56.6829677939425,57.5396027311893,58.3838027522857,59.4558100308572,60.3106938233364,61.3009942994997,62.1485679941848,62.9362484750484,63.6414298143848,64.1908027699345,64.8677865156219,65.3050724959961,65.829088628751,66.2188587324487,65.8320081962448,65.0731702843972,65.4803533661015,..
Africa Eastern and Southern,AFE,"Life expectancy at birth, male (years)",SP.DYN.LE00.MA.IN,42.5602949585578,42.7616399520665,43.1339795168371,43.1728629205419,43.7296025998833,43.7008034806713,43.5116314766805,44.1278125970815,44.4157229468358,44.5898689090631,44.8784551340603,45.3150875024332,45.0229318794421,45.9296549811417,45.863655932104,46.0487275134945,46.5146603958488,46.7349929136487,46.7622434222984,47.3022339832394,47.7067618942431,48.0627670301996,48.2900373793417,46.7380897461283,46.5618710723403,46.9546119543398,47.5446383841955,47.8264516551639,47.0262894773168,48.4875758703293,48.3459951462226,48.1985984446313,47.7267560714986,47.9993256128835,48.8744590625051,48.8904288904713,48.6999104430931,48.9188537651709,48.0859162453361,49.1267600130946,50.2547608863082,50.5899706750944,50.9539809713729,51.5135850255003,52.0293737035826,52.6776403219842,53.5863992310527,54.2959282076393,54.9390047183762,55.7552637680583,56.4780753734213,57.2591874704967,57.9313258076774,58.4727165568316,59.0304872456788,59.5194396829735,60.0237723977828,60.5404215087662,60.9076769049659,61.2906389488368,60.8146701583646,59.8897971445722,60.3523788451447,..
Africa Eastern and Southern,AFE,"Life expectancy at birth, total (years)",SP.DYN.LE00.IN,44.0988346574946,44.4010825990948,44.7680371229247,44.9256895261074,45.4989334455041,45.5128196460663,45.2633977563552,45.933042084943,46.2297546143925,46.4369445994896,46.7237104209166,47.2096723541213,46.9131578868382,47.7227078348149,47.634362103647,47.7928785363976,48.3734725574753,48.6567618954082,48.7818960036143,49.276900488754,49.6549140809389,50.0826228610725,50.332663365642,48.7581628368325,48.7159952357098,49.0802740588675,49.711445017772,50.1153864946532,49.3745310521698,50.7210010151314,50.6426642532672,50.4160601855954,49.9744692157867,50.2879424632518,50.9163898482077,51.0160366829441,50.8193448001414,50.9819695299728,50.3271067293877,51.2588743824657,51.9869885599603,52.2122393978731,52.562781272505,53.0363011425306,53.5518823827268,54.222949970966,55.1577194111152,55.9378377180117,56.6807366036655,57.6215135090088,58.4103157038398,59.2933194096367,60.0515270441404,60.7100282590173,61.338812803717,61.8568558505819,62.4446410966273,62.9248101271544,63.3670367555538,63.7547521666693,63.3097935065176,62.4490927859627,62.888463228983,..
Africa Western and Central,AFW,"Life expectancy at birth, female (years)",SP.DYN.LE00.FE.IN,39.3819397324622,39.7006434554469,39.9301787734606,40.2771815681766,40.6022183174802,40.8355355489128,41.0249085983126,40.9892522366126,41.5576570248079,41.7739192767344,42.196607048532,42.6612168743179,43.3502461974392,43.905766383277,44.5546507976684,45.30295124565,46.1760096374498,46.9594197893252,47.5839063087263,47.9946974373954,48.3617484151132,48.5967959429787,48.8477268076501,49.1053104503386,49.248949524831,49.386231767218,49.4037571551866,49.7173390112151,49.9419565510783,50.1327376918039,50.2100772739328,50.1415047502676,50.2327534315054,50.3073352424803,50.1071821668765,50.2075182760312,50.3227036427216,50.4787399427165,50.5604161333254,50.9709805547235,51.3481330502988,51.6418329830857,51.9977545033379,52.4870424489997,52.8494605929607,53.3543262063971,53.7850741295676,54.1960478346249,54.481851077747,55.0189555189604,55.3787498107006,55.858945161151,56.1890973905442,56.5430841756786,56.8036842024315,57.084296714422,57.3627853982713,57.7587147653833,58.0308383224671,58.4672093555778,58.2774227756937,58.0355973495197,58.6579867666634,..
Africa Western and Central,AFW,"Life expectancy at birth, male (years)",SP.DYN.LE00.MA.IN,36.4511437792434,36.7655625095666,37.5724331059489,37.8834204973638,38.1047726654254,38.4295847541566,38.6770147505216,38.0206450947149,38.6675066982821,38.9716057730838,39.888699666817,40.4625639908436,41.1593530264755,41.8113766630961,42.4460873546862,43.1069832631498,43.843780331215,44.4981809828182,44.979854215574,45.378967662117,45.6974832095768,46.0258240833146,46.2400172663081,46.496753547998,46.64483339943,46.6889790196847,46.759515793037,46.8055135028763,47.1162850636386,47.2787232299219,47.1476143293298,47.2132679642094,47.2697999500173,47.3824311654883,47.2753456696061,47.3764645699886,47.5018658698367,47.6878073657038,48.0881393858714,48.5108848651762,49.0579325686845,49.4450932210912,49.8102941348902,50.2692998409925,50.7293597379121,51.2668616991063,51.8020925272201,52.2229679060775,52.7038596043582,53.203597449946,53.6199917820905,54.0610174696902,54.379432365001,54.6891975411612,54.9268349333591,55.1905687032449,55.6735147932303,55.9002919614185,56.2331202844031,56.5421774937958,56.1059515071883,55.8809373327667,56.5394566304979,..
Africa Western and Central,AFW,"Life expectancy at birth, total (years)",SP.DYN.LE00.IN,37.8461448646215,38.1654784289766,38.735787780386,39.0632725540672,39.3336214025603,39.6148800512706,39.8334838254132,39.4664255775905,40.079451356643,40.3428762411137,41.0264462919236,41.5478793286299,42.2412818905548,42.8467256024502,43.4889566326111,44.1926524188677,44.9949371531161,45.7121044692586,46.2620158285345,46.6662528597166,47.0082528222236,47.2904945436797,47.5231171781545,47.7792167536058,47.9262469812669,48.0156962385444,48.0603454125909,48.2294948653642,48.5046775106467,48.6802055068787,48.6382071671291,48.6487275119259,48.7214875525413,48.8153268531754,48.6646959581531,48.7647547169262,48.8852453235501,49.0580730718397,49.3098982631757,49.7264291205473,50.1945948063255,50.5373460326681,50.8980860716975,51.3716140688607,51.7847675047307,52.3080634425999,52.7925368799009,53.2089984184716,53.594145375776,54.111707721701,54.5004658348663,54.9601717528254,55.2839404862512,55.615140332255,55.8636648083814,56.1352747821566,56.5180855505093,56.8266341483196,57.1297073906826,57.5002948387114,57.1806707191864,56.9464748071321,57.5891064273872,..
Arab World,ARB,"Life expectancy at birth, female (years)",SP.DYN.LE00.FE.IN,46.7250164776333,47.4405193832305,47.9504858779292,48.6368202898635,49.5029745516369,49.860210879552,50.1380692261706,50.6580971862064,51.1151961956623,51.5397988545645,52.0435390694938,52.945996611956,53.4789309079521,54.2592443314709,54.8517562868725,55.5111052057507,55.8027445609254,56.9458881385654,57.7175796196713,58.4546235392834,59.2323920401002,59.8219800961337,60.330513613191,61.0212886902112,61.6950546549705,62.4137724450024,63.6104354704333,63.5142094460222,63.1905482385638,64.5713180438237,65.0505978834128,65.0630083805324,65.294290964434,66.297719196119,67.23981491578,67.2468572563796,67.5704989065533,67.8897993092731,67.7456520444431,68.6640303462657,69.1721711457912,69.4961511586826,69.8115035569524,69.8581483471187,69.9913199149518,70.2970466223243,70.7615527190962,71.1254347134589,71.3180879009155,71.7407928823777,71.9265809990946,72.1685796682302,72.1998247836186,72.292240737756,72.6001721152834,72.7696781440522,73.1181676225984,73.6220471601586,73.7149602224065,73.8040078868145,72.9973301088014,72.8410268335041,73.2311980848809,..
Arab World,ARB,"Life expectancy at birth, male (years)",SP.DYN.LE00.MA.IN,43.3096156379346,43.9927016460681,44.3841892225619,45.3756191059302,46.3596047257401,46.6595364638116,46.8177901142287,47.2031274726713,47.7800206153831,48.0919221993689,48.6217202035,49.6094381476251,50.1830871932326,50.7628151620451,51.4524025776511,51.838857174598,52.3018579055577,53.5944284335778,54.3394214189743,55.0360301634168,55.2570641088027,55.505606834999,55.7276288978538,56.4374915980176,57.1311240736593,57.8787899395672,58.7440743822818,58.7210204129392,57.9655649524969,60.1921180012591,60.6091018937321,61.0285575199668,61.339451718788,62.323952768912,63.5133800356132,63.1964054463201,63.618843603339,63.8804495582238,63.6374292965026,64.8917955523936,65.2538183942924,65.60475495456,65.9114770744678,65.7545928291419,65.7149920104038,65.9579263561416,66.341913288846,66.7036119152961,67.1618932656672,67.7416786784319,67.9444792582906,68.1696137070329,68.0413927653787,68.0409336720486,68.3373171690764,68.7038166769016,68.7803631710269,69.2315817199891,69.4507926696963,69.7307525552496,68.7930353627337,68.6557218437547,69.1048829270716,..
Arab World,ARB,"Life expectancy at birth, total (years)",SP.DYN.LE00.IN,44.956530676025,45.6591082263053,46.1004575327492,46.954091277091,47.8869624644942,48.2126925149048,48.4252413490845,48.8735576334782,49.3965755885973,49.76045731841,50.2795624787046,51.2321689500779,51.7894061377705,52.4619403843252,53.105691924249,53.6080179084914,53.9827614590193,55.2340672023999,55.9903686792533,56.7079014210182,57.1732662041854,57.5541012674757,57.9004131648282,58.6101247018123,59.2956867170174,60.0332144096784,61.0493688964207,60.9742621494447,60.3543194945362,62.28046614793,62.7293691855754,62.9713453378905,63.2352313770054,64.2297250080663,65.3257213637349,65.1530659868971,65.5277770689507,65.8137717257096,65.6001140162629,66.7167582232366,67.1485946556839,67.4878677120796,67.7989922635794,67.7264643995005,67.7617899778175,68.0313106881606,68.4456152626276,68.8044771777513,69.1498701706848,69.6659899107086,69.8629076501434,70.0929500756869,70.0306813523565,70.0635094909116,70.3670416519851,70.6438916772436,70.8430191114354,71.3208697263729,71.4885385070567,71.6884184364112,70.7942234312115,70.6523470396568,71.0781699371824,..
Caribbean small states,CSS,"Life expectancy at birth, female (years)",SP.DYN.LE00.FE.IN,61.2834977839326,61.6494168782223,62.6498157187731,63.1470986202329,63.9090775365931,64.2964463682764,64.6342625973124,64.9926184986305,65.2397179772678,65.4982452938257,65.7965790670459,65.8687530861685,66.1632946224361,66.3662967004129,66.6590924486401,66.975510996526,67.2235415525692,67.4093008811853,67.61580693969,67.7559905615347,67.9798243979085,68.2043257481278,68.3622780533393,68.6056608857529,68.8959594524525,69.0267823165237,69.3072814852582,69.401188169298,69.6318237698833,69.7769071540714,69.9403136289107,70.1247617072212,70.4002841397727,70.6433707061161,70.8307264548949,70.8249403085513,70.9787616873059,71.0085149502049,71.1855222567746,71.3115953195267,71.5629086434624,71.7646097195987,71.9144458519685,71.9447298127192,72.2918786656715,72.6637057776183,73.1106417218852,73.4986253440428,73.7838556975397,74.1096295113255,74.3092205086215,74.3791463935524,74.4940907130866,74.5765214078143,74.7829504518447,75.0397240422765,75.3988047579165,75.6425153689935,75.9545123769237,75.5048308955984,75.6609207950503,73.715178316639,74.2479095096236,..
Caribbean small states,CSS,"Life expectancy at birth, male (years)",SP.DYN.LE00.MA.IN,56.8853306096592,57.2494673764152,58.1647098616444,58.6280491934214,59.3017910667851,59.5704080461049,59.8373621340442,60.1622762686364,60.4972374132747,60.6865131215705,60.8634370716178,61.0195266327316,61.1737968599787,61.3122573454251,61.6269768637838,61.8682909895797,62.0639519846576,62.2002556016061,62.4016091867026,62.5930798317798,62.8346097505374,63.1309907564199,63.3903426487735,63.3544956945859,63.766173750497,63.8548260347564,63.7721660315635,63.8896905891948,64.0818406433268,64.2920259508885,64.504828345176,64.5273956269471,64.7551776545519,65.0263111534315,65.1565702999215,65.0608473800652,65.0543592779723,65.1484441350959,65.3122488810906,65.492521945705,65.6652172756549,65.7643762351454,65.8695571257176,65.9092230533221,66.257688994229,66.5709265176464,66.9569064071007,67.3648335090265,67.6240393985059,67.8974447884534,68.0625878066547,68.1979811375656,68.3752382171207,68.4757458039763,68.63350409086,68.8563185898582,69.1670949402411,69.3662451906393,69.5738157230501,69.358409627634,69.128543555025,67.3773205561212,67.8828172966662,..
Caribbean small states,CSS,"Life expectancy at birth, total (years)",SP.DYN.LE00.IN,59.1330649391125,59.4928678435556,60.4498088338893,60.9275851974967,61.6409802744998,61.9567769083747,62.2537076912198,62.5890349503423,62.8752147188978,63.0955028423506,63.3214607875572,63.4335761106257,63.6476534894799,63.815698839095,64.1195620764726,64.3935277534626,64.6113295956816,64.7662101942431,64.9636383641551,65.1257151032198,65.3539344455359,65.6145585091751,65.8239961627778,65.9139115456371,66.2795836198836,66.3834348571443,66.4749780884321,66.5816944289879,66.7974415267124,66.9817762972306,67.1745534612345,67.2701421608929,67.5186693647122,67.7806561199174,67.9383383598637,67.8806061982255,67.9413164509448,68.0002541797462,68.1689945501398,68.3260491840518,68.529433328845,68.6723298562476,68.7952478181172,68.8269827831261,69.1703654222798,69.5151852427645,69.933254888585,70.3347302275271,70.6071210873963,70.9050002390023,71.0835912783944,71.1907488434047,71.3416591239405,71.4361122077388,71.6230256687485,71.8674733623341,72.2071551824674,72.4332461951409,72.694576053522,72.3592307062763,72.308759597255,70.4450018132098,70.9840247794591,..
Central Europe and the Baltics,CEB,"Life expectancy at birth, female (years)",SP.DYN.LE00.FE.IN,70.4510898583504,70.8172534199897,70.3060743443584,71.3453297838873,71.833586677357,72.0066109845673,72.5981718069593,72.2236305792835,72.575193085995,72.1855658311556,72.4929121922847,72.7949302857222,73.1800162790049,73.3639607936373,73.5707257280725,73.5221719551805,73.7326505439414,73.7621256805195,73.7038228532167,73.8799757762549,73.6356658298996,74.1123325058065,74.1980751162402,74.2272004506223,74.2206014547841,74.1910539597676,74.4004666161818,74.4815673148026,74.7522119824118,74.7386824079113,74.817385862465,74.7871295132972,75.0187695288639,75.1317701004241,75.2160790167124,75.3841359333245,75.5773485998969,75.7420744309172,76.0906450094036,76.3480436396729,76.7805047870376,77.1317241142651,77.3331692070385,77.4583004054232,77.806369589068,77.9540501458372,78.1945594857095,78.3166323188602,78.6222449479309,78.9536629581902,79.2834061302534,79.9013520114775,79.9294182027301,80.2045726539267,80.5177009809283,80.3708054916155,80.8208617913342,80.6925254393594,80.7798492128484,81.0147967158528,79.9727142372597,78.6192840951481,80.5554749529329,..
Central Europe and the Baltics,CEB,"Life expectancy at birth, male (years)",SP.DYN.LE00.MA.IN,65.5524312206216,65.7942689289072,65.2138657862777,66.1464817341095,66.6490488512095,66.7833988850513,67.1947912015196,66.5759477430844,66.6936047378132,66.0872075324964,66.3324091518664,66.3780417139938,66.9081648445953,67.0039201782783,67.2992039734747,67.0007871768095,67.0822603980071,66.905893652788,66.76544688267,66.7988466129373,66.331148492531,66.8209433057744,66.901261403306,66.7448224201334,66.6710727098893,66.6258849966539,66.9164507252357,66.9294736001305,67.1593036715871,66.9202868339584,66.6983073257064,66.5705110203849,66.6599854861656,66.7758326009975,66.7431675128586,66.8868514680046,67.3069325280355,67.503605661782,67.9151476869194,68.227672314824,68.8613741867513,69.2641276785198,69.3576910609512,69.510788169428,69.8587326893006,69.9441842993748,70.1983899353614,70.3914854787708,70.7346174109744,71.1109673472243,71.5056644791329,72.0776036485943,72.2555011088081,72.6982716937089,73.0269740532731,72.9627830603576,73.3109908931867,73.3512163372012,73.3617171071998,73.7026342862768,72.3806324177814,71.154094439849,73.2035432240275,..
Central Europe and the Baltics,CEB,"Life expectancy at birth, total (years)",SP.DYN.LE00.IN,67.9339519629045,68.2359322349445,67.6901619835113,68.6740026282383,69.1702269896561,69.3234595907427,69.8234553673133,69.3242744755165,69.5551095617349,69.0547392575317,69.3304152082525,69.5014811371977,69.9606341578404,70.1002774522687,70.3520863206519,70.175972670731,70.3205898664644,70.2459730644075,70.1446657622575,70.2477610926432,69.888984623612,70.3720501777774,70.4554733187317,70.3897851694296,70.3491148561342,70.3128834663237,70.5651360397443,70.6117633312342,70.861708225052,70.7319722597485,70.6563313372586,70.5752213034774,70.7328371314157,70.8459866151448,70.8695439447473,71.0254214282891,71.3360580189951,71.5172580696822,71.8982376759956,72.1845610740875,72.7197247227791,73.0961481937343,73.2424154880921,73.3822527825258,73.7304349327381,73.8449951359211,74.0926027308098,74.2506487210769,74.5759526780779,74.9303639266576,75.2939657786314,75.8884748834282,75.9934242014194,76.3550009989144,76.6753382623867,76.5715240168426,76.9691216017019,76.927648854983,76.9757647744597,77.2655334303509,76.0802066283339,74.7920383016387,76.7857380588102,..
Early-demographic dividend,EAR,"Life expectancy at birth, female (years)",SP.DYN.LE00.FE.IN,47.3492825543841,47.8400043752406,48.2658620384259,48.6489570420966,49.1796876186133,48.4432638608879,49.2839115852911,49.9973566548393,51.0321785009528,51.4768507790586,51.4093830651762,51.337880353257,52.692040936079,53.1983621351041,53.6500085222923,54.1077785811973,54.7056576072179,55.4390398507712,56.0409957597522,56.7199027431315,57.3376138746895,57.9041671834583,58.465703862667,58.926778143403,59.47886149278,59.9861301697562,60.4792904402794,61.0671004459252,61.5366124033273,61.9524267872782,62.3396356895895,62.6431673390993,63.1373881361641,63.3994869380368,63.6153269326335,64.0127111174897,64.2910603427056,64.7619519665722,65.1927187822124,65.6750289476966,66.043019507403,66.4034875791633,66.8362816547984,67.1973354589728,67.4305858556524,67.9586876844215,68.4541168254961,68.8008784862196,69.0262370793823,69.5546077158432,69.90762373339,70.3629105995586,70.7907492094548,71.2236697323306,71.5597142540734,71.9103756289097,72.2598772139096,72.5844614751314,72.8565171540004,73.1026271322587,72.2650308565377,70.7167744956463,71.5132859915439,..
Early-demographic dividend,EAR,"Life expectancy at birth, male (years)",SP.DYN.LE00.MA.IN,46.5174825096625,47.0041674959132,47.4316453710103,47.8439087665475,48.2906915555243,47.100025591148,48.2131891158786,48.8703251351111,49.920715040103,50.3284609624879,50.287319311203,49.2302228523596,51.4799732620893,51.8957116065871,52.3477615967152,52.7458197727079,53.2083451575882,53.6862850821473,54.0783160119179,54.5751836758279,55.0456490703571,55.3681205046288,55.7920355771737,56.206175091378,56.7890098870991,57.2998524104862,57.7380452203797,58.3206019655072,58.6663302509276,59.1267251734858,59.4569522112322,59.7511577147691,60.2308753422458,60.5198341898939,60.7978772765743,61.2139081631281,61.5438136637226,61.8863652011152,62.3067560733543,62.6999854847785,63.0399392372058,63.3174636926385,63.6962647911261,63.9349742920507,64.1428734538208,64.5178177928735,64.8315087011909,65.0701545968905,65.2366890941595,65.6055946273722,65.9260893021592,66.3214115340064,66.6644087555741,67.028455829321,67.5055706884987,67.9174407690654,68.2554859582042,68.5669779785593,68.7928071670412,68.9853208004951,67.9108900329131,66.3427582573461,67.1951524845311,..
Early-demographic dividend,EAR,"Life expectancy at birth, total (years)",SP.DYN.LE00.IN,46.8963982150986,47.3859751620078,47.8123280853967,48.2117748448737,48.6984805506026,47.7079237730153,48.7084558925727,49.3928242399548,50.4338518407553,50.8585292499905,50.7941722354111,50.1586014320995,52.034935016335,52.4928551156568,52.9456929268079,53.3690511596711,53.9012888691195,54.5027405107184,54.991073405541,55.5758138546225,56.1200706671,56.5527816109673,57.0429290542641,57.4831018452228,58.058243210525,58.5736067585887,59.0398791435185,59.6279662274122,60.0329391202536,60.4736889770084,60.832948466219,61.135717850902,61.6248725971905,61.9035114615237,62.1574759886613,62.5672480171062,62.873279581685,63.2805520456161,63.7081850645253,64.144948297748,64.4993929013545,64.816342258075,65.2219575008991,65.5175243748406,65.739233734547,66.186484967331,66.585263294402,66.8744587709832,67.0688894169284,67.5146086627473,67.8509663886902,68.2759115913423,68.6573726657165,69.050820416687,69.4686352274776,69.8536662281089,70.1983596635622,70.5180253492573,70.768483000209,70.9856503544998,70.0017730020499,68.4344066377972,69.2787025969777,..
East Asia & Pacific,EAS,"Life expectancy at birth, female (years)",SP.DYN.LE00.FE.IN,43.4793565729879,48.5932580999892,55.5840650840616,56.135939722602,56.8442284257701,57.0518610692618,57.9157332473145,58.7155564843629,59.1531790249684,59.7706753941943,60.390789925134,61.1653842714874,61.7504635722667,62.6035375696323,63.2872055980378,63.9758405496902,64.7188016360391,65.4776318452136,66.1212721552124,66.7175966763387,67.2108751709993,67.6881119483479,68.1713997079854,68.58447863934,68.9660992505638,69.3363422951932,69.7221812776914,70.0738618696096,70.3385833602193,70.6625146141658,70.8352973841659,70.8974437238531,71.4187377110104,71.971514128451,72.1526829826683,72.45148666808,72.6988615318153,73.0665631540037,73.5451548255902,73.6058697813371,74.0483730174862,74.8358044031724,75.1468269655445,75.6192791358758,75.6615393609569,76.1801091006784,76.5282460714506,76.7932176325163,76.7017240303735,77.3115764322961,77.4896436345388,77.7270420190193,78.0138427178915,78.2772315120392,78.518448477781,78.744357983598,78.9681214956037,79.1764236621758,79.4632122929022,79.6395926003866,79.6798798248782,79.3060764982941,79.6943259808968,..
East Asia & Pacific,EAS,"Life expectancy at birth, male (years)",SP.DYN.LE00.MA.IN,39.9491005829438,44.7225739667742,51.1631238216418,51.6662555655249,52.3317271075829,52.0937076016533,53.3238355770482,54.1658130668997,54.5655159677616,55.2104204307089,55.8215266418082,56.6764252246772,57.2018347489128,58.0248299857631,58.5578455767937,59.3037890965639,60.0776209179335,60.7430306717331,61.293080712611,61.8673592416725,62.3394187223123,62.8279806052186,63.2812387032329,63.6296272026,64.0297436426238,64.3915177696764,64.7056333382889,65.0421762665965,65.2703905332465,65.5862739074779,65.8257783003317,66.1874272421801,66.6084833458872,66.9551133827079,67.2993735864047,67.514276917104,67.8299165359337,68.2042487660369,68.5090091277272,68.8258406148973,69.1681504805793,69.5351367260553,69.8955800704995,70.2577149284143,70.4041329738516,70.8458822315387,71.1992175905248,71.4272270373696,71.451975598629,71.9023689862608,72.1205861735831,72.3529306237315,72.5843939376035,72.8167643238891,73.0748612978934,73.2851363733623,73.4438961125378,73.4174093527638,73.860784063262,74.0840704760994,73.986163748386,73.6379403794501,74.2165262692414,..
East Asia & Pacific,EAS,"Life expectancy at birth, total (years)",SP.DYN.LE00.IN,41.6293875457188,46.570477231332,53.2829224583299,53.8132837089026,54.5046727422066,54.4662073317353,55.5425422069805,56.3695122268678,56.7860707168046,57.4241620520476,58.0372994291342,58.8612185945223,59.4131177756628,60.2586550812969,60.8605958300578,61.5837247255998,62.3526508649367,63.0636128944123,63.6554959633338,64.2420179977229,64.7260770094638,65.2093357252874,65.6777810327496,66.0562047747107,66.4478443701777,66.8138005145476,67.1614479389,67.5047923080735,67.7495198157525,68.0698829127503,68.2770096563043,68.4985516005047,68.9659388214766,69.40837105221,69.6746548968589,69.9225607333859,70.2041681040451,70.5754001616502,70.9595752411555,71.1564174399144,71.5435259467311,72.1034922611085,72.440794897004,72.8562085182419,72.9535250359436,73.4312728198041,73.7841091003782,74.0273710660763,73.9982649606599,74.5244268119366,74.7255325654349,74.9616448679129,75.2190990639431,75.4674882849853,75.7193152200331,75.9365967944783,76.1259565165813,76.2011424337729,76.5829004467556,76.7873101376072,76.7488995392737,76.3821728663599,76.8908803193648,..
East Asia & Pacific (excluding high income),EAP,"Life expectancy at birth, female (years)",SP.DYN.LE00.FE.IN,39.359135004169,45.1930375240366,53.3109662868187,53.820667886327,54.560927183724,54.7734335948289,55.6966066682415,56.5396559566965,57.042879378932,57.7185798461848,58.4591463385836,59.2522181777087,59.8915777455765,60.8597180478873,61.6067522981106,62.327657560044,63.1331852241514,63.93703390439,64.6284694946196,65.2533378706832,65.8182213492813,66.3160709680803,66.8122741959814,67.2687026379538,67.6497499997177,68.0362121325919,68.4298057022897,68.7838942286466,69.0895066503188,69.411677404412,69.5853281982878,69.6254630765467,70.2054221235955,70.7956328035011,70.9568207124614,71.3095981205859,71.5190863030934,71.9019717575389,72.4216309946151,72.4890875795914,72.9227603558682,73.7702594798754,74.0924416821237,74.6045271860713,74.6182355553786,75.1976391917561,75.5466819105304,75.819301680335,75.698048525823,76.3410322063712,76.5442122644259,76.8257626650184,77.1108636697892,77.3801526580438,77.6306999073939,77.863930173501,78.1053703268083,78.3227231058207,78.6359077412404,78.8064585074193,78.8255641027254,78.4251474924932,78.933194601676,..
East Asia & Pacific (excluding high income),EAP,"Life expectancy at birth, male (years)",SP.DYN.LE00.MA.IN,36.292248660247,41.6834538950556,49.1214575744246,49.6114606771694,50.3179082432049,50.0162784427521,51.3769468716494,52.2721745098295,52.7397894257764,53.4606142729939,54.1517572068038,55.0415332668304,55.6110327345607,56.5355876098692,57.0958795568203,57.8861672597227,58.7272146430509,59.4363724932739,60.0297292536251,60.6366532423323,61.1665299901187,61.6711637465895,62.1424027622313,62.533388184549,62.939259938877,63.3142664027909,63.6207057244599,63.9623632266525,64.2198826110172,64.542595714845,64.8011952342247,65.1812447370655,65.6546274913874,66.0237832672066,66.3815579856701,66.6329829245713,66.9249871510877,67.3126349901869,67.6438405110963,67.9878356044156,68.3096447458281,68.6780266780576,69.0460703693913,69.4376858663652,69.5699223477954,70.0570352641031,70.4064503315418,70.6280758464909,70.6394931317184,71.1057370874357,71.3480677092267,71.6044965555824,71.8193980979669,72.045352996033,72.3068474514982,72.5147152450694,72.6761676776384,72.6248284735727,73.1055260450311,73.3270835511054,73.1968016717522,72.8235698167646,73.5281420063673,..
East Asia & Pacific (excluding high income),EAP,"Life expectancy at birth, total (years)",SP.DYN.LE00.IN,37.7417323353418,43.349585159497,51.122702473294,51.6267704361955,52.3556516215527,52.2833100998738,53.4602799330428,54.3365551239729,54.819564101933,55.5264941583802,56.2386775052925,57.0908787539551,57.6913732444343,58.645973847246,59.2916610965399,60.0539870936701,60.8894925974368,61.6447510656186,62.2816138875378,62.8990648075208,63.4479070749279,63.9494616384152,64.4335511499068,64.8547562620977,65.2492564298935,65.6299577153093,65.9771757787291,66.3241497383691,66.6035697066155,66.926648106124,67.1441026263533,67.3653945472728,67.8879007280359,68.3593228446173,68.6232809042221,68.9151729979981,69.1663501017191,69.5519287680836,69.969061925845,70.184108948619,70.5558037339519,71.1438575473753,71.4907761253985,71.9405074047613,72.0169594254703,72.5473995932714,72.8988624538219,73.1422066086382,73.0922606113006,73.6424004125225,73.8683724414574,74.1383147533489,74.3861738297176,74.6341516425625,74.8924578087216,75.1119119727131,75.3109651737337,75.3757926446065,75.7914160224627,75.992673092087,75.9260975082288,75.5328901017944,76.1676968092332,..
East Asia & Pacific (IDA & IBRD countries),TEA,"Life expectancy at birth, female (years)",SP.DYN.LE00.FE.IN,39.1182953228108,45.0273962850857,53.2585076077822,53.7673921866555,54.5088825362851,54.714432759553,55.6396905850527,56.4823855416958,56.9813000233271,57.655833459979,58.3968959163361,59.1924454889317,59.8310068268278,60.8040615675448,61.5530011492515,62.275524301486,63.0840762040014,63.8915926777364,64.5841612171566,65.2098265273218,65.7746544268709,66.271406299086,66.7664849259804,67.2210708813185,67.5992537017684,67.9831872829697,68.3744106567827,68.7283703473649,69.0319812917877,69.3540471846944,69.5261991001936,69.5642440773187,70.1436064291842,70.7188509921177,70.9017803259582,71.4080836919849,71.6200021386816,72.0079019713331,72.5361233401161,72.6070611712077,73.0475179456088,73.9069347353668,74.2328804421997,74.6249066160837,74.6411845375368,75.2311781418457,75.5883042851445,75.8674067396475,75.7441628844554,76.3856444003756,76.5842009225614,76.8623908732863,77.1434731606419,77.4074768022475,77.6537950946288,77.8944503151334,78.1389174855505,78.3575198861823,78.6745252230098,78.8463051792392,78.8652689751111,78.45946390035,78.968852628486,..
East Asia & Pacific (IDA & IBRD countries),TEA,"Life expectancy at birth, male (years)",SP.DYN.LE00.MA.IN,36.1057525909136,41.5528299097123,49.0755163421551,49.5649404050511,50.2736976664796,49.960226434474,51.3287855882978,52.2258837357817,52.6901568663225,53.410902116993,54.1037715816602,54.997833788934,55.5676128472976,56.4976409022651,57.0587526259232,57.8529682963226,58.6971619374497,59.4097633977968,60.005418919371,60.6154478160668,61.1473878066443,61.6535036093312,62.1256575061555,62.5166794341693,62.9226475690443,63.2977303830252,63.6040569103074,63.9479018998586,64.2060524260974,64.5318850430287,64.7938199596421,65.179404715885,65.6545796469075,66.0237338174021,66.3979232331692,66.7611228926668,67.0547726197475,67.4460850213632,67.7807548325048,68.1283205763476,68.4531122179061,68.8249087057332,69.1955060666517,69.4929885571319,69.6264990566124,70.1197915142786,70.474278913453,70.6992382042221,70.7090773909256,71.1724491566586,71.4078642915169,71.6595117384279,71.8674443111261,72.0862764365069,72.3413590632262,72.5484127800657,72.7104275137273,72.6547597493916,73.1394001359856,73.3597696188019,73.2258761665043,72.8477040368867,73.559194237421,..
East Asia & Pacific (IDA & IBRD countries),TEA,"Life expectancy at birth, total (years)",SP.DYN.LE00.IN,37.5256321802282,43.1983989777849,51.069647018581,51.5729820852689,52.3036142955914,52.2210545888523,53.4036436468379,54.2806664024958,54.7596250102119,55.4659093416055,56.1790097853319,57.0346553347566,57.6346719095248,58.5944403815061,59.2411792556756,60.0062886345683,60.8448526669293,61.6035086961156,62.2418809671331,62.8612120230724,63.410957908361,63.9125753371992,64.3964070687131,64.8164897109735,65.2094332935119,65.5886985056448,65.934395563677,66.2821827773626,66.5606227696111,66.8849559345049,67.1031100749538,67.3259807410051,67.848610967274,68.3122883000255,68.595179477034,69.0224999337627,69.2758615273359,69.6659731353616,70.0891615460047,70.308126869104,70.6848209046891,71.2804248478044,71.6307845906158,71.971708616841,72.0505377118156,72.5897464292493,72.9482871770248,73.1968849280381,73.1455234050502,73.6926234336126,73.9125304840526,74.1786284370003,74.4212246108393,74.6634234189748,74.9170247776698,75.1411643130826,75.3423751612976,75.4057549374554,75.8258469794039,76.027482558625,75.9591028350983,75.5608849842264,76.1999855810352,..
Euro area,EMU,"Life expectancy at birth, female (years)",SP.DYN.LE00.FE.IN,72.0230524049403,72.5020957928621,72.5245620810452,72.7385684055366,73.3592612686433,73.4541934055634,73.7346285101768,73.9614700468278,73.9061328913005,73.9032274309948,74.3321916912721,74.5392159540301,74.9234044601716,75.044500224061,75.4375770080147,75.5454873026099,75.8979661849612,76.3898907395224,76.5646550648072,76.9252070670789,77.0845802523728,77.3599265657024,77.6911607904637,77.7596207532662,78.1838639441337,78.2958377708908,78.551613991821,78.910164519679,79.1048978751982,79.3168305455888,79.4010659230115,79.5937871622283,79.95515533866,80.0182033320625,80.328646532378,80.474218732495,80.6843388487622,80.9753954715195,81.1361207541959,81.3280397375928,81.5487966724061,81.8446477432232,81.8769384278936,81.8018918940534,82.3965899372708,82.5048310911347,82.9384917094366,83.1333791434029,83.2519726829745,83.4352088668363,83.6526052154357,84.1483022684608,84.0580797646044,84.2936619818576,84.7068100357738,84.2397631712981,84.6471175395777,84.5228933204096,84.6445632202378,84.8958389650994,84.1605188586446,84.2960333018781,84.2731813327363,..
Euro area,EMU,"Life expectancy at birth, male (years)",SP.DYN.LE00.MA.IN,66.5710150592014,66.9594342769258,66.8707861775977,66.9841803440022,67.4726864015258,67.537666639272,67.7527492007661,67.8954049611699,67.78323762191,67.6261528628012,68.0385077264052,68.1419052569966,68.464591475537,68.5627079057977,68.8475689843646,68.8725056381994,69.1728416683654,69.5615976822107,69.6924711706871,70.0127886460955,70.1487473144407,70.4278878578403,70.7784374545295,70.8530278498406,71.2224098484275,71.3837361327048,71.711197282155,71.9956189100798,72.1725085231462,72.3307409693666,72.3978783841766,72.5043955724095,72.82671737761,72.97877904762,73.2904507075097,73.4619120396587,73.7805424273445,74.2077750655285,74.4658965055629,74.7239838984014,75.0094612870607,75.4005209806795,75.5459647773513,75.6595162590111,76.2181297540107,76.3939772675098,76.8256085213374,77.1091415126235,77.392939402529,77.6156078068487,77.8829136421448,78.3567818914968,78.4356037398433,78.767680491102,79.2161952521314,78.9373386661763,79.3107128603554,79.3842289172695,79.5010481456889,79.8028085668703,78.9641929053531,79.0301828162481,79.2597242511954,..
Euro area,EMU,"Life expectancy at birth, total (years)",SP.DYN.LE00.IN,69.2276620493163,69.6604228291167,69.6266609605177,69.7892206797646,70.3421125012524,70.4220686418887,70.6690340954922,70.8526005211291,70.7682317356915,70.6859227753377,71.1064096483601,71.2606174775867,71.6130028484505,71.722632969395,72.0552973709581,72.1257747580229,72.451818624979,72.8910490335087,73.0430172538614,73.3829319620533,73.5299352331305,73.807306887062,74.1483771541992,74.2199184088499,74.6164391842976,74.753954054888,75.0467083218147,75.3673268474473,75.5528330198231,75.7369735556783,75.8120381246448,75.9601405089024,76.3008612879362,76.4088265255649,76.7194203127755,76.8784316840903,77.1446176906233,77.5053201102213,77.7161346564147,77.9419747822425,78.1959047710653,78.5400017224755,78.6301872436169,78.6520260876688,79.2282370843568,79.3706124651578,79.8031827342776,80.0433253598811,80.2467056158468,80.4506803042872,80.6936098852488,81.1778298195402,81.1741991031391,81.4591871104656,81.8900680344162,81.5193422043975,81.9093542268696,81.8863805892422,82.0055745240526,82.283095808815,81.4949212153593,81.5950293897357,81.7018565021718,..
Europe & Central Asia,ECS,"Life expectancy at birth, female (years)",SP.DYN.LE00.FE.IN,70.6245227690393,70.9373200898806,70.8431794995415,71.2153863280645,71.7704377996036,71.7881710423923,72.0413069198595,72.1093896730901,72.1617391049567,72.0398325298024,72.5811490407496,72.8296652994774,73.0374979368051,73.1587604763048,73.4449681554073,73.4584380590748,73.6016585690005,73.9216737621249,74.013714003987,74.1627618721164,74.31132619237,74.5907398772409,74.8706341319937,74.910858816771,75.048201135623,75.1429825451122,75.5844130497847,75.8158968614984,75.9328767668271,76.1386734731922,76.2004529905473,76.1489023948257,75.9498052741397,75.7787923798935,76.0795695005374,76.1100203680673,76.4217398290549,76.7130391050437,76.9639884577417,76.9226336428145,77.1977911720376,77.415141785553,77.4886379221591,77.5592716895794,78.0135778698088,78.1375300958521,78.5667329150691,78.8679851861817,79.0555955659071,79.3745087304892,79.6028940706269,80.0643409182652,80.1573161180979,80.4580372964701,80.7584784805909,80.610651270506,80.9321255558949,81.0444688626847,81.1741520943242,81.419423075379,80.2597471465524,79.8532482864946,81.0315156867727,..
Europe & Central Asia,ECS,"Life expectancy at birth, male (years)",SP.DYN.LE00.MA.IN,64.4717611098867,64.7066218496085,64.5508653702074,64.8499241444854,65.3367193053475,65.2937435099093,65.4200968395917,65.3781838286826,65.2891289797282,65.0076047518927,65.4256495321631,65.571855699997,65.8073652857023,65.9202674484961,66.0752509371385,65.9716956565273,66.082562870743,66.1890324842543,66.2425052210866,66.3248207012786,66.4509984915433,66.7445820457355,67.0698613150786,67.1150553532358,67.2236909155481,67.5134686657677,68.1978896014982,68.4123592605216,68.4758045136642,68.5210106997039,68.4381322006171,68.3675137926088,68.0468609781279,67.5312147806313,67.5645878420199,67.7075393222596,68.2470125618271,68.7559624397383,69.1248659615908,69.067408017433,69.2869337985731,69.5842754599677,69.7327834784738,69.8837267821099,70.3111590189543,70.4692987724099,71.0279191124948,71.4378567744942,71.7679365257311,72.2216293931725,72.5626057306288,73.0470862071138,73.3114357353414,73.6875861648694,74.0046191112346,74.0165783957739,74.3598350163989,74.6563565803241,74.7892545447525,75.0869406678337,73.81610682884,73.6411838588568,74.7466961836655,..
Europe & Central Asia,ECS,"Life expectancy at birth, total (years)",SP.DYN.LE00.IN,67.4617241658308,67.7341780574337,67.6095139889574,67.944373644914,68.4654757792123,68.450425789616,68.6374698058376,68.6478705099563,68.6253456305241,68.419959356504,68.8955756886432,69.0910853070062,69.3133087015304,69.4301727843319,69.6451381871641,69.5990195243153,69.7253659403155,69.9338799079889,70.0057345491734,70.1202593007843,70.257994789779,70.5461116044019,70.8515149466182,70.8957445516737,71.0189011891128,71.2184696551674,71.7904352247063,72.0143888353504,72.1033791592486,72.2267259810785,72.2131181119288,72.1558851102161,71.8792188010337,71.5206695344927,71.6902351009121,71.7801708416484,72.2105321278261,72.617666879197,72.9290162635661,72.8782701787638,73.1207772679041,73.3802763102071,73.4902348694709,73.5998971937522,74.0399179190423,74.1798344825642,74.6776962001576,75.0355918976625,75.2983865718277,75.6890608319283,75.9764229123489,76.4501153924761,76.6337953659463,76.9756512700024,77.2847185691837,77.2195960526704,77.5528746440128,77.7628908281095,77.8954378072222,78.1688006056568,76.9402938210574,76.6567585067198,77.8051871533767,..
Europe & Central Asia (excluding high income),ECA,"Life expectancy at birth, female (years)",SP.DYN.LE00.FE.IN,64.815556809994,65.1376516995812,65.2877493421043,65.7766297368618,66.1664460812889,66.2746717234914,66.4577979265329,66.6921087717042,66.9431826648429,67.0554166598499,67.2248333035898,67.5230518908278,67.7871678483557,68.0178769781829,68.299556733485,68.5818403469863,68.7056179676218,68.9779516602665,69.1867441958581,69.320813124925,69.8183862122109,70.0631199293075,70.3284547315986,70.5254380161065,70.6905591775248,70.8629913492237,71.4350466978991,71.7280810801102,71.6101327539194,72.2283789214328,72.2850835420107,72.1458431701756,71.8758829472371,71.6159371220446,71.7242930141557,71.6940619284565,71.9346835317632,72.2172840261601,72.5969663837788,72.4908295345768,73.0511118505238,73.3125208335458,73.5997643294714,73.8540028403417,74.1202184130716,74.1903621144043,74.454889918393,74.7442403355975,74.9663439646254,75.3543881546162,75.6335052758694,75.8121317729366,76.2231353232696,76.6102951290134,76.8354959113857,76.9851226341182,77.1939480774509,77.4681270694678,77.6564975080704,77.8605108243913,76.2962907481756,76.0663909825004,77.5243606808606,..
Europe & Central Asia (excluding high income),ECA,"Life expectancy at birth, male (years)",SP.DYN.LE00.MA.IN,57.780335202583,58.1053926518121,58.2831873822952,58.6708377767272,59.0658763211505,59.2028547819247,59.3696182422403,59.4372626948493,59.5670846839857,59.5470058507883,59.6813148087235,60.0102062986397,60.2343379066849,60.4842863045054,60.606419377091,60.7233402244258,60.9126629626303,60.9806625025035,61.1350808625711,61.1962700288813,61.7716373482937,62.0432829252435,62.3517416228512,62.5722821005098,62.7184008281467,63.146880834928,63.9280797295301,64.2600173068351,64.2732179269066,64.5309603586929,64.5061523980881,64.1921319167498,63.1732823448773,62.7982996391057,63.2016706225257,63.0824549220079,63.4702983821602,63.9001369331964,64.4372665083275,64.4591193530886,64.9639251307122,65.283679975587,65.6143873221051,65.8532106366271,66.1060513901353,66.1739438059889,66.5101114135181,66.8126372700532,67.1640240462942,67.7317777144276,68.2384423691785,68.4627898513738,68.9554699421839,69.3627954793165,69.5970458289524,69.7923046158374,70.0061401619511,70.4031949680175,70.5984623072012,70.8425995217936,69.1818024876853,69.2329586926941,70.6007196708227,..
Europe & Central Asia (excluding high income),ECA,"Life expectancy at birth, total (years)",SP.DYN.LE00.IN,61.2484815709533,61.5683065004868,61.7314604474162,62.1649332587932,62.5569326585552,62.6767840751314,62.8498543293225,62.9910605081695,63.172944073204,63.210528878029,63.357813840904,63.6696940579405,63.9112384267934,64.146316469479,64.3405879269923,64.5292646650444,64.6846973978576,64.8469802599264,65.0249920828482,65.1207425428231,65.6614802339168,65.925162273767,66.2171183436076,66.4285670558369,66.5843637539102,66.8962122618949,67.5843832442923,67.9006707105969,67.8503007584009,68.2819721825859,68.2957316079968,68.0808639632856,67.3642354118019,67.0275545452412,67.3303806351947,67.2554859700622,67.574129347704,67.9431350022815,68.4042518692695,68.369208273361,68.8949909564869,69.1964220546218,69.5030065004838,69.7466064003484,70.0089215048771,70.0781927624262,70.383981522489,70.6824028818238,70.9791531321447,71.463991745238,71.8637703136499,72.0633918085623,72.5253417540631,72.9306898180076,73.161796017094,73.3347779121128,73.5463788771688,73.8912859142249,74.0864758474709,74.3132090293624,72.6548560330816,72.5756784791279,74.0288334456203,..
Europe & Central Asia (IDA & IBRD countries),TEC,"Life expectancy at birth, female (years)",SP.DYN.LE00.FE.IN,68.4826486728589,68.7461594151777,68.5901258223826,69.1767608229272,69.6466795043319,69.6347498434545,69.8980121991349,69.7790896963746,70.0273311083374,69.7754550056931,70.5023808051959,70.798181800772,70.9253629373866,71.0476447533447,71.2976834481018,71.1866462624891,71.2099657016953,71.3712073699413,71.4612189418854,71.4676879908585,71.6216443731396,71.9145585741822,72.201604301624,72.2257434045339,72.1234342138868,72.2871120133971,72.9361248096565,73.0701216874312,73.1524385221777,73.3816309604831,73.4091431324293,73.1298383321431,72.4188191053405,72.0510400875595,72.303885034409,72.2669728261484,72.6608126663342,72.9671375400968,73.3239651148092,73.0727984752758,73.3750530417935,73.5237287993527,73.6094213655096,73.7456297477435,74.1063289452026,74.210312535649,74.6672488172065,75.062285760439,75.2943031304868,75.7237549965038,75.9461653815809,76.3714841836776,76.6609935502982,77.0498285244366,77.2540066615136,77.3967898626652,77.6801152561508,77.9886136464777,78.1510962624948,78.4030661290942,76.8349428350309,75.8822466095637,78.0098524052478,..
Europe & Central Asia (IDA & IBRD countries),TEC,"Life expectancy at birth, male (years)",SP.DYN.LE00.MA.IN,61.3231935443941,61.5170065619664,61.3587918959977,61.9115961177957,62.405123682627,62.2961791501304,62.3829151588658,62.1037021385151,62.121178514102,61.7093812487002,62.1971396596455,62.3965740388581,62.6083852874409,62.7602062017346,62.8391138281041,62.5850775916741,62.5777328419726,62.4255726355809,62.4714010523512,62.3852924547107,62.5226993490662,62.851668067488,63.2157640728186,63.274156507408,63.1582555189279,63.6771358532801,64.7739005955495,64.93358594824,64.9154013079269,64.8729731225939,64.6626384133514,64.3755875230421,63.4142183632279,62.2523797333012,61.9794432748749,62.1131462960249,62.8319516572003,63.4782001494512,63.9647759364411,63.5836047526653,63.6885356763621,63.8826622515966,63.9905073864525,64.103529076643,64.4168562995885,64.4905392416541,65.1851331478477,65.7028520012044,66.0657609134534,66.7167047902794,67.1191616262321,67.6327775743024,68.0735123728956,68.5418785784023,68.7627655023181,69.0474720599076,69.3900635565421,69.9159711709284,70.0852330927219,70.4165549813774,68.7508055579941,68.315049802453,69.9920433461889,..
Europe & Central Asia (IDA & IBRD countries),TEC,"Life expectancy at birth, total (years)",SP.DYN.LE00.IN,64.815501996285,65.0414660090003,64.8843969903312,65.4526504573102,65.9352003122404,65.8698683547527,66.0404329213141,65.8370883696244,65.9624926119187,65.6255524339107,66.2262733826718,66.4713133464543,66.641436718859,66.7773328383048,66.9353377391672,66.747517099094,66.7540079909893,66.751167949392,66.8177816021663,66.7765061890022,66.923646523304,67.2373989166361,67.5676472198635,67.611678107906,67.5029556495915,67.8563130337943,68.7443010121787,68.8933969161038,68.922697700835,69.0122668310538,68.916286186825,68.6413136761361,67.7739931384116,66.9820222925281,66.9789447665596,67.0329617665647,67.5966644866185,68.0852197398327,68.5088004680676,68.1908078568768,68.3854858783652,68.5611904603033,68.6556775088418,68.7770556123403,69.1134570077166,69.2004462884679,69.7837218317763,70.2441651736354,70.5476551659301,71.0944572631092,71.4105348223855,71.8810023739301,72.2537339633014,72.6880717050443,72.9013705372115,73.1189194474154,73.4341863664895,73.860189712581,74.0283996396025,74.3227900511074,72.6811063424917,71.9994078653095,73.9137208375535,..
European Union,EUU,"Life expectancy at birth, female (years)",SP.DYN.LE00.FE.IN,71.7228413674959,72.1717135224231,72.0739955548826,72.4788692019005,73.0521914605571,73.1761680164587,73.5360155336425,73.604792284799,73.6557357303324,73.5624311210502,73.9789442089347,74.1970419533454,74.5835262569331,74.727547524463,75.0715137764591,75.1514031988906,75.4583232632067,75.8544290979058,75.9718707209163,76.2857488243714,76.3400599584197,76.6713065648725,76.9418135212238,77.0063497091542,77.3284965380129,77.3934702001901,77.6225558934691,77.9116512528844,78.1151909175952,78.2919674391494,78.3698245751802,78.5220403720074,78.8543104885764,78.9409869645965,79.2239350442613,79.3664005442165,79.5517817826464,79.8136439139015,80.0405688392615,80.2403556726836,80.5149206842766,80.813631889053,80.8888474853342,80.8740578042694,81.4144040485605,81.546273577784,81.9420167199586,82.1290018551581,82.2833648984889,82.5009439494369,82.7512386462495,83.2700897863076,83.2019938599265,83.454614724628,83.8475885374338,83.458560129587,83.8628041758957,83.743537071441,83.8528652270779,84.1087206824923,83.3182465799131,83.1968925058656,83.5603272856895,..
European Union,EUU,"Life expectancy at birth, male (years)",SP.DYN.LE00.MA.IN,66.4925699422304,66.8444417676803,66.6326935545735,66.9495028746356,67.4165193386285,67.5122737520966,67.7766967507479,67.7256956940001,67.6889319175047,67.4383447603139,67.823359256406,67.8950444310154,68.278239666175,68.3714473786236,68.6572453305594,68.6118259993079,68.8462279571824,69.1027444765189,69.1692447151589,69.4202174589188,69.4133683700861,69.7531129161939,70.0378071244897,70.0652220890042,70.3269936434634,70.4109865395335,70.6922407248307,70.910900474708,71.1124131143125,71.194789850589,71.2054091577592,71.2795416556643,71.5832244548167,71.7529026480007,72.0121514062053,72.1606412661219,72.4770852578498,72.8487022664659,73.1584589150371,73.4251919302342,73.8081714270752,74.2034754264345,74.3433620449388,74.4710436126601,74.9819365702137,75.1636122134561,75.5614920612972,75.8403800065834,76.1297418981123,76.3759841960321,76.6690274479952,77.1674430597591,77.2689817214787,77.6281223104005,78.0497514703099,77.8282271479735,78.1913550923932,78.2603431439318,78.3528126398949,78.6671883189653,77.7340840235245,77.6024190664294,78.1845068633769,..
European Union,EUU,"Life expectancy at birth, total (years)",SP.DYN.LE00.IN,69.0393679335606,69.4387474900277,69.2832856283798,69.642903943806,70.1618216000395,70.2717249286794,70.5828430657739,70.5904192392218,70.5964695779279,70.4224910008336,70.8229368752302,70.9665191021634,71.3511147629022,71.4695160630594,71.7799801106263,71.7996804710644,72.0698003035017,72.3947775467219,72.4857803792619,72.7675763040521,72.7902837603994,73.1258907345799,73.4036453247156,73.4492791809339,73.7408104462142,73.8158201912823,74.0719002476408,74.3248809060861,74.5272504030559,74.6553645594595,74.6983059885902,74.8099449417477,75.1268774145407,75.2553864694995,75.5257225153663,75.6712318641596,75.9240119650164,76.2418663159991,76.5112314121687,76.7451891593384,77.0753049948739,77.4229387287235,77.5309869468717,77.5893105510583,78.1144590605861,78.2713962700467,78.6679816884404,78.9017948981278,79.1252751035821,79.357615138299,79.630013467567,80.1387219651694,80.1576923858525,80.4649382913035,80.8722582400698,80.5688525132732,80.9517504359263,80.9288274367457,81.0294256698864,81.315597211546,80.451933566125,80.3253644910688,80.8009860381263,..
Fragile and conflict affected situations,FCS,"Life expectancy at birth, female (years)",SP.DYN.LE00.FE.IN,48.5636935830479,48.9089766387775,49.1033483556278,49.4886073284517,49.9952916968078,50.1001888694437,50.0020261619783,50.408063149851,50.829140904173,50.9096625129425,51.1722520964535,51.6877183728841,51.6706618615517,52.2486665423984,52.3633592853242,52.7177150966652,53.2031027224003,53.7243368218182,53.9361668837012,54.166528283791,54.4659338909254,54.6536088950728,54.744944034939,54.0405866240764,54.0125221437244,54.1149185893758,54.7579268388628,55.2840018061708,54.8958121024108,55.7490126106017,55.7947641838658,55.657606717169,55.6059046771002,55.998278075346,56.4736845617965,56.2663830355632,56.3417648855374,56.6223208751934,56.5178088353938,57.1987097208787,57.5984029996858,57.7723596685193,58.1971460072117,58.5081254708456,58.7444311333581,59.1633086374769,59.637801841681,60.1069248974722,59.9462220846203,61.0516734228461,61.2168854392402,61.9146752217655,62.1734675516593,62.5383614857635,62.8130490798783,63.1199021841524,63.4593440153103,63.8402829332541,64.1753212216178,64.44749046099,64.0116964963784,63.5663871526098,64.1240663252878,..
Fragile and conflict affected situations,FCS,"Life expectancy at birth, male (years)",SP.DYN.LE00.MA.IN,43.9883414902916,44.2681600233216,44.7220028476156,44.9528504782273,45.4640596699703,45.5741428727442,45.6195907592373,45.6970393761826,46.125730365638,46.2487474364931,46.7431642679683,47.3766527869067,47.4138896805547,48.03716711177,48.2085468620114,48.3758594196589,48.8529739623905,49.3153974546368,49.3900938585751,49.6531501070478,49.823536204465,49.9221926048858,49.7912771526853,49.2756191074969,49.0137221158622,49.248887569824,49.8555920320871,50.2127202675425,49.774310947089,50.9149533750549,50.9109953893535,51.0255657934254,51.0219330123143,51.4178132295369,52.1560726386008,51.7965854893632,51.8706062228671,52.1822746960343,51.8796134525448,52.6337862593059,53.4555468321878,53.7225046398992,54.1283989640508,54.3632601567853,54.6119725256595,54.9759903232268,55.4806411960262,55.9436771742619,56.1136656949315,57.0740923578378,57.397876870566,58.0138088757135,58.174425980243,58.4148369158292,58.6309457536374,58.917898159824,59.1473820466196,59.4969570245536,59.7863313474574,60.108773252414,59.5644354776629,59.0225993934669,59.5800338191802,..
Fragile and conflict affected situations,FCS,"Life expectancy at birth, total (years)",SP.DYN.LE00.IN,46.2070963368692,46.518121531984,46.8592810749368,47.1596214184417,47.6727259054975,47.7778702824344,47.7502534200805,47.9825583798769,48.4068791346959,48.5081477338156,48.8909358559209,49.4704434395227,49.4799902826394,50.083090949671,50.2239983729475,50.4718370141003,50.9491553255981,51.4481700295307,51.5869958542798,51.8354580742788,52.0602786574891,52.1920449697201,52.1618099627051,51.5585065729046,51.3989454401159,51.5747287366935,52.206151898655,52.6351214924294,52.2045028592231,53.2482866464511,53.2679898651784,53.2686277795663,53.2356535830866,53.6306590687785,54.2543614706034,53.9611395846389,54.0352455940611,54.33314246036,54.1139165740165,54.8413934792367,55.4696263577778,55.6906139838165,56.1090326727382,56.3767191402783,56.6190403886395,57.0094631598967,57.4986468771533,57.9650371286608,57.9808366078806,59.0149104572987,59.2658079152072,59.922829043694,60.1278157034162,60.427502888832,60.6725644469998,60.9705211042924,61.249873616249,61.6159105183906,61.9275060577707,62.2300397029659,61.7330978653128,61.2320175374775,61.7932015299888,..
Heavily indebted poor countries (HIPC),HPC,"Life expectancy at birth, female (years)",SP.DYN.LE00.FE.IN,42.3598425147628,42.7198373383928,43.0733245355576,43.2967188417932,43.8298867136832,43.9911986162532,43.869380827271,44.545017338477,44.8724411311226,45.1568280958758,45.4695391370612,45.865790750491,45.6468114706621,46.3318276470631,46.3574985586413,46.7276584704447,47.4766152831716,47.8666122482506,48.1479509408648,48.5971564603859,48.9907418629936,49.311124165754,49.5880113492086,48.3932403182415,48.4554683115879,48.7667999869836,49.5673591414114,50.4428285269497,50.2405436109932,51.0956559105256,51.1973523017892,51.0345640446926,51.0320195917393,51.5875481536661,51.7903890603607,52.3616175699061,52.4806968026927,52.8085968001247,52.8132957001813,53.6129372055376,54.1037031792619,54.5382709267708,55.0259641684392,55.612749430101,56.1217109136843,56.8396657315834,57.6632831812383,58.3865498918964,59.0413877872489,59.8576835929428,60.2137692595771,61.2101911021562,61.8854019429361,62.5691602162448,63.098750774481,63.6189002779038,64.2256989802354,64.6206845721114,65.097122486983,65.52706298335,65.0229942073443,64.6568659724292,65.1779480616158,..
Heavily indebted poor countries (HIPC),HPC,"Life expectancy at birth, male (years)",SP.DYN.LE00.MA.IN,39.2003355937388,39.4950060859827,40.1845381572344,40.2462359551597,40.7016681976701,40.8342300098917,40.8290106181098,41.4275506906971,41.7640570793797,41.9971186696985,42.3139661104596,42.6319317984711,42.4634159769672,43.2594258799878,43.3311059017274,43.687977699766,44.2862070439864,44.6313252888083,44.7220789263773,45.0955626877074,45.515219201318,45.7952986374237,45.9569090248413,44.7589317808276,44.4586108747933,44.8628259997891,45.7054838828802,46.2699974643526,46.0960043651795,47.3265421325618,47.3114950465327,47.4383116639827,47.403651871299,48.0674887245657,48.6087808386469,49.0253617679805,49.1448698337137,49.5087032819779,49.1592670918829,50.1370805867908,51.2431313856052,51.7403892485427,52.2419723466601,52.8390139783682,53.3411399846009,53.9545451767192,54.7801825538041,55.3713968589132,55.9402548768815,56.6069348631289,56.9356324152897,57.7312070634095,58.2646315949857,58.72245169222,59.200038622722,59.6092290075047,60.1005969603141,60.4794182669075,60.8049611940575,61.1567494822299,60.5395980842949,60.0041250468666,60.5510398440776,..
Heavily indebted poor countries (HIPC),HPC,"Life expectancy at birth, total (years)",SP.DYN.LE00.IN,40.7228196437522,41.0511410765648,41.6028814945301,41.7424549091141,42.2344816993841,42.3810944786519,42.3191744029338,42.9558649446878,43.2883571272548,43.5457293165046,43.8606369173155,44.2141869341643,44.0191375377364,44.7666197686294,44.8145543853374,45.1787986686206,45.8480160088456,46.2146122656592,46.3922117443907,46.7986316468944,47.2084596412075,47.5081006044295,47.7196595762098,46.5198693080718,46.3788608777802,46.7429369981511,47.5759796593442,48.2741665320549,48.0737409456987,49.1659554443801,49.2023083217112,49.1984592708466,49.1708066735544,49.7849187311367,50.1740156218678,50.6652666417194,50.7828800876455,51.1310379421367,50.9367970994044,51.8390548270966,52.6625081599448,53.1300128522497,53.6264598838266,54.2187702123657,54.7233194253866,55.3888240751541,56.2177608214154,56.8733192763476,57.4854888623374,58.2246745354993,58.5667789556697,59.4601827306223,60.062299650117,60.627440516915,61.1306119676107,61.5946681585434,62.1416585294314,62.5295170404504,62.9271549736672,63.3181064572701,62.7448243467892,62.2852723862781,62.8252840639938,..
High income,HIC,"Life expectancy at birth, female (years)",SP.DYN.LE00.FE.IN,71.3914675634879,71.7897596640601,71.7523133898496,72.0916499059904,72.6454721473667,72.7264084842911,73.0397929165783,73.2760637246624,73.2844832110688,73.3210750737298,73.7763916633446,74.11942553184,74.3167490248349,74.4815949637789,74.8428750518143,75.0768282675567,75.2862397691236,75.6845398274776,75.8353054126475,76.1239398310527,76.1044777543716,76.448190261305,76.7721286712026,76.823135669838,77.0216450693214,77.1363046002746,77.4537407105015,77.6952766058788,77.8207308596546,78.0103913723657,78.172533553746,78.2581634033637,78.2528990464863,78.1846502042665,78.5129949994317,78.5202695663043,78.8690374933901,79.1648926895779,79.3474956528615,79.3447588924639,79.5481311494978,79.7796349720046,79.8695339868155,79.9451510872466,80.3863246434552,80.4862628922517,80.8649142701678,81.1312951835678,81.2734380579449,81.579640935678,81.7329416717464,82.0460826835806,82.1333324954583,82.3320300895989,82.5683960834179,82.4639266487322,82.6573704254094,82.7204600053571,82.8250775590295,83.0611885667301,82.1880619543183,81.7940820307957,82.4525655410489,..
High income,HIC,"Life expectancy at birth, male (years)",SP.DYN.LE00.MA.IN,65.4616439084897,65.8149333444951,65.6889903975086,65.8929948718643,66.3453521230114,66.3569936916812,66.5211768437382,66.6761351980669,66.4284608638406,66.4530715516541,66.8540901908435,67.1124741669935,67.3049923384741,67.4623226471228,67.7838993813514,67.9364836475099,68.1352073250222,68.3954689283077,68.511169025174,68.7423247206928,68.7896293650211,69.1555050443974,69.517289015885,69.5977932600365,69.7796022759978,70.003482982315,70.4908184268417,70.7337082427886,70.8096442451251,70.9432616833308,70.9676620165253,71.104270606071,71.1719731323744,70.9143829601577,70.990206718335,71.1487988609084,71.7198558445816,72.1975416174762,72.4582246678767,72.493278293758,72.7481424445295,73.0482800329538,73.2088533678029,73.3458707284238,73.7909679393765,73.9337707042234,74.4095805670131,74.7641233940277,75.0060226621145,75.4020432874619,75.6248528252168,75.9852527277863,76.1955047313302,76.4538054173541,76.7096752572955,76.7031917619172,76.8966580000127,77.0715467942424,77.1814310898683,77.4279163831391,76.3165640373909,76.0104154219808,76.7738579022477,..
High income,HIC,"Life expectancy at birth, total (years)",SP.DYN.LE00.IN,68.3402813804568,68.7151291873551,68.632768980067,68.9036661060483,69.4066788354591,69.4510686402414,69.6868767734347,69.8812546899003,69.7579405164469,69.7867699333995,70.2122341192906,70.5109252270123,70.7058189403143,70.8676925042609,71.206238393457,71.3996710931636,71.6031414813296,71.9294230759809,72.0620375340456,72.3207767765326,72.3348378756239,72.6899500424746,73.0341629903633,73.1005640952635,73.2902976790387,73.4637531773542,73.8718796182777,74.1141076908389,74.2126595364503,74.3727180617234,74.4629600139415,74.5749040214714,74.6068863895335,74.4348472389857,74.6282076103215,74.7144049512423,75.1779334006386,75.5685531917317,75.7912437384945,75.8046808025112,76.0316587774249,76.2970374568881,76.4218888164917,76.527794850993,76.9695177422752,77.0896390001084,77.5185760631902,77.8292090136335,78.0221490327658,78.3759681628538,78.5656605791313,78.9029962222582,79.053126183839,79.2817211833037,79.5269434281654,79.472886256175,79.6665154276177,79.789477231299,79.8972919078753,80.1395351006223,79.1433131408218,78.7980877171883,79.5066307772331,..
IBRD only,IBD,"Life expectancy at birth, female (years)",SP.DYN.LE00.FE.IN,47.6114173536706,50.5430027942564,54.3667464626156,54.8321168167794,55.3511532313841,55.2255327876196,55.8107370790825,56.2912977632686,56.9872293397401,57.3872657192992,57.9351661595686,58.537986855895,58.9973382277409,59.6646882958272,60.2838788531766,60.9090334564749,61.4680365493967,62.0951151220188,62.6253010424792,63.167836752885,63.677510617598,64.1948996826771,64.6807481936926,65.1525188216321,65.5248658158421,65.9197144396108,66.4180915727984,66.7813882648705,67.1219451181924,67.4617182751864,67.6858149075204,67.8692598551253,68.1864084926079,68.5158130996067,68.759106712227,69.1029681740339,69.3747265336394,69.7194429639378,70.1203805404455,70.2849932362066,70.6973626345262,71.2308047992486,71.5538069906912,71.847403504089,72.0980792575617,72.5550620686062,72.9349862290518,73.2504627684162,73.4543823879133,73.8480048478966,74.1298040058984,74.4685762735641,74.8131640713156,75.132375535349,75.4475107721942,75.7158165362939,76.0093980723324,76.2732894686326,76.5242020061694,76.7163133660011,76.116450185909,74.8380282120058,75.5415341900191,..
IBRD only,IBD,"Life expectancy at birth, male (years)",SP.DYN.LE00.MA.IN,44.2589051793079,47.0347613664855,50.6269951505292,51.1036317008658,51.6225657739471,51.1965353279518,51.9684320628727,52.4619106668964,53.1579041482814,53.5732073586135,54.1112721649379,54.7625334993567,55.2125065678914,55.8669916397627,56.3715700778381,56.9429739728441,57.4745369089892,57.955311342493,58.3805832345015,58.8353248204184,59.1988156848902,59.5792332434422,60.0107515657227,60.4351790656794,60.8592910860844,61.2885981412685,61.7709482751651,62.1154486942631,62.3818365785595,62.7261125157523,62.9138557663034,63.2699512531612,63.5525023260696,63.7357651806064,64.0237725651876,64.3582383517532,64.7261898212378,65.1195867253658,65.4522658512106,65.6958722426542,65.9764071102183,66.2830913240661,66.6220254088801,66.8680833249217,67.1036500039438,67.4932936856501,67.825032885985,68.0941122309494,68.3188784848704,68.6777989910948,68.9606738793678,69.3009768677141,69.6441308079703,70.0126946339933,70.4003811713049,70.7264257705943,70.9707467066939,71.1588965414311,71.4761183812432,71.6719099410921,70.8177525477327,69.6202749525905,70.4442209752374,..
IBRD only,IBD,"Life expectancy at birth, total (years)",SP.DYN.LE00.IN,45.8334004286686,48.685930715553,52.3935950338422,52.8678557633228,53.3906219640452,53.1016843479657,53.7949092826764,54.2840312803585,54.97710140277,55.3875231165327,55.9319599581919,56.5633787010335,57.0171801777579,57.6820265622917,58.2389869770233,58.8392876832622,59.3855817590496,59.9371948882562,60.4127615149359,60.9097616980189,61.341547980248,61.7831276518519,62.2418361469386,62.6909299160222,63.0941084681852,63.510723470197,64.0042780438313,64.3585056983261,64.6588583934115,65.0038062690267,65.208781455962,65.487500322029,65.7839475871695,66.0345036994543,66.3031415796527,66.6418409458444,66.9652870910024,67.3383440927973,67.7029936272925,67.9101937653074,68.2502791379902,68.6621331047934,68.9945036702574,69.2624216367787,69.5055175625777,69.927565657017,70.283515941559,70.5743231709916,70.791984259151,71.1692578468022,71.4530814517595,71.7947531437074,72.1403315280621,72.4884610117172,72.8445830860111,73.1441346044111,73.4114279787187,73.6330516756842,73.9249350552497,74.1205814668351,73.370078932859,72.1262124770037,72.9134905321011,..
IDA & IBRD total,IBT,"Life expectancy at birth, female (years)",SP.DYN.LE00.FE.IN,46.9551609968796,49.4605090546494,52.6925570867863,53.1353333294088,53.6816254783548,53.6063104969757,54.1673395731054,54.6562540790038,55.314398986558,55.7018561729289,56.0483300925217,56.3641588169239,57.1908364701227,57.8249053275964,58.3342598304635,58.8628323753893,59.4147628470756,60.0416177618468,60.5511034191499,61.0649027981286,61.5513782352269,62.0350554829765,62.4695955054764,62.7911174002981,63.125170059344,63.4618802481499,63.9227793298642,64.280094462112,64.5361516606871,64.8997189001102,65.1126755413513,65.1781878613621,65.4806720734802,65.7597216251514,65.9825105778254,66.2789079914396,66.4897680485891,66.8522885271171,67.2099831434371,67.5054784395386,67.8703242380542,68.3431101339523,68.6660220517349,68.9745661673144,69.2101203423467,69.6465705912244,70.0700193905261,70.3788583898196,70.5479379330964,70.9989464204415,71.2943445428503,71.6745829283971,72.0170415616459,72.3546628671091,72.6373254113333,72.9020778034633,73.2004932070507,73.4801845656113,73.7225662847464,73.9306587076818,73.3502941707926,72.30395889535,72.9715157464504,..
IDA & IBRD total,IBT,"Life expectancy at birth, male (years)",SP.DYN.LE00.MA.IN,43.8679690190585,46.2410200856189,49.3130356389595,49.7540747624575,50.2896431926062,49.9680519339695,50.6901993448147,51.1479145253698,51.8074330007987,52.2056837402156,52.5711423715244,52.4924362323182,53.7192970637301,54.3452104174057,54.7769063971041,55.2821055578448,55.8069304073808,56.2769102049201,56.6638978853731,57.0905765727901,57.4686993539863,57.8300254191112,58.1962659139553,58.4912228357064,58.8243019470295,59.2095078890897,59.6705029659413,59.9897224430827,60.1749165451219,60.5769488094912,60.7539231355211,60.9800236334018,61.249107498237,61.4320624326422,61.7235462729425,61.9974039007762,62.2987265287479,62.6593874401323,62.9365995599134,63.3227735797958,63.6366020066776,63.9340204986688,64.2528090952905,64.5072575934334,64.7375732206617,65.0947960665395,65.461100885823,65.7097515648734,65.9018447782353,66.2939837975092,66.5903366133326,66.9434107023282,67.2344865419943,67.5448905564664,67.8978838192791,68.198713719223,68.4630739633679,68.6643695736062,68.9619194918234,69.1599374171581,68.3751852497598,67.3666990645123,68.1024776453026,..
IDA & IBRD total,IBT,"Life expectancy at birth, total (years)",SP.DYN.LE00.IN,45.3173966513141,47.7555189887748,50.9096201508966,51.353383109549,51.8975651141205,51.6879714894709,52.341827564866,52.8155837292637,53.4723383083539,53.867556716717,54.2210385188153,54.3158947472953,55.3716001794661,56.0057281337116,56.4727642400893,56.9904316855574,57.5318536241963,58.0782841452781,58.5220356138064,58.9906862435194,59.4208271361392,59.8370255008422,60.2364350074849,60.5456965660328,60.8810383037612,61.2476248283409,61.7118437582034,62.0487030700636,62.2655028619489,62.6542525096717,62.8475334148428,63.0023216760171,63.2850444824521,63.5116620839049,63.7743856345308,64.0587811010906,64.3173920918988,64.6824055010181,64.9963087827414,65.3418641176991,65.679509019734,66.0583271496947,66.3799649353225,66.6593692327577,66.8930578945475,67.2884177951167,67.6832769215078,67.9605200122063,68.1438117771159,68.5662507374127,68.8637901369259,69.2318904595406,69.5473997032472,69.8708298542557,70.1952178707012,70.4808222385566,70.7621189743826,70.9995074332105,71.2770140066173,71.481364150254,70.7793625967098,69.7475357708765,70.4671467913885,..
IDA blend,IDB,"Life expectancy at birth, female (years)",SP.DYN.LE00.FE.IN,43.7729618338243,44.357551952042,44.884977204891,45.6611751423597,46.3101799685586,46.9041636299787,47.604921928061,47.9930790299233,48.8707932657324,49.4414695672684,50.1916938134576,49.7223247877354,51.2651538009116,51.7241106241916,52.0832193584226,52.6258548409245,53.2671571014403,53.8102844472775,54.2974592130946,54.7092928508371,55.1707894176635,55.7904389303649,56.0631318921476,56.4469104889598,56.6993687368562,56.513667076448,56.3572607899136,56.3147286475921,56.5814154653228,56.7333825849394,56.9185987928925,56.6768239765394,56.3347619369706,56.0652416597013,55.9017417716496,55.6705452760066,55.8585195484922,55.9845970860421,56.1427677857314,56.5741910968368,56.8841968436911,57.0950573890064,57.4171028835943,57.7568506269838,58.1764906991038,58.2420193967514,59.188060344544,59.5525999887495,59.89650647665,60.237698142983,60.5823306225076,60.9850448666881,61.1715029848199,61.5156744414297,61.7118727206985,61.9599544281852,62.0674823051154,62.4906974525421,62.6624553743221,62.870017961082,62.7339602598898,62.406234620626,62.9807802247648,..
IDA blend,IDB,"Life expectancy at birth, male (years)",SP.DYN.LE00.MA.IN,42.6846194932942,43.3051804983426,44.2845277943336,44.8839937926078,45.4412615188856,45.9694626934121,46.6899207485496,46.5612738292643,47.396967441476,47.9521791401724,48.9269170941812,46.951235889319,49.911369459601,50.3606503687709,50.6568975947255,51.1024337899081,51.4544163822624,51.6740372147813,51.9296929542743,52.2027431078459,52.7219032210299,53.1564923529698,53.3262050868177,53.6308700244349,53.7920497853322,53.94214630097,54.0179877049864,53.8807815781737,53.8662992935802,53.9496422685961,53.9308635722444,53.8616167520005,53.8109786715894,53.6902958026008,53.5705469226896,53.3148970980735,53.4069602996542,53.3896734456419,53.7061203233478,54.1257251046988,54.6206031113232,54.8786724018836,55.2380235372427,55.5349194326753,55.7771787250899,55.7980472010251,56.4767934054609,56.6427407920527,56.9052408400741,57.2380178810678,57.5769015536724,57.9329363172998,58.1342666408175,58.4139633030471,58.5596136648085,58.7885896279341,59.0802607278984,59.3021520706776,59.5389809423727,59.8456433095546,59.3823991063435,59.067937702883,59.6923786729017,..
IDA blend,IDB,"Life expectancy at birth, total (years)",SP.DYN.LE00.IN,43.1475245507474,43.7513476950702,44.5525997028807,45.2388408032255,45.838957638757,46.402280733009,47.113698099704,47.2198588798385,48.0790234743281,48.6443334241874,49.519705651522,48.2506051148297,50.5459749366891,51.0008719342054,51.3282791232086,51.8185898308001,52.3078190218903,52.6790362048644,53.0415687832168,53.3818979498165,53.8744977499914,54.3952235214417,54.6149155013513,54.9570322413777,55.1611874432351,55.1635060070609,55.1325863293489,55.0400874853927,55.1575420060049,55.2755127541609,55.350565287451,55.2022432862554,55.015677521929,54.8229656597793,54.6826787720315,54.4384638044215,54.5774663048949,54.6270904970049,54.8718919621609,55.2983315418446,55.7083604071395,55.9440608929352,56.2885019243715,56.6067392655321,56.9323638427179,56.9755628326782,57.7790629423361,58.0368741385683,58.3351952127974,58.6751553292635,59.0177689602299,59.3980039125471,59.5944621582484,59.9064934397451,60.0777522224836,60.3157922471837,60.5245602631319,60.8446699300444,61.0543393432782,61.3192585699951,61.0047440710329,60.6823888070765,61.2894334441231,..
IDA only,IDX,"Life expectancy at birth, female (years)",SP.DYN.LE00.FE.IN,43.8067763696643,44.3057729531377,44.7711597269458,44.9447842841937,45.6659730645066,45.6792543611189,46.0529414862729,46.6851764535216,47.0433441225302,47.3098000517236,46.1887441308748,44.9910497663294,47.9604418454375,48.5180245541122,48.4577058261953,48.4407605492412,48.995390337218,49.7493528546488,50.2436440315494,50.7433440450026,51.2035179547219,51.5102083205958,51.8093810745795,51.2982962846996,51.5595241460801,51.9148010827452,52.5647298620562,53.19708591186,53.0680879833166,53.8002671807395,54.0914509572531,53.7620896029739,54.4662419934521,54.921688259304,55.4070169504062,55.8849397534205,55.9665410508422,56.7299813457826,57.1405630305211,58.2423721721324,58.5647389682301,59.0393277005567,59.5589753150861,60.1227716252651,60.3809027437216,61.0884722756408,61.6580945922427,62.1069728202054,62.2172408113522,63.1744978559101,63.6875154933843,64.4127851132471,64.9713081257709,65.5118849500291,65.8232367221657,66.214342617558,66.7658076176873,67.1795868918813,67.5683410709245,67.9964992219367,67.4375927558315,67.1305902104548,67.8643770826727,..
IDA only,IDX,"Life expectancy at birth, male (years)",SP.DYN.LE00.MA.IN,41.7014357336266,42.1525048125994,42.6823624078225,42.825456512252,43.484537415172,43.5108399172965,43.9216720129939,44.4329646298178,44.8026397728139,45.0471372536314,44.0211878055975,39.9712931846629,45.5713835153444,46.1352789907731,46.2072487400111,46.3645810119847,46.9829752178918,47.5611195311047,47.8384269828793,48.2463881945165,48.7326939275915,49.0084778621201,49.1369225839645,48.7123896430587,48.659994906057,48.9861610523591,49.6018429127172,50.0872340366353,49.9767408736651,50.9850293767509,51.3004436506473,51.0209459564597,51.5147183145219,52.0059823145024,52.6807899606135,53.0361282168705,53.2320645875142,53.7599413846403,53.8704564194386,55.1652073923739,55.7174306957323,56.1389933009944,56.4886162886142,56.9213003595623,57.2701323436776,57.7870287497149,58.3229963878352,58.6764077339404,58.8325782206474,59.5677018832848,60.0539622182868,60.6055731949425,60.8269301092653,60.994876555582,61.4125289688941,61.7583982726077,62.2250216245,62.6049462918325,62.9894599504259,63.2904631755298,62.7898483631322,62.3657171471932,62.9515144089729,..
IDA only,IDX,"Life expectancy at birth, total (years)",SP.DYN.LE00.IN,42.7143984959142,43.1877419623862,43.6848704506251,43.8357827568984,44.5273919858862,44.543029525583,44.935523860706,45.5052002868151,45.8697435732412,46.1245019273428,45.0158033675931,42.1939252755709,46.6948177704204,47.2619180582696,47.2709756450606,47.334275419927,47.9398704053101,48.6085495126827,48.9762085877464,49.4280416700574,49.9128072060609,50.2030626493223,50.4093965833396,49.9429718572744,50.0323605063926,50.3785192702061,51.0120425535026,51.5596026282635,51.4329794064241,52.3281133563898,52.6275448583005,52.3332912875056,52.9253965789653,53.3974449516571,53.9985576244361,54.4129829483926,54.5491642127648,55.1997058646538,55.4443775440239,56.6567272715778,57.110052986906,57.5564754481211,57.98698600571,58.4803898064699,58.7895542539058,59.3980614456779,59.9530372196869,60.3544410367851,60.4898718387942,61.3355135433512,61.8371593327303,62.4744060083646,62.8492847269997,63.1833326979232,63.5651601961005,63.9403931369836,64.451574764543,64.8497498378811,65.2439035778193,65.6053727445142,65.0678265740479,64.702887987557,65.3642224172282,..
IDA total,IDA,"Life expectancy at birth, female (years)",SP.DYN.LE00.FE.IN,43.7965843914139,44.3213883559286,44.8055044177244,45.1611122433839,45.8606414642784,46.0496643932301,46.5226039263929,47.0811887345436,47.5969298974722,47.9560248633557,47.4038545328549,46.4296682450586,48.9668656747414,49.4955760661718,49.5647890149942,49.7221253894407,50.307818101932,51.0022389385888,51.499092402561,51.9763785411045,52.4468206322604,52.8637539885744,53.1617982515832,52.9395265907884,53.2015692849478,53.3887697333779,53.7846098587186,54.2034637827487,54.2063339211933,54.7536254504317,55.0136677061864,54.7161837168638,55.078778038992,55.2965469868726,55.569180101677,55.8146507881414,55.9311159774246,56.4854530020944,56.8130655950935,57.6945697018015,58.0121593218628,58.3989093748382,58.8531317661907,59.3428475496963,59.6534375813989,60.1482444493264,60.8415744560596,61.2610293779034,61.4468079531881,62.1973030071316,62.6520853838803,63.2681750086853,63.7017681632464,64.1759173743682,64.4492159857969,64.7941132107649,65.2006900314567,65.6208889292937,65.940692628426,66.2995408579279,65.8837778216217,65.5722178782031,66.2557287413098,..
IDA total,IDA,"Life expectancy at birth, male (years)",SP.DYN.LE00.MA.IN,42.0056454938731,42.5091307010542,43.1781159733496,43.46268382388,44.0904554916165,44.2723920347121,44.7794063807206,45.0924212033723,45.6063781097689,45.9473000613014,45.5425419891787,42.1406573987787,46.9230421639547,47.4521815995349,47.5953996034711,47.8460160453662,48.3856734665523,48.8564753154079,49.1312444909173,49.5007456773425,50.007713417443,50.3465379062892,50.4952014190989,50.3107143888101,50.3306771577424,50.6042449166629,51.0487685756362,51.3344516440823,51.2600860846157,51.9665040485365,52.1746619050715,51.9684191186306,52.2810994287475,52.5676541947153,52.9774556147469,53.1291129364005,53.2904506684537,53.6362160927465,53.8154878388987,54.8171662312249,55.3495256253216,55.7152498016403,56.067787684862,56.4544695497698,56.7665689244976,57.1151572908257,57.6986272404825,57.9871717864381,58.1776634013126,58.7740562238805,59.2080779657203,59.6915636519641,59.9056287885901,60.1113529465642,60.4361521487467,60.7430435947414,61.1519903712305,61.4804217462681,61.8172539986341,62.1232624618477,61.6382436138996,61.2535096334249,61.854654375075,..
IDA total,IDA,"Life expectancy at birth, total (years)",SP.DYN.LE00.IN,42.8466970456742,43.3599356570545,43.9500710498892,44.2648327893151,44.9286721135666,45.1121560508242,45.602623864389,46.0304809528327,46.5466572826262,46.8969199742797,46.3978805990943,44.0560955021218,47.881032421082,48.4146634233736,48.5234027436715,48.7219315762975,49.2960559396713,49.877532774358,50.2480997194492,50.6695171364277,51.166751060825,51.5421194946498,51.7597658319057,51.5568982971768,51.6865009179453,51.9265116043022,52.349818428009,52.6935379331874,52.650813044113,53.2950334629323,53.5241973767523,53.2813314665564,53.6168530673763,53.8687886884116,54.2247372359393,54.4214097474696,54.5585293193917,55.0101059072337,55.2546768589897,56.2062688929389,56.6445132972732,57.0198452410406,57.4213365513584,57.8560992942113,58.1698928175895,58.5887967162084,59.226091469734,59.5779453592143,59.7661295906033,60.4397543502595,60.8856976046725,61.4347136027582,61.748733268164,62.0747164514523,62.3856544655559,62.7157930219261,63.127522480407,63.5022497521401,63.8372725817393,64.169862820231,63.7101324636448,63.3618186626048,64.0074332547117,..
Late-demographic dividend,LTE,"Life expectancy at birth, female (years)",SP.DYN.LE00.FE.IN,46.3626728384519,51.1714814974356,57.6208757718689,58.0987505833089,58.7128000103567,59.235992860598,59.7226270842793,60.1200523351328,60.514724409418,60.9307021552308,61.690246367253,62.3523428033142,62.8627305384928,63.6576053165084,64.3039029207421,64.9978139963136,65.6023278825708,66.2388473703198,66.7977906379441,67.3045544875005,67.8086846682888,68.3258821729957,68.769613513564,69.1635018098147,69.4833580771115,69.7936286662921,70.272194654007,70.6126606177484,70.872557690369,71.1482967092389,71.3060020680304,71.2818694105209,71.6041637896494,72.0017319314706,72.2122383921736,72.5117256834813,72.7931209958619,73.172053570531,73.6917961249618,73.696130985364,74.1406342337353,74.8901209487038,75.182028486633,75.6031617079693,75.9098590676279,76.3142240917688,76.6931363149321,77.0031074844177,77.1390689049413,77.5409127589272,77.8085900491541,78.1351064634729,78.425117960288,78.6891616172205,78.9525666624399,79.1771321431944,79.4638135689806,79.7033828955983,79.9628293313905,80.1500070827873,79.9943857091925,79.5509321404109,80.2113708792009,..
Late-demographic dividend,LTE,"Life expectancy at birth, male (years)",SP.DYN.LE00.MA.IN,41.5367705125614,46.0975794326488,52.1984302439841,52.6740424393975,53.331032410862,53.7758064506652,54.300035397085,54.7336435036799,55.0822797806749,55.5535440847548,56.2894045591824,57.0327596831646,57.5136095102556,58.3218255496267,58.7939824541661,59.4974684165764,60.1426323645488,60.6958956915584,61.1971072993831,61.6713131417686,62.1230040755368,62.6278703056353,63.0573718034216,63.4203415002064,63.730731475727,64.0882009809888,64.573600264711,64.8575141170357,65.0613531177784,65.2616577750754,65.386464261595,65.6768530354783,65.962108366268,66.0629521710972,66.2710537382379,66.515471696648,66.9297445818891,67.3924407425222,67.7454177476159,68.0285329403864,68.2395978607524,68.6101775078223,68.9132056140658,69.3176741168847,69.6162467349362,70.0020918062846,70.4526436413195,70.7306897634347,70.940911119062,71.3541790710332,71.6439658049576,71.9805642873279,72.2457015931663,72.5634735150309,72.8346942541956,73.056433023831,73.2647423788853,73.3292161722422,73.7752975110857,74.0206955380831,73.6683115835983,73.4036549984003,74.1638899944082,..
Late-demographic dividend,LTE,"Life expectancy at birth, total (years)",SP.DYN.LE00.IN,43.8278310582147,48.5109862319203,54.7869956070597,55.2678885685427,55.910397467708,56.3930789633242,56.9041192577532,57.3239186045394,57.692275863293,58.1422453564528,58.8925457866836,59.602966418036,60.0964438350011,60.9067063498496,61.4578872951936,62.1644294719389,62.7918150924616,63.3862795176314,63.914776846225,64.4040157091549,64.8807561992322,65.3919185584026,65.8289895831691,66.2069974942421,66.5221208217558,66.8590796362263,67.3435279551707,67.6538533450153,67.8823512808286,68.1168266715726,68.2543115707627,68.3995054487666,68.7009637933994,68.9363570117399,69.1410427226988,69.4046567354327,69.7550703895447,70.1800441995482,70.6094029939051,70.7609703603816,71.0761017425385,71.6214130012757,71.9187484002977,72.3325339579536,72.6351633895552,73.029864807392,73.4493127163463,73.741117020079,73.9185071737617,74.3293723863249,74.6118098153115,74.9461201956277,75.2238186728944,75.5192108232904,75.7890775087528,76.011905470381,76.2571977187085,76.3982706820151,76.7688297686968,76.9908432902863,76.7229405185737,76.3723357240641,77.1043499415742,..
Latin America & Caribbean,LCN,"Life expectancy at birth, female (years)",SP.DYN.LE00.FE.IN,57.4673673068451,58.0196123687734,58.4781778213908,58.9032891946976,59.4315361406708,59.8799053195298,60.2792224085362,60.6840103747488,61.0876677334901,61.4507407924563,61.4898450614505,62.366350505871,62.7772038547986,63.3672743183302,63.7887041232705,64.3894106144676,64.6594519903054,65.3386515509008,65.7814907022643,66.1822813177006,66.6094215943116,67.1684490286864,67.5276237949934,68.0375493604188,68.4582635468579,68.7069442433476,69.3378016954909,69.7966763455141,70.2167224108616,70.6380227914466,71.0353552230702,71.4059121047392,71.7452724742241,72.085730422145,72.4277492070291,72.7724897413154,73.134693383702,73.4996812725619,73.7170399864632,74.1284863937313,74.5770417160005,74.8539599720297,75.179651246112,75.2766736462126,75.6064447486321,75.933545210646,76.1367421287008,76.2713359870736,76.4735133975598,76.6496336584141,76.5283714656955,77.0079185724709,77.2565585346561,77.445559442091,77.6079794811939,77.7194320937088,77.7670213765698,77.8298949874198,77.9727233798366,78.1719599576524,76.5841272027456,75.6928448461945,76.9312772257949,..
Latin America & Caribbean,LCN,"Life expectancy at birth, male (years)",SP.DYN.LE00.MA.IN,53.0481521713484,53.5826682773946,54.019704656407,54.4347379817074,54.9218377164862,55.2723963786754,55.6937832819173,56.0623445862035,56.4128903902188,56.7491020461005,56.8456610803426,57.5870748010132,57.9131193888222,58.4138709069209,58.8282122082244,59.291155178943,59.4956971985043,59.9559586772008,60.2569246789965,60.5605700663362,60.9743467314359,61.4106951152185,61.7069400218839,62.2760822580225,62.6709514443963,63.0357149625658,63.587307295824,63.9711249592065,64.3624299745616,64.6278887763198,64.813891609405,65.1441095775233,65.4571277792788,65.7635007668173,66.1614715981026,66.4370540304268,66.8132343831421,67.1640896081454,67.4452807955699,67.8357852626408,68.0437585715055,68.2841120452556,68.6492953466671,68.9028769901645,69.2115294725638,69.6074866141837,69.816951525412,69.9598194172357,70.1926009583112,70.4144147765056,70.3254885505425,70.8090354608196,71.0153775227657,71.3105890590267,71.5457805220592,71.5650264033114,71.4653818050883,71.6868477416259,71.7805950824525,71.9537474208165,69.6611798599692,68.791895379386,70.6441746820645,..
Latin America & Caribbean,LCN,"Life expectancy at birth, total (years)",SP.DYN.LE00.IN,55.1674160192839,55.712791840836,56.1606818400737,56.5817278918647,57.0900051071684,57.4881962996642,57.903050766053,58.2895728734404,58.6657895715414,59.0165217796205,59.0894350179079,59.8994863523443,60.265731486576,60.8108715398486,61.2298039205303,61.7587059537949,61.9933088009554,62.5561415334715,62.923249900282,63.2688027889165,63.6921079977167,64.1802836412459,64.5134634077165,65.0626857719193,65.474444293858,65.7921374666843,66.3856864024661,66.8070681322187,67.2157411066885,67.5540967913478,67.8407028948013,68.1941364881821,68.5218846010882,68.8465750784765,69.2226735121149,69.5323706224398,69.9053970651956,70.2654669055778,70.5197937285381,70.9233392903296,71.2409160198112,71.4986984385335,71.8488849801519,72.0323805059815,72.3540297743228,72.7232874033116,72.9323714870775,73.0726347650508,73.2942967576769,73.498042188438,73.3929916676496,73.8785220786594,74.1040213484021,74.3518666744376,74.5544970112086,74.6153467456489,74.5809899269173,74.7336265116992,74.8500136238664,75.0357886195834,73.0265163953482,72.1362094011984,73.7501213409412,..
Latin America & Caribbean (excluding high income),LAC,"Life expectancy at birth, female (years)",SP.DYN.LE00.FE.IN,56.790415018951,57.3543520459451,57.8270143914415,58.2884277156737,58.7980341664239,59.2405675601797,59.638390495299,60.0297471680614,60.4252949719863,60.8058354660139,60.7717240436711,61.7020926423795,62.1265682263854,62.6897752195405,63.1145646666799,63.6944097352193,63.9946857957211,64.6534100392758,65.0902157352406,65.5247383940408,65.9646199801975,66.5168629170703,66.8740199859298,67.4179698389606,67.8582924701296,68.1216258690174,68.7780380845023,69.2678935083566,69.7148102542252,70.1596473939729,70.5947449193985,70.9471217178499,71.3167910814353,71.664394071463,72.0226776042197,72.3885015544508,72.7783314718682,73.1242089918049,73.3500745744869,73.8141525651928,74.2335099524318,74.581754244045,74.8539961806671,74.992282322241,75.3166148232555,75.6457120471511,75.8632970538534,75.998213211579,76.2178663049761,76.3964281711772,76.2599224856602,76.7764121161598,77.0360919046883,77.2327963800414,77.4199379831483,77.5204185190568,77.5879832698317,77.6902688769907,77.8326378236643,78.0431769000374,76.349293365945,75.4289014551143,76.742599619388,..
Latin America & Caribbean (excluding high income),LAC,"Life expectancy at birth, male (years)",SP.DYN.LE00.MA.IN,52.4060893609089,52.9425467407661,53.4304926623005,53.8934142404966,54.3478374457059,54.6783881226667,55.1253190302552,55.4641288637539,55.7921401247524,56.1409507293341,56.1812780946445,56.9766237625384,57.358448675659,57.8286367259914,58.1970344119769,58.6426455669252,58.8527614093672,59.3022610085038,59.6013454366321,59.9114356335048,60.340172953438,60.7507798772943,61.0579403407097,61.6822258918159,62.0922328560769,62.456482754493,63.0132510395923,63.407651213446,63.8446466843073,64.1603276355041,64.3339155235321,64.6576171970413,64.9774039834594,65.3196534036438,65.7590298810902,66.042544808959,66.4495953920921,66.7836853580767,67.0944968809697,67.5349838056663,67.7415734297388,68.085640605067,68.3741700679786,68.6993821134455,68.9935779958176,69.4059724716144,69.62749567014,69.7858793697983,70.0676103141714,70.2900835714215,70.1736038761853,70.6787892290218,70.9076438331004,71.2052158221511,71.4798488483355,71.4759410902214,71.415212735688,71.6332487059695,71.7466893017964,71.9163972464231,69.4853557411915,68.569831697359,70.5425421118292,..
Latin America & Caribbean (excluding high income),LAC,"Life expectancy at birth, total (years)",SP.DYN.LE00.IN,54.5082879756546,55.0602043770456,55.5419876078086,56.006233688065,56.4875624450113,56.8722048908103,57.3004695739911,57.6646045693097,58.0246916503253,58.3904502958351,58.3990267267748,59.2638938876772,59.6673019730323,60.182869698886,60.5780761623119,61.0876515338768,61.3390845074832,61.8860704421231,62.2492159834606,62.6131100762551,63.0503512685043,63.5202194604961,63.859321275656,64.4551554228614,64.8846127739477,65.2085752999499,65.8165402815406,66.2579012841053,66.703886680434,67.0801449656038,67.3778601266953,67.7188993230142,68.0641567058439,68.4120211622196,68.8178953383016,69.1415657736621,69.5441635255315,69.8856920609729,70.1603126622182,70.6149579381101,70.9176586139137,71.2652376749831,71.5475640490083,71.7898022588622,72.1004687950369,72.4797331910148,72.702544973655,72.8515574947149,73.1088533935189,73.3134629669003,73.1858451739092,73.7000282985099,73.9431550946384,74.1950703202932,74.4309457009756,74.4739718760268,74.4715396040294,74.6405960808436,74.7678088152975,74.9568695078933,72.8211448073561,71.8925576088296,73.6091669105209,..
Latin America & the Caribbean (IDA & IBRD countries),TLA,"Life expectancy at birth, female (years)",SP.DYN.LE00.FE.IN,57.0023729609921,57.5628425880172,58.0279614881366,58.4778046464774,58.990742446603,59.4432551175715,59.847298403137,60.2585229509803,60.6709191779534,61.0347618247229,61.0621780763459,61.9600805150084,62.3699554904455,62.9656381263995,63.3898645689763,64.0018286575872,64.2688783609818,64.9650913591837,65.417037297394,65.8289914769739,66.2664944572159,66.8464700926442,67.2179611283629,67.7462184601705,68.1819854249252,68.4429887200375,69.0902393040315,69.562114965769,69.9955252903511,70.4305362939313,70.8399161931754,71.2220987450781,71.571702045743,71.9169676131367,72.2679946837378,72.6193675531247,72.9871765032926,73.3563661054932,73.5732132863349,73.9897774092475,74.4437950401736,74.7217844419014,75.0526622818291,75.1494389199537,75.4850146562867,75.8191232308752,76.0254135398562,76.1613655472964,76.3670579526149,76.5467627880764,76.4207178420492,76.9115621719502,77.1664694565275,77.359057310548,77.5254390917539,77.6364137845247,77.6830509957973,77.7572328738675,77.9006257441293,78.1113711713546,76.4852791983412,75.6310715335522,76.8293933830067,..
Latin America & the Caribbean (IDA & IBRD countries),TLA,"Life expectancy at birth, male (years)",SP.DYN.LE00.MA.IN,52.5445906477457,53.0981701114852,53.5398162983152,53.9763641490009,54.4598358089093,54.8146399677087,55.2439934918925,55.6172387951859,55.9722893363923,56.3117143277973,56.4010718475144,57.1608831403017,57.487583833379,57.9938128974413,58.4116509316064,58.8794824551769,59.0809294006337,59.5523106607904,59.863286576243,60.1770194312362,60.6039690212033,61.0558684857988,61.3603934268681,61.9508259010166,62.3595557303298,62.7423035889497,63.3096493996042,63.7090874147377,64.1155523722516,64.3921425129161,64.5861290522721,64.930557223824,65.2548572356945,65.574794906124,65.9845669092905,66.264117336926,66.6460599255561,66.9996588914576,67.2811453132019,67.6754273433832,67.8805396237687,68.1210524556795,68.4926614124968,68.7508411077961,69.0655570144527,69.4711889865095,69.6836796987424,69.8288729214587,70.0657575423047,70.2923885433584,70.1984306319891,70.6923153633295,70.9027321985858,71.2043316090103,71.4468263867185,71.4669808947283,71.3674627054402,71.6032362971928,71.7020260787888,71.8812769692402,69.5432730605342,68.7101987134011,70.5288050287019,..
Latin America & the Caribbean (IDA & IBRD countries),TLA,"Life expectancy at birth, total (years)",SP.DYN.LE00.IN,54.6845571773144,55.24398501166,55.6975186304074,56.1416344302214,56.6409181932075,57.043422697037,57.4648035966648,57.8567248877802,58.2392458354489,58.5920779722556,58.6557274171043,59.4857200219725,59.8520173093994,60.4029197955711,60.8249355901106,61.3615830928492,61.5931630959336,62.1699657261597,62.5468482700935,62.9028931725825,63.3381075373524,63.8439130345924,64.1870274963574,64.7559924667865,65.1819609842689,65.515020544916,66.1245138905147,66.5602981235169,66.9832347488853,67.3337939670079,67.630245797277,67.9967878406716,68.3352988835565,68.66989078318,69.056417285016,69.3710993076755,69.7496049173119,70.1128357646351,70.3668714625821,70.7746762147767,71.0930512171447,71.3513524483008,71.7074966575452,71.8934107258164,72.2210589736767,72.5988441225479,72.8109379220723,72.9529972451449,73.1784552412406,73.3864273245299,73.276335684089,73.7726423500829,74.0031493279782,74.2560555436578,74.4644587036761,74.5255237148256,74.4907410222905,74.6564591424147,74.7759178485014,74.9701507441763,72.9176989337852,72.0644281306922,73.6413370777084,..
Least developed countries: UN classification,LDC,"Life expectancy at birth, female (years)",SP.DYN.LE00.FE.IN,42.258790331794,42.743928086573,43.2087105267433,43.3430075009083,44.097109702325,44.0496240638969,44.4108334396653,45.0501979182663,45.4146012625014,45.6624756196041,44.3146049887061,42.9023949147123,46.2800929750453,46.8219434738222,46.7244557759705,46.581125480126,47.1376656125388,47.9495046475013,48.3790088256755,48.854160731709,49.3120617929094,49.6299807622245,49.981518078211,49.2545817813141,49.4955699346612,49.8676295950385,50.5342790889356,51.1650278534203,50.9661724198018,51.7595521817458,52.0264538798418,51.6670747632911,52.4451764791063,53.0010258676434,53.5906888348817,54.1178693200846,54.2083039752685,55.0573323245799,55.5868828660343,56.7343831179841,57.1705699893582,57.6932935050263,58.2526074954969,58.8889620621243,59.3447621916673,59.9585504365459,60.5567436981386,61.0269743136793,61.137230254896,62.2438014479401,62.7558654966668,63.5474023245632,64.271495215947,64.9231904806085,65.2787493858428,65.6801159073309,66.2495324002277,66.6307303269201,67.0605351566942,67.4790053654213,66.9382505556349,66.5958006574315,67.3548112588319,..
Least developed countries: UN classification,LDC,"Life expectancy at birth, male (years)",SP.DYN.LE00.MA.IN,40.2705243430904,40.6565580036928,41.197449703662,41.3184049391369,42.0207530357356,42.0017242873792,42.4199131805643,42.9656433545334,43.32324251205,43.5575095933824,42.3040481374915,37.6571651290387,43.9925716488296,44.6177733388735,44.5951983803714,44.636701027254,45.2722186049542,45.8902004676212,46.1291992922706,46.5927714683084,47.0253164080493,47.3673855143955,47.5870037026008,46.8866692891387,46.7960229822326,47.1476629728695,47.7847008602698,48.2678153314582,48.1048468960018,49.2706639163258,49.5326528356116,49.2674641781181,49.8408147369685,50.3874047099879,51.1493417857053,51.6257765792487,51.8401595191092,52.4180376259574,52.5444534585926,53.8939846378435,54.5805349995999,55.0110653095728,55.397930668221,55.9133100249066,56.3911507485346,56.8400996760738,57.4308761939751,57.8117985876675,57.988993099282,58.8557598900954,59.2740347260666,59.906779367069,60.3489025511564,60.6114236891478,61.0555012969424,61.3753918639105,61.8435037192038,62.2337242111465,62.5819869262416,62.8421250966489,62.3513251228086,61.844877021482,62.48981493565,..
Least developed countries: UN classification,LDC,"Life expectancy at birth, total (years)",SP.DYN.LE00.IN,41.2357532729059,41.6676582486245,42.1692185957613,42.2890272354449,43.019313899795,42.9819871629999,43.3719284939636,43.9639858392671,44.3243425339679,44.5650823720187,43.2225481336436,39.9689319797284,45.0676951711295,45.6596758571533,45.6014606277035,45.5402173765284,46.1574203202028,46.8756263275295,47.1920437203506,47.6663783318314,48.1178022387759,48.4485213620244,48.727943288904,48.0134959646268,48.0730244908598,48.4419759610513,49.0949277708166,49.6406698318453,49.4522033350014,50.4640692059643,50.7218977039033,50.4236879767597,51.0952487733016,51.6447140703674,52.3378462046235,52.8418442581045,52.9904730967027,53.7087264462973,54.0162591339319,55.2777009267202,55.8565454211516,56.330565687321,56.7995057158111,57.370618861938,57.8401337938434,58.3691842443202,58.9685787044937,59.3952675522159,59.5423515993272,60.528565181197,60.9912524185843,61.7029416315496,62.2729132900146,62.7099628036551,63.1259770990809,63.4910879470846,64.0109064266327,64.4004122819752,64.7923469499686,65.1258903357164,64.6017504849063,64.1753409199014,64.8802732533622,..
Low & middle income,LMY,"Life expectancy at birth, female (years)",SP.DYN.LE00.FE.IN,44.6705883338694,47.3980992074281,50.9845236009551,51.4335740058426,52.0048638355387,51.9548219132221,52.5677330510826,53.1574357413002,53.8756988277091,54.3668232762886,54.6699939677836,55.01170857149,55.9261058903974,56.6227625090009,57.1728076458935,57.7843092893616,58.3991245851679,59.0731104638558,59.6304277791707,60.2015493737366,60.7416393791107,61.2429076629975,61.6968645390357,62.0595532359674,62.4466835866138,62.8054480398998,63.2594292650589,63.6491509890907,63.9148725419698,64.3163356869968,64.555084222119,64.6521079625582,65.0460900444427,65.3801675927591,65.5912540787085,65.855115995581,66.0551721218298,66.4214406736151,66.7857042243603,67.1218809335895,67.5011004220592,68.0055495354538,68.3463886030766,68.7220855989451,68.9474613570143,69.3976626709389,69.8139054662315,70.1164784747391,70.2859926480288,70.7422757186443,71.0495637591,71.4226154593845,71.777048554042,72.1180162209901,72.4104864576768,72.6804119691339,72.9811996402091,73.2645043054255,73.5134413991485,73.7202224025241,73.1816721699299,72.1608021807299,72.7589464293169,..
Low & middle income,LMY,"Life expectancy at birth, male (years)",SP.DYN.LE00.MA.IN,42.2783826381126,44.8281826860893,48.1855643469194,48.6235495669772,49.1658797400734,48.8529062478891,49.6464281078956,50.1899487258992,50.9149330780589,51.4080330430825,51.7578370679967,51.6822846878461,52.9958814366901,53.6647364774356,54.1259685150913,54.7045037357026,55.2823311965366,55.8050796740249,56.2227554384394,56.6926181346316,57.1115573257162,57.4712254939299,57.8398308972466,58.1621663775271,58.5369064516939,58.9114921820319,59.3230154565855,59.661467718771,59.8641500809194,60.3108896210465,60.5205430988688,60.7705317682147,61.1000058102974,61.3889204381567,61.7351053132131,61.9611456606427,62.2292358138129,62.5645798476997,62.8368693965982,63.2767947054957,63.6154957826531,63.9303614350094,64.2584418554915,64.5635992008378,64.783506184738,65.149600030314,65.4877073232145,65.7178131545542,65.9066570426884,66.2882425720231,66.5881585590397,66.9255116825732,67.2178575890767,67.5228608091115,67.8847674897151,68.184290311926,68.446978163104,68.6319992555455,68.9372849638548,69.1287380835047,68.3786421109378,67.3668657941497,68.0659954616903,..
Low & middle income,LMY,"Life expectancy at birth, total (years)",SP.DYN.LE00.IN,43.4014631847016,46.0382964958165,49.5112614188259,49.9563463977198,50.5157570114125,50.3220238178444,51.0399684850343,51.6068954703235,52.3271930530864,52.8220840192167,53.1473914401505,53.2544897630443,54.399720180442,55.0860791659701,55.5879457223514,56.1837304481771,56.7831167997462,57.3800217152621,57.8620793779614,58.3804666340847,58.8573098556592,59.2802765564059,59.6896834189346,60.0327755341382,60.415298982317,60.7860047131593,61.2197038646432,61.5818085374371,61.8125748878386,62.2435005409861,62.4665643246589,62.6492713274115,63.006942191614,63.3173127005786,63.6050673180437,63.8466943132675,64.0821531987658,64.43497776108,64.7490670698511,65.1428603403004,65.5008605285604,65.9037217353211,66.2385176541891,66.5774743551299,66.8007697653346,67.2072262371217,67.5831415378396,67.8471157296731,68.0288541754688,68.4480394822214,68.752975538966,69.108937489293,69.4303758927834,69.7520272237151,70.0857759341076,70.3723506685511,70.653734324035,70.8834200003221,71.1682575000595,71.368287587454,70.7037618127909,69.6814489998854,70.350086648099,..
Low income,LIC,"Life expectancy at birth, female (years)",SP.DYN.LE00.FE.IN,42.6632192769331,43.0668161529581,43.4153668173884,43.70226228384,44.3450801387426,44.4347804104405,44.216620110675,45.0140769634686,45.3641526762431,45.6676512714221,45.9853399426845,46.4967853840706,46.3039401675798,46.9929224097565,47.0099934264551,47.2707583551576,48.0573815956105,48.3949675492834,48.7215835573495,49.1637304051075,49.5715300222081,49.8332712610095,50.0704990068094,48.7046504618628,48.7478962056291,49.0817762617829,50.0221330342603,50.8254126309437,50.3732425722858,51.7552989632808,51.9354020764997,51.7504914235645,51.6780741436141,52.501479107877,52.9846290251718,52.7485335001644,52.8834362709996,53.3163529786817,53.1853729744378,54.2960470843295,54.8741336773206,55.338932954566,55.8236785032496,56.9293804514229,57.403593773185,58.0568477523459,58.9068443210345,59.6506938510117,60.2468523122046,61.0553604179755,61.5523209272786,62.1851891809063,62.5720652628142,63.0894311417123,63.4955144305646,63.9383997344316,64.5220963162331,64.9798321343688,65.4547621129699,65.834223525138,65.3833954665345,65.0535415450892,65.5730189005631,..
Low income,LIC,"Life expectancy at birth, male (years)",SP.DYN.LE00.MA.IN,39.5216298688233,39.8156580967213,40.1500183388317,40.1817119408618,40.8434589584132,40.8752806122795,40.7774812164027,41.4870126161804,41.897186381104,42.1871080203029,42.5389579696332,43.0098781665691,42.8147905782964,43.6239815986302,43.808977778208,44.1063967165624,44.7265581197582,45.0498155053305,45.1836172451634,45.6059045832118,45.9063271449081,46.0952959200117,46.0370633464876,44.8833660653421,44.4978619231934,44.9521812970895,45.7182061077279,46.3279363265714,45.8853436598464,47.6181521728254,47.5686219518715,47.7129316685697,47.5999232372806,48.4064048317737,49.3461645004157,49.0617338625085,49.1802183135412,49.664233353353,48.9888630986992,50.3349014840652,51.6425332933336,52.2044184028519,52.6854217950569,53.7321434114545,54.2143657857608,54.7598731193588,55.6218627915578,56.2461689049825,56.7933524684598,57.4227932368423,57.9353473505864,58.4671514675409,58.610312850723,58.8544179359981,59.2194299996888,59.5482937819608,59.9994041505006,60.3749576015661,60.6320716459744,61.0940120313887,60.621961682271,60.0570497966809,60.5555678579663,..
Low income,LIC,"Life expectancy at birth, total (years)",SP.DYN.LE00.IN,41.0742569871819,41.4219453867152,41.7613663357819,41.9124635368187,42.5710844940553,42.6293060751247,42.4698659228749,43.2252282928468,43.6088943230138,43.9066769774063,44.2446847603253,44.7392603425823,44.5439132265546,45.3038265293108,45.4072574741613,45.6885445146202,46.3885474789135,46.7198633810716,46.9448284511506,47.3791830199215,47.7267590274511,47.9529657516468,48.0286502554729,46.7737676035197,46.5779224545741,46.9801960715693,47.8380996939436,48.5247540460625,48.0628307828272,49.6782103047641,49.7348429974899,49.7330304328093,49.6294523221112,50.4490258104908,51.1851514635395,50.9003183670229,51.0234237478311,51.4840303852693,51.0472883736911,52.2927683834738,53.2642902923659,53.7778091565491,54.2606157224313,55.3449030749751,55.8205959351708,56.4164777359562,57.2742526141038,57.9534329316949,58.5251293371547,59.2436780128506,59.7509319079297,60.3311952526919,60.5857752638933,60.9556833608253,61.3399518806639,61.7210524307475,62.2350417462523,62.6454844591366,63.0074146440753,63.4346116696944,62.9652953931739,62.5053450647307,63.0187828193203,..
Lower middle income,LMC,"Life expectancy at birth, female (years)",SP.DYN.LE00.FE.IN,46.0556606822203,46.4502942062863,46.8428461246173,47.1547752872366,47.606947153661,47.1456788811067,47.6683145221524,48.0456493019039,49.0913767470039,49.5275880337423,49.4251306930739,49.1015142686888,50.5178138428398,51.0739805408473,51.5078218346627,52.1313431958805,52.6852085496862,53.4461295780917,54.110294061391,54.7153797308314,55.3025514359674,55.8661874616472,56.3820836339831,56.9253697286055,57.4152644437709,57.8174636800064,58.2247652199618,58.6252720170954,59.0585412499874,59.4488276050113,59.8600164100961,60.0315529751049,60.4695381851922,60.6940872523083,60.9601792861589,61.2312512200682,61.4987967031172,61.9569900230463,62.4041632641836,62.9649985034748,63.3140148979331,63.7111091267057,64.1898355376448,64.6509765405185,65.0190518572491,65.4616280832178,65.950063476684,66.2877525628184,66.5058763558771,67.0008935010161,67.3906438300888,67.8638454753583,68.2917338118249,68.7117636836325,69.0768595642085,69.4177655566884,69.7613857071058,70.1027564571789,70.3347312095652,70.5833535964879,70.1731035699078,68.4745783594788,69.1507269580912,..
Lower middle income,LMC,"Life expectancy at birth, male (years)",SP.DYN.LE00.MA.IN,45.68860151896,46.0512561495063,46.5027933076593,46.7734867220487,47.1791469696955,46.6114987519977,47.0879314603921,47.3174232412615,48.3366869149037,48.776601215567,48.7636997109533,47.3349782938947,49.7778327508981,50.3483639925978,50.7615777628177,51.4217290878466,51.9172436647826,52.4401137403553,52.8461569167062,53.2590228476144,53.7302107717439,54.1583696528573,54.5016246891309,54.9205496962008,55.3036015974095,55.6807522633556,56.0591823034437,56.3979541610957,56.6965304409002,57.044752659926,57.3983035884702,57.5679983840127,57.9945424122612,58.2680025136834,58.5689925686828,58.8862630184259,59.1893375313752,59.531444722355,59.9553392747544,60.4383209441651,60.7074034092146,61.0088165160521,61.3777349659122,61.7062374391621,61.9768568795692,62.2935265081087,62.6270862391914,62.8489289588662,63.0108303415746,63.3978195012626,63.7444858836709,64.1522738253314,64.5474611376831,64.944936800771,65.429911254377,65.8675975947002,66.2796331076723,66.585461214693,66.8338206109742,67.0031229120878,66.3772818089236,64.67954233193,65.3151559559565,..
Lower middle income,LMC,"Life expectancy at birth, total (years)",SP.DYN.LE00.IN,45.8425750958289,46.2202560280651,46.6488405825586,46.9368227794608,47.3653824170961,46.8483092547453,47.3466539159361,47.6435994134338,48.6666546582681,49.1080825732196,49.041116781931,48.081321291916,50.0935311013359,50.6635788549842,51.0855118882696,51.7336542427446,52.2657375694632,52.9088038634796,53.4333213961596,53.9389131905687,54.4710559588236,54.9637180435253,55.3871514627142,55.8656961125638,56.2995315869689,56.69215236227,57.0835441318397,57.4527366934255,57.815492974602,58.1822699463921,58.5645107108971,58.740010172318,59.1755540225324,59.4261765075384,59.71680906875,60.0152560747783,60.3021841783764,60.7039677993061,61.1407333782191,61.6626423115663,61.9710874398223,62.3172764458713,62.738332783575,63.1284775405672,63.4458482560578,63.8216087999301,64.2272011456267,64.50348105638,64.6910818327452,65.1309602159891,65.4991838167348,65.939427595732,66.3492377694868,66.7546644646833,67.1904220045406,67.585390843635,67.9676859820888,68.2920404040651,68.5352942825717,68.7404552946187,68.2096238109701,66.5033255523027,67.1659174849035,..
Middle East & North Africa,MEA,"Life expectancy at birth, female (years)",SP.DYN.LE00.FE.IN,46.0537257235867,47.3329475310819,47.694434952607,48.0477392102484,48.6933386564779,49.3098929297292,50.4267755616974,50.9603716263586,51.3627966812509,52.0205415395564,52.6247441463998,53.2946301145281,53.8359601074619,54.6838338390417,55.4783812847678,56.2516670220078,56.7202258290051,57.878433092317,58.4705447501672,59.7882703253126,60.6276287932566,61.2718209749264,61.9327905610525,63.3640564643216,64.2154724315563,65.0062228251257,65.6935065975179,66.1698551680704,66.5785010104403,66.9870894808874,67.0101603520855,68.091972585417,68.590492260301,68.8951336281819,69.2291683937415,69.5419179171845,69.9699104650294,70.2593692100995,70.4320030188983,70.8977356326161,71.3407530263751,71.6665681503247,72.0068498997272,71.9605914290355,72.5233910828732,72.8531236161047,73.2141528806099,73.5378387429925,73.6236283488899,73.8880978405771,74.221869995153,74.5089617582984,74.5114725603408,74.6118074198565,74.8567561777178,75.0628133766956,75.4864120678379,76.0103025945086,76.1065692590865,76.1527535136482,75.2383727408965,74.9776542368537,75.4100039465347,..
Middle East & North Africa,MEA,"Life expectancy at birth, male (years)",SP.DYN.LE00.MA.IN,43.5371875135566,44.7731543800614,45.0324635019209,45.8114678754145,46.5132035335598,47.1173811842812,48.0740788842515,48.4880785653106,48.9279632111155,49.4942452841961,50.0656351563095,50.7652325255331,51.3446562678456,51.7373365074985,52.5620890875759,53.0647175395527,53.649586320893,54.8575207593174,55.386426465783,56.4970747387195,56.5257663460828,55.8999838132399,56.2531599306163,57.7746064965783,59.3282023178437,60.0826807461426,60.5216867043761,61.3957328456346,61.7570744157247,63.0930731060055,63.0733158690505,64.2773064000163,64.8953245428519,65.2475008062515,65.3191588549031,65.6315016260469,65.9948638523154,66.2524065923682,66.5366855000285,66.9353215583813,67.2275323852943,67.5953890097898,67.9502613213838,67.7936252123788,68.2109609279382,68.4778755705448,68.5768117646163,68.9294502697979,69.3499150889868,69.7422544684599,69.9530414613924,70.2080991718404,70.0703304645905,70.1274641533797,70.4339892893663,70.7516829089407,70.8965351841606,71.28590088718,71.518347415722,71.727038350511,70.699896791025,70.5010906112004,70.9930670353056,..
Middle East & North Africa,MEA,"Life expectancy at birth, total (years)",SP.DYN.LE00.IN,44.7377501138299,45.9989952998494,46.3009818124683,46.8880223855592,47.5667422773882,48.1766139795397,49.2102365604526,49.679453860086,50.1051253426557,50.7146882722824,51.3036186668657,51.9932682547652,52.5559966853628,53.1621627711239,53.973495762283,54.5925514106027,55.1170797740824,56.3283811510893,56.8866047779229,58.0965593955216,58.488335487155,58.4019407722526,58.8797151923472,60.3706971312189,61.628037083872,62.40194935835,62.9534572205363,63.6546258988965,64.0218449300433,64.9642030337126,64.9665647922059,66.1241814313782,66.689478290956,67.0189642794392,67.2118438132566,67.5269548250013,67.9148449489189,68.1862881626338,68.4191278291401,68.84492282185,69.2099859334069,69.5607012874056,69.9108613835257,69.797918431483,70.282469114802,70.5758158918822,70.7840033539717,71.1202720403469,71.3950019832394,71.736490088585,72.0029885680932,72.27091525563,72.18987905093,72.2594236139353,72.5406570793917,72.8065855694486,73.0769114628075,73.5281125554958,73.7045244867728,73.8450052264577,72.8525393886868,72.6238492636692,73.0940459752852,..
Middle East & North Africa (excluding high income),MNA,"Life expectancy at birth, female (years)",SP.DYN.LE00.FE.IN,45.9260317344493,46.6535593726927,46.983306192952,47.9110889187084,48.5478954626656,49.1588542305735,49.7443400245102,50.2775430658304,50.6718173003528,51.3327282557252,51.9265694752472,52.5805389054289,53.1447107123301,53.967318241925,54.7659239209188,55.5354687212454,55.9693247546428,57.1708025898496,57.7465627582929,59.1133207514593,59.9504171706646,60.5998825775413,61.2784463810692,62.7674605698826,63.6405057756523,64.4449017748959,65.160194544678,65.6319749499884,66.0785662320925,66.4198786737537,66.441483794588,67.5822936545538,68.0809874321657,68.3682921036505,68.6964703347555,69.0189218245145,69.4464331039883,69.7385179302845,69.9022059708278,70.3741747595147,70.8195608192469,71.1477992149544,71.4899672735777,71.39941660707,71.9581490352724,72.3025804117177,72.6699239544138,73.0042245118349,73.0557383087347,73.320356777514,73.6394181510816,73.9312427566965,73.899711169706,73.9721976926999,74.219444506497,74.4212873209866,74.8665182608676,75.4322186294897,75.528396728506,75.5795875085516,74.6666795661298,74.3510030227003,74.7355142003623,..
Middle East & North Africa (excluding high income),MNA,"Life expectancy at birth, male (years)",SP.DYN.LE00.MA.IN,43.427697963326,44.1166998849892,44.3449633734418,45.6935222310699,46.387973535799,46.979887188533,47.4224465556111,47.8400533499532,48.2816332965987,48.8430145120107,49.3935143123145,50.071507950557,50.6376324517851,50.9935731472987,51.8182283794147,52.302270532782,52.8528347986405,54.093379115149,54.6015518719755,55.7321295506962,55.6871960184114,54.9299145284658,55.2632821547232,56.864124488793,58.5080400725398,59.2830701484305,59.7215678352417,60.6259443399713,60.9716217595728,62.3892365659015,62.3701601636274,63.6609158902351,64.2814874622712,64.6168520407713,64.6623700017817,64.9743982550644,65.3360795463049,65.5995279709997,65.8659951082632,66.2607348000046,66.5312513961242,66.8607899275901,67.2159346154688,66.972029871828,67.3898617149708,67.6257250256465,67.6766068179841,68.0107939083164,68.4205943171421,68.8026797939289,69.0010213997137,69.2043499453994,68.9747382048798,68.9702452796464,69.2819398313916,69.5949419940228,69.7032537956225,70.1557390889223,70.4397769793957,70.6798333589183,69.6952895900794,69.4507432090978,69.8284404998017,..
Middle East & North Africa (excluding high income),MNA,"Life expectancy at birth, total (years)",SP.DYN.LE00.IN,44.6201056393899,45.331535982768,45.6021188028632,46.7621884892708,47.4332070352442,48.0340912093254,48.5451134819914,49.0159861274777,49.4390455098083,50.0478736230298,50.6214226183576,51.292739677768,51.8601146888574,52.4356808761249,53.2493541018646,53.8568437526573,54.3471041325298,55.5987772565244,56.139450161845,57.384209220938,57.7375757691373,57.583839181163,58.0587513237414,59.6202372483895,60.9369194990604,61.7292238522274,62.2952770907471,63.0123508608458,63.3900294996291,64.345607755118,64.348546221197,65.5817430180689,66.1500081097363,66.4632920507522,66.6423411256736,66.9614092883951,67.3493019791973,67.6257811928226,67.843812206705,68.2719986418054,68.6279004726475,68.958960658729,69.3107242326475,69.1311471975185,69.6145833792408,69.8996974232218,70.0897604623405,70.4248605462317,70.6773371467419,71.0108280721541,71.2634042683249,71.5090628605681,71.3677851679123,71.3945858549039,71.681597809462,71.9449582874336,72.211025104653,72.7140285449284,72.9145963153561,73.0722424625567,72.1055788239625,71.8224203926076,72.2103836349625,..
Middle East & North Africa (IDA & IBRD countries),TMN,"Life expectancy at birth, female (years)",SP.DYN.LE00.FE.IN,45.9260317344493,46.6535593726927,46.983306192952,47.9110889187084,48.5478954626656,49.1588542305735,49.7443400245102,50.2775430658304,50.6718173003528,51.3327282557252,51.9265694752472,52.5805389054289,53.1447107123301,53.9673182419249,54.7659239209188,55.5354687212454,55.9693247546428,57.1708025898496,57.7465627582929,59.1133207514593,59.9504171706646,60.5998825775412,61.2784463810692,62.7674605698826,63.6405057756523,64.4449017748959,65.160194544678,65.6319749499884,66.0785662320925,66.4198786737537,66.4149756348122,67.5618626860928,68.0612859206184,68.3474095285925,68.6753227866879,68.997428230005,69.4256376094397,69.717320311825,69.8801198968848,70.3543712129903,70.8028037282378,71.1318287153438,71.4745466287085,71.3790277094159,71.9407401403974,72.2852842349917,72.6540480838934,72.9892052454301,73.0396762464678,73.3047323692788,73.6232676687687,73.9149660419149,73.8798140975449,73.9497153093187,74.2046278814029,74.3981011610516,74.8455543291433,75.4148544957916,75.5096746590382,75.558974379095,74.6428453991795,74.3320685307776,74.7209570515191,..
Middle East & North Africa (IDA & IBRD countries),TMN,"Life expectancy at birth, male (years)",SP.DYN.LE00.MA.IN,43.427697963326,44.1166998849892,44.3449633734418,45.6935222310699,46.387973535799,46.979887188533,47.4224465556111,47.8400533499532,48.2816332965987,48.8430145120108,49.3935143123145,50.071507950557,50.6376324517851,50.9935731472987,51.8182283794147,52.302270532782,52.8528347986405,54.093379115149,54.6015518719755,55.7321295506962,55.6871960184114,54.9299145284658,55.2632821547232,56.864124488793,58.5080400725398,59.2830701484305,59.7215678352417,60.6259443399713,60.9716217595728,62.3892365659015,62.3368766739789,63.6351168368947,64.2587784013776,64.5951454460214,64.6330570181417,64.945439553898,65.3052345561831,65.5665076538813,65.8331045794951,66.2294974135607,66.5129606292218,66.8576855835301,67.1979179799051,66.9531624672161,67.3752254849847,67.5989497690393,67.6554769668347,67.9906413508249,68.4006304893769,68.7847348574042,68.980418844658,69.1837819589641,68.949672459768,68.9361641254786,69.2760855551969,69.5644222881386,69.6730855539199,70.1271722578957,70.4171053881574,70.6521749911945,69.6671278316613,69.4318137607414,69.8145581926684,..
Middle East & North Africa (IDA & IBRD countries),TMN,"Life expectancy at birth, total (years)",SP.DYN.LE00.IN,44.6201056393899,45.331535982768,45.6021188028632,46.7621884892708,47.4332070352442,48.0340912093254,48.5451134819914,49.0159861274777,49.4390455098083,50.0478736230298,50.6214226183576,51.292739677768,51.8601146888574,52.4356808761248,53.2493541018646,53.8568437526573,54.3471041325298,55.5987772565244,56.139450161845,57.3842092209379,57.7375757691373,57.583839181163,58.0587513237414,59.6202372483895,60.9369194990604,61.7292238522274,62.2952770907471,63.0123508608458,63.3900294996291,64.345607755118,64.3178599123669,65.5579864616261,66.1282660119372,66.4415018736667,66.616438558707,66.9355384974545,67.3227236630031,67.5978720155201,67.815559975358,68.2456740753699,68.6098569725901,68.9493894778938,69.2934872308513,69.1110224699405,69.5980872523308,69.8767838296869,70.0703702682433,70.4063893689735,70.6586211273445,70.9934731023175,71.2443622915736,71.4899717346348,71.3445469255856,71.3652725767051,71.6710852980365,71.9173004392539,72.1845606763141,72.6900305612885,72.8931509072966,73.0472852579126,72.0789018806073,71.8030768919323,72.1958188105999,..
Middle income,MIC,"Life expectancy at birth, female (years)",SP.DYN.LE00.FE.IN,44.8134951914877,47.7094611288864,51.5307694371388,51.9909415256091,52.5570848728658,52.497335611019,53.1701479065648,53.745570204335,54.491425003508,54.9968633645589,55.2997389400248,55.6299769619238,56.6259737192464,57.3250004804576,57.916598123777,58.5569288477646,59.1627078761327,59.8650072020942,60.4446377195806,61.0310480046285,61.5820225829496,62.099906135426,62.5721794657057,63.0705541099896,63.4899750143579,63.8567253050306,64.2785464346061,64.6416532601812,64.9687957240871,65.3003116353968,65.5492801546841,65.675433322632,66.1181724860738,66.4274268023141,66.6290628822388,66.9468263136496,67.1661764690365,67.5400566380997,67.9609218719384,68.2447290698678,68.6198084289267,69.14156092445,69.4865684600764,69.8128963944931,70.0311840942721,70.4787352392004,70.8709215746433,71.1474928338584,71.2905024913649,71.7266936853186,72.0296547934933,72.3903222172661,72.754796962376,73.0889837324661,73.3807917880221,73.6442085438267,73.9273154279029,74.2055193153039,74.4442191235106,74.6475377502562,74.1156016413318,73.0276406840269,73.6516659168145,..
Middle income,MIC,"Life expectancy at birth, male (years)",SP.DYN.LE00.MA.IN,42.4632134492078,45.1677538089812,48.732346187591,49.197591602342,49.7320102786042,49.3962089938844,50.2507103985753,50.7839466970975,51.5317722062682,52.0399031646277,52.3906214451097,52.2787140397018,53.6975441417383,54.3586350750865,54.8417007205018,55.4428501443431,56.0213691851989,56.561608825985,57.0046139564274,57.4836212052211,57.9122962823475,58.2830692746849,58.6843230500263,59.1178983289337,59.5537248188529,59.9287022588714,60.319769865941,60.6440338711019,60.9007402937358,61.2589523754373,61.4938814522928,61.7590128302782,62.1343549699398,62.3981227243962,62.7103636892523,62.9893102266365,63.2834363200547,63.619981488165,63.9841993997283,64.3633532759308,64.6330990935134,64.9397610410221,65.2705195684163,65.5265787526154,65.7377692634839,66.1027437282362,66.4085211000661,66.6171340648181,66.7862401550708,67.1578317056653,67.4505387299587,67.7819263112421,68.1021385258278,68.4249804669166,68.797894759627,69.106543321976,69.3626702148304,69.5414510692245,69.8678842019161,70.0456910821719,69.2806944079809,68.2332269269327,68.9733207974421,..
Middle income,MIC,"Life expectancy at birth, total (years)",SP.DYN.LE00.IN,43.5622476936909,46.3604547363995,50.0543541548585,50.5195573813056,51.0721282714412,50.8612435115422,51.6407991010626,52.1953765972699,52.9404800186147,53.4501683417172,53.7754801502963,53.8562281983773,55.0975254203984,55.7805252734452,56.3133751784314,56.9346858011609,57.5304689414344,58.1499512786251,58.6558351184958,59.186021260069,59.6734374903713,60.1095902070399,60.5455329218625,61.0114732406008,61.4429882099875,61.8174636135697,62.2246922723455,62.5678688496527,62.8571072940137,63.2046270541321,63.4461651406414,63.6500923374201,64.0555229221982,64.3403713709959,64.6048348917593,64.9015253492089,65.1600802736977,65.5171825187715,65.9083513895486,66.244472753315,66.5626371993698,66.9691104504296,67.3072670930188,67.5960313642943,67.811601354654,68.2162584040463,68.5635068673497,68.803911395756,68.9627387588659,69.3669377892916,69.6658612380139,70.0128951668079,70.3542347206698,70.6825479991982,71.0223410755717,71.3110093683544,71.5806383997142,71.8047791777568,72.0965934977823,72.287300775665,71.6169611419382,70.5441882938138,71.2481866258607,..
North America,NAC,"Life expectancy at birth, female (years)",SP.DYN.LE00.FE.IN,73.1915338313249,73.6733304999179,73.580941613618,73.4957366284484,73.8223308449416,73.9193989379618,74.0328758576828,74.4231158826097,74.2529138324501,74.546905649516,74.8421104328163,75.1510520786024,75.2347760787315,75.4429564778508,75.9948722648876,76.6594155669583,76.8746257295058,77.2729333943954,77.3968830433557,77.8748927454691,77.5326894566242,77.9301976311133,78.2143670630659,78.2454435183777,78.3562419491558,78.3543155667437,78.3615956485582,78.4838483636336,78.4927120586663,78.6960727643861,78.991126849138,79.0892885210164,79.294584607739,79.0039015336863,79.1924965703355,79.1109371387168,79.3032707135282,79.5832793045968,79.6890809452482,79.618084321717,79.548448640941,79.7470786113747,79.8392369063122,79.9500501059092,80.3300232449175,80.3393479558099,80.5582167953478,80.8290865744205,80.8429591788596,81.1418097129915,81.25383888574,81.3585782327625,81.4635823822066,81.4672820467908,81.5638229925585,81.4727445402198,81.3982612033992,81.3989174749357,81.4877610294448,81.7091235701047,80.3220489729561,79.7932022726545,80.5580913454438,..
North America,NAC,"Life expectancy at birth, male (years)",SP.DYN.LE00.MA.IN,66.7533200083253,67.2187559494833,67.0429406095267,66.7683916759189,66.9714081101926,66.984599986289,66.8960740934476,67.1829759808923,66.2970060737747,67.0273281209579,67.3144089237941,67.6158669892732,67.6054705362767,67.8043140641272,68.3525515373403,68.9181971879498,69.2192536197136,69.6132338940883,69.731071272375,70.1309145921201,70.1579285938058,70.5600925479739,70.9520826117273,71.1669666508729,71.2899348274711,71.2904571615038,71.4001014598195,71.611720750366,71.6203908670949,71.9227528382177,72.0513461722984,72.2538561865869,72.5460105206824,72.4490448996002,72.6524737532056,72.7551465732548,73.3312299361931,73.8086216126424,74.0141113483474,74.1257942070751,74.3485647835993,74.5565559801613,74.6711459058308,74.7766985342458,75.2628238178223,75.2759960727677,75.5023687008145,75.7731000811927,75.8851332958579,76.2859257686466,76.4962221777353,76.6048342920764,76.7173744818146,76.7309606207999,76.8236045229471,76.6512492928208,76.4801286882424,76.4653682497515,76.5629604375654,76.6946709074325,74.7379437213299,74.0898081747371,75.2476801391312,..
North America,NAC,"Life expectancy at birth, total (years)",SP.DYN.LE00.IN,69.8930254471572,70.3666816669712,70.2313279284649,70.0490217810516,70.3126180161887,70.3665072285613,70.3765131139063,70.7138499250808,70.175868097854,70.6941949099211,70.9853015154205,71.2905010471145,71.3259621066848,71.5295282779908,72.0796672886995,72.6935881341026,72.952963935315,73.3491344207106,73.4700375610248,73.9078100377872,73.7550325094245,74.1548990839892,74.4942506463051,74.6196298408694,74.7365968860346,74.735935902001,74.7956407463576,74.9637456471273,74.9725308905481,75.2266328481289,75.4363122226809,75.5879542615251,75.8378387534467,75.6464218746814,75.8426444266354,75.8555067587692,76.2444380674847,76.6255613612134,76.7824562044737,76.8050228315179,76.8851526411162,77.0885900888134,77.1922845224891,77.3004018065646,77.7347654810688,77.7460571337797,77.9687963714319,78.2396000881523,78.303769574689,78.6548560356247,78.8171970330553,78.9239636974848,79.0328702741793,79.0416938002444,79.1362573742326,79.0036487303218,78.8797301086062,78.8724720142716,78.9658404447629,79.141357645223,77.462717090877,76.8726640169191,77.8387652653349,..
Not classified,INX,"Life expectancy at birth, female (years)",SP.DYN.LE00.FE.IN,..,..,..,..,..,..,..,..,..,..,..,..,..,..,..,..,..,..,..,..,..,..,..,..,..,..,..,..,..,..,..,..,..,..,..,..,..,..,..,..,..,..,..,..,..,..,..,..,..,..,..,..,..,..,..,..,..,..,..,..,..,..,..,..
Not classified,INX,"Life expectancy at birth, male (years)",SP.DYN.LE00.MA.IN,..,..,..,..,..,..,..,..,..,..,..,..,..,..,..,..,..,..,..,..,..,..,..,..,..,..,..,..,..,..,..,..,..,..,..,..,..,..,..,..,..,..,..,..,..,..,..,..,..,..,..,..,..,..,..,..,..,..,..,..,..,..,..,..
Not classified,INX,"Life expectancy at birth, total (years)",SP.DYN.LE00.IN,..,..,..,..,..,..,..,..,..,..,..,..,..,..,..,..,..,..,..,..,..,..,..,..,..,..,..,..,..,..,..,..,..,..,..,..,..,..,..,..,..,..,..,..,..,..,..,..,..,..,..,..,..,..,..,..,..,..,..,..,..,..,..,..
OECD members,OED,"Life expectancy at birth, female (years)",SP.DYN.LE00.FE.IN,70.1794179365405,70.6175614142492,70.6785562252661,70.9719777726443,71.4927248266721,71.6456871959013,71.9565367826632,72.3131685522474,72.3205025683699,72.4704019149963,72.7363482399436,73.0785183952687,73.3639166503845,73.5772659417322,73.9754079875427,74.3449554161945,74.6399424486678,75.1097196428794,75.3196706498059,75.7086774482239,75.7406352224282,76.111072097447,76.445273649367,76.5699773643549,76.8927608940321,76.9585697270427,77.2611387046989,77.5574131078751,77.7055731083098,77.9643362959228,78.1695603387612,78.3613953628651,78.6264410843593,78.6809880543245,78.9753354335156,79.0325944201175,79.3178991542412,79.5979529661708,79.7539774690746,79.8019556187437,80.0762508742422,80.3225315425632,80.4597715020611,80.5462681832025,80.9200357794593,81.0095535941824,81.2790963519979,81.4696125089413,81.583436375153,81.8222375928612,81.9643596411603,82.1820526416441,82.2925869882428,82.4595107671344,82.69480791144,82.5450243873633,82.6756086250381,82.6683387640285,82.7531686023076,82.9765098051342,81.8643882788385,81.7016577037913,82.4105277390836,..
OECD members,OED,"Life expectancy at birth, male (years)",SP.DYN.LE00.MA.IN,64.5324675200877,64.9452673411651,64.9216967621002,65.0701439912216,65.4815912755737,65.5986091943657,65.804191792765,66.0866936006768,65.8640403417595,66.021870890116,66.3168788807742,66.5708494127083,66.8037404772224,66.9669078202759,67.3534337421013,67.5920930687625,67.8489775228044,68.2074901558186,68.3532305553902,68.6825425466525,68.7887531204764,69.1868183994805,69.5541353236857,69.7036095191633,69.9980682081248,70.1046892416419,70.4402011196703,70.7287732403854,70.8626605811493,71.0841934127842,71.1927862531402,71.3854731773827,71.6617471706438,71.8089175752425,72.0899214960586,72.2112773904397,72.6666312239345,73.0537534020385,73.3003505593104,73.4787432541453,73.8856800572489,74.2115827241513,74.4229116375263,74.5870325245111,74.9993635204709,75.1365614513503,75.4379349691008,75.662820882554,75.8477046181971,76.1318657876838,76.3316617063778,76.5684213007576,76.7634463454901,76.9868329106039,77.2480177076182,77.1489502322184,77.2473453640716,77.3064018620455,77.3787344789625,77.5795634894695,76.0866367924305,75.7994907958993,76.9561808451225,..
OECD members,OED,"Life expectancy at birth, total (years)",SP.DYN.LE00.IN,67.2859318210997,67.7106000852141,67.7282059549645,67.9471866953354,68.4117532371989,68.5462902756764,68.8028218079151,69.1207946425156,69.009000532973,69.1618790024722,69.4419268253148,69.7379710023028,69.995480513806,70.182247871431,70.5739550783392,70.8748709831343,71.1492200452586,71.5612307075233,71.7373377531717,72.0957902029505,72.1664776906491,72.5524394855109,72.9050965603398,73.0429396940285,73.3516944247311,73.4399293066204,73.7604792666752,74.0532770227882,74.1935613039703,74.4334474760257,74.5889667085286,74.7817837235222,75.0529783165124,75.155882825514,75.4443183983756,75.5351947160833,75.9094328228731,76.2458589619651,76.4500045179972,76.5659413206397,76.909364684892,77.1972143663376,77.3733887195261,77.500693269231,77.894595540946,78.0088397201939,78.2953755091184,78.5036226931941,78.6542065043277,78.9165870838428,79.088647261278,79.3156200656067,79.4704100921789,79.6670647141128,79.9153602718514,79.7910326962093,79.9044036722622,79.9315533155999,80.0097520847235,80.2213090935305,78.8952380071515,78.6638716565587,79.6281298121431,..
Other small states,OSS,"Life expectancy at birth, female (years)",SP.DYN.LE00.FE.IN,59.5424626259899,59.8490425204494,60.1877648987763,60.373279997156,60.8873161514278,61.4646867909294,61.6834865807977,61.9225809219194,62.1968817217511,62.3668208636713,62.8062991321452,63.1570521004082,63.4955576144349,63.7440468554232,63.8471896145617,63.4422533754438,63.87950930858,63.9992292472979,63.8623219700035,64.1194360881259,65.2017569247468,65.3829964040883,65.6880233618415,65.9740430909263,66.5668456784385,66.8763834223444,67.1574224391318,67.6347370034695,67.9789539834147,68.1645192590692,68.441528975789,68.5309064742455,68.5429234860972,68.576380533108,68.123969109558,68.4531603995619,68.6011626351359,68.6617831597307,68.4502682653778,68.4128000048148,69.4514522192564,69.7225133098026,69.8655046601373,69.8998489085486,70.2288051076265,70.4604230406287,70.77125210887,71.2323326913391,71.5843246978408,72.0072894069944,72.6069183083806,73.040130823162,73.3931038651347,73.8529385119504,74.3168934075773,74.6417828244506,75.0086621621643,75.4406177721558,75.5872312156241,75.8078062903136,75.6639586107332,74.83410225102,75.2929763068884,..
Other small states,OSS,"Life expectancy at birth, male (years)",SP.DYN.LE00.MA.IN,53.6724663341207,54.1598234413478,54.5527005240997,54.4929965029629,55.1539312857672,55.9231571261415,56.1818115461775,56.3785762261472,56.6283725893735,56.7654153387221,57.134348382195,57.4237636728357,57.7583815978263,58.1848693771383,56.1317704381066,57.1991644881037,57.5809041010329,57.8961163373243,57.9085274943909,58.2722119884845,59.0007314683688,59.4570871655426,59.7260587894163,59.9389207314884,60.4596736460973,60.7693993037906,61.2265488179059,61.7742888821461,61.9678315581958,63.0103266379818,62.9185818243813,62.8318709813924,62.7855321434299,62.9190010663085,62.6965348807174,62.6823933590979,63.1044309164217,63.0373512220927,62.9417407757803,62.9583146275689,64.5163394753861,64.7110864684552,64.8735947901544,65.2491961204977,65.51766248094,65.9154953529056,66.2547980813604,66.6580442102686,67.1555293008697,67.6770562724951,68.2292724386333,68.5566418991772,69.0306993381636,69.5008156592143,69.7833581963422,70.192971318472,70.5074660281639,70.8851847151655,71.1550295517732,71.360297056613,70.966222353617,70.2529743150539,70.801586098772,..
Other small states,OSS,"Life expectancy at birth, total (years)",SP.DYN.LE00.IN,56.5074310418815,56.9073216699263,57.2736179146817,57.3236982348383,57.9167224190922,58.5957718536538,58.8357228345333,59.0489352474276,59.305913981401,59.4544366791359,59.8575438485684,60.1744384396984,60.5085293338934,60.8509139831354,59.5987306468789,60.1176523783433,60.5163160963766,60.7393911552327,60.6853140090895,60.9898071954566,61.845014001791,62.1660040731807,62.4503794171895,62.7028681700815,63.2554250452262,63.5752016228595,63.9534719610398,64.4731613314288,64.7486452972545,65.4800380543739,65.560623739541,65.5568405044071,65.5312944017911,65.6174727247511,65.2811505135941,65.4305786901063,65.72897326927,65.7209432494984,65.5674820810499,65.5543781636918,66.8755307731935,67.1024243839672,67.2502889730303,67.4644670150027,67.7546903153957,68.0733651525108,68.3939278365521,68.8200588188813,69.2497180118644,69.7228657844328,70.2938398194173,70.6717564135522,71.0909809060254,71.5570705752085,71.9199615158663,72.2869321613143,72.6256409003127,73.0248701181191,73.2393179924134,73.4544672397344,73.1675808860756,72.3874919353631,72.8992435957495,..
Pacific island small states,PSS,"Life expectancy at birth, female (years)",SP.DYN.LE00.FE.IN,55.8739416875814,56.6730314549854,57.5106009905772,58.2506097495842,58.5427658044803,59.7296524068098,60.335050058214,60.9311405961294,61.5162848932707,61.9174117168181,62.4024235682594,62.8342173559764,63.194092989843,63.214355857431,63.7799512858704,63.8300875762516,64.5918930441426,64.8653533776724,65.3618606192224,65.7806171689107,65.8397391672656,65.9850242549345,66.2070903368236,66.6743931385074,67.1536314497082,67.5793106659218,67.7284125604779,68.0269613504555,68.3616258783734,68.4710142688976,68.7286956946835,68.8107026132711,68.9765944453288,69.096160989444,69.2899577754767,69.5130078156235,69.5944259461958,69.6773658975478,69.8854534799371,69.9275806983862,69.8816361094099,69.9182370878154,69.6331250269907,69.9077214475148,70.0227027681081,70.1296909791479,70.2105711006965,70.1381584512381,70.3189383238164,70.1672558869134,70.5494828519115,70.6980412110204,70.6916873868698,70.7430639122698,70.7456696004852,70.6958470447523,70.8892982111786,71.1756459850594,71.2643698458743,71.3328305563302,71.3788270446962,71.206085756183,71.8553194718117,..
Pacific island small states,PSS,"Life expectancy at birth, male (years)",SP.DYN.LE00.MA.IN,53.3857503343726,53.8542337998143,54.4436103979461,54.9759606334093,55.1630060955876,56.0752570673205,56.4594986360345,56.9580676730925,57.3110061694251,57.4389774285574,57.7930515612062,58.1081487327043,58.3072360422312,58.2226840242685,58.793453775067,58.8032534419081,59.3166884360865,59.5368970249861,59.9444341656781,60.2966410280166,60.4493663780015,60.6631304156619,60.8457116120695,61.2115674057139,61.6184500121249,62.0374145558551,62.1269649250892,62.4163257609167,62.7383743398585,62.9323713416339,63.1933522664717,63.4379194991428,63.6691936499397,63.8893657895073,64.0988175278317,64.3565370488954,64.6037496183567,64.7594303432681,64.950131451822,65.0517743135501,65.0564644984477,65.2197765842614,65.0711203470142,65.4108077142849,65.6185679325363,65.7834750064077,65.9977300391063,66.0168519741082,66.1552537610117,66.0912136219645,66.4445585367232,66.5681025654448,66.6905078724277,66.7038832621575,66.7345719762897,66.6444250938731,66.9655148087033,67.2613815374437,67.3707078412605,67.4719072511674,67.5515176197698,67.3456481330834,67.8304424862985,..
Pacific island small states,PSS,"Life expectancy at birth, total (years)",SP.DYN.LE00.IN,54.4925386478835,55.1010218921512,55.7950409109317,56.4187363686556,56.640457874122,57.6837159215947,58.161860423582,58.7064649068729,59.1570630012744,59.4001392276068,59.8154236353894,60.1858995075872,60.4556444142551,60.4214582244157,61.0073294764146,61.0398085182032,61.6629074125329,61.9142848710847,62.3657692194402,62.7459384834495,62.8564071286676,63.0480749817477,63.2513372783575,63.6619044309781,64.1024009764568,64.5255860905255,64.6383791221305,64.9272105781036,65.2652493230538,65.4342651170302,65.7093011138602,65.8853019401238,66.0967052543715,66.2765564772188,66.4819451912895,66.7321835631772,66.9077321070809,67.0358591173716,67.2352842577689,67.3126812344266,67.2987289636036,67.4067016048338,67.1973555586602,67.512946109657,67.6823201838466,67.825169298794,67.9804509245532,67.958797729621,68.1164523803523,68.0163406074749,68.3881192543559,68.5246714169273,68.591677395156,68.6217376204031,68.6408573642997,68.5661417705734,68.834464947315,69.1290314691474,69.2302311172473,69.3168650222788,69.3806413584821,69.1848210230432,69.7559713939711,..
Post-demographic dividend,PST,"Life expectancy at birth, female (years)",SP.DYN.LE00.FE.IN,71.7785709596489,72.2059330439532,72.2211640319231,72.5047012272939,73.055927976212,73.1518577201858,73.4320602377121,73.7922663897496,73.7467654069009,73.8793902802998,74.1309401087648,74.4571423034101,74.6838188071342,74.8628638824545,75.2353242012697,75.6068471398371,75.8716482009344,76.3087352564466,76.4708492220729,76.8276136639097,76.8139782893336,77.1512279542685,77.4748567286377,77.548741371081,77.826841981116,77.9131966368142,78.1904570159107,78.477574251814,78.5699342989488,78.831871759043,78.9904802551098,79.1225172454497,79.2964673077122,79.2618070181494,79.576514856148,79.5623236499025,79.8531828398911,80.1303598943107,80.3058640975823,80.3657309918552,80.559928012183,80.8185959376615,80.9354822222323,81.0195133202286,81.4295747314145,81.499838767712,81.8157461104277,82.036956474101,82.1349114884914,82.4172268735219,82.5752119930868,82.8188051759487,82.8986655881374,83.0475660719123,83.2946314653071,83.1212145018982,83.2922525125397,83.3012094863365,83.3876226295639,83.6210387104663,82.8533246309041,82.6096421241265,82.8779453459799,..
Post-demographic dividend,PST,"Life expectancy at birth, male (years)",SP.DYN.LE00.MA.IN,66.0956234276577,66.4865451122702,66.4035643631089,66.5289293863431,66.9474572897722,66.9922213937619,67.1608446286547,67.4150470676749,67.1309970006686,67.2543115106617,67.5352016623672,67.8171214568256,67.9982885290568,68.1603798410523,68.5134755560884,68.7634058376781,69.0389365590281,69.3748254877097,69.4989240669289,69.7860201503035,69.8651825356505,70.2104406461509,70.5488000708112,70.6648500650359,70.9171359890923,71.0691982171142,71.428035345839,71.7155506455248,71.8262911361331,72.0466626080395,72.1196793178508,72.2421638138417,72.3232446652889,72.380332302654,72.6861770901298,72.7384216677377,73.1973973391661,73.5920139228805,73.8451754207652,73.9962962115667,74.3037792071638,74.6318131469329,74.8181422143406,74.9573457670823,75.4063357774578,75.5120447585674,75.8595875925697,76.1305126315729,76.3201366626711,76.6844101934308,76.9416480651665,77.2273794230946,77.410931181596,77.6136810974668,77.877089797324,77.7813181533802,77.9260274843883,78.0040404758236,78.0921779994026,78.3146836909088,77.2857653988106,77.008688654237,77.5386272315944,..
Post-demographic dividend,PST,"Life expectancy at birth, total (years)",SP.DYN.LE00.IN,68.8667368401954,69.2749621453504,69.2397254372868,69.4424397366876,69.9263440324924,69.9960068445139,70.2193184071015,70.5240841724641,70.3563404938639,70.4828318528904,70.7480583612471,71.0519313131197,71.2551486848469,71.4255440463856,71.7876228546596,72.0955098919079,72.366111939756,72.7504648960069,72.8926597865918,73.2133650192689,73.2469226424811,73.5882102830056,73.9193412234783,74.015346121051,74.2803257957996,74.4018848874029,74.7223818184862,75.009754196217,75.1120907504148,75.3520464253892,75.4667658896071,75.593055411268,75.7097540011934,75.7219162193966,76.0378371001624,76.0584658457616,76.4358428115591,76.7732480145114,76.9889003850146,77.0945748785904,77.3458008334587,77.6397730291424,77.791757810408,77.9044562424807,78.3339258422732,78.4215264590391,78.7536076414049,79.0001824351035,79.1451175641014,79.4700675639693,79.6798453719702,79.9451419741613,80.0784582342545,80.2550032977069,80.5100288453527,80.3769874715474,80.5348431895951,80.5794980607462,80.6664898048029,80.8947718002546,79.9953033602829,79.7348741357758,80.1357442642629,..
Pre-demographic dividend,PRE,"Life expectancy at birth, female (years)",SP.DYN.LE00.FE.IN,41.3398436001993,41.6986574114176,42.0294881740113,42.4057435801622,42.8649539035634,43.0422781742557,43.2319548734317,43.4313296224105,43.9423056411349,44.2426218542185,44.6598750242807,45.2709997029862,45.5807294439495,46.3410868296718,46.829969251474,47.2625648038101,47.8527118394341,48.4650061714619,48.8341347955693,49.1860756312237,49.5347927522953,49.9130554645307,50.1171058520386,49.9397576407487,49.8622918692864,50.0012054870328,50.4915727486649,50.2142477055874,49.8148307596941,50.6821371737252,50.781693897018,50.5747466513574,50.512145544542,51.020783119071,51.6877674455931,51.523271743818,51.5501040037052,51.7355876141439,51.5084036186986,52.5121979892661,53.0078972957288,53.4210087689926,53.8245452633385,54.3530933266033,54.8017412127321,55.3986158022154,56.0540864985188,56.558601514963,56.9951840331916,57.6685351005817,58.196459871654,58.8060062588334,59.3118597831255,59.8417260001867,60.3074810720657,60.6663200077539,61.0969343168324,61.5870998520709,61.9719358510503,62.372644983673,61.9985632030963,61.6881848925722,62.298697997534,..
Pre-demographic dividend,PRE,"Life expectancy at birth, male (years)",SP.DYN.LE00.MA.IN,38.4164690888714,38.6353129764438,39.2758270743679,39.4816199859017,39.9065728800284,40.0520686699393,40.3287153671604,40.2218033854248,40.7584955515968,41.0520835069766,41.7377168451024,42.3673918727042,42.6636512829245,43.6391068208521,44.0331868371373,44.4877162220351,45.0741499202998,45.5641932897551,45.7572237002886,46.0842317287203,46.0709493588711,46.2465415636057,46.3529008620553,46.0815284861745,45.713206749675,45.8633207010066,46.4281282302157,45.8602600764895,45.4214640643027,46.7652382403851,46.7610076587783,46.77529178837,46.6712636411291,47.1662869773514,48.1610962205831,47.9428143607961,47.9420046558056,48.2367281046983,47.8228392212008,49.0028303494491,49.9404613427252,50.4163239216728,50.8947731259348,51.3893605734693,51.8455659487555,52.4415644882082,53.0723849242465,53.5773124194593,54.1674484808845,54.8744991352383,55.3517945264561,55.8910581076057,56.346805110317,56.7380476840816,57.1188971794987,57.4872344066765,57.8679316667681,58.2365191610292,58.6596460350502,58.9980349577832,58.4621245421982,58.0403642360203,58.6891759134195,..
Pre-demographic dividend,PRE,"Life expectancy at birth, total (years)",SP.DYN.LE00.IN,39.8295567070197,40.1163857774032,40.6285819451043,40.9132327310872,41.3578767737899,41.5164931173113,41.7482133847026,41.7855961805104,42.3118500749862,42.6085624830923,43.1684127134941,43.7910292761865,44.0919646458032,44.9691487088874,45.4051808007846,45.8494613275314,46.440409928825,46.9897032384197,47.2655731160518,47.6039545821741,47.750635480872,48.0096828248427,48.1623025957748,47.934631951677,47.695121550135,47.8446816491362,48.3831376637442,47.9390529048213,47.5013690494711,48.670490994741,48.7128798966581,48.6328362044282,48.5426860570376,49.0435380320273,49.8977919677976,49.7034196181345,49.7147667136972,49.9581817687195,49.619965376373,50.7244445317919,51.4639165351264,51.909704455308,52.3532791715756,52.8620511392819,53.311306723981,53.9087675881826,54.5505356509394,55.0562604247618,55.5778472275355,56.2716973461562,56.7735576833588,57.346672691037,57.8263729002329,58.2838783337676,58.7045601760446,59.0688613027692,59.472141296124,59.899663962263,60.3043495034889,60.6741260357704,60.2099627732247,59.8362546793253,60.470334428071,..
Small states,SST,"Life expectancy at birth, female (years)",SP.DYN.LE00.FE.IN,59.5244236071606,59.8929778845538,60.4247172835439,60.7358310103902,61.2766909457489,61.879586431825,62.1673214644063,62.4738674382832,62.7798525564042,62.9978714733098,63.4124406847893,63.7105576140364,64.0386885844432,64.2456490949727,64.4390077445836,64.2350660766628,64.6640761186342,64.8086030291603,64.811064609421,65.0559336915127,65.8310842631955,66.0114191577901,66.2727311005772,66.5686978254017,67.0854233243225,67.3718202405488,67.6322367507312,68.0116616987398,68.3303473022298,68.4954566361002,68.7459451241488,68.8485813633039,68.9266145418434,69.0087180393821,68.752466060558,69.010445277274,69.1499578755601,69.2069633138678,69.1171834609067,69.1227717680177,69.8815771704008,70.106876444095,70.191925000443,70.2556117283113,70.5585082320739,70.7955680426322,71.0983416769922,71.4749356577357,71.791538960103,72.1214031108662,72.6234141940568,72.9558577529425,73.2193982616746,73.5605981125778,73.9195057365839,74.1820110587141,74.5226291582043,74.9027530074886,75.0674085215994,75.1557284591432,75.0854268091698,74.1601329401735,74.6574752648236,..
Small states,SST,"Life expectancy at birth, male (years)",SP.DYN.LE00.MA.IN,54.3249419932791,54.7858358260711,55.3151952772722,55.4417607481983,56.0496558735485,56.7294420237209,57.0071373073374,57.2717999848408,57.5557433137717,57.7051667039574,58.0309946917317,58.2932288435757,58.5671220270604,58.860722851209,57.6366682554892,58.3863905646845,58.7364550732369,58.9926635688943,59.0845345755591,59.4021929107478,59.944671567829,60.3302765208004,60.5783232139208,60.7566107706399,61.2354553320896,61.5117850960108,61.814301136068,62.2436994042724,62.4490321709337,63.2268691597016,63.2315185427595,63.204569007108,63.2422565003417,63.411947168982,63.307793661891,63.3185748208195,63.6418128327842,63.6317245281909,63.6185611195224,63.6795065555168,64.7895486313869,64.9614499846911,65.0701349875893,65.382706971599,65.6557819953444,66.0071182779384,66.3369482451002,66.6894506414596,67.1007476425746,67.5064661351374,67.9713149673161,68.2402475150916,68.6212858003697,68.9743244972426,69.2059771266407,69.5236488843878,69.8412792358583,70.1851440922878,70.4242937044666,70.5514370697683,70.244645292732,69.4409706715807,69.9772565132098,..
Small states,SST,"Life expectancy at birth, total (years)",SP.DYN.LE00.IN,56.8416504959399,57.2562378156908,57.7858407153046,57.9940560724253,58.5699594184171,59.2131597410259,59.4943313897099,59.7753521400245,60.0643401323907,60.2421354730788,60.6087580172246,60.8861702819247,61.1824041699962,61.4355368855427,60.7339858665669,61.1332688977255,61.5129279026424,61.7163618728933,61.7675997120225,62.0433137763857,62.666597244515,62.952613955925,63.2055536638875,63.4409674260467,63.9381721173217,64.2251167324311,64.5102440723322,64.9188217457353,65.1870332305279,65.742934481664,65.8647470231135,65.8989557921594,65.9518907967268,66.0816890850306,65.9024469992625,66.0310372013519,66.2706947921989,66.2914513663497,66.239771874878,66.2726101109449,67.2220497381241,67.4161363340796,67.5096368895161,67.7045119065808,67.9867040761504,68.2844829536516,68.5985502420697,68.9599416607904,69.3266156334558,69.6952429320121,70.1749558504773,70.4751502322197,70.8031485954849,71.1510505032751,71.4404399019318,71.7298652594865,72.0596837789878,72.418736154973,72.6248947719198,72.7349734717726,72.5314173255443,71.6576934341937,72.1830686819043,..
South Asia,SAS,"Life expectancy at birth, female (years)",SP.DYN.LE00.FE.IN,44.4151217365626,44.7341591381041,45.1113695559717,45.4240869151763,45.8347001279941,44.9639718165877,45.5706084062707,46.0095085259896,47.4964366083512,47.9075822805928,47.6060292620661,46.8903391768919,49.0175309582461,49.4783335323081,49.9843148499334,50.6593869535437,51.2534892080752,51.8834250033627,52.5257746224034,53.1877652896329,53.8762918513217,54.5528127010743,55.1711462804461,55.8025790130255,56.3635574504339,56.8318174151623,57.3545299233662,57.8214011667552,58.3583871888638,58.7647422613596,59.3088114719774,59.4822035939811,60.1271901105329,60.3903648714461,60.7908874830504,61.1306778216409,61.472572205746,62.11058411672,62.7789380304587,63.4672321203249,63.8936840627424,64.3942815801698,64.950211856933,65.4837819577815,65.9104564767537,66.3929082297044,66.9777417504206,67.3261327140982,67.7609139167253,68.0663580674428,68.6039533612263,68.9967466733814,69.5091715313841,70.0047269681342,70.392687384455,70.8193720845487,71.242881714275,71.6386026332793,71.9092516769798,72.1926835202585,71.6051161112381,69.4251848547355,70.0463076916475,..
South Asia,SAS,"Life expectancy at birth, male (years)",SP.DYN.LE00.MA.IN,45.7153892092045,46.0373199201677,46.4337646774745,46.7485904785495,47.128742585143,46.1686246945915,46.7199301185062,47.1007468456621,48.6384648597435,49.0327538401143,48.9038360018684,46.602236522528,50.2210721790726,50.67521509048,51.1533762757257,51.6948881309563,52.144892416086,52.4930839322528,52.8842124186027,53.2422246906085,53.6596875193144,54.1106459585917,54.517698666415,54.9774832184433,55.3576248629896,55.7861888200914,56.3206083996641,56.6677893027387,57.0349003265291,57.4004317456076,57.8653367542158,58.0151514086809,58.6638750120231,59.0631523308569,59.4451691587908,59.8165539725508,60.2073230829747,60.6244492616373,61.1495818848169,61.7359670313858,61.986707564731,62.3198259737312,62.711436079731,63.048496973657,63.3053832776897,63.5893057327601,63.9305002681752,64.1091171781656,64.3435982282791,64.6181203474348,65.0752809498692,65.4574377142743,65.9272602533513,66.4106554853238,67.0163153142074,67.5809782252543,68.0736205262996,68.417488194316,68.6848397142331,68.8507878046725,68.0220492662912,65.8763212393078,66.4116057114037,..
South Asia,SAS,"Life expectancy at birth, total (years)",SP.DYN.LE00.IN,45.0873224491208,45.4074913890087,45.7949812460044,46.107738142171,46.5028833287194,45.5855520787763,46.1630124042869,46.5712308601492,48.0831079082809,48.4840555676932,48.266996677513,46.6225940024217,49.634619155882,50.0919811241007,50.5843382650244,51.1909153839773,51.7083637327452,52.19266321111,52.7021972625109,53.2013466439904,53.7462123780121,54.3019451858528,54.806479276645,55.3463245729332,55.8081984893558,56.2587990337521,56.7898545352391,57.1929811523071,57.6398014726599,58.0222592267963,58.5260289496404,58.6927942660508,59.3485339153193,59.6894617835045,60.084761426453,60.4431972973417,60.8117777297616,61.33806019637,61.9324516713195,62.569875262217,62.9034529242661,63.3143587794548,63.7825105430972,64.2101550384064,64.5475422117162,64.9230046926946,65.3763377630603,65.6337813709795,65.9606723034779,66.2525670641378,66.7494206294427,67.1388839937406,67.6271411479349,68.1124022055606,68.6276836829466,69.1324736517293,69.5972508271398,69.9669332766067,70.2400079461258,70.4582926588661,69.7336736654351,67.5674425618231,68.1474413137902,..
South Asia (IDA & IBRD),TSA,"Life expectancy at birth, female (years)",SP.DYN.LE00.FE.IN,44.4151217365626,44.7341591381041,45.1113695559717,45.4240869151763,45.8347001279941,44.9639718165877,45.5706084062707,46.0095085259897,47.4964366083512,47.9075822805928,47.6060292620661,46.890339176892,49.0175309582462,49.4783335323081,49.9843148499334,50.6593869535437,51.2534892080751,51.8834250033627,52.5257746224034,53.1877652896329,53.8762918513217,54.5528127010743,55.1711462804461,55.8025790130255,56.3635574504339,56.8318174151623,57.3545299233662,57.8214011667552,58.3583871888638,58.7647422613596,59.3088114719774,59.4822035939811,60.1271901105329,60.3903648714461,60.7908874830504,61.1306778216409,61.472572205746,62.11058411672,62.7789380304587,63.4672321203249,63.8936840627424,64.3942815801698,64.950211856933,65.4837819577815,65.9104564767537,66.3929082297044,66.9777417504206,67.3261327140982,67.7609139167253,68.0663580674428,68.6039533612263,68.9967466733814,69.5091715313841,70.0047269681342,70.392687384455,70.8193720845487,71.242881714275,71.6386026332793,71.9092516769798,72.1926835202585,71.605116111238,69.4251848547355,70.0463076916475,..
South Asia (IDA & IBRD),TSA,"Life expectancy at birth, male (years)",SP.DYN.LE00.MA.IN,45.7153892092045,46.0373199201677,46.4337646774745,46.7485904785495,47.128742585143,46.1686246945915,46.7199301185062,47.1007468456621,48.6384648597435,49.0327538401143,48.9038360018684,46.602236522528,50.2210721790726,50.67521509048,51.1533762757257,51.6948881309562,52.144892416086,52.4930839322528,52.8842124186027,53.2422246906085,53.6596875193144,54.1106459585917,54.517698666415,54.9774832184433,55.3576248629896,55.7861888200914,56.3206083996641,56.6677893027387,57.0349003265291,57.4004317456076,57.8653367542158,58.0151514086809,58.6638750120231,59.0631523308569,59.4451691587908,59.8165539725508,60.2073230829747,60.6244492616373,61.1495818848169,61.7359670313858,61.986707564731,62.3198259737312,62.711436079731,63.048496973657,63.3053832776897,63.5893057327601,63.9305002681752,64.1091171781656,64.3435982282791,64.6181203474348,65.0752809498692,65.4574377142743,65.9272602533512,66.4106554853238,67.0163153142074,67.5809782252543,68.0736205262996,68.417488194316,68.6848397142331,68.8507878046725,68.0220492662912,65.8763212393078,66.4116057114037,..
South Asia (IDA & IBRD),TSA,"Life expectancy at birth, total (years)",SP.DYN.LE00.IN,45.0873224491208,45.4074913890087,45.7949812460044,46.107738142171,46.5028833287194,45.5855520787763,46.1630124042869,46.5712308601492,48.0831079082809,48.4840555676932,48.266996677513,46.6225940024217,49.634619155882,50.0919811241008,50.5843382650244,51.1909153839773,51.7083637327452,52.19266321111,52.7021972625109,53.2013466439904,53.7462123780121,54.3019451858528,54.806479276645,55.3463245729332,55.8081984893558,56.2587990337521,56.7898545352391,57.1929811523071,57.6398014726599,58.0222592267963,58.5260289496404,58.6927942660508,59.3485339153193,59.6894617835045,60.084761426453,60.4431972973417,60.8117777297616,61.33806019637,61.9324516713195,62.569875262217,62.9034529242661,63.3143587794548,63.7825105430972,64.2101550384064,64.5475422117162,64.9230046926946,65.3763377630603,65.6337813709795,65.9606723034779,66.2525670641378,66.7494206294427,67.1388839937406,67.6271411479349,68.1124022055606,68.6276836829466,69.1324736517293,69.5972508271398,69.9669332766067,70.2400079461258,70.4582926588661,69.7336736654351,67.5674425618231,68.1474413137902,..
Sub-Saharan Africa,SSF,"Life expectancy at birth, female (years)",SP.DYN.LE00.FE.IN,43.0045285447472,43.3833454265915,43.6968091444642,44.0204354638428,44.5033878701726,44.6492935790364,44.5606570519065,44.9744703377594,45.3985661118199,45.6399374428268,45.9885365662375,46.5021264006183,46.6214288208905,47.2630664416737,47.4730159355217,47.8599562251904,48.6385270728657,49.1689430278194,49.5706753347431,49.9991876899333,50.3655334956886,50.764631669683,51.0298767491845,50.1831248241214,50.3033319360975,50.5417755068084,50.935906141853,51.4070873275817,51.1185927646734,51.8666615176704,51.8899555628473,51.6682856301245,51.4762546359795,51.7164498458982,51.8267798853325,51.9782023829262,51.9008748623584,52.0204283581821,51.8012215272158,52.4393290076927,52.7523594002218,52.9362617410856,53.2772640767722,53.7026704883398,54.1568646126757,54.773563815017,55.5160087530564,56.1921086018423,56.8104306658475,57.6663656275194,58.3211502488074,59.1041949083517,59.7420410365768,60.3552766600471,60.8806719830856,61.3211180143555,61.8367704260115,62.2580971758758,62.6842838117066,63.0982427704806,62.796458966402,62.2503025266498,62.7480123886359,..
Sub-Saharan Africa,SSF,"Life expectancy at birth, male (years)",SP.DYN.LE00.MA.IN,39.937010000387,40.1953968538687,40.7618435258086,40.9241094289204,41.3465637975314,41.4753946155338,41.4772393621119,41.5667995913764,42.0137924608066,42.2499256743258,42.8061238148804,43.304895934098,43.4258489128671,44.2311514510249,44.4572114383517,44.839804825438,45.4184722598411,45.8174269132956,46.0318091990121,46.5153404880726,46.8857627030524,47.2317411353484,47.4550796120186,46.6400232650136,46.5955101985254,46.8470645710111,47.2272421868888,47.4143673679694,47.0625829795011,48.0001344461182,47.8632778346524,47.8018730560399,47.5425167234148,47.7507927883587,48.2298062370442,48.2782801250408,48.2144254245215,48.418962422799,48.0868200063084,48.8761747978375,49.7672670072345,50.123004286408,50.4868894175328,51.0047648415294,51.4971295393623,52.0994073041641,52.8544096070723,53.4448867621377,54.0207597947609,54.7065331380955,55.3029353912996,55.9429596594192,56.4685368585619,56.9144522290126,57.3400500808301,57.736443626001,58.2315404933725,58.6286673695371,58.9839532485801,59.3396579202037,58.8834995474273,58.2483691848209,58.7936185914348,..
Sub-Saharan Africa,SSF,"Life expectancy at birth, total (years)",SP.DYN.LE00.IN,41.4174132880781,41.7349814121919,42.1970806243237,42.4349131501872,42.8882754573072,43.0239234340782,42.9794344318632,43.2221556101489,43.6602856928321,43.8990885147045,44.358006861691,44.8651623047012,44.9830033806765,45.7129460164376,45.9295007501744,46.3143788885762,46.9879364634649,47.4499577604926,47.7503735394903,48.2101057002281,48.5746477194767,48.9446450179241,49.1897108352887,48.3608624460991,48.3962398184129,48.6499553162096,49.0450295191748,49.3553794305743,49.0243107092136,49.8996041190084,49.8368820526456,49.7060583608116,49.4708134086011,49.6962443691205,50.0116829100966,50.1108091437194,50.0413039931695,50.2073138638838,49.9171103091581,50.6408053441751,51.2634038322914,51.5352307146751,51.8890809276216,52.3618214632394,52.8351047527341,53.4453968938561,54.1964286852707,54.827885116751,55.4245057780897,56.1925688959794,56.8180062966738,57.5271732918436,58.1072978970512,58.6325353036072,59.1059183242408,59.5234252115263,60.0271553242519,60.4375513983323,60.826043528271,61.2110327116347,60.8216366383642,60.2190585730974,60.7441305312973,..
Sub-Saharan Africa (excluding high income),SSA,"Life expectancy at birth, female (years)",SP.DYN.LE00.FE.IN,43.0045285447472,43.3833454265916,43.6968091444642,44.0204354638428,44.5033878701726,44.6492935790364,44.5606570519065,44.9744703377594,45.3985661118199,45.6399374428268,45.9885365662374,46.5021264006183,46.6214288208905,47.2630664416737,47.4730159355217,47.8599562251904,48.6385270728657,49.1689430278194,49.5706753347431,49.9991876899332,50.3618635549084,50.7612512187111,51.0263468008102,50.179474524728,50.3000198004568,50.5382131322523,50.9329498746095,51.4040967468925,51.1156616527137,51.8638140337027,51.887085491251,51.6651215335615,51.4730898595634,51.7135698587678,51.8238146890866,51.9748360132981,51.8977853690317,52.0174395279033,51.7983335616541,52.4362930744885,52.7494516783603,52.9332837222232,53.2747241235604,53.700245710915,54.1545372788648,54.7712875719708,55.5139709866497,56.1900015459501,56.8082739575265,57.664432297808,58.3193326602839,59.1025061813089,59.7403155931347,60.3538867678161,60.8791970532555,61.3196603012969,61.8352574102527,62.2567835863048,62.6831185890716,63.0970565932709,62.7950011015014,62.2493099233761,62.7468550991799,..
Sub-Saharan Africa (excluding high income),SSA,"Life expectancy at birth, male (years)",SP.DYN.LE00.MA.IN,39.937010000387,40.1953968538687,40.7618435258086,40.9241094289204,41.3465637975314,41.4753946155338,41.4772393621119,41.5667995913764,42.0137924608066,42.2499256743258,42.8061238148804,43.304895934098,43.4258489128671,44.2311514510249,44.4572114383517,44.839804825438,45.4184722598411,45.8174269132956,46.0318091990121,46.5153404880726,46.8826226981335,47.2283538055757,47.4523631681317,46.6370457065246,46.5925952604953,46.8445638322271,47.2246668252462,47.411964859827,47.060031426172,47.9980519097822,47.8612785527217,47.799512299679,47.5400920016761,47.7486231157721,48.2274750181647,48.2759966307281,48.2121408731915,48.4167787915516,48.0843724669784,48.8738644573808,49.7650420505629,50.1209360398427,50.4849505906822,51.0030009810554,51.4951423313877,52.0977136453695,52.8526397136707,53.4432149422346,54.0192841893143,54.7050868581149,55.3014728745013,55.9417733095562,56.4672582059436,56.9131637525604,57.3389606291766,57.7352265559532,58.2305193998385,58.6275406716582,58.98304692955,59.3386659820655,58.8822200113741,58.2471777874776,58.7922164329285,..
Sub-Saharan Africa (excluding high income),SSA,"Life expectancy at birth, total (years)",SP.DYN.LE00.IN,41.4174132880781,41.7349814121919,42.1970806243237,42.4349131501872,42.8882754573072,43.0239234340782,42.9794344318632,43.2221556101489,43.6602856928321,43.8990885147045,44.358006861691,44.8651623047012,44.9830033806766,45.7129460164376,45.9295007501744,46.3143788885762,46.9879364634649,47.4499577604926,47.7503735394903,48.2101057002281,48.5712367315126,48.9412589957771,49.1865807329416,48.3575431588603,48.3931227572002,48.6469185149702,49.0422633381655,49.3526799208621,49.0215658749216,49.8971384527657,49.8344457268726,49.7032955041853,49.4680168824194,49.6937181206183,50.0090356308259,50.1079839041989,50.0386190478391,50.2047309486286,49.9144448583248,50.6381345176311,51.2608408485182,51.5327095407478,51.8868440461649,52.3597282092352,52.8329492005018,53.4434108169552,54.1945258201835,54.8259937943331,55.4226837141003,56.1908745810884,56.8163626228377,57.5257280002994,58.1057869036875,58.6311934938613,59.1046252744988,59.5220791189745,60.0258708215987,60.4363221585495,60.8249960142519,61.2099327930725,60.820253949348,60.2179675246604,60.7428523816943,..
Sub-Saharan Africa (IDA & IBRD countries),TSS,"Life expectancy at birth, female (years)",SP.DYN.LE00.FE.IN,43.0045285447472,43.3833454265916,43.6968091444642,44.0204354638428,44.5033878701726,44.6492935790364,44.5606570519065,44.9744703377594,45.3985661118199,45.6399374428268,45.9885365662374,46.5021264006183,46.6214288208905,47.2630664416738,47.4730159355217,47.8599562251904,48.6385270728657,49.1689430278194,49.5706753347431,49.9991876899333,50.3655334956886,50.764631669683,51.0298767491845,50.1831248241214,50.3033319360975,50.5417755068084,50.935906141853,51.4070873275817,51.1185927646734,51.8666615176704,51.8899555628473,51.6682856301245,51.4762546359795,51.7164498458982,51.8267798853325,51.9782023829262,51.9008748623584,52.0204283581821,51.8012215272158,52.4393290076927,52.7523594002218,52.9362617410856,53.2772640767722,53.7026704883398,54.1568646126757,54.773563815017,55.5160087530564,56.1921086018423,56.8104306658475,57.6663656275194,58.3211502488074,59.1041949083517,59.7420410365768,60.3552766600471,60.8806719830856,61.3211180143555,61.8367704260115,62.2580971758758,62.6842838117066,63.0982427704806,62.796458966402,62.2503025266498,62.7480123886359,..
Sub-Saharan Africa (IDA & IBRD countries),TSS,"Life expectancy at birth, male (years)",SP.DYN.LE00.MA.IN,39.937010000387,40.1953968538687,40.7618435258086,40.9241094289204,41.3465637975314,41.4753946155338,41.4772393621119,41.5667995913764,42.0137924608066,42.2499256743258,42.8061238148804,43.304895934098,43.4258489128671,44.2311514510249,44.4572114383517,44.839804825438,45.4184722598411,45.8174269132956,46.0318091990121,46.5153404880726,46.8857627030524,47.2317411353484,47.4550796120186,46.6400232650136,46.5955101985254,46.8470645710111,47.2272421868888,47.4143673679694,47.0625829795011,48.0001344461182,47.8632778346524,47.8018730560399,47.5425167234149,47.7507927883587,48.2298062370442,48.2782801250408,48.2144254245215,48.418962422799,48.0868200063085,48.8761747978375,49.7672670072345,50.123004286408,50.4868894175328,51.0047648415294,51.4971295393623,52.0994073041641,52.8544096070723,53.4448867621377,54.0207597947609,54.7065331380955,55.3029353912996,55.9429596594192,56.4685368585619,56.9144522290126,57.3400500808301,57.736443626001,58.2315404933725,58.6286673695371,58.9839532485801,59.3396579202037,58.8834995474273,58.2483691848209,58.7936185914348,..
Sub-Saharan Africa (IDA & IBRD countries),TSS,"Life expectancy at birth, total (years)",SP.DYN.LE00.IN,41.4174132880781,41.7349814121919,42.1970806243237,42.4349131501872,42.8882754573072,43.0239234340782,42.9794344318632,43.2221556101488,43.6602856928321,43.8990885147045,44.358006861691,44.8651623047012,44.9830033806765,45.7129460164376,45.9295007501744,46.3143788885762,46.9879364634649,47.4499577604926,47.7503735394903,48.2101057002281,48.5746477194767,48.9446450179241,49.1897108352887,48.3608624460992,48.3962398184129,48.6499553162096,49.0450295191748,49.3553794305743,49.0243107092135,49.8996041190084,49.8368820526456,49.7060583608116,49.4708134086011,49.6962443691205,50.0116829100966,50.1108091437194,50.0413039931696,50.2073138638838,49.9171103091581,50.6408053441751,51.2634038322914,51.5352307146751,51.8890809276216,52.3618214632394,52.8351047527341,53.4453968938561,54.1964286852707,54.827885116751,55.4245057780897,56.1925688959794,56.8180062966738,57.5271732918437,58.1072978970512,58.6325353036072,59.1059183242408,59.5234252115263,60.0271553242519,60.4375513983323,60.826043528271,61.2110327116347,60.8216366383642,60.2190585730974,60.7441305312973,..
Upper middle income,UMC,"Life expectancy at birth, female (years)",SP.DYN.LE00.FE.IN,43.9426317684591,48.6090968442957,54.9087352221421,55.4738493891979,56.1231791611519,56.352502458649,57.1230880077897,57.8349295789429,58.3598821674263,58.906072925097,59.4901987268092,60.2769453058747,60.9728122182392,61.7801590901978,62.4979696008417,63.1725272984689,63.843010885229,64.5357183299259,65.0869051849196,65.6951687583502,66.2614162136267,66.7866335934202,67.2614574610174,67.7616125254509,68.165727700665,68.5436272561699,69.0126913195208,69.3792231016548,69.6548146789806,69.9731712091857,70.1340441385422,70.2625056073361,70.7499568262618,71.1748044996167,71.3676527582109,71.7681257027347,71.9909565168349,72.3375191752557,72.7823616080657,72.8711334317573,73.3161480595699,73.9987231015352,74.2740186140787,74.5268795137427,74.6553198138145,75.1528965704812,75.5014851726294,75.7700164203182,75.8863751886185,76.3091453190417,76.5709302660698,76.8611534754463,77.1967985431226,77.4762490122191,77.7266544277546,77.9423949077541,78.1937897184338,78.4347375037835,78.7083987501678,78.8942281659345,78.2675992010177,77.8628120431904,78.4774419921994,..
Upper middle income,UMC,"Life expectancy at birth, male (years)",SP.DYN.LE00.MA.IN,40.1356728416491,44.5170649767568,50.3898105343232,50.9992929848523,51.6303721155267,51.4672739458606,52.596819860518,53.3515707555552,53.8942407396218,54.4461307929784,55.0589257777986,55.9040108844278,56.5672701400866,57.2973293076036,57.8395204873579,58.4111169103528,59.0687316566706,59.6442285882238,60.1374248226762,60.6909565252806,61.1169964933131,61.4716691808195,61.9415531373632,62.4116759506279,62.9162496925567,63.3162987003691,63.7420070576562,64.0765770419609,64.3209011533805,64.709824661273,64.876720015162,65.2492445733941,65.611779672168,65.8990110268623,66.2545322801808,66.5361019717371,66.8575018850483,67.2239551471921,67.5704041923144,67.8920573784289,68.198271376596,68.5466158117429,68.8780989897586,69.1011901534323,69.2899781230161,69.7327661685024,70.0447280649858,70.2763503890117,70.4855223392965,70.8741677072399,71.1462447234675,71.4321478291331,71.7029651940517,71.9739327234819,72.2569038842258,72.4555247786127,72.5722987093321,72.6392656569232,73.0690419389329,73.2788559044855,72.3917029479559,72.0751191096982,72.9671646564736,..
Upper middle income,UMC,"Life expectancy at birth, total (years)",SP.DYN.LE00.IN,41.9399224986486,46.4621778759764,52.5474356948642,53.1413895518377,53.7858227361398,53.7992386290951,54.7764431693362,55.5142906403975,56.0516965837571,56.6031161824118,57.2059182943615,58.0293597740498,58.7102081931388,59.4791816937756,60.1029129559475,60.7226897933007,61.3874419050263,62.0172414110982,62.537162556183,63.1157251685786,63.6054833657784,64.0334160717462,64.5082991895237,64.9949565904572,65.4575088092442,65.8502907694124,66.3000746661633,66.6497429913828,66.906840809892,67.2667008185412,67.4295717620773,67.6903485832474,68.1062279313437,68.4580656290936,68.7397388241375,69.0747002141808,69.3487032164525,69.7069042116021,70.0989828534701,70.3118579831748,70.6800121580116,71.1840130801317,71.4895469280204,71.7264259023399,71.8875947203581,72.3576967819366,72.6889846182772,72.9375297679751,73.1073976799868,73.5143852009001,73.7831372181611,74.0731622588221,74.3760662423102,74.6541047095152,74.9249750593452,75.1317872757628,75.3116055717548,75.456150928902,75.8232157454878,76.0251024511298,75.2368556059315,74.8743403012636,75.6652990948112,..
World,WLD,"Life expectancy at birth, female (years)",SP.DYN.LE00.FE.IN,52.9902240833556,54.9882587551537,57.4066116937181,57.7518625891907,58.2596158837778,58.1921151152889,58.6594659653437,59.0794776974526,59.5268241956996,59.8228320938002,60.1103499042301,60.3981907389896,61.0554169128229,61.5510394394769,61.9986054562981,62.4609919708857,62.9218204625913,63.4803091233098,63.8892246173919,64.3448942263251,64.7006357984035,65.1231733299374,65.50159172594,65.7448405585047,66.0440067302349,66.3031499536899,66.6852263756704,66.9996499954857,67.1959616902917,67.5138204847314,67.6982955733053,67.7641465784696,68.0382409279648,68.2554788877216,68.4656348281429,68.6467597096068,68.8519404540191,69.1793098953201,69.4801053700552,69.7184669540836,70.0403724917997,70.4615683669514,70.7344388949197,71.0271400193556,71.2794780795294,71.6421001090824,72.0342100552133,72.3155530095735,72.463658623087,72.8745436909238,73.1349263900327,73.4773084116585,73.7653049214686,74.0637255812773,74.3298564559391,74.5171186884687,74.7826813989958,75.0089261801001,75.2176399294099,75.4164089911279,74.8068281116743,73.8827847626502,74.4823324513191,..
World,WLD,"Life expectancy at birth, male (years)",SP.DYN.LE00.MA.IN,49.0284042593532,50.9446722339213,53.2589557060304,53.5780003738651,54.0524379933929,53.7902379628941,54.3660966857185,54.7532770672083,55.1636400287408,55.4843279288105,55.8039033868981,55.7793223334447,56.7576349932066,57.2558537809083,57.6456800429621,58.0819968001102,58.5326378482399,58.9594035161478,59.2739812018546,59.6577821577882,59.9590818272112,60.2944678863882,60.6315665443979,60.8681343010926,61.1698894546607,61.4816010060319,61.8835209098876,62.1725577110465,62.320637634545,62.6721254823747,62.8172624579359,63.0212930684008,63.2746884131184,63.4280238142579,63.6978866333259,63.8935925425956,64.2063692057592,64.554260822183,64.8050640831377,65.1441198609993,65.4486329647909,65.7385580411921,66.0254269324176,66.2802212994311,66.5329673343391,66.8434598736604,67.1948299538945,67.4395755161359,67.6255694576023,67.9986964395451,68.2715212350579,68.5998822526184,68.8658963180499,69.1536502119931,69.483944858541,69.7204074656702,69.9571269019743,70.1304559801117,70.3884021502569,70.5792568010371,69.7564123403951,68.8545522617163,69.5588458841412,..
World,WLD,"Life expectancy at birth, total (years)",SP.DYN.LE00.IN,50.9148868922479,52.8714850719755,55.2392434243266,55.5719793826384,56.064843729864,55.8919800911465,56.4219676008458,56.8256021776814,57.2515895020951,57.5617996589897,57.863582606251,57.9775758063667,58.8167973052499,59.3170505529991,59.7327789394866,60.1828302438903,60.6411039131682,61.1322119422809,61.4905217846928,61.9089811216904,62.2365721080297,62.6109005520037,62.9683143245417,63.2093791274017,63.5112870720988,63.80138854151,64.1964473885643,64.4971557484035,64.6664923573661,65.0059371979348,65.1692072875163,65.3113529242437,65.5728147640139,65.7550428358459,65.9994799836412,66.1868812372369,66.4484447789813,66.7892383456157,67.0625050863967,67.3552709668956,67.6675221668595,68.0182391397227,68.2989189126951,68.5717995705388,68.8248736940467,69.1602695656231,69.5318031283345,69.7935281224166,69.9630282766688,70.3563013851701,70.6246512092393,70.9611320617656,71.2372630317077,71.5297645319383,71.8331454614497,72.0470869141673,72.2979064227925,72.4954123911282,72.7351157908109,72.9310338256441,72.1974597958651,71.2806116781408,71.9487167371408,..
,,,,,,,,,,,,,,,,,,,,,,,,,,,,,,,,,,,,,,,,,,,,,,,,,,,,,,,,,,,,,,,,,,,
,,,,,,,,,,,,,,,,,,,,,,,,,,,,,,,,,,,,,,,,,,,,,,,,,,,,,,,,,,,,,,,,,,,
,,,,,,,,,,,,,,,,,,,,,,,,,,,,,,,,,,,,,,,,,,,,,,,,,,,,,,,,,,,,,,,,,,,
Data from database: World Development Indicators,,,,,,,,,,,,,,,,,,,,,,,,,,,,,,,,,,,,,,,,,,,,,,,,,,,,,,,,,,,,,,,,,,,
Last Updated: 01/28/2025,,,,,,,,,,,,,,,,,,,,,,,,,,,,,,,,,,,,,,,,,,,,,,,,,,,,,,,,,,,,,,,,,,,
